url,handle,name,subscribers,videos_count,score_0_5,reason,discovery_keywords,channel_id,vertical,topic,stage,scored_at,source,live_videos_count
https://www.youtube.com/@%e0%b8%8b%e0%b9%88%e0%b8%ad%e0%b8%a1%e0%b9%82%e0%b8%97%e0%b8%a3%e0%b8%a8%e0%b8%b1%e0%b8%9e%e0%b8%97%e0%b9%8c%e0%b8%99%e0%b8%ad%e0%b8%81%e0%b8%aa%e0%b8%96%e0%b8%b2%e0%b8%99%e0%b8%97%e0%b8%b5%e0%b9%88%e0%b9%80%e0%b8%8a%e0%b8%b5%e0%b8%a2%e0%b8%87%e0%b9%83%e0%b8%ab%e0%b8%a1%e0%b9%88-%e0%b8%a5%e0%b9%8d%e0%b8%b2%e0%b8%9e%e0%b8%b9%e0%b8%99,@%E0%B8%8B%E0%B9%88%E0%B8%AD%E0%B8%A1%E0%B9%82%E0%B8%97%E0%B8%A3%E0%B8%A8%E0%B8%B1%E0%B8%9E%E0%B8%97%E0%B9%8C%E0%B8%99%E0%B8%AD%E0%B8%81%E0%B8%AA%E0%B8%96%E0%B8%B2%E0%B8%99%E0%B8%97%E0%B8%B5%E0%B9%88%E0%B9%80%E0%B8%8A%E0%B8%B5%E0%B8%A2%E0%B8%87%E0%B9%83%E0%B8%AB%E0%B8%A1%E0%B9%88-%E0%B8%A5%E0%B9%8D%E0%B8%B2%E0%B8%9E%E0%B8%B9%E0%B8%99,ซ่อมโทรศัพท์นอกสถานที่ ช่างบอยiT,393,387,5,On-site phone repair shop with titles showing actual iPhone screen replacement jobs.,ซ่อมมือถือ,UC96TmL1AKVXM_Ap_gt3o2xg,hands,phone-repair,wave1,2026-09-14,scraper,387
https://www.youtube.com/@888_mobile,@888_mobile,ช่างซ่อมมือถือ บัวทอง4 ,14,58,5,"Thai repair shop channel with real screen replacement, water damage repair titles shown on camera.",ซ่อมมือถือ,UCt3si91oWpWM1rCxEoMn2Ig,hands,phone-repair,wave1,2026-09-14,scraper,58
https://www.youtube.com/@andrecellacademy,@andrecellacademy,André Cell Academy,280,114,5,"Board-level phone repair bench channel with practical diagnostics, screen/battery swaps and programmer use.",reparo de placa celular,UCQyBSk2h_5gBtO0iRASe2tQ,hands,phone-repair,wave1,2026-09-14,scraper,116
https://www.youtube.com/@andreluizlabdocelular,@andreluizlabdocelular,Mão na Placa,50,56,5,"Dedicated phone repair training channel covering step-by-step screen/battery replacement, diagnostics and hardware maintenance.",reparo de placa celular,UCjZ8AfY7Rif2zrQrZ8AqDew,hands,phone-repair,wave1,2026-09-14,scraper,56
https://www.youtube.com/@annmobilesolution,@AnnMobileSolution,Ann Mobile Solution 老林修机,16,66,5,Dedicated real phone repair case documentation channel with consistent numbered repair-process episodes.,手机维修,UCS-AuGgBupyhVkj0ydqUEVw,hands,phone-repair,wave1,2026-09-14,scraper,66
https://www.youtube.com/@balaji_mobilesolution03,@Balaji_mobilesolution03,Balaji mobile Solution ,100,83,5,"Dedicated chip-level and hardware mobile repair channel listing IC diagnosis, reballing-adjacent, water damage and board work.",chip level repairing,UCmHqBp_Zk71Ocq1uyu08qqg,hands,phone-repair,trial100,2026-09-14,scraper,83
https://www.youtube.com/@boomcpu,@boomcpu,Boom CPU,1690,142,5,Dedicated micro-soldering channel for smartphone motherboard repair across major brands.,reparo de placa celular,UCxuSkr4PLUPFsB_eTikeYeA,hands,phone-repair,wave1,2026-09-14,scraper,142
https://www.youtube.com/@cambofixing,@cambofixing,Cambo Fixing,582000,471,5,Dedicated iPhone repair channel with titles showing back glass and screen replacement work.,iPhone repair,UCq9nKrdgNXKsYQp3YK6kHkQ,hands,phone-repair,wave1,2026-09-14,scraper,471
https://www.youtube.com/@chango_repairphone,@chango_repairphone,ช่างโอซ่อมมือถือ,1710,249,5,Dedicated phone repair channel with titles showing screen replacements across multiple phone models.,ซ่อมมือถือ,UCFyacg2Ag3-BV7LzpxvV3eA,hands,phone-repair,wave1,2026-09-14,scraper,249
https://www.youtube.com/@digitalrepairpoint,@DigitalRepairPoint,DIGITAL REPAIR POINT,81,51,5,"Titles show real display, back glass and charging port replacements on iPhone/Android with photos of work.",smartphone repair,UC_P7NGoh61nmI0dYTMC_oLg,hands,phone-repair,wave1,2026-09-14,scraper,51
https://www.youtube.com/@engineer_72_tmn,@Engineer_72_tmn,Инженер_72_тмн <<Ремонт телефонов>>,286,267,5,"Russian channel dedicated to component-level phone repair, explicitly mentioning hard repair work others avoid.",ремонт телефонов,UC-6hNq9ZPInBM2boE5rCwDg,hands,phone-repair,wave1,2026-09-14,scraper,267
https://www.youtube.com/@faztudocelulares,@faztudocelulares,faztudocelulares,305,89,5,"Dedicated board-level repair business description covering flex, jumpers, reballing and screen replacement.",reparo de placa celular,UCheSTyu0QmtC3ZGvqP-mKUQ,hands,phone-repair,wave1,2026-09-14,scraper,89
https://www.youtube.com/@fixje_nl,@fixje_nl,Fixje,8930,326,5,Dedicated repair channel with 350+ videos on iPhone/iPad/MacBook screen and battery replacement.,تعمیر موبایل,UCEkbHBgbQL4VeYoMkx5mwgw,hands,phone-repair,wave1,2026-09-14,scraper,326
https://www.youtube.com/@flexidisplaypro,@FlexiDisplayPro,Flexi Display Pro,163,67,5,Titles show real display/flex repairs like glass change and green flex chain repair with clear fault-to-fix framing.,smartphone repair,UCNwq8xB5Ra8YnhRadqgeXHA,hands,phone-repair,wave1,2026-09-14,scraper,67
https://www.youtube.com/@gunaygsm10,@GUNAYGSM10,GÜNAY GSM,196,77,5,"Phone/tablet repair channel explicitly showing screen, battery, port replacement videos to teach repair.",telefon tamiri,UCdwnTiUNsAuQjDrOf4DNPaA,hands,phone-repair,rest1,2026-09-14,scraper,77
https://www.youtube.com/@hawkcellassistec,@hawkcellassistec,Hawk Cell / Conserto de celulares ,881,63,5,"Portuguese repair-shop channel showing real screen, battery and charging-port repairs with diagnostics on bench.",conserto de celular,UCgi6xuC9Uy3-iGOgaNFB63A,hands,phone-repair,wave1,2026-09-14,scraper,63
https://www.youtube.com/@hospitaldel-celular,@hospitaldel-celular,Hospital del celular,1540,178,5,"Titles focus on soldering, reballing and real cell phone board-level repair technique teaching.",microsoldadura celulares | reparo de placa celular,UCOuLC3S32X1Vzv2PND9scOA,hands,phone-repair,wave1,2026-09-14,scraper,178
https://www.youtube.com/@iphonedoctor42,@iphonedoctor42,IPHONE DOCTOR,26,252,5,Apple service center channel with titles showing battery swap and glass replacement processes on iPhones.,iPhone repair,UCdc1wgFwRrEW_B_2vBQJCPQ,hands,phone-repair,wave1,2026-09-14,scraper,252
https://www.youtube.com/@iphonerepairbase,@iphonerepairbase,iPhone Repair Base,865,66,5,Dedicated iPhone/iPad repair channel promising daily repair videos with essential hands-on content only.,iPhone repair | iPad repair,UCu1C25a1KdlBsJ9zoRKEVHA,hands,phone-repair,wave1,2026-09-14,scraper,66
https://www.youtube.com/@lokeshmobileservice7,@Lokeshmobileservice7,LOKESH MOBILE REPAIR & SERVICE ,32,62,5,"Titles show chip-level dead phone repair, battery/back glass replacement, clear bench repair content.",mobile repairing telugu,UCZe6L6y95hsUeUjVtORb9Lw,hands,phone-repair,wave1,2026-09-14,scraper,62
https://www.youtube.com/@mahaveermobilecaremmc,@MahaveermobilecareMmc,Mahaveer Mobile Care,77,86,5,"Detailed IC reballing, micro-soldering, CPU/UFS work description for phones, tablets, iPads — strong board-level repair focus.",micro soldering phone | mobile repairing telugu,UCfeKItN8sHxruTkySfQiIkA,hands,phone-repair,wave1,2026-09-14,scraper,86
https://www.youtube.com/@mcmtamil,@mcmtamil,Mobile Circuit Master,3460,184,5,Tamil board-level mobile repair training channel covering circuit to chip-level hardware repair.,mobile repairing tamil,UCkSkV-CJz0CUGBephfmXLNw,hands,phone-repair,wave1,2026-09-14,scraper,184
https://www.youtube.com/@mestredoreparo.caiquecell,@mestredoreparo.caiquecell,Mestre dos Reparos em iPhones | CaiqueCell,10400,189,5,Dedicated iPhone board-level repair channel with live repair sessions and advanced micro-soldering techniques for technicians.,reparo de placa celular,UCwqKQ_Z82iwpQ9oxz9uiKJQ,hands,phone-repair,wave1,2026-09-14,scraper,189
https://www.youtube.com/@microt%c3%a9cnicos-q5f,@MicroT%C3%A9cnicos-q5f,Micro Técnicos,11900,91,5,"Tutorials specifically for repairing mobile devices and their common problems, board-level focus implied by keyword.",reparo de placa celular,UCKWvmcE3p_yYn1mtVL1PzKQ,hands,phone-repair,rest1,2026-09-14,scraper,91
https://www.youtube.com/@mobilegurukul-institute,@MobileGurukul-Institute,Mobile Gurukul Institute,306,62,5,Mobile repairing institute with practical hands-on training in chip-level repairing and hardware troubleshooting.,mobile repairing course | chip level repairing | chip level repair | laptop repair course,UCr3gBKANAdfwGaGAWHoYK2g,hands,phone-repair,wave1,2026-09-14,scraper,62
https://www.youtube.com/@movilone,@MovilOne,MovilOne Mobile repair,393000,2239,5,Dedicated micro-soldering and screen replacement channel with detailed motherboard repair topics listed.,reparación de celulares | reparación de móviles | reparo de placa celular,UC3fkKCLVhc78HMgrI0gy9xA,hands,phone-repair,rest1,2026-09-14,scraper,2239
https://www.youtube.com/@ommobilerepairing5516,@Ommobilerepairing5516,Om mobile repairing 5516,127,70,5,"Titles show real repair work: CPU reball, display connector change, short circuit fixes.",mobile repairing | تعمیر موبایل,UCshzmfXNNJ6ZNRrgRum9Wrg,hands,phone-repair,wave1,2026-09-14,scraper,70
https://www.youtube.com/@prlucassouza,@Prlucassouza,Lucas Souza Apple Repair,811,68,5,Dedicated iPhone logic-board micro-soldering repair channel with technical bench focus.,reparo de placa celular,UC2B1cKMz3QvAm6I0tDeQqTw,hands,phone-repair,wave1,2026-09-14,scraper,68
https://www.youtube.com/@pslmob,@Pslmob,اموزش تعمیرات موبایل pslmob,859,140,5,"Dedicated Persian mobile repair teaching channel with years of experience, offers courses and free tutorials on repair.",تعمیر موبایل,UCBUeR6W__Bs9ldJtXFs8SBA,hands,phone-repair,wave1,2026-09-14,scraper,140
https://www.youtube.com/@repair9080,@Repair9080,Repair Journey,56,54,5,"Dedicated chip-level and micro-soldering channel with titles on CPU reballing, PCB repair, dead phone diagnosis.",micro soldering phone | chip level repairing,UCb3UObVc6ez2kPLH-btWfuA,hands,phone-repair,wave1,2026-09-14,scraper,54
https://www.youtube.com/@restoremobile_lk,@restoremobile_lk,Restore  - Mobile Repair Center,428,59,5,"Sri Lankan repair channel with specific how-to titles for LCD, charging port, camera, battery replacement.",smartphone repair | phone screen replacement | tablet repair,UC5QJxWqhvMi59dowMHRZ-Uw,hands,phone-repair,wave1,2026-09-14,scraper,59
https://www.youtube.com/@sameerafelix,@SameeraFelix,Sameera Felix,407,132,5,"Advanced chip-level repair shop description: CPU/RAM reballing, dead/no-power fixes, liquid damage restoration.",chip level repairing,UCcQPXy-ad1ZrT_3posu2L3g,hands,phone-repair,wave1,2026-09-14,scraper,132
https://www.youtube.com/@servicellarauca,@Servicellarauca,carlos quiceno,490000,1655,5,"Explicitly a cell phone repair video-tutorial channel, strong topic match.",reparación de celulares | reparación de móviles | microsoldadura celulares,UCHn1J1PP7i3fn6mC0oyIOPw,hands,phone-repair,gray_v2,2026-09-14,scraper,1655
https://www.youtube.com/@sumontechbd-s,@SumonTechBD-S,Sumon Tech BD ,1830,82,5,"Explicit Bangla mobile repair tutorials covering display, charging port, battery replacement step-by-step.",mobile repairing bangla,UCYFIs3jCe3Sz3srnfQVLcHg,hands,phone-repair,rest1,2026-09-14,scraper,82
https://www.youtube.com/@techsandip84,@techsandip84,GSM Technical Sandip,387,98,5,"Description details EMMC/UFS change, CPU reballing and chip-level board work, strong micro-soldering focus.",mobile repairing bangla,UCXaASCqiqKWIncsC9Crz7Cg,hands,phone-repair,wave1,2026-09-14,scraper,98
https://www.youtube.com/@tipofameen,@tipofameen,Let’s Fix,599,50,5,"Dedicated electronics repair shop channel doing motherboard-level micro-soldering on phones, tablets, filmed on camera.",tablet repair,UCBocj7Wb9TxxlMtbFS2uz6w,hands,phone-repair,wave1,2026-09-14,scraper,50
https://www.youtube.com/@worldigitalcl,@worldigitalcl,Worldigital,325,234,5,Channel explicitly explains iPhone and Samsung repair processes on camera.,reparación de móviles,UCOdYhsrrbzlT-XuZFBnV3EQ,hands,phone-repair,rest1,2026-09-14,scraper,234
https://www.youtube.com/@yoreparoas,@yoreparoAs,Movil onee mx,628,122,5,Channel explicitly dedicated to micro-soldering hardware repair work.,microsoldadura celulares,UCu6-p_i_d3Z_lfUjn7-NKdA,hands,phone-repair,rest1,2026-09-14,scraper,122
https://www.youtube.com/@%e0%b8%8a%e0%b9%88%e0%b8%b2%e0%b8%87%e0%b8%8b%e0%b9%88%e0%b8%ad%e0%b8%a1%e0%b8%a1%e0%b8%b7%e0%b8%ad%e0%b8%96%e0%b8%b7%e0%b8%ad%e0%b9%80%e0%b8%8b%e0%b9%87%e0%b8%99%e0%b8%97%e0%b8%a3%e0%b8%b1%e0%b8%a5%e0%b8%9e%e0%b8%a3%e0%b8%b0%e0%b8%a3%e0%b8%b2%e0%b8%a12,@%E0%B8%8A%E0%B9%88%E0%B8%B2%E0%B8%87%E0%B8%8B%E0%B9%88%E0%B8%AD%E0%B8%A1%E0%B8%A1%E0%B8%B7%E0%B8%AD%E0%B8%96%E0%B8%B7%E0%B8%AD%E0%B9%80%E0%B8%8B%E0%B9%87%E0%B8%99%E0%B8%97%E0%B8%A3%E0%B8%B1%E0%B8%A5%E0%B8%9E%E0%B8%A3%E0%B8%B0%E0%B8%A3%E0%B8%B2%E0%B8%A12,ช่างซ่อมมือถือเซ็นทรัลพระราม2มิสเตอร์คัท 0815555996,399,181,5,"Titles show diagnosing dead iPhone, no signal fixes with real repair explanations on camera.",ซ่อมมือถือ,UCnoLyArpyNUbgr0vkij3A4g,hands,phone-repair,rest1,2026-09-14,both,190
https://www.youtube.com/@%e0%b9%80%e0%b8%ad%e0%b8%81%e0%b8%8b%e0%b9%88%e0%b8%ad%e0%b8%a1%e0%b8%a1%e0%b8%b7%e0%b8%ad%e0%b8%96%e0%b8%b7%e0%b8%ad%e0%b8%aa%e0%b8%b4%e0%b8%87%e0%b8%ab%e0%b9%8c%e0%b8%9a%e0%b8%b8%e0%b8%a3%e0%b8%b5,@%E0%B9%80%E0%B8%AD%E0%B8%81%E0%B8%8B%E0%B9%88%E0%B8%AD%E0%B8%A1%E0%B8%A1%E0%B8%B7%E0%B8%AD%E0%B8%96%E0%B8%B7%E0%B8%AD%E0%B8%AA%E0%B8%B4%E0%B8%87%E0%B8%AB%E0%B9%8C%E0%B8%9A%E0%B8%B8%E0%B8%A3%E0%B8%B5,เอกซ่อมมือถือ สิงห์บุรี,112,80,5,"Titles show iPhone battery, camera and charging port replacements plus display change, clear bench repair work.",ซ่อมมือถือ,UCXQA_LfofwnVnxYGYU2EFjQ,hands,phone-repair,wave1,2026-09-14,both,84
https://www.youtube.com/@%e4%bf%ae%e6%89%8b%e6%9c%ba%e5%a4%a7%e5%85%a8,@%E4%BF%AE%E6%89%8B%E6%9C%BA%E5%A4%A7%E5%85%A8,修手机大全,123,68,5,"Titles show detailed iPhone repairs including case swaps, water damage repair and burned board fixes on camera.",手机维修,UCjRgJR22IMec3AYIXamm0UQ,hands,phone-repair,wave1,2026-09-14,both,68
https://www.youtube.com/@advancemobilerepairinginstitut,@Advancemobilerepairinginstitut,Advance mobile repairing institute chhattisgarh,678,78,5,"Mobile repairing institute with practical PCB work, IC reballing, jumper, EMMC and dead phone repair training described.",phone repair | mobile repairing | mobile repairing course | emmc | मोबाइल रिपेयरिंग,UCzyi_RjpLeevue3OUV35b9g,hands,phone-repair,wave1,2026-09-14,both,78
https://www.youtube.com/@akanteknik,@akanteknik,AKAN TEKNIK,9320,155,5,"Phone/tablet repair and training service listing IC-level board repairs, screen, battery and glass replacement.",tablet repair | telefon tamiri,UChztPxxBylUPMIdftGb99Mg,hands,phone-repair,wave1,2026-09-14,both,155
https://www.youtube.com/@akbrothers7374,@Akbrothers7374,AKB mobile,184,115,5,"Dedicated micro-soldering channel featuring CPU/RAM reballing, board-level repair and housing swaps with technical detail.",mobile repairing | micro soldering phone,UCu2sLadw6U9AViDTqTiiaww,hands,phone-repair,wave1,2026-09-14,both,115
https://www.youtube.com/@akkashmobilecare,@akkashmobilecare,Akash Mobile Care,891,78,5,Chip-level mobile repair shop with titles showing dead/restart/no-service board-level fault fixes.,chip level | emmc | صيانة الهواتف | تعمیر موبایل,UCZNzkFaT8tNGB8tbS4ImalQ,hands,phone-repair,wave1,2026-09-14,both,115
https://www.youtube.com/@alamgiralam9081,@alamgiralam9081,wefix cell phone repair (Alamgir Alam),26,98,5,Repair shop with detailed service list and titles showing real fault diagnosis and fixes.,phone repair | cell phone repair,UCp519g4_mYVdjY2jGn70brQ,hands,phone-repair,rest1,2026-09-14,both,196
https://www.youtube.com/@amobiletechnician,@AMOBILETECHNICIAN,A mobile technician,225,101,5,"Titles show LCD replacements and phone restorations with clear step-by-step repair work, microsoldering keywords in tags.",microsoldering | microsoldadura | smartphone repair | tablet repair | microsoldadura celulares,UCg08bJzBJnx_jvCKSnkXs_A,hands,phone-repair,wave1,2026-09-14,both,101
https://www.youtube.com/@amt-ashumobiletrainingcenter,@AMT-AshuMobiletrainingcenter,AMT - Ashu Mobile training center,681,325,5,"Mobile training center with titles on CPU repair, dead phone solutions and chip-level fault fixing shown in classes.",chip level | emmc | मोबाइल रिपेयरिंग,UCUmkPJ70-WCGuxm3lP3Eb6A,hands,phone-repair,wave1,2026-09-14,both,395
https://www.youtube.com/@anhthu_24h,@anhthu_24h,NGUYỄN MINH DƯƠNG,490,81,5,"Vietnamese repair shop channel with flex cable replacement, screen IC fixes and board-level fault diagnosis titles.",sửa chữa điện thoại,UCNT2FPJlPFYhsSkfUcgPXdA,hands,phone-repair,wave1,2026-09-14,both,81
https://www.youtube.com/@appleglassmaster5895,@appleglassmaster5895,Apple Glass Master,124,84,5,"iPhone chip-level repair channel listing IC replacements, Face ID and CPU repair, board-level micro-soldering focus.",motherboard repair | phone motherboard repair,UC-xcw_cTitMxsDuNHQ0OQCg,hands,phone-repair,wave1,2026-09-14,both,84
https://www.youtube.com/@aronno_shahriar,@aronno_shahriar,Phone Doctor,479,471,5,Dedicated screen and battery replacement channel with micro-soldering board repair content.,tablet repair | phone screen replacement | micro soldering phone,UCSHhLXgfyVDcpscU3hIifnA,hands,phone-repair,wave1,2026-09-14,both,483
https://www.youtube.com/@aymantherepairtech,@AymanTheRepairTech,Ayman The Repair Tech,19300,67,5,iPhone/iPad micro-soldering tutorials from certified engineer with tool reviews for precision repairs.,phone repair | mobile phone repair | iphone repair | micro soldering | iPad repair,UCnAiEIXkY58nhtE_JH76zJg,hands,phone-repair,rest1,2026-09-14,both,67
https://www.youtube.com/@bigmobilerepair,@BigMobileRepair,Big Mobile Repair,203000,1633,5,"Professional training channel explicitly covering IC repair, microsoldering, board-level and water damage fixes.",phone repair | mobile repairing | smartphone repair | iphone repair | microsoldering | phone motherboard repair | mobile repairing course | phone repair shop | मोबाइल रिपेयरिंग,UCB-vpRKTNDwtcsm4qmfIgNA,hands,phone-repair,wave1,2026-09-14,both,1635
https://www.youtube.com/@bronztronicscellphonerepai6702,@bronztronicscellphonerepai6702,Bronztronics Cellphone Repair Shop,479,138,5,"Titles show detailed screen lamination, AMOLED replacement and flex cable repair across multiple phone models.",phone repair | cellphone repair | phone repair shop,UCbcK7VHCBU6yIz2rsBD21sQ,hands,phone-repair,wave1,2026-09-14,both,138
https://www.youtube.com/@cannonvalleyphonerepair,@CannonValleyPhoneRepair,Cannon Valley Phone Repair,21,53,5,"Repair shop with titled videos showing real screen, battery, charging repairs on phones and tablets.",phone repair | cell phone repair | phone screen replacement | tablet repair,UCpscEiOdxca4tpiy9YEmfyg,hands,phone-repair,wave1,2026-09-14,both,53
https://www.youtube.com/@cellfixgeorgia,@CellFixGeorgia,CellFix Georgia,4300,80,5,"Dedicated channel explicitly showing real repair videos, micro soldering, glass refurbishing and step-by-step training.",phone repair | smartphone repair | micro soldering | تعمیر موبایل,UCVmtl-gEvi58WaAyXYpp2sA,hands,phone-repair,wave1,2026-09-14,both,80
https://www.youtube.com/@celularpro_reparacionynegocio,@CelularPro_ReparacionyNegocio,Celular Pro - Negocio de Reparación de Celulares,1360,127,5,Educational channel explicitly on micro-soldering techniques and component replacement for phone repair business.,reparación de celulares | microsoldadura | reparación de móviles | microsoldadura celulares | reparo de placa celular,UC1ygVmz_nrdv9vbEfFCRumA,hands,phone-repair,wave1,2026-09-14,both,127
https://www.youtube.com/@channarithpv,@ChannarithPV,Rithrepair Mobilephone(KH),1020,95,5,Dedicated CPU reballing channel with clear step-by-step board-level micro-soldering titles.,mobile repairing | mobile repairing course | emmc | electronics repair course,UCzkofQ_fwBdjOBsswEF5JPA,hands,phone-repair,wave1,2026-09-14,both,95
https://www.youtube.com/@chiase24hvn,@chiase24hvn,"Sửa Chữa Điện Thoại, iPhone, Laptop, Macbook",312,64,5,"Titles show detailed iPhone/iPad screen, battery and housing replacement tutorials, clear repair steps shown.",sửa chữa điện thoại,UCSqDS4f6smSwq33Xmnow4qQ,hands,phone-repair,wave1,2026-09-14,both,64
https://www.youtube.com/@circuitmaster_jay666,@CircuitMaster_Jay666,CircuitMaster_Jay,5150,188,5,"Dedicated micro-soldering channel with titles on FPC connector repair, battery connector, screen IC and flex cable work.",phone repair | mobile phone repair | motherboard repair | phone motherboard repair | micro soldering phone,UCFpgSbHRED4c7dtwMPvUoQg,hands,phone-repair,wave1,2026-09-14,both,189
https://www.youtube.com/@cursomanutencaodecelular,@cursomanutencaodecelular,Curso Manutenção de Celular PRO,62700,142,5,"Complete free cellphone repair course channel taking students from beginner to expert, class-based practical content.",manutenção de celular | reparación de móviles | conserto de celular | reparo de placa celular,UCMH0kkBZdYefyg9AM4V34Zg,hands,phone-repair,gray_v2,2026-09-14,both,142
https://www.youtube.com/@deepakkumar4u8dx,@Deepakkumar4u8dx,Mobile Repair Training DX technical College,227,91,5,Dedicated chip-level phone repair training institute with live practicals and IC reballing on working phones.,chip level | chip level repairing,UCDUmjkzWyNOaAkoFhLkGV6g,hands,phone-repair,wave1,2026-09-14,both,91
https://www.youtube.com/@dienthoaiduyphong,@dienthoaiduyphong,Điện Thoại Duy Phong  ,277,116,5,Vietnamese repair shop channel with detailed screen and glass replacement videos shown start to finish.,sửa chữa điện thoại,UCEM2kSW6oDMm499OQAl1YJA,hands,phone-repair,wave1,2026-09-14,both,116
https://www.youtube.com/@digitalmoble,@DIGITALMOBLE,Digital mobile,1490,140,5,"Practical mobile hardware repair channel covering motherboard, charging port and display fixes step-by-step.",phone repair | motherboard repair | phone motherboard repair | mobile repairing hindi | mobile repairing urdu,UCKDveJImk-upvUBSfavJTmQ,hands,phone-repair,wave1,2026-09-14,both,141
https://www.youtube.com/@dkprepair,@DKPREPAIR,DKP REPAIR,93800,962,5,"Dedicated motherboard repair channel listing micro jumper, IC bypass, charging fix, water damage repair with real repair videos.",phone repair | motherboard repair | phone motherboard repair,UCVLaRbKaPFM29W91sHhGtqQ,hands,phone-repair,wave1,2026-09-14,both,962
https://www.youtube.com/@doctorsmartphone4803,@doctorsmartphone4803,Doctor Smartphone,397,139,5,"Titles show specific phone repairs: display replacement, back glass, earpiece, battery replacement on camera.",phone repair | phone motherboard repair,UCDS6RgfXZFJ1YPuZRuXXB5A,hands,phone-repair,wave1,2026-09-14,both,140
https://www.youtube.com/@dukerakesh17,@DukeRakesh17,Rakesh's mobile repair tutorials ,1300,200,5,"Explicit tutorial channel covering screen, battery, water damage repair topics for phones.",mobile repairing | phone screen replacement,UCRdv4pTbfMcmkzNeIpmdoIw,hands,phone-repair,rest1,2026-09-14,both,200
https://www.youtube.com/@edgeabhirup,@edgeabhirup,Edge Abhirup,276,71,5,"Real-time mobile repair channel with titles showing screen fix, middle frame change, premium smartphone servicing.",phone repair | mobile repairing | smartphone repair,UCGIQgA3DOlv15O-U7NMdL_Q,hands,phone-repair,wave1,2026-09-14,both,79
https://www.youtube.com/@eduardocell-bi8gn,@EduardoCell-bi8gn,Eduardo. Cell,4180,447,5,"Detailed description covers board repair, microsoldering, SMD component swaps and schematic diagnostics.",reparo de placa | manutenção de celular | reparo de placa celular,UCqQxU9G8bVllg9M4pGRDKOA,hands,phone-repair,wave1,2026-09-14,both,448
https://www.youtube.com/@fc.assistec,@fc.assistec,FC ASSISTEC,2100,183,5,Dedicated board-level repair channel documenting technician's journey into motherboard repair and soldering.,conserto de celular | reparo de placa | reparo de placa celular,UCrmyvnBY5fQcnNsSs6i2QKA,hands,phone-repair,wave1,2026-09-14,both,183
https://www.youtube.com/@fixelit,@fixelit,Fix ⚡electronics & 💻 IT Services,623,471,5,Electronics repair shop diary channel doing motherboard-level phone and tablet micro soldering repairs on camera.,tablet repair | micro soldering | electronics repair | monitor repair | صيانة الكترونيات | electronics repair shop,UCD19zBvXRiYcBYBgEB9zW9w,hands,phone-repair,wave1,2026-09-14,both,471
https://www.youtube.com/@fixmyidevice,@fixmyidevice,Fix My iDevice,215,83,5,"Dedicated Apple iPhone/iPad repair channel with titles showing display, back glass and camera replacements.",phone repair | iphone repair | phone motherboard repair | iPad repair,UCvTV0M34TPnCk6A2rjUXc_g,hands,phone-repair,wave1,2026-09-14,both,83
https://www.youtube.com/@fumobile-vn,@FUmobile-vn,"FUmobile - Sửa chữa, linh kiện điện thoại",762,192,5,"Titles show real repair jobs on camera: battery replacement, screen replacement, charging port fix.",sửa chữa điện thoại,UCyIsxznCjd5sI5N3hZPekrA,hands,phone-repair,rest1,2026-09-14,both,192
https://www.youtube.com/@globalverdictofficial,@GlobalVerdictOfficial,GlobalVerdict,5590,315,5,Board-level micro-soldering specialist with chip-level troubleshooting and daily hardware repair videos.,phone repair | chip level repairing,UCZfCGL2c9_CRjwHB5R_Hfmg,hands,phone-repair,rest1,2026-09-14,both,316
https://www.youtube.com/@gsmmobilerepairing2958,@gsmmobilerepairing2958,GSM MOBILE REPAIRING,197,50,5,"Titles show CPU reballing, dead phone repair, LCD replacement — real hands-on hardware repair.",mobile repairing | mobile repairing bangla,UCwwHpUr9v2XgR5JBRvuCZOQ,hands,phone-repair,rest1,2026-09-14,both,50
https://www.youtube.com/@hieunguyenstore,@hieunguyenstore,Hiếu Nguyễn Store,107,162,5,"Repair shop channel with titles on screen fix, back glass replacement, iPad touch repair, all real bench jobs.",sửa chữa điện thoại,UCPV0ci2zxrckAjTqysI14Ng,hands,phone-repair,wave1,2026-09-14,both,253
https://www.youtube.com/@iboardrepair,@iBoardRepair,iBoard Repair - Aaron Harrington,22200,116,5,"Dedicated iPhone logic board microsoldering channel with data recovery, CPU swaps and water damage repair.",motherboard repair | logic board repair | microsoldering | phone motherboard repair,UC3oAHBAT6mmBZG6yTr88YjA,hands,phone-repair,wave1,2026-09-14,both,116
https://www.youtube.com/@iphoneipadmacrepair,@iPhoneiPadMacRepair,iPhone & iPad Repairs ,541,227,5,"Dedicated Apple repair channel showcasing chip-level motherboard fixes, logic board repair and NAND/IC replacement.",motherboard repair | phone motherboard repair | chip level repairing | iPad repair,UCOb7mzTMD2qoV8KnvSZQpdg,hands,phone-repair,wave1,2026-09-14,both,228
https://www.youtube.com/@israrmobilerepair,@Israrmobilerepair,Israr Mobile REpairing Lab,502,51,5,"Dedicated chip-level mobile repair channel covering IC replacement, motherboard and connector work.",mobile repairing | motherboard repair | chip level repairing,UC3eGFn2RprmCzdZJj6GYjmg,hands,phone-repair,wave1,2026-09-14,both,54
https://www.youtube.com/@itechmobile931,@itechmobile931,ITECHMOBILE,2050,217,5,"Dedicated real repair channel with LCD, battery, charging port and motherboard troubleshooting videos as stated focus.",phone repair | mobile phone repair | smartphone repair | phone motherboard repair,UCB7-xh2k0EQIiijikNG9jNw,hands,phone-repair,wave1,2026-09-14,both,221
https://www.youtube.com/@itouch-repair,@iTouch-repair,iTouch,18400,95,5,"Dedicated microsoldering channel for board-level Apple device repair, clear practical troubleshooting focus.",microsoldering | micro soldering phone | iPad repair,UCKzNfl53FACO0zYC--NbzIw,hands,phone-repair,wave1,2026-09-14,both,95
https://www.youtube.com/@itstudio38,@itstudio38,АйТи Студия,840,69,5,"Russian channel with clear board-level work: CPU reball on Galaxy A12/A51, connector replacement, film protector tests aside.",ремонт телефонов,UCL73eusiEOkv7X0z6zODmcA,hands,phone-repair,wave1,2026-09-14,both,83
https://www.youtube.com/@jaadmovil2136,@jaadmovil2136,JAADMOVIL,512,65,5,"Dedicated micro-soldering and phone repair channel promising step-by-step real repairs for glass, battery and water damage.",reparación de celulares | microsoldadura | reparación de móviles | microsoldadura celulares | reparo de placa celular,UCvixLAKFl5AZ8IPjM7h4a2g,hands,phone-repair,wave1,2026-09-14,both,65
https://www.youtube.com/@jameelmobilerepairinglab,@Jameelmobilerepairinglab,Jameel mobile repairing lab,278,110,5,"Titles show real flex cable, glass and panel replacement work on iPhones and Samsungs at repair lab.",phone repair | mobile repairing | mobile phone repair | phone screen replacement,UCTS1wjiiKyk5YMUTZtAmb3w,hands,phone-repair,wave1,2026-09-14,both,170
https://www.youtube.com/@jessajones,@JessaJones,iPad Rehab Microsoldering & Data Recovery,182000,553,5,Renowned microsoldering and board-level repair school with practical troubleshooting content for mobile devices.,microsoldering | phone motherboard repair | micro soldering phone | iPad repair | electronics repair course,UCPjp41qeXe1o_lp1US9TpWA,hands,phone-repair,wave1,2026-09-14,both,553
https://www.youtube.com/@luannguyenthudaumot,@Luannguyenthudaumot,Luân Nguyễn Mobile Thủ Dầu Một,123,90,5,"Repair shop with short-form titles showing real screen replacement, battery change and main board repair.",sửa chữa điện thoại,UCKSafJxgMACoH06sHtNd88w,hands,phone-repair,wave1,2026-09-14,both,92
https://www.youtube.com/@m_repair_guwahati,@M_REPAIR_guwahati,M-REPAIR,1460,52,5,"Chip level iPhone repair and training center, dedicated bench work channel matching topic precisely.",phone repair | iphone repair | chip level | chip level repairing,UCvKB6XWcYa3pvm74IJWDybg,hands,phone-repair,wave1,2026-09-14,both,52
https://www.youtube.com/@maelotechsolution,@maelotechsolution,Maelo Tech,6290,264,5,Dedicated micro-soldering lab for Apple devices documenting professional board-level repair processes.,microsoldadura | microsoldadura celulares,UCfDoAqeOwn1CtoxZ1k-bqBQ,hands,phone-repair,wave1,2026-09-14,both,264
https://www.youtube.com/@marcuscupello,@marcuscupello,Marcus Cupello,53800,293,5,"Board-level repair and microsoldering specialist covering phone, tablet, computer and console repairs.",microsoldering | tablet repair,UCuKaOzzAzX1EqqbaPi4VQoQ,hands,phone-repair,wave1,2026-09-14,both,293
https://www.youtube.com/@mcrotechgeek,@Mcrotechgeek,McrotechGeek | Microsoldering & Repairs,568,149,5,"Professional microsoldering channel doing motherboard-level repair on iPhone, iPad and Switch consoles.",motherboard repair | microsoldering | chip level repairing,UCGQZ__cQ3QWgk4_Ki5Sm14A,hands,phone-repair,wave1,2026-09-14,both,153
https://www.youtube.com/@micromobile-12,@Micromobile-12,Micro Mobile,446,75,5,IC-level repair channel with titles showing reballing techniques and specific fault fixes.,phone repair | mobile phone repair | صيانة الهواتف | تعمیر موبایل,UCjBlG7OBblwzyog13dnxlZg,hands,phone-repair,rest1,2026-09-14,both,82
https://www.youtube.com/@microsoldering,@Microsoldering,Microsoldering,35000,377,5,"Channel explicitly named Microsoldering, offering device repair and micro-soldering education content.",microsoldering | micro soldering phone,UCXV6DsyLznCk_Ec2fLsKqEQ,hands,phone-repair,wave1,2026-09-14,both,377
https://www.youtube.com/@midumcell,@Midumcell,Midumcell,5330,281,5,Dedicated mobile device repair channel with detailed tutorials on micro-soldering and track reconstruction.,microsoldadura | microsoldadura celulares,UCmajwfq2O3ZcVdmRqdLcOog,hands,phone-repair,rest1,2026-09-14,both,281
https://www.youtube.com/@mobilegearfix,@mobilegearfix,MOBILE GEAR FIX,684,123,5,"Microsoldering data recovery channel with titles on no-power, water damage and logic board fault solutions.",microsoldering | cellphone repair tagalog,UCiokt1gzdcjXs1KJNj1i9-w,hands,phone-repair,wave1,2026-09-14,both,123
https://www.youtube.com/@mobileguruadvancetech,@mobileguruadvancetech,Mobile Guru Advance Tech ,80800,1024,5,"Mobile repair training institute offering chip-level, motherboard and schematic practical tutorials.",phone repair | mobile repairing | smartphone repair | motherboard repair | mobile repairing course | मोबाइल रिपेयरिंग,UCujLKb7G8RiDvoYPgImWiyw,hands,phone-repair,wave1,2026-09-14,both,1026
https://www.youtube.com/@mobilerepairingcourseahmedabad,@mobilerepairingcourseahmedabad,Mobipower Institute Of Mobile Technology,621,115,5,Mobile repair training institute with titles showing motherboard components explanation and screen replacement practicals.,मोबाइल रिपेयरिंग,UCkJJ2kxo938smTXdzZoDtGA,hands,phone-repair,rest1,2026-09-14,both,113
https://www.youtube.com/@mobiletechnologyfmz,@Mobiletechnologyfmz,Flora Mobile Zone,2660,108,5,Dedicated micro-soldering and motherboard-level repair shop channel with real repair cases and diagnostics.,microsoldering | phone motherboard repair,UCdyKenCMLR-wOVmOqnE_SdA,hands,phone-repair,wave1,2026-09-14,both,108
https://www.youtube.com/@mouyleelana,@mouyleelana,ช่างโจซ่อมมือถือ,455,168,5,"Titles show screen and battery replacements on iPad and phones, real bench repairs.",ซ่อมมือถือ,UCp2kN_sd0wM0-vJ84H4aqag,hands,phone-repair,rest1,2026-09-14,both,189
https://www.youtube.com/@myprofessional-e5n,@Myprofessional-e5n,Arna Technical,345,170,5,"Titles show eMMC reballing and CPU removal, clear board-level micro-soldering repair work.",mobile repairing | smartphone repair | phone motherboard repair,UCl0DwLJOiCamqBIXOKSJ_Ow,hands,phone-repair,wave1,2026-09-14,both,200
https://www.youtube.com/channel/ucw_3u1xtyukmjftis_sw9_g,@NamCuongMobile783,Nam Cường Mobile,513,106,5,"Titles show real repair work: housing replacement, glass lamination, iPhone activation issues on camera.",sửa chữa điện thoại,UCw_3u1XTYUKmJftIS_SW9_g,hands,phone-repair,rest1,2026-09-14,both,115
https://www.youtube.com/@ngm.mobiles,@NGM.MOBILES,NGM(Next Generation Mobiles),2440,269,5,"Advanced chip-level mobile repairing course channel covering components, ICs, and hardware fault diagnosis explanations.",mobile repairing | mobile repairing course | emmc | mobile repairing telugu,UCb0Hq0kF64GUPrGoTT8cBQw,hands,phone-repair,wave1,2026-09-14,both,269
https://www.youtube.com/@omid.mirkamali,@Omid.mirkamali,Devicemedic,712,65,5,Dedicated phone/gadget micro-soldering and repair channel with hands-on bench work described.,phone repair | micro soldering | micro soldering phone,UCdzscATGn-JOcSwkeWMbMIQ,hands,phone-repair,wave1,2026-09-14,both,66
https://www.youtube.com/@parrontech,@parrontech,Parron Tech,1490,192,5,Spanish repair channel explicitly showing real step-by-step smartphone and tablet repairs with professional tools.,phone repair | reparación de móviles,UCo8x3DLdAA759Nn9rv8ZXhQ,hands,phone-repair,wave1,2026-09-14,both,192
https://www.youtube.com/@pawanchoudhary6255,@Pawanchoudhary6255,A to Z Mobile tips,169,56,5,Titles show charging port jumper solutions and hardware fault fixes for specific phone models.,mobile repairing | मोबाइल रिपेयरिंग,UCcRmzEwMMIeIIisf5rox48Q,hands,phone-repair,rest1,2026-09-14,both,56
https://www.youtube.com/@phone_rehab,@Phone_Rehab,phone_rehab,298,86,5,Dedicated microsoldering channel description explicitly details board-level phone repair techniques.,microsoldering | micro soldering phone,UCi9-H2-oxl_-6zGyRd7INpg,hands,phone-repair,wave1,2026-09-14,both,86
https://www.youtube.com/@phonefixservice2389,@phonefixservice2389,ซ่อมมือถือ Phone fix service  ช่างเบิร์ด,59,51,5,"Titles show real screen, battery, IC repairs across iPhone, iPad, Apple Watch models.",ซ่อมมือถือ,UCBuh9B3_GLDH21cHh68ekrQ,hands,phone-repair,rest1,2026-09-14,both,59
https://www.youtube.com/@phonerepairsolution,@phonerepairsolution,Phone Repair  Solution,108,99,5,Titles show specific board-level repairs like EMMC IC replacement and charging pin replace solutions.,phone repair | mobile phone repair,UCPXPcRinemBL5sif-QBx5mA,hands,phone-repair,rest1,2026-09-14,both,144
https://www.youtube.com/@profemauricioferreyra,@profemauricioferreyra,Mauricio Ferreyra,1060,52,5,"Specialist channel in screen remanufacturing, micro-soldering and phone repair electronics with teaching focus.",reparación de celulares | microsoldadura celulares,UCLbnRBT7-JAyWJoFbkibMyQ,hands,phone-repair,wave1,2026-09-14,both,52
https://www.youtube.com/@rajeshwarmobilebhiwani,@RajeshwarMobilebhiwani,Rajeshwar Mobile Bhiwani,201,81,5,"Repair and training centre with titles showing iPhone WiFi repair, iPad display and battery replacement.",mobile repairing | smartphone repair,UCttxsylZEteHMi9XL-Q4JLg,hands,phone-repair,rest1,2026-09-14,both,96
https://www.youtube.com/@repairlab,@RepairLab,RepairLab,13700,82,5,Dedicated micro-soldering channel repairing Apple and other electronic devices at board level.,micro soldering | micro soldering phone,UC4y5tFMG8-C4N3VYUdY8hdQ,hands,phone-repair,wave1,2026-09-14,both,82
https://www.youtube.com/@repairmadi,@repairmadi,Repairmadi,257,385,5,"Titles repeatedly show iPhone Repair sessions of varied lengths, dedicated repair shop content on camera.",phone repair | iphone repair | phone motherboard repair,UCe2LGSuyiAcraFywFov0LAg,hands,phone-repair,wave1,2026-09-14,both,590
https://www.youtube.com/@repairmobileshub,@Repairmobileshub,Repair mobiles hub,62,85,5,Chip-level repair channel with display replacement full-process titles and microscope tool reviews.,mobile repairing | chip level | chip level repairing,UCcMGffpZXZXp9YBvAWpAnyw,hands,phone-repair,trial100,2026-09-14,both,114
https://www.youtube.com/@repairtechrx,@repairtechrx,Repairtech Rx,21300,173,5,Dedicated microsoldering/motherboard repair channel with CPU reballing and liquid-damage restorations on iPhones and MacBooks.,microsoldering | iPad repair,UC8epa8D-jM_yN2qZq8HLlng,hands,phone-repair,wave1,2026-09-14,both,173
https://www.youtube.com/@repairwithpouya,@repairwithpouya,Repair with Pouya,212,94,5,"Bench channel showing water damage repair, IC changing, charging socket replacement with clear titles.",phone repair | mobile repairing | mobile phone repair | motherboard repair | mobile repairing course,UCmo1JKzWp_D01rL6JcUU_eg,hands,phone-repair,wave1,2026-09-14,both,104
https://www.youtube.com/@repairwithrayyan,@RepairWithRayyan,Repair With Rayyan,326,73,5,"Dedicated phone repair channel with titles showing full display, back panel and battery replacements step by step.",mobile repairing | smartphone repair,UCnJ_YTp2hsMi2ukonj8i6_A,hands,phone-repair,wave1,2026-09-14,both,87
https://www.youtube.com/@reparaconangel,@reparaconangel,ReparaConAngel,4950,50,5,Dedicated microsoldering channel by experienced technician sharing real repair processes and techniques.,microsoldadura | microsoldadura celulares | reparo de placa celular,UCPBEeFw7u3cE470HHtbluHQ,hands,phone-repair,wave1,2026-09-14,both,50
https://www.youtube.com/@reparafacil_celulares,@ReparaFacil_celulares,ReparaFacil_celulares,2110,60,5,Dedicated microsoldering and cellphone repair channel with fault-diagnosis and technique-focused titles.,reparación de celulares | microsoldadura | microsoldadura celulares,UC5Io0nt7Iyrv9xVHksbU1VA,hands,phone-repair,wave1,2026-09-14,both,60
https://www.youtube.com/@sanyomobile,@sanyomobile,Mobile Solutions,19400,2481,5,"Dedicated micro-soldering channel with logic board repair, CPU reballing, and step-by-step technician tutorials.",phone repair | mobile repairing | smartphone repair | logic board repair | micro soldering | mobile repairing course | micro soldering phone | electronics repair course,UCJACkX1TJQMUA6KHKkGoztw,hands,phone-repair,wave1,2026-09-14,both,2484
https://www.youtube.com/@shree_ganesh_mobiles,@Shree_Ganesh_Mobiles,Shree Ganesh Mobiles,811,89,5,"Microsoldering/mobile repair channel with titles on restart, baseband and no-SIM fault fixes.",microsoldering | تصليح الموبايل,UC1YFXyG6QBTZ1uZiuWMIsYQ,hands,phone-repair,wave1,2026-09-14,both,91
https://www.youtube.com/@simplymicrosoldering,@simplymicrosoldering,Simply Microsoldering,2260,57,5,Dedicated micro-soldering channel showing real board-level repairs on iPhones and liquid-damaged MacBooks under microscope.,micro soldering | microsoldering | micro soldering phone,UCzG29h9w8jA760kzoRyblJw,hands,phone-repair,wave1,2026-09-14,both,57
https://www.youtube.com/@smartinstitute846,@smartinstitute846,AG MOBILE TECH (SMART INSTITUTE) Official Channel ,92,56,5,"Mobile repair training institute with PMIC/IC study, live practical training and disassembly demo titles.",mobile repairing | मोबाइल रिपेयरिंग | mobile repairing course,UCbZNmSp6DMCpFbT4wjujFeg,hands,phone-repair,rest1,2026-09-14,both,98
https://www.youtube.com/@smc200s,@SMC200S,SANA MOBILE CENTRE DUMKA,639,69,5,Titles show display flex and charging pin replacement work on named phone models at the bench.,मोबाइल रिपेयरिंग,UCSAAAF76UaQQhwxRp9c8HQw,hands,phone-repair,rest1,2026-09-14,both,69
https://www.youtube.com/@sol55u,@Sol55u,Repair solution,135,93,5,"Dedicated mobile repair channel focused on circuit diagrams, motherboard troubleshooting and IC-level fault diagnosis.",phone repair | mobile phone repair,UCJdBZk0b4cT-yM4F4qv36QA,hands,phone-repair,rest1,2026-09-14,both,96
https://www.youtube.com/@starmobilezone0,@Starmobilezone0,𝑺𝒉𝒂𝒉 𝑱𝒆𝒆 𝑴𝒐𝒃𝒊𝒍𝒆 𝒛𝒐𝒏𝒆,268,81,5,Titles show specific fault repairs like touch screen and charging issues with step-by-step solutions.,phone repair | cell phone repair | mobile repairing | smartphone repair,UCjefvAfhPtLm-VnqgB8eihw,hands,phone-repair,rest1,2026-09-14,both,84
https://www.youtube.com/@tayyabmughal-zi8sb,@TayyabMughal-zi8sb,TK MOBILE DOCTOR INSTITUTE,542,186,5,"Titles show detailed chip-level repairs: dead CPU reball, graphics PCB damage, battery draining fixes.",mobile repairing | تعمیر موبایل,UCPOGrblxp3RDxE61raHMOkg,hands,phone-repair,rest1,2026-09-14,both,235
https://www.youtube.com/@tech.repairing,@tech.repairing,Mobile Tablet And Laptop Repairing,419,139,5,Titles show real display replacement jobs on multiple phone models at a repair shop in Delhi.,phone repair | mobile repairing | iphone repair | motherboard repair | tablet repair | laptop repair | laptop repairing | motherboard repair | laptop motherboard repair,UC_dceIp1f6ovpkJzk1SrkiA,hands,phone-repair,wave1,2026-09-14,both,226
https://www.youtube.com/@techguruassam,@techguruassam,TECH GURU ASSAM,20000,270,5,"Chip-level repair training channel description covers IC removal, CPU reballing, motherboard troubleshooting with case studies.",phone repair | mobile repairing | iphone repair | motherboard repair | mobile repairing course,UCLEmdnPD2OExfKWuW3Dy8Jw,hands,phone-repair,wave1,2026-09-14,both,270
https://www.youtube.com/@techkingz.,@TechKingz.,TechKingz,196,51,5,"Titles show clear step-by-step battery and screen replacements on iPhone, Pixel and Samsung devices.",phone repair | phone screen replacement,UCl0ZU8eEqs6PwVEIEfgPFSw,hands,phone-repair,wave1,2026-09-14,both,168
https://www.youtube.com/@techsurgeons8998,@TechSurgeons8998,Tech Surgeons,163,66,5,Dedicated chip-level micro-soldering channel with CPU reballing and motherboard diagnostics under microscope.,mobile repairing | micro soldering phone | chip level repairing,UCzhUl6iboeR8w-TKlkeDfeg,hands,phone-repair,wave1,2026-09-14,both,66
https://www.youtube.com/@tenerifix,@TeneriFix,TeneriFix®,35,51,5,"Specialized Apple device repair channel detailing screen, battery, charging port, and back glass replacements with real repairs.",microsoldadura | reparación de móviles | microsoldadura celulares,UC1Ng4663KxDzwUecYI53RlQ,hands,phone-repair,wave1,2026-09-14,both,51
https://www.youtube.com/@tfix-thailand,@tfix-thailand,ศูนย์ซ่อมมือถือทีฟิกซ์,204,50,5,"Titles show motherboard shorting repair, CPU reballing on iPad and phones, board-level work.",ซ่อมมือถือ,UCfMHOYsJhF6Rnp-FY2adYQQ,hands,phone-repair,rest1,2026-09-14,both,61
https://www.youtube.com/@thesmgtechcommunication713,@thesmgtechcommunication713,SMG Institute – Mobile Repair Academy,2320,108,5,"Mobile repair academy explicitly teaching motherboard, IC replacement and eMMC chip-level repair practically.",mobile repairing | emmc | मोबाइल रिपेयरिंग | phone motherboard repair,UCGButjcvqGra_Cu8JFAQXjg,hands,phone-repair,wave1,2026-09-14,both,108
https://www.youtube.com/@unofficialrepairiphone,@UNOFFICIALREPAIRIPHONE,UNOFFICIAL REPAIR IPHONE,718,78,5,"Titles show real hardware jumper fixes, screen replacement and disassembly on iPhones and tablets like Galaxy Tab and Huawei.",mobile repairing | iPhone repair,UCk5DJwKJ8WJ92eGmnFOrqiw,hands,phone-repair,wave1,2026-09-14,both,78
https://www.youtube.com/@vccboardrepairs,@VCCBoardRepairs,VCC Board Repairs - Jesse Cruz,52000,276,5,Dedicated microsoldering and logic-board repair channel with real board-level diagnostics and data recovery videos.,logic board repair | microsoldering | phone motherboard repair | iPad repair | electronic repairing | mobile charger repair,UCHByDN_DnlKv7WrCumJfkgA,hands,phone-repair,wave1,2026-09-14,both,276
https://www.youtube.com/@wichanfamily,@Wichanfamily,Mobile fix by ช่างโต ☎️,177,164,5,Thai repair shop channel with clear titles showing screen and battery replacement on iPhones and tablets.,ซ่อมมือถือ,UC3u2pQX1oa1-MRrylTc98NA,hands,phone-repair,wave1,2026-09-14,both,239
https://www.youtube.com/@xiaodteachesmaintena,@Xiaodteachesmaintena,小杜教维修,10700,274,5,Chinese chip-level repair channel specializing in curved screen and ITO line repair with micro-soldering focus.,手机维修,UCgQHYb4Bwhi9-rm-cgF-xAA,hands,phone-repair,wave1,2026-09-14,both,274
https://www.youtube.com/@djmanishindia,@djmanishindia,Dj Manish India,426,185,5,"Chip-level electronics repair channel featuring IC replacement, motherboard troubleshooting and microscopic soldering techniques.",chip level repair,UC_blnD8ayTCfmuIdHVumWaw,hands,phone-repair,wave1,2026-09-14,pool,185
https://www.youtube.com/@getstarted3766,@getstarted3766,Ryan Aba Añora,791,212,5,Titles show real phone/tablet LCD replacements and no-power/charging fault fixes on camera.,electronics technician,UC6VuFV0zTu6xZGIWSRWoqCA,hands,phone-repair,wave1,2026-09-14,pool,227
https://www.youtube.com/@irepair22,@IRepair22,IRepair Italia,242,214,5,"Titles show real screen, LCD and charging repairs on phones and tablets step by step.",electronics repair | electronics repairing,UCWKV9lPA5C6soVip97DfOqA,hands,phone-repair,wave1,2026-09-14,pool,215
https://www.youtube.com/@mobilerepairing100m,@mobilerepairing100M,Abhay mobile repairing blogs 100M,640,147,5,"Strong chip-level motherboard repair channel covering IC reballing, soldering, and component testing techniques.",electronics repair course,UCGZ8W_x67YW7DtQAcb6MIpw,hands,phone-repair,wave1,2026-09-14,pool,147
https://www.youtube.com/channel/uc2huuidhqio1k7tej-csfba,@%D0%9F%D1%80%D0%BE-%D0%94%D0%B8%D1%81%D0%BF%D0%BB%D0%B5%D0%B9,Продисплей,59,70,5,"Titles show hinge cleaning and screen replacement on Samsung Fold/S22 phones, real bench work.",ремонт телефонов,UC2HUUiDhQIO1k7TEj-cSFbA,hands,phone-repair,rest1,2026-09-14,filter,70
https://www.youtube.com/@%e0%b9%80%e0%b8%ad%e0%b8%aa%e0%b9%80%e0%b8%ad%e0%b8%aa%e0%b9%82%e0%b8%9e%e0%b8%99,@%E0%B9%80%E0%B8%AD%E0%B8%AA%E0%B9%80%E0%B8%AD%E0%B8%AA%E0%B9%82%E0%B8%9E%E0%B8%99,เอสเอส โฟน,487,334,5,Titles show battery and screen replacement tutorials for multiple phone models.,ซ่อมมือถือ,UCBt-XAIkbqvq4k3e2DtcgyA,hands,phone-repair,rest1,2026-09-14,filter,348
https://www.youtube.com/@%e0%b9%81%e0%b8%a1%e0%b8%84%e0%b9%80%e0%b8%8b%e0%b8%ad%e0%b8%a3%e0%b9%8c%e0%b8%a7%e0%b8%b4%e0%b8%aa%e0%b8%ad%e0%b8%b8%e0%b8%94%e0%b8%a3,@%E0%B9%81%E0%B8%A1%E0%B8%84%E0%B9%80%E0%B8%8B%E0%B8%AD%E0%B8%A3%E0%B9%8C%E0%B8%A7%E0%B8%B4%E0%B8%AA%E0%B8%AD%E0%B8%B8%E0%B8%94%E0%B8%A3,Mac Service Udon - ศูนย์ซ่อม ไอโฟน ไอแพด,199,78,5,"Repair shop channel showing motherboard repair, glass replacement, battery change on iPhone/AirPods/Apple Watch on camera.",ซ่อมมือถือ,UCFIXNaEurIBa7jDQqPy7SFw,hands,phone-repair,wave1,2026-09-14,filter,82
https://www.youtube.com/@7mobiles,@7mobiles,Rajesh Mobile Doctor,475,64,5,"Titles show CPU reballing, eMMC repair, IC changes and board-level chip work at a mobile repair shop.",emmc,UCHXsBO-RhJ55G0ta6wHEROA,hands,phone-repair,wave1,2026-09-14,filter,64
https://www.youtube.com/@_saif_shaikh_,@_saif_shaikh_,Raja Mobile Reparing Yt,435,52,5,Repair shop titles show clear screen and back panel replacement work on specific phones.,phone repair,UCsLAKm7VfUUl02IOP_M7PPg,hands,phone-repair,rest1,2026-09-14,filter,52
https://www.youtube.com/@abdulalmutakabbir528,@abdulalmutakabbir528, Chitol Mobile ,569,71,5,"Repair shop channel with fault-titled videos like dead solution, charging error, light fixed on various phones.",phone repair | mobile phone repair,UCQY4tvB72xX6bkfGgzBVhOA,hands,phone-repair,rest1,2026-09-14,filter,87
https://www.youtube.com/@abhitelecom....mobilerepai1723,@abhitelecom....mobilerepai1723,Abhi Telecom....Mobile Repair & Training Centre,119,61,5,"Mobile repair and training centre with titles showing CPU/RAM fixes, touch/camera repairs and dead short repair.",phone repair | mobile phone repair,UCJJp9B4jrNiPgLvQsIfxsCA,hands,phone-repair,rest1,2026-09-14,filter,61
https://www.youtube.com/@adhenztechnology,@adhenztechnology,Mobile Mesiri,517,154,5,"Repair training institute with titles showing IC replacement, microsoldering earspeaker fix and charging error solutions.",phone repair | smartphone repair,UCcPmNyVaZN5hrSqCEQ5gX5g,hands,phone-repair,wave1,2026-09-14,filter,218
https://www.youtube.com/@ahk.phonerepair,@AHK.PhoneRepair,AHK Phone Repair,294,72,5,Repair shop channel with titles showing real device fixes like camera and dead phone repairs.,phone repair,UCYxmb-vu0rS7gDlRFkgKFmg,hands,phone-repair,rest1,2026-09-14,filter,72
https://www.youtube.com/@ahmobilesolution534,@ahmobilesolution534,AH Mobile Solution,243,51,5,"Chip-level repair channel with titles on EMMC IC programming, CPU reballing and touch/display fixes, strong bench evidence.",mobile repairing | emmc,UCrURcMY54-yxXtqi6MAxBdw,hands,phone-repair,wave1,2026-09-14,filter,51
https://www.youtube.com/@ahsan4580,@Ahsan4580,Apple Fixit Bd,82,70,5,"iPhone repair service center with titles showing water resistance and flex cable fixing, CPU removal on bench.",phone repair | iphone repair,UCoP9yvFjKv16mY9bwKCI3lw,hands,phone-repair,rest1,2026-09-14,filter,70
https://www.youtube.com/channel/uc_ddfvdwrr9r_yimwdkypnq,@AinCelluler,_ 'AinCell _,108,70,5,"Titles show real LCD/battery replacement jobs on multiple phone models, clear step-by-step repair format.",servis hp,UC_ddFvdWrr9r_YImwdkYpNQ,hands,phone-repair,wave1,2026-09-14,filter,70
https://www.youtube.com/@ajaymobilesoftware01,@AjayMobilesoftware01,Ajay Mobile Software ,871,68,5,"Description details practical repair topics like IC reballing, water damage repair, display change with before/after.",मोबाइल रिपेयरिंग,UClhYqh6IVYU6VC2kA7EyTew,hands,phone-repair,rest1,2026-09-14,filter,183
https://www.youtube.com/@akhunfix,@AkhunFix,Dr Apple,270,131,5,"iPhone repair specialist with clear titles: battery replacement, full body change, motherboard issue fixes.",phone repair | iphone repair,UC-j8lmQFb90EJmMms5kzDoQ,hands,phone-repair,wave1,2026-09-14,filter,131
https://www.youtube.com/@akinfodelhii,@akinfodelhii,AK Info Delhi,28300,802,5,Mobile repairing institute channel with comprehensive practical hardware/software repair course content.,mobile repairing | mobile repairing course,UC_EpzKiXIqUkt45H7fEdlyQ,hands,phone-repair,rest1,2026-09-14,filter,802
https://www.youtube.com/@akmobilelab450,@akmobilelab450,AK MOBILE LAB,15800,74,5,"Channel description lists IC reballing, EMMC repair, jumpers and screen replacement, strong board-level repair signals.",mobile repairing | emmc,UCY_F8hN6J0VAy8lqKc5GJAw,hands,phone-repair,rest1,2026-09-14,filter,74
https://www.youtube.com/channel/ucu4w2oydzotwkxi0uy8jj1g,@AKMobileRepair-g5b,A K Mobile Repair ,303,237,5,"Titles show clear display replacement repairs across multiple phone models (Redmi, Vivo, Oppo) at the bench.",phone repair | mobile repairing | mobile phone repair,UCU4w2oyDzotwkxi0uY8jJ1g,hands,phone-repair,wave1,2026-09-14,filter,253
https://www.youtube.com/@alazizmobilez,@AlAzizMobilez,Al Aziz Mobiles,260,99,5,"Titles show detailed iPhone repairs like sound IC, camera, dead phone fixes on real bench work.",phone repair | iphone repair,UCLL0xf2rBAzBcm3nV9Lc-UQ,hands,phone-repair,wave1,2026-09-14,filter,99
https://www.youtube.com/@alexismarquezrepara,@alexismarquezrepara,Alexis Marquez Repara,33,79,5,Phone repair technician channel with real hands-on titles like manual lamination work shown on camera.,reparación de celulares,UCPIQ7P8rIH7PGLxQC_BxuoA,hands,phone-repair,wave1,2026-09-14,filter,115
https://www.youtube.com/@alilarsson,@AliLarsson,Ali Larsson,46,66,5,"Hashtag-heavy description strongly signals iPhone microsoldering, reballing and board-level repair work.",microsoldering | emmc | microsoldadura,UClfdDWz-pCQLwLwc-vcbTgQ,hands,phone-repair,wave1,2026-09-14,filter,66
https://www.youtube.com/@allin1phoneclinic,@allin1phoneclinic,All in 1 Phone Clinic,322,103,5,Clear repair channel with titles on display replacement and charging fault fixes on real phones.,mobile repairing,UClGj1GGKiK-t8wcos0SSLTw,hands,phone-repair,rest1,2026-09-14,filter,103
https://www.youtube.com/@allinservicemac89,@AllinServiceMac89,All in Service Mac,774,371,5,"Titles show real repair jobs: screen replacement, motherboard rescue case, shop tour, board-level work implied.",ซ่อมมือถือ,UC3WLea_1XvjoqZ1VcB6cTAQ,hands,phone-repair,wave1,2026-09-14,filter,754
https://www.youtube.com/@amr-training,@AMR-Training,AMR Training Center,660,356,5,"Mobile repair training centre explicitly offering hardware, power section, IC level and live practical repair training.",mobile repairing,UCpx-cRepAW8ebz3jF0xPSFA,hands,phone-repair,rest1,2026-09-14,filter,365
https://www.youtube.com/@antonysoftpowersolucoes9029,@antonysoftpowersolucoes9029,Soft Power soluções,865,70,5,Titles show detailed board-level reballing and micro-soldering repairs on iPhone and Samsung boards.,manutenção de celular,UC-oK3O7A3YkLJUQ2atf2tsA,hands,phone-repair,wave1,2026-09-14,filter,70
https://www.youtube.com/@applelinks,@applelinks,APPLELINKS,390,82,5,Dedicated iPhone repair channel with LCD replacement titles showing actual repair steps.,phone repair | iphone repair,UCSe6MXMLuSQGBDhAQXwShSg,hands,phone-repair,rest1,2026-09-14,filter,102
https://www.youtube.com/@applerehabbangladesh2246,@applerehabbangladesh2246,Apple Rehab Bangladesh,407,50,5,"Dedicated iPhone/iPad repair center with titles showing camera replacement, dead phone repair and data recovery.",phone repair | smartphone repair,UCy8lEXMdn8pFnvojxvlW7yw,hands,phone-repair,wave1,2026-09-14,filter,52
https://www.youtube.com/channel/uceq3i-bilzaapkt0z188h6g,@arijarifin7739,ARIJ ADNAN CELL,14,68,5,"Titles show hands-on board-level work: IC block removal with hot air blower, charger connector replacement.",servis hp,UCeq3I-BilZAapkt0z188H6g,hands,phone-repair,rest1,2026-09-14,filter,68
https://www.youtube.com/@as_mobilerepairingsolution,@as_mobilerepairingsolution,AS mobile repairing solution,232,85,5,"Titles show CPU reball, cleaning and hardware fault solutions for phones, clear bench work.",mobile repairing,UCNsmCTasmcpw6w1sn84fp0Q,hands,phone-repair,wave1,2026-09-14,filter,140
https://www.youtube.com/@asccommunication8080,@asccommunication8080,ASC Communication,853,203,5,"Repair shop titles show water damage repair, screen and battery replacement with real device jobs detailed.",phone repair | mobile phone repair | smartphone repair,UCeIeXxHkkM2XhUhKvmIOJmA,hands,phone-repair,wave1,2026-09-14,filter,213
https://www.youtube.com/@ashitkar6192,@ashitkar6192,AK mobile repairs,253,119,5,"Titles show real board-level repairs: CPU/EMMC reballing, display replacement, iPhone dead board rework.",mobile repairing | emmc,UC58yopHE2205rDaEYF1o2hQ,hands,phone-repair,rest1,2026-09-14,filter,131
https://www.youtube.com/@ashokchoudhary3080,@ashokchoudhary3080,Mobilefix 24by7,881,140,5,"Titles show real board-level repairs: CPU/RAM reball, EMMC reball, camera fixes on specific phone models.",phone repair | mobile phone repair,UCYZvidl-u7yj4BVG90gxFsQ,hands,phone-repair,wave1,2026-09-14,filter,154
https://www.youtube.com/@ashokkui67,@AshokKui67,home mobile repairing normal ideas ,57,60,5,"Titles show real board-level repairs: short circuits, IC reballing, display replacement on various phones.",mobile repairing,UC9pCc8y0IeyU_RcAfgsF95A,hands,phone-repair,wave1,2026-09-14,filter,72
https://www.youtube.com/@asiatelecomemmcufstraining,@AsiaTelecomeMMCUFSTraining,Asia Telecom eMMC /UFS Training,980,142,5,Dedicated eMMC/UFS training channel with chip-level fault finding and IC repair titles for board-level work.,emmc,UC9Do7lOalccbH4bOx_Z_Gxw,hands,phone-repair,wave1,2026-09-14,filter,267
https://www.youtube.com/@asradul420,@asradul420,Gsm Asradul,347,108,5,"Chip-level repair channel with titles on IC reball, EMMC reprogramming and water damage fixes.",emmc,UCvcji85haSi1Ff2kQccZuhQ,hands,phone-repair,wave1,2026-09-14,filter,145
https://www.youtube.com/@atulmobile2024,@atulmobile2024,ATUL MOBILE,352,102,5,Mobile repairing training centre with titles showing charging and display light diagnostic and jumper work.,emmc,UC_GdJ4Z8qCUiQNw7K3e1FAQ,hands,phone-repair,rest1,2026-09-14,filter,105
https://www.youtube.com/@awmobilelabe,@AWMobilelabe,AW Mobile lab,259,57,5,"Titles show chip-level repairs: reball EMMC/CPU, button and power key solutions on real phones.",mobile repairing,UCwZ3-GHWLDpBWVkSE1zfxpg,hands,phone-repair,wave1,2026-09-14,filter,58
https://www.youtube.com/@balajiflexglassrepair9910,@balajiflexglassrepair9910,BALA JI FLEX & GLASS REPAIR,280,188,5,"Titles show front glass replacement and OCA process on Redmi/Note devices, clear glass refurbishing bench work.",mobile repairing,UCXljYWfxXaeXIkKYqi76D6A,hands,phone-repair,wave1,2026-09-14,filter,188
https://www.youtube.com/@bhagwatilal_kumawat,@Bhagwatilal_kumawat,MOBILE DOCTOR BHARUCH,458,85,5,"Titles show back panel change, display replacement and full assembly of multiple phone models.",मोबाइल रिपेयरिंग,UCWUb0TN7Ht0-1zwBhZeptdA,hands,phone-repair,trial100,2026-09-14,filter,86
https://www.youtube.com/@bhanwarsingh-z5g,@BhanwarSingh-z5g,JODHPUR MOBILE ,207,130,5,"Titles show clear display replacement repairs on multiple Vivo/Tecno phone models, hands-on bench work.",mobile repairing,UCri99IP-mhc5aOvuur5mqTQ,hands,phone-repair,wave1,2026-09-14,filter,130
https://www.youtube.com/@boardrev,@boardrev,BoardRev,5390,191,5,Dedicated iPhone board-level repair channel name and description signal micro-soldering focus.,phone repair | iphone repair,UCYMrLBiZZsakMiVcMD_dHXw,hands,phone-repair,wave1,2026-09-14,filter,191
https://www.youtube.com/@borneoschematic922,@BORNEOSchematic922,Tanveer Malik ,663,68,5,"Titles show detailed dead phone diagnosis, water damage, rebailing and specific fault solutions across brands.",phone repair | cell phone repair,UC5rtA4PR80o-yryQf5aDgRQ,hands,phone-repair,wave1,2026-09-14,filter,76
https://www.youtube.com/@bsdisplaydoctor,@BsDisplaydoctor,Bs Display doctor,294,130,5,"Repair shop with titles showing screen, back glass and combo replacements on real phones, dedicated hardware channel.",phone repair | mobile phone repair,UCjvhNZI8Pfrbvs7I30a_QAw,hands,phone-repair,wave1,2026-09-14,filter,137
https://www.youtube.com/@bykuldeep,@Bykuldeep,Tech kuldeep,482,295,5,Titles show real display combo replacement tutorials with hands-on repair steps explained.,mobile repairing,UCHHj1oXJYeBE1aA_hJLiDwA,hands,phone-repair,rest1,2026-09-14,filter,294
https://www.youtube.com/@cellphonearea638,@cellphonearea638,cellphone area,226,67,5,"Titles show real display, touch and battery replacements across multiple phone models, classic bench repair channel.",मोबाइल रिपेयरिंग,UCn_dhY6xRO8YCrHmRL7C_wA,hands,phone-repair,rest1,2026-09-14,filter,67
https://www.youtube.com/@chaudhary9221,@Chaudhary9221,CB brother's care @9221,736,191,5,"Titles show chip-level microscope soldering, motherboard repair, and display replacements on camera.",phone repair | mobile repairing | mobile phone repair | iphone repair | mobile repairing course,UCNiPtC0MJ-R8cGbZQTJMPBg,hands,phone-repair,trial100,2026-09-14,filter,204
https://www.youtube.com/@chhotumobilecare9960,@CHHOTUMOBILECARE9960,@CHHOTUMOBILECARE,99,70,5,"Titles show detailed display, motherboard connector and charging fault fixes on specific Samsung/Realme models.",मोबाइल रिपेयरिंग,UCg23QVgtPmvpEBuT7WP0DWw,hands,phone-repair,wave1,2026-09-14,filter,69
https://www.youtube.com/@chiminoifixit,@chiminoifixit,chiminoifixit,45400,143,5,Dedicated microsoldering channel teaching phone/iPad repair techniques and tool reviews for cell repair.,microsoldering,UCfyBPW_knm1QbgjvF1pRooQ,hands,phone-repair,wave1,2026-09-14,filter,143
https://www.youtube.com/@chintanprajapati1111,@chintanprajapati1111,chintan prajapati,237,62,5,Titles show clear display and touch replacements on multiple phone models with disassembly steps.,mobile repairing,UC-pN7BuCJlapfEh3_cctY-g,hands,phone-repair,wave1,2026-09-14,filter,64
https://www.youtube.com/@chipfixerz,@Chipfixerz,Chip Fixerz,1500,225,5,"Motherboard-level repair channel explicitly covering PMIC, CPU short, tracing across multiple phone brands.",motherboard repair,UCX4HWOrPwuMO_AUQC6SmqLQ,hands,phone-repair,wave1,2026-09-14,filter,225
https://www.youtube.com/@chiptechinstituteofficial,@chiptechinstituteOfficial,Chiptech Institute ,125,92,5,"Chip-level repair institute with student practice videos on reballing, display connectors, ipad repair.",mobile repairing | mobile repairing course,UCz5kw-zi3_Ubm3XvYOHN-DQ,hands,phone-repair,wave1,2026-09-14,filter,120
https://www.youtube.com/@christianreber3153,@christianreber3153,Christian Reber,2210,139,5,Dedicated microsoldering channel with detailed hardware repair tutorials described as thorough and functional.,microsoldering,UCWqHW1Ow030uLHxeR_zNCHA,hands,phone-repair,wave1,2026-09-14,filter,139
https://www.youtube.com/@cifra_ryazan,@cifra_ryazan,Цифра,235,96,5,"Titles show flex cable restoration, charging port replacement and connector repair on real devices.",ремонт телефонов,UC7vvLI5aAfLubW2aErqEsMw,hands,phone-repair,wave1,2026-09-14,filter,96
https://www.youtube.com/@cptech-cpfix,@cptech-cpfix,Cptech-Cpfix,13,51,5,"Titles show LCD replacements, water damage repair and charging pin replacement across phone brands.",phone repair | cellphone repair,UCwqC-HjPkCsh-YkeGMFuI3A,hands,phone-repair,wave1,2026-09-14,filter,51
https://www.youtube.com/@cpuspecialist,@CpuSpecialist,mobile Engineer ,185,92,5,Titles show CPU reballing and charging repair demonstrations on real phone models.,phone repair,UCqsdbGYZ8jryzK2J1K-mWBQ,hands,phone-repair,wave1,2026-09-14,filter,112
https://www.youtube.com/@cpustar69,@cpustar69,Satish Vishwakarma ,326,141,5,"Titles show CPU reball, power IC reballing and folder pasting, clear board-level micro-soldering work.",mobile repairing,UCViGHMNC9a_mVGrY538T4fQ,hands,phone-repair,wave1,2026-09-14,filter,164
https://www.youtube.com/@cyshowtvafrica,@CyShowTvAfrica,Cy Show Tv Africa,1140,218,5,"Mobile phone technician description details screen, battery, charging port replacement and microsoldering work.",microsoldering,UCatE5v7m7OX3_kB0H4GNf_w,hands,phone-repair,wave1,2026-09-14,filter,218
https://www.youtube.com/@d.arepair,@D.Arepair,D.A Repair,272,61,5,"Titles show display replacement on Samsung Galaxy M04 and Vivo Y75 5G plus schematics reference, clear bench repair work.",mobile repairing,UC3_16v53624-rhPQ3dv-ZkA,hands,phone-repair,wave1,2026-09-14,filter,61
https://www.youtube.com/@danishmobile-gd1qz,@DanishMobile-gd1qz,Danish Mobile. com,160,78,5,Wholesale mobile repair channel with clear LCD/display replacement titles across multiple phone brands shown on camera.,mobile repairing,UCSkPtSIm8cC4N1C6PCQmmMg,hands,phone-repair,wave1,2026-09-14,filter,79
https://www.youtube.com/@dcfix35,@dcfix35,DCFIX,5230,268,5,Dedicated iPhone repair and microsoldering channel with English-subtitled courses.,phone repair | iphone repair | microsoldering,UCtP7c3Q0yD2J-A4rgAON4bQ,hands,phone-repair,wave1,2026-09-14,filter,268
https://www.youtube.com/@devicetechnician,@devicetechnician,DEVICE TECHNICIAN,86,223,5,"Description details detailed board-level phone repair skills: jumper, IC removal, OCA machine, testing.",phone repair,UC1nt_XOz75aAbBK6teBp6WA,hands,phone-repair,wave1,2026-09-14,filter,304
https://www.youtube.com/@diogograssani1007,@diogograssani1007,DiogoCell,62,62,5,Brazilian channel with clear screen replacement titles across multiple phone models showing bench repair work.,manutenção de celular,UC_dQAIIOmPD2tEaAeuTfmNA,hands,phone-repair,wave1,2026-09-14,filter,65
https://www.youtube.com/@directfix,@DirectFix,DirectFix,78700,247,5,Dedicated iPhone/iPad screen and battery replacement repair videos with DIY repair directions.,phone repair | iphone repair,UCsIRuIKjk32wGV_LXXECBtQ,hands,phone-repair,wave1,2026-09-14,filter,247
https://www.youtube.com/@directfix9558,@directfix9558,DirectFix,7130,128,5,Dedicated iPhone/iPad/Android repair guide channel with detailed teardown and part replacement videos.,phone repair | iphone repair,UCMD570cMQBLgTF1UpuomgeQ,hands,phone-repair,wave1,2026-09-14,filter,128
https://www.youtube.com/@directsolution-d,@DirectSolution-d,Direct Solution,557,147,5,"Repair shop with titles detailing specific fault fixes: restart problems, charging issues, display light solutions on Samsung phones.",phone repair | iphone repair | emmc,UCP2dLgO4t4GCYs54tzpQAqg,hands,phone-repair,wave1,2026-09-14,filter,162
https://www.youtube.com/@dkcombofix6950,@dkcombofix6950,DK PHONE FIX,123,64,5,"Repair shop channel with clear on-camera LCD replacement, folder replacement and charging fix titles.",mobile repairing,UCIt05U2uKfpgrv8K4A8ntXg,hands,phone-repair,rest1,2026-09-14,filter,67
https://www.youtube.com/@dogruiletisim,@dogruiletisim,Doğru İletişim,633,85,5,"Technical service channel posting daily screen and parts replacement repair videos, dedicated repair shop.",telefon tamiri,UCnDfOlS2zxq6G2KB5TZdEMA,hands,phone-repair,rest1,2026-09-14,filter,85
https://www.youtube.com/@dzakicellbima5642,@dzakicellbima5642,DZAKI CELL BIMA,307,196,5,"Titles show detailed fault diagnosis and hands-on repair (LCD, touch, dead phone) across multiple brands.",servis hp,UCpae9IZVR16B0-1uWeSjl2w,hands,phone-repair,rest1,2026-09-14,filter,204
https://www.youtube.com/@easyfix7700,@EASYFIX7700,EASY FIX,491,60,5,"Repair channel with clear titles on IC reballing, touch fix, water damage repair on iPhones.",phone repair | mobile phone repair,UC0LbfVBKOMLXPAivuc-1BSg,hands,phone-repair,wave1,2026-09-14,filter,60
https://www.youtube.com/@eennara,@eennara,mobile solutions add Life to life,311,136,5,"Titles show real phone repair diagnostics: dead phone solutions, display fixes, CPU reball training content.",mobile repairing,UCkbwxjwk-GDAZQeOeTuLAUA,hands,phone-repair,wave1,2026-09-14,filter,136
https://www.youtube.com/@elbaruc,@ElBaruc,El Baruc,10900,270,5,Dedicated repair channel with clear description of screen/battery/port replacement and micro-soldering board repair.,reparación de celulares,UCMPUR4LimlmXapDonCyL4ow,hands,phone-repair,wave1,2026-09-14,filter,270
https://www.youtube.com/@emmcrepairpalash8102,@emmcrepairpalash8102,TECHNICAL PALASH,488,74,5,Dedicated eMMC repair channel with titles showing dead-phone diagnosis and board-level fixes step by step.,emmc,UCaauEjcfMNxdtQewj7enX7A,hands,phone-repair,wave1,2026-09-14,filter,77
https://www.youtube.com/@eng_aliabbasi9,@Eng_aliabbasi9,"Ali Abbasi
",456,56,5,"Dedicated micro-soldering training channel with BGA reballing, IC replacement and soldering technique tutorials.",phone repair | cell phone repair,UCpYACQtJt3HWZvmivZ-iI_w,hands,phone-repair,wave1,2026-09-14,filter,56
https://www.youtube.com/@everytech-c1r,@EveryTech-c1r,Every Tech,421,215,5,Dedicated screen replacement tutorials with step-by-step titles across multiple phone models.,phone repair,UC-eHXnicGMg0OUhO0F32zIA,hands,phone-repair,wave1,2026-09-14,filter,248
https://www.youtube.com/@ezlearningusa,@ezlearningusa,EZ Learning,10700,132,5,Dedicated micro-soldering training channel focused on Apple device board-level repair techniques.,microsoldadura,UCLD-G0Xn0UX--q_W7oBgijQ,hands,phone-repair,wave1,2026-09-14,filter,132
https://www.youtube.com/@fadyfawaznagieb,@fadyfawaznagieb,Fady Fawaz,52,71,5,Board-level micro-soldering channel with titles showing CPU reballing on iPhone and Android motherboards.,motherboard repair,UCoNImfe3dtakzJqtPXwENZw,hands,phone-repair,wave1,2026-09-14,filter,118
https://www.youtube.com/@famous_mobile1,@Famous_Mobile1,Famous Mobile,388,102,5,Titles show actual display replacement repairs on OnePlus and Realme phones with restoration format.,mobile repairing,UCGnMQBdex7zL-CDug_dRRrQ,hands,phone-repair,wave1,2026-09-14,filter,102
https://www.youtube.com/@farzanraza2254,@farzanraza2254,IREPAIR SOLUTION UNA,99,58,5,"Repair shop channel with titles showing iPhone display light and charging solutions, chip-level and training work.",mobile repairing | emmc,UCawI6Pgc9R4fAwIXvEeJPaw,hands,phone-repair,wave1,2026-09-14,filter,58
https://www.youtube.com/@fixermobile,@fixermobile,FIXER MOBILE,778,57,5,"Detailed description of board-level diagnosis, IC repair, microscope work and practical mobile repair tutorials with real faults.",mobile repairing,UCBY4m0XOPkHOFyhzfRUSukg,hands,phone-repair,wave1,2026-09-14,filter,57
https://www.youtube.com/@fixlogik,@fixlogik,Fix Logik,320,74,5,"iPhone repair channel with detailed component-level titles like antenna, dock, and sensor removal/installation.",phone repair | iphone repair,UChNd5FWhNuiaRd4FkLSgVJA,hands,phone-repair,wave1,2026-09-14,filter,74
https://www.youtube.com/@fixmoi,@FixMoi,Fix Moi,202,96,5,"Microsoldering-focused channel with iPad charging fix, iPhone housing replacement and detailed step-by-step repair titles.",microsoldering,UCt061gUwz-a4AIrOTjMB9xg,hands,phone-repair,wave1,2026-09-14,filter,139
https://www.youtube.com/@fixthisone,@fixthisone,FixThis Electronics,2590,84,5,"Dedicated microsoldering and board-level data recovery service for Apple/Android devices, exact topic fit.",microsoldering | electronics repair,UCF3-77bjF73S-4UOENDDRHg,hands,phone-repair,wave1,2026-09-14,filter,84
https://www.youtube.com/@fonefix_repairr,@fonefix_repairr,Fone Fix,2770,200,5,Dedicated logic board repair shop with detailed description of chip-level microscope work and data recovery.,chip level | logic board repair,UCeLZ-SfCL8hFZjJBtXC6sGw,hands,phone-repair,wave1,2026-09-14,filter,200
https://www.youtube.com/@ftmobilecare,@ftmobilecare,FM care,329,81,5,"Titles show real fault-fix repairs: backlight solution, charging solution, power key solution on specific phone models.",mobile repairing,UCS83loWKXVOZbX9Dosv-aeQ,hands,phone-repair,wave1,2026-09-14,filter,81
https://www.youtube.com/@gadgetswiser-p2g,@Gadgetswiser-p2g,Gadgetsdotcom,91,70,5,"Smartphone repair shop channel with titles showing display change, back glass, charging port replacement across models.",phone repair | smartphone repair,UCRjigJhtXB2GC7dtXLKONIw,hands,phone-repair,wave1,2026-09-14,filter,76
https://www.youtube.com/@gizmogoblin,@Gizmogoblin,Gizmo Goblin,299,85,5,"Dedicated iPhone repair channel with clear part-replacement titles: flash, battery, camera, speaker replacements.",phone repair,UCMMKBftxC48hp-ogaqz0mvw,hands,phone-repair,wave1,2026-09-14,filter,87
https://www.youtube.com/@gsmaarav4293,@gsmaarav4293,GSM AARAV ,880,63,5,"Titles show specific chip-level fault fixes like dead board, EMMC swap and charging issues, real repair work.",mobile repairing,UCwHNVOAcVtVyzCvvJzUWYWg,hands,phone-repair,rest1,2026-09-14,filter,63
https://www.youtube.com/@gsmalomgirshekh,@gsmalomgirshekh,GSM ALOMGIR,123,57,5,Titles show detailed board-level repairs like memory baseline fix and charging port replacement.,mobile repairing,UC-C-ySDdP41qnoBohEH3mIA,hands,phone-repair,wave1,2026-09-14,filter,69
https://www.youtube.com/@gsmasadmollaic1,@GSMASADMOLLAIC1,GSM ASAD MOLLA IC,2110,117,5,"Dedicated eMMC IC, reballing, dead boot repair and ISP pinout channel, clear chip-level micro-soldering focus.",emmc,UCQ1mBJLBiwf4CPZbhgvxGZg,hands,phone-repair,wave1,2026-09-14,filter,118
https://www.youtube.com/@gsmmithunhalder,@GSMMithunHalder,GSM Mithun Halder,426,78,5,Titles show detailed charging fault diagrams and repair diagnostics across multiple phone models.,phone repair | mobile phone repair,UCib2Ihlmzyft7LKvX60Liew,hands,phone-repair,rest1,2026-09-14,filter,78
https://www.youtube.com/@guilhermesilvaguicell,@guilhermesilvaguicell,Guilherme Silva Guicell,351,162,5,"Titles show screen replacement, board component removal and disassembly across iPhone and Android models.",manutenção de celular,UCt_nbSjuXvdgzCHlDFW96Mg,hands,phone-repair,wave1,2026-09-14,filter,162
https://www.youtube.com/@mominzi,@gulrahman0311,Engineer Gulrahman Haseen,920,76,5,"Dedicated chip-level training channel with CPU reballing, eMMC repair, IC replacement and micro-soldering content.",micro soldering | emmc,UCqO-8geUjp_K24PvFsP_g7w,hands,phone-repair,wave1,2026-09-14,filter,77
https://www.youtube.com/@guofencom-guofenelectronics,@Guofencom-GuofenElectronics,果粉网-果粉电子,41,308,5,iPhone/iPad chip-level repair channel showing real board-level fixes like charging issues and no-power repairs.,phone repair | mobile phone repair,UCMtnZu8UggDHwP4ttf_zcBA,hands,phone-repair,wave1,2026-09-14,filter,308
https://www.youtube.com/@harerammobilerepairing7341,@harerammobilerepairing7341,HARERAM MOBILE REPAIRING,388,71,5,"Titles show real IC reballing, charging and network fault repairs at a repair service center.",mobile repairing,UCARGuA3cixdNUR67EhL8E2w,hands,phone-repair,rest1,2026-09-14,filter,83
https://www.youtube.com/@harishchaudhary49389,@harishchaudhary49389,Harish Chaudhary Ghanghas ,258,201,5,CPU reballing and dead phone repair titles showing board-level micro-soldering work step by step.,mobile repairing,UCY1NAfi6102tu6W9wW23T6g,hands,phone-repair,wave1,2026-09-14,filter,207
https://www.youtube.com/@hightechmobilesolutions,@hightechmobilesolutions,high tech mobile,754,100,5,Detailed hardware fault list with titles showing charging jumper wire solutions and board-level diagnostic work.,emmc,UCFklctEWRwmnMnlSIaCkshQ,hands,phone-repair,rest1,2026-09-14,filter,100
https://www.youtube.com/@hitech_service,@hitech_service,СЦ ХАЙТЕКСЕРВИС,170,56,5,Russian repair shop channel with titles showing detailed screen and battery replacement across multiple phone/tablet models.,ремонт телефонов,UCpeOXCchZ9ADeC5LvBGYczA,hands,phone-repair,wave1,2026-09-14,filter,56
https://www.youtube.com/@i_a_care,@I_a_care,Mohammed Maaz,113,73,5,iPhone/Android chip-level repair channel with detailed display replacement and sudden-dead repair titles.,chip level,UCDWKc9ca6LfYlv9EyZLucRA,hands,phone-repair,wave1,2026-09-14,filter,76
https://www.youtube.com/@iaphoneexpert,@iAPhoneExpert,iA PHONE EXPERT,103,62,5,Titles show clear panel and back glass replacement work across multiple phone models.,phone repair | mobile repairing | mobile phone repair,UCSUeqqpAB424mxQXlYMNUHQ,hands,phone-repair,rest1,2026-09-14,filter,62
https://www.youtube.com/@icircuitvcp,@iCircuitVCP,iCircuit,2490,204,5,"Apple/Android repair shop explicitly showing real repairs, micro-soldering, logic board work and screen/battery swaps.",microsoldadura,UCwBPCv8G9QxbD2NiuU-O7_Q,hands,phone-repair,rest1,2026-09-14,filter,204
https://www.youtube.com/@ifixhubrehan,@ifixhubrehan,Ifixhub Rehan,692,152,5,"iPhone/iPad repair channel with reball, error 4013 fixes and face ID IC repair titles, clear bench work.",phone repair | iphone repair,UCPnBBTCRC-83MdOB1r01B7A,hands,phone-repair,wave1,2026-09-14,filter,153
https://www.youtube.com/@ifixr,@iFixR,i Fix R,158,60,5,"Bangladeshi repair channel with clear fault-to-fix titles like CPU reball, NAND change and dead phone repair.",phone repair | mobile phone repair,UCRm_WbRSXA5APPuSorPSkHQ,hands,phone-repair,wave1,2026-09-14,filter,98
https://www.youtube.com/@ihelprepair,@IHELPREPAIR,I-HELP,146,73,5,"Professional iPhone repair channel specializing in logic board, microsoldering, and data recovery.",phone repair | iphone repair | microsoldering,UCI6iihoKxAOqwY7DcdowY2A,hands,phone-repair,wave1,2026-09-14,filter,76
https://www.youtube.com/@iimt_gujarat,@iimt_gujarat,IIMT_ GUJARAT ,214,201,5,Mobile repairing training institute with titles showing display replacement and charging troubleshooting practicals.,mobile repairing,UCemxb2Os6B9tYncUCQuxXtw,hands,phone-repair,wave1,2026-09-14,filter,201
https://www.youtube.com/@ilyasmobileshoppathriya,@ilyasMobileShopPathriya,ilyas mobile shop pathriya ,1550,485,5,"Shop channel description details dead phone, connector, CPU/EMMC/PMIC chip-level repair work shown on camera.",phone repair | mobile repairing | emmc,UCDI4dIq-Dw4gFdGN4uJoLcA,hands,phone-repair,wave1,2026-09-14,filter,486
https://www.youtube.com/@infocelleletronica-assiste4177,@infocelleletronica-assiste4177,Infocell Eletrônica - Assistência técnica,481,79,5,Titles show real screen and glass replacement jobs with before/after results across multiple phone models.,conserto de celular,UCmqn8i97mgunJNubnPNIleQ,hands,phone-repair,rest1,2026-09-14,filter,79
https://www.youtube.com/@inovadorestecnologicos,@innovadorestec,Innovadores tecnológicos,94,142,5,"Repair shop channel showing real screen, battery, charging port and connector replacements on phones and tablets.",reparación de celulares,UC36SRSBmGVyBPxTV1E3bfPQ,hands,phone-repair,wave1,2026-09-14,filter,210
https://www.youtube.com/@iphoneexpertsteam,@iPhoneexpertsteam,Micro soldering And Data Recovery,9950,240,5,Dedicated iPhone logic board microsoldering and data recovery specialist channel.,micro soldering,UCWk6G0qKVtd1k0XtdcZH4Sg,hands,phone-repair,wave1,2026-09-14,filter,240
https://www.youtube.com/@iphonerepairclub5151,@iphonerepairclub5151,Iphone Repair Club,251,77,5,Dedicated iPhone repair channel with titles showing display and battery replacement step-by-step tutorials.,phone repair | iphone repair,UCpOj1hTHx6HVa53rH8-QUzw,hands,phone-repair,wave1,2026-09-14,filter,77
https://www.youtube.com/@ipowertechnology,@ipowertechnology,iPower Technology,11100,115,5,"iPhone repair training institute emphasizing chip-level, motherboard troubleshooting and Face ID practical sessions.",phone repair | iphone repair,UC5WepBw9NVE3LdMNj7TJ6Lw,hands,phone-repair,wave1,2026-09-14,filter,115
https://www.youtube.com/channel/ucstj4b9z5hwqyufgqtvnl4w,@iSmartFixServiceShop,ร้าน iSmart Fix Service Shop ,67,56,5,"Titles show real fault-based repairs like iPhone won't turn on, camera issues, board-level fixes.",ซ่อมมือถือ,UCStj4b9z5hWQyuFGqtvNL4w,hands,phone-repair,wave1,2026-09-14,filter,76
https://www.youtube.com/@izoneservicecenter,@izoneservicecenter,I Zone,163,81,5,"Titles show motherboard swaps, dead phone diagnosis and detailed iPhone repair work at bench.",phone repair | iphone repair,UCBflQ8GK40J4Vb9WZywMLaw,hands,phone-repair,rest1,2026-09-14,filter,137
https://www.youtube.com/@j_a_mobilecare,@j_a_mobilecare,Jay Ambe Mobile Care Ashapur,682,71,5,"Chip-level repair shop with titles showing dead phone fixes, reballing and EMMC repair work.",mobile repairing,UCzon38j8jXk5mHbFstyt7wQ,hands,phone-repair,wave1,2026-09-14,filter,74
https://www.youtube.com/@jbcellassistenciatecnica,@Jbcellassistenciatecnica,JBCELL técnico de celular,172,201,5,"Technician channel with titles on flex cable repair, FPC connector, audio codec fixes and screen flex recovery.",manutenção de celular,UCdDSo_rvCP4t-6cF_2u-0Hw,hands,phone-repair,wave1,2026-09-14,filter,224
https://www.youtube.com/@jibranmobilerepairing-s1t,@JibranMobileRepairing-s1t,Jibran Mobile Repairing ,69,54,5,"Mobile repairing lab with titles showing panel and charging port replacement, real bench work demonstrated.",mobile repairing,UCC07NkYH_ymutqG9FRHfqhg,hands,phone-repair,wave1,2026-09-14,filter,54
https://www.youtube.com/@joejoenatan86,@joejoenatan86,TOKO BARU CELLULAR,196,126,5,Titles show real hands-on repairs of charging issues and connector replacement across multiple phone models.,servis hp,UCsIIPCCAH0mAoykytackogQ,hands,phone-repair,rest1,2026-09-14,filter,136
https://www.youtube.com/@joshyantonyjoshy4195,@joshyantonyjoshy4195,MG mobilogist,399,137,5,Titles show multiple display and battery replacement repairs performed and filmed.,phone repair | mobile phone repair,UCSeJKAmXJqEMUx-1j9JiKrA,hands,phone-repair,rest1,2026-09-14,filter,137
https://www.youtube.com/@jovan703cell,@jovan703cell,Jovan703 Cell Repair,99,137,5,Titles show real phone repair jobs like LCD replacement and flashing on specific device faults.,phone repair | cell phone repair,UC14G9dR49EwCFVGdiHefEBA,hands,phone-repair,rest1,2026-09-14,filter,179
https://www.youtube.com/@juan4repair,@Juan4Repair,Juan4Repair,6220,142,5,Dedicated advanced Mac logic board micro-soldering channel with T2/NAND diagnostics and IC replacement content.,microsoldadura,UCNCHRbujcgpFf8PDi14aEWA,hands,phone-repair,wave1,2026-09-14,filter,142
https://www.youtube.com/@julcellular98,@julcellular98,JUL CELLULAR,638,67,5,"Titles show real jumper wire repairs on PCB and flex cables, hands-on board-level phone repair work.",servis hp,UCukeJSIV0JxQmz4lFKoAUfA,hands,phone-repair,wave1,2026-09-14,filter,67
https://www.youtube.com/@karlyliu4482,@karlyliu4482,Karly Liu,105,58,5,"Detailed OCA lamination, glass separator, and refurbishing machine operations shown, clearly on-topic bench work.",phone repair | mobile phone repair,UCS8V1oSOX27Idw4Vl95p8qg,hands,phone-repair,rest1,2026-09-14,filter,58
https://www.youtube.com/@kitosrepara,@kitosRepara,Kitos Repara,243,120,5,"Titles show full teardown, screen replacement and heat-gun disassembly on Samsung and iPhone models.",reparación de celulares,UCAOYjC-F7CXbxtrszaO6RHA,hands,phone-repair,wave1,2026-09-14,filter,172
https://www.youtube.com/@kwanrepair,@KwanRepair,บักขวาน Channel,1560,257,5,"Thai channel explicitly about IC reballing, screen change and motherboard repair with work clips.",ซ่อมมือถือ,UCk332XbjrOnmaCyHkDanhMg,hands,phone-repair,wave1,2026-09-14,filter,257
https://www.youtube.com/@laltumobilelab,@LaltuMobilelab,LaltuMobileLab…98K Views 2 Hours ago.,526,85,5,"Titles show detailed hardware repairs: charging connector broken, middle base repair, board-level jobs in Bengali.",mobile repairing | emmc,UCTNuhHd9AcLh7dvK1DCuVOQ,hands,phone-repair,wave1,2026-09-14,filter,87
https://www.youtube.com/@larascell14,@larascell14,larascell el original,330,97,5,"Repair shop channel with titles showing flex repair, screen replacement, charging system fix on phones and tablets.",reparación de celulares,UC-HIzpSRX01S1nO29jHxvZA,hands,phone-repair,wave1,2026-09-14,filter,97
https://www.youtube.com/channel/ucbuggzb5kvzdenn1cdvvjca,@laskartelecome,LASKAR TELECOM ,62,77,5,Repair shop channel with clear titles like display replacement jobs showing real bench work on phones.,mobile repairing,UCbuGgzB5KvzDEnN1cdVvjcA,hands,phone-repair,wave1,2026-09-14,filter,93
https://www.youtube.com/@lecomterepairservices,@LecomteRepairServices,Lecomte Repair Services,1610,70,5,Dedicated French microsoldering business channel sharing advanced Apple iPhone/Macbook board-level repair experience.,microsoldering,UCAixgcd_cI_nl79acu_4jZw,hands,phone-repair,wave1,2026-09-14,filter,70
https://www.youtube.com/@livesolution-y6f,@liveSolution-y6f,Live Solution ,23,342,5,"Live Solution channel shows detailed hardware fault fixes per model: LCD, WiFi, charging subboard live solutions.",mobile repairing,UC8xC7NSasWkIX94A8VBMDZg,hands,phone-repair,rest1,2026-09-14,filter,342
https://www.youtube.com/channel/uc6e2pa1lfujfqko8l50o96q,@lucianomessias2478,beccacell,140,82,5,"Real bench repairs shown: soldering eprom, battery swap, screen glass replacement on phones.",manutenção de celular,UC6e2pA1LFUJFqKo8l50o96Q,hands,phone-repair,wave1,2026-09-14,filter,82
https://www.youtube.com/@m-phone2009,@m-phone2009,m-phone2009,573,219,5,Thai repair shop channel with clear screen and battery replacement titles for phones and tablets.,ซ่อมมือถือ,UC7D9-VpFwmrjucbU4cmJyKw,hands,phone-repair,wave1,2026-09-14,filter,219
https://www.youtube.com/@m.akmalnaich,@M.AKMALNAICH,Akmalmobiletechnical,1000,133,5,"Titles show real charging, mic and display replacement fixes across multiple phone brands.",mobile repairing,UCCNS1rMMZ6570l_BLIYZdxQ,hands,phone-repair,rest1,2026-09-14,filter,156
https://www.youtube.com/@majid_irepair,@majid_irepair,Majid iRepair,79,87,5,Dedicated microsoldering channel focused on iPhone/iPad/MacBook logic board repair with liquid damage and short circuit fixes.,logic board repair | microsoldering | electronic repair,UCupST26toSkvEgChx_5T6Fw,hands,phone-repair,wave1,2026-09-14,filter,87
https://www.youtube.com/channel/ucqtmxhk-s1t18n9smnbjszw,@Malikrepairing686,M.S Mobile Technician,122,73,5,Titles show detailed screen and charging repairs with specific fault descriptions for multiple phone models.,phone repair | mobile phone repair,UCqTMxhK-s1t18N9sMNBjsZw,hands,phone-repair,rest1,2026-09-14,filter,73
https://www.youtube.com/@manidon275,@Manidon275,Mani Repair Lab,49,85,5,Titles show real charging jack and LCD replacement jobs on multiple phone models filmed at bench.,mobile repairing,UCIxCCcR9GHZVjF6b38bW05A,hands,phone-repair,rest1,2026-09-14,filter,85
https://www.youtube.com/@manish.x.89,@Manish.x.89,Manish Yadav,166,53,5,"Chip-level repair titles showing reball, dead fix and logo/restart repairs across phone brands.",chip level,UCFKMch8xjsj7MLGF0IaZ8fA,hands,phone-repair,wave1,2026-09-14,filter,55
https://www.youtube.com/@manishmobilerepair47,@manishmobilerepair47,Manish Mobile Repair 👑 (Bechan Kumar),508,188,5,"Titles show folder/display change, OCA machine glass replacement, charging pin replacement, and IC chip-level bench work.",phone repair | mobile repairing | cell phone repair | iphone repair | chip level,UCmgwMI_Q0IMmMCed-WWc0Bw,hands,phone-repair,wave1,2026-09-14,filter,186
https://www.youtube.com/@manutencaoavancadacell6343,@manutencaoavancadacell6343,Manutenção avançada cell,764,68,5,"Cell phone repair course showing charging connector replacement, pin soldering and chip repair on camera.",manutenção de celular,UC4Jre6uZgV7InMDPKa5wwoQ,hands,phone-repair,wave1,2026-09-14,filter,68
https://www.youtube.com/@mdmobilerepairing5006,@mdmobilerepairing5006,MDA md mobile repairing solution ,730,113,5,"Titles show CPU removal, cleaning, motherboard shield opening and dead phone tracing, real board-level repair.",emmc,UC1hdxvJWMRm4EGY0m_o0GTQ,hands,phone-repair,wave1,2026-09-14,filter,137
https://www.youtube.com/channel/ucguojykrobwfw8o7nuag1yw,@MFmobilefusion,MF Mobile Fusion,68,56,5,"Titles show detailed CPU reballing, UFS reball and dead boot recovery for real phone repairs.",chip level,UCguOjYKrOBwFW8O7nuag1yw,hands,phone-repair,wave1,2026-09-14,filter,56
https://www.youtube.com/@microsolderhub,@MicroSolderHub,Micro Solder Hub,687,162,5,Dedicated micro-soldering/board-level repair channel with hands-on titles about component and solder work.,logic board repair | micro soldering,UClXURYITRnhGK4btCWIZU6Q,hands,phone-repair,rest1,2026-09-14,filter,162
https://www.youtube.com/@mihirmobilecare,@mihirmobilecare,Mihir Mobile Care,854,93,5,Mobile repair channel with titles showing charging IC jumper and schematic-based fault solutions.,phone repair | cell phone repair,UCx1tFWXNDL9ehk1jcbsqQiA,hands,phone-repair,wave1,2026-09-14,filter,93
https://www.youtube.com/@mjrepair1o1,@Mjrepair1O1,الثراء التقني Technical wealth,571,54,5,Titles show explicit screen and battery teardown/replacement across multiple phone and tablet models.,phone repair,UCp87mc3nWXkbMRKJvDT_-vg,hands,phone-repair,wave1,2026-09-14,filter,55
https://www.youtube.com/@mobicareteam4653,@mobicareteam4653,Mobicare Team,433,53,5,Mobile repairing training institute with titles showing dead phone repairs and jumper-level fault solutions.,mobile repairing,UCbDQbAUCLCgGX3mrBRualMA,hands,phone-repair,rest1,2026-09-14,filter,53
https://www.youtube.com/@mobidoctoradarsh,@MobiDoctorAdarsh,Mobi doctor Adarsh,2050,143,5,Dedicated chip-level motherboard repair channel showing live micro-soldering diagnosis and fixes on camera.,phone repair | smartphone repair | motherboard repair | motherboard repair | chip level repair,UCryMzxPA_1KG8GYOWQIUHvA,hands,phone-repair,wave1,2026-09-14,filter,143
https://www.youtube.com/@mobifixcenter,@Mobifixcenter,Mobi Fix service centre ,582,307,5,"Titles show display change, dead phone fix and short-circuit repair covering board-level work.",phone repair | mobile phone repair,UCA_xNK3dT2_In34KhjnMAIg,hands,phone-repair,rest1,2026-09-14,filter,316
https://www.youtube.com/@mobile-training,@Mobile-Training,Cell Tech,1770,65,5,"Mobile repairing training institute description details disassembly, dead boot, hardware fault finding with hands-on training.",mobile repairing,UCJ2CXGB9CA8EbeOJztfOFBQ,hands,phone-repair,wave1,2026-09-14,filter,65
https://www.youtube.com/@mobile_doctor-i2g,@mobile_doctor-i2g,mobile_doctor ,41,74,5,"Titles show real repairs: charging jack replacement, water damage repair, charging logo issue with clear fault-to-fix framing.",mobile repairing | electronic repair,UCtddL1XlkyCo6eyWOFihs2w,hands,phone-repair,wave1,2026-09-14,filter,83
https://www.youtube.com/@mobile_engineer,@Mobile_Engineer,Mobi Tecch - موبي تك,17100,132,5,"Board-level repair education channel explaining component tracks, PCB schematics for phone repair engineers.",صيانة الهواتف,UCFRPE25_qJt2evn-MLtNk3g,hands,phone-repair,gray_v2,2026-09-14,filter,132
https://www.youtube.com/@mobile_fixer_kiran,@Mobile_fixer_kiran,Mobile_fixer_kiran,109,86,5,Shop channel with titles showing charging socket and display replacements on named phone models.,mobile repairing,UCo1nKQi60X65E2JyYtRPFfA,hands,phone-repair,wave1,2026-09-14,filter,86
https://www.youtube.com/@mobile_repair_ahmedabad,@Mobile_repair_ahmedabad,MOBILE REPAIR SHOP,93,66,5,"Titles show real phone fault diagnosis and repairs (dead phone, light problem, display) filmed live.",mobile repairing,UChNHjZW0KvBpnn93qEnUq9A,hands,phone-repair,wave1,2026-09-14,filter,73
https://www.youtube.com/@mobileacademybrasil,@mobileacademybrasil,Mobile Academy,157,69,5,"Titles show real repairs: charging port replacement, screen replacement, water damage cleaning on named phone models.",manutenção de celular,UCcNgNDSFGC5DXtS4yjA0Xpw,hands,phone-repair,wave1,2026-09-14,filter,69
https://www.youtube.com/@mobilecarebaramulla,@mobilecarebaramulla,Mobile Care Baramulla,406,55,5,Titles detail tablet touchscreen change and dead phone power-IC diagnosis with clear fault fixes.,mobile repairing,UCjD7lYGAZUxVUStiEmJ5pyQ,hands,phone-repair,rest1,2026-09-14,filter,62
https://www.youtube.com/@mobilefixer826,@mobilefixer826,𝕄𝕠𝕓𝕚𝕝𝕖📱𝔽𝕚𝕩𝕖𝕣 ,982,161,5,"Titles show back glass replacement, touch panel change, display change across multiple phone models with clear technique.",mobile repairing,UCxHdOLtYPnq14x2lwNxgxyw,hands,phone-repair,wave1,2026-09-14,filter,161
https://www.youtube.com/@mobilegarage564,@Mobilegarage564,Mobile Garage ,589,167,5,"Advanced mobile repair channel specializing in baseband IC replacement, logic board troubleshooting, step-by-step technique videos.",phone repair | mobile phone repair | iphone repair,UCmn_4Z3vBCuc0VEG7QJIO-w,hands,phone-repair,wave1,2026-09-14,filter,169
https://www.youtube.com/@mobileguruabohar,@mobileguruabohar,MOBILE GURU ,385,53,5,"Titles show real glass and display replacement repairs on iPhone, Samsung, OnePlus with training offered.",phone repair | iphone repair,UCGwGvzNsGlwvrDzHpgKzV8Q,hands,phone-repair,wave1,2026-09-14,filter,60
https://www.youtube.com/@mobilepandit10,@mobilepandit10,MOBILE PANDIT ,22,59,5,"Titles show PCB repair, EMMC cutting, no-power iPhone fix — clear board-level micro-soldering bench work.",phone repair | mobile repairing | smartphone repair,UCmnAFHTEblXpMhsQjyqYNLw,hands,phone-repair,wave1,2026-09-14,filter,63
https://www.youtube.com/@mobilephonerepair187,@Mobilephonerepair187,GSM MD Mukta📱🪛,208,59,5,"Detailed description of BGA reballing, display, battery and motherboard IC repair at a mobile hardware/software center.",phone repair | mobile phone repair,UC22STIzkwn_j50Wx7lvS2zg,hands,phone-repair,wave1,2026-09-14,filter,59
https://www.youtube.com/channel/ucztf28dxdon2zhxlir01f0w,@mobilerepair9416,Mobile Repair,120,104,5,"Titles show concrete repairs: iPhone speaker fix, Oppo charging pin, Nokia charging port replacement demonstrated step by step.",mobile repairing,UCZtF28DXDOn2zHxLIR01f0w,hands,phone-repair,wave1,2026-09-14,filter,264
https://www.youtube.com/@mobilesolution4282,@mobilesolution4282,Mobile Solution,437,88,5,"Titles show real disassembly, battery change, display assembly and OCA punching work.",mobile repairing,UCJA8PFDRGlT0DVixM9UVdEQ,hands,phone-repair,rest1,2026-09-14,filter,88
https://www.youtube.com/@mobiletech383,@mobiletech383,Mobile Tech,441,51,5,"Titles show display replacement, back glass and tempered glass installation across phones and tablets.",mobile repairing,UCsBKK7nPuRVqNNWM8xiuIUg,hands,phone-repair,wave1,2026-09-14,filter,51
https://www.youtube.com/@mobileworld7,@MobileWorld7,MobileWorld7,163,114,5,Titles show real touch glass and disassembly repairs on multiple phone models step-by-step.,chip level,UCGN8WiR7PCn8AxlvOX_CEWQ,hands,phone-repair,wave1,2026-09-14,filter,133
https://www.youtube.com/@mobils540,@Mobils540,AppleRepaircentre ,329,125,5,Titles show real iPhone motherboard swaps and iPad screen repairs on camera.,phone repair,UCagpMtT1kBmv4pRwKpjFANg,hands,phone-repair,rest1,2026-09-14,filter,125
https://www.youtube.com/@modanish8586,@Modanish8586,Danish Shaikh    views16.3k,268,247,5,Titles show real display and back glass replacements on iPhones and Apple Watch with proof clips.,phone repair,UCSn5ZNkbmxyyfdESX8EyIPA,hands,phone-repair,wave1,2026-09-14,filter,254
https://www.youtube.com/@mohamedelkhawaga,@MohamedElkhawaga,محمد الخواجة - Mohamed Elkhawaga,16300,73,5,"Educational microsoldering channel teaching BGA IC removal, motherboard troubleshooting under academy setting.",microsoldering,UCEsDyOU52yFF0ipeqzmTuSw,hands,phone-repair,wave1,2026-09-14,filter,73
https://www.youtube.com/@mr-j-d-xebec,@Mr-J-D-Xebec,ronachit sukjit,371,115,5,Thai mobile repair shop with detailed titles on CPU reballing and dead phone motherboard chip-level work.,ซ่อมมือถือ,UCaNHXGC2hPRFC1BL5QR-4gw,hands,phone-repair,wave1,2026-09-14,filter,115
https://www.youtube.com/@mr.mechanicphonefixer1837,@mr.mechanicphonefixer1837,Mr.Mechanic (phone fixer),10500,587,5,"Dedicated channel on mobile repairing, micro-soldering, IC reballing and reworking with hands-on focus.",mobile repairing | micro soldering,UCrfCfG6Hy6wynN7WYYo2gYg,hands,phone-repair,wave1,2026-09-14,filter,587
https://www.youtube.com/@mrphonedoctor0,@Mrphonedoctor0,Mrphonedoctor ,271,51,5,Titles show clear iPhone/Redmi touch glass and display replacement tutorials with step-by-step process.,phone repair,UCntWkDnpRTNgF8WdK-CcV0w,hands,phone-repair,wave1,2026-09-14,filter,50
https://www.youtube.com/@msmobileplaza95,@MsMobileplaza95,Ms Mobile plaza,48,74,5,Repair shop with titles showing step-by-step screen and touch glass replacements across multiple phone/tablet models.,phone repair | smartphone repair,UCwjS99BQKuZD6l1S9AFP_Yg,hands,phone-repair,wave1,2026-09-14,filter,83
https://www.youtube.com/@multitasking88,@Multitasking88,Multi88,3830,253,5,"Micro-soldering community channel focused on board-level diagnostics under microscope, strong topical fit.",microsoldadura,UCLorRaPzFASprDj_WUmavpQ,hands,phone-repair,wave1,2026-09-14,filter,253
https://www.youtube.com/@murthymbt,@murthyMBT,Murthy MBT,5160,790,5,"Mobile repair training institute focused on CPU-level live repair, power IC boot sequences and troubleshooting.",phone repair | cell phone repair,UCmDkGUV2_1p2iiw-d8Xw5eQ,hands,phone-repair,wave1,2026-09-14,filter,790
https://www.youtube.com/channel/ucavn08zivnrj0krjhmcmxcq,@Mvteech,Mvteech,201,52,5,Portuguese channel with clear step-by-step titles on iPhone screen replacement across multiple models.,manutenção de celular,UCAvn08ZivNrj0KRJHMcMXCQ,hands,phone-repair,wave1,2026-09-14,filter,66
https://www.youtube.com/@nanofixca,@nanofixca,nanofix,59000,117,5,Canadian microsoldering and repair service business focused explicitly on board-level device repair.,microsoldering,UC2YkJ2iPMuUVGyxbt1DcxQQ,hands,phone-repair,rest1,2026-09-14,filter,117
https://www.youtube.com/@naveen.mobileshop1987,@naveen.mobileshop1987,Nvn mobile repairing point,200,59,5,"Titles show real repairs (charging port fix, glass change, network fault) at bench.",mobile repairing,UCOP2wk_q2do0SiPeGq5uK6g,hands,phone-repair,rest1,2026-09-14,filter,59
https://www.youtube.com/@navratanb9352d,@NAVRATANb9352d,"N.S MOBILE REPAIRING TIPS & TRICKS, NAVRATAN TECH",129,73,5,"Dedicated mobile repairing channel covering EMMC programming, fault finding, glass change, chip-level work.",mobile repairing | emmc,UCeWC-DmzQ_7NWWaOl8HXvew,hands,phone-repair,wave1,2026-09-14,filter,73
https://www.youtube.com/@nayonmobilemaker,@nayonmobilemaker,Nayon Mobile Maker,292,84,5,"Bengali motherboard-level repair channel covering CPU reballing, short circuit diagnosis, and chip-level fixes.",motherboard repair,UCHcAC18g40dSgApp4tNhQFw,hands,phone-repair,wave1,2026-09-14,filter,97
https://www.youtube.com/@nexgeninstitute,@nexgeninstitute,Nexgen Institute of mobile technology,167,96,5,"Mobile repairing institute with titles on IC reballing, LDO regulators and MediaTek voltages, strong chip-level training content.",phone repair | mobile phone repair,UCPNygvGZ3eO0K0iY-zrMOOQ,hands,phone-repair,wave1,2026-09-14,filter,127
https://www.youtube.com/@nilashtechmobilerepairs9282,@nilashtechmobilerepairs9282,NilashTech Mobile Repairs,267,63,5,"Chip-level repair channel with titles showing graphics issue diagnosis, panel replacement and sound faults.",chip level,UCACTeSFcgZPQG6pl4a3CtUQ,hands,phone-repair,wave1,2026-09-14,filter,63
https://www.youtube.com/@nzreparos,@nzreparos,NzReparos,101,66,5,"Cell phone/tablet repair channel with titles on board-level diagnosis, multimeter use and disassembly technique.",conserto de celular,UC-A5dXAm9OqMX-VcdhpMkQA,hands,phone-repair,wave1,2026-09-14,filter,66
https://www.youtube.com/@one-by-one4415,@one-by-one4415,one-by-one,42,80,5,"Titles show real iPhone housing, touch and glass replacement jobs shown on camera.",mobile repairing,UCyvk6PCD-45oxF48jgstsBA,hands,phone-repair,rest1,2026-09-14,filter,80
https://www.youtube.com/@ontechfix,@ONTECHFIX,ON TECH FIX,294,62,5,"Titles show CPU reballing, eMMC/UFS repair, dead phone A to Z solutions with clear bench technique focus.",mobile repairing | emmc,UC4dcSxkiv3WaNzEMPTCOjpw,hands,phone-repair,wave1,2026-09-14,filter,62
https://www.youtube.com/channel/ucf7vr3z2si3mujsqetpv3qq,@osmelhorestecnicoscelulare705,os melhores técnicos celular em conserto 🦁,495,227,5,"Titles show real short-form phone repair clips (screen removal, cleaning chassis) matching bench work.",conserto de celular,UCF7vR3z2SI3MujSQeTPv3QQ,hands,phone-repair,gray_v2,2026-09-14,filter,227
https://www.youtube.com/@osmsmartymobiletech8707,@osmsmartymobiletech8707,Osm Smarty Mobile Tech,609,211,5,Titles show real display and motherboard replacement jobs on Samsung and iPhone models step by step.,mobile repairing,UCq3nRwFKXiOWJvIp1xJj-PA,hands,phone-repair,wave1,2026-09-14,filter,316
https://www.youtube.com/@pantallatech,@PantallaTECH,Pantalla TECH,761,63,5,Titles show clear glass/screen replacement repairs step by step on multiple phone models.,reparación de celulares,UCd62-vxJl_R5CnwlgTG-Jog,hands,phone-repair,wave1,2026-09-14,filter,81
https://www.youtube.com/@parizaadmobiledoctor,@PARIZAADMOBILEDOCTOR,PARIZAAD MOBILE DOCTOR ,233,83,5,"Titles show CPU reballing, BGA IC reballing, chip-level dead phone fixes with clear practical process.",mobile repairing,UCse0ut5OY9dx0Qc1NfUk3aQ,hands,phone-repair,wave1,2026-09-14,filter,83
https://www.youtube.com/@pavanbhai143,@Pavanbhai143,ρꪖꪜꪖꪀ ρꪖꪻꫀꪶ,404,223,5,"Repair shop titles show combo/display/connector replacement, network IC change, back glass replacement — real bench jobs.",mobile repairing,UCqiwwu8D0anK4jQxGyoAzww,hands,phone-repair,rest1,2026-09-14,filter,444
https://www.youtube.com/@phonebreak,@PhoneBreak,Phone Break,63,50,5,"Titles show clear device-level repairs: display changing, water damage/charging fixes on multiple phone models.",phone repair | mobile phone repair,UCg30hKhy0vfQxoiW0FTZs8A,hands,phone-repair,wave1,2026-09-14,filter,55
https://www.youtube.com/@phonecare24,@Phonecare24,Phone Care,219,58,5,"Titles show real hands-on phone/tablet repairs: back glass, LCD replacement, teardown, touchscreen fitting.",phone repair | mobile phone repair,UClDLf-c6YWgq_geJhGUOHyA,hands,phone-repair,wave1,2026-09-14,filter,58
https://www.youtube.com/@phonefix09,@Phonefix09,Phone Fix ,468,305,5,"Dedicated smartphone repair channel with titles showing screen replacement, back glass, IC and motherboard work.",phone repair | smartphone repair | iphone repair,UCb2R5pGnnBVGYN80A-VwxeQ,hands,phone-repair,wave1,2026-09-14,filter,315
https://www.youtube.com/@phonefixfixers,@PhoneFixFixers,Phone Fixer's,194,51,5,"Titles show real screen/touchscreen replacements on iPhone, Samsung, Realme models at a repair shop.",phone repair | mobile phone repair,UCUwDbPmS98i4NL6z6_lnjxg,hands,phone-repair,wave1,2026-09-14,filter,51
https://www.youtube.com/@phonekadoctorali,@PhoneKaDoctorAli,Phone Ka Doctor – Ali Ali,153,56,5,"Titles show clear step-by-step hardware fixes: mic replace, power button repair, jumper repair, LCD connector work.",mobile repairing,UCUjm3kl5Br7psuyElCHKVVA,hands,phone-repair,wave1,2026-09-14,filter,56
https://www.youtube.com/@phonerepairbysami,@phonerepairbysami,PhoneRepairBySami📱,87,78,5,Repair shop channel with titles showing Samsung tablet and phone screen replacements on camera.,phone repair,UCDZ4nw-gQqz8P8Lu1XhUNeg,hands,phone-repair,wave1,2026-09-14,filter,78
https://www.youtube.com/@praveshmishra-f1y,@Praveshmishra-f1y,Pravesh mobile repairing ,123,61,5,Titles show real display change and IC/CPU cleaning repair work on camera.,mobile repairing,UC4nE6MfAZ7BuAZw4J14q6vw,hands,phone-repair,rest1,2026-09-14,filter,107
https://www.youtube.com/channel/ucu9axwzpeuwyjv9wojatx5g,@PrimeFix53,Prime fix,54,50,5,"Russian repair shop with titles detailing specific device fault diagnostics, soldering and board-level repairs.",ремонт телефонов,UCU9AXWZpeUWyjV9woJATx5g,hands,phone-repair,wave1,2026-09-14,filter,59
https://www.youtube.com/@princemobiles-p3m,@princemobiles-p3m,Prince Mobile's,112,55,5,Chip-level repair channel with titles showing board-level diagnosis and fixes like charging IC and CPU work.,chip level,UCOdbbMj9b9UVR2rnTttY26Q,hands,phone-repair,wave1,2026-09-14,filter,58
https://www.youtube.com/@proelservis,@proelservis,#Telefon Temiri Georgia,292,62,5,"Professional motherboard-level repair channel featuring CPU reballing, no-power and touch-failure real cases.",phone repair | smartphone repair | microsoldering,UCwJZvW--DYhXUi1iAJVLT_w,hands,phone-repair,wave1,2026-09-14,filter,62
https://www.youtube.com/@profixwireless305,@profixwireless305,Pro Fix Wireless,463,119,5,"Phone repair shop channel explicitly showing real repair videos, screen and battery replacements.",phone repair | mobile phone repair,UCv6QYcvE6ps77PQObng_Qrg,hands,phone-repair,wave1,2026-09-14,filter,126
https://www.youtube.com/@prophoneyoutube,@prophoneyoutube,PROPHONE,977,81,5,Titles show clear step-by-step screen and back glass replacement tutorials across multiple phone brands.,phone repair,UCvWWqrC3RFKUMJaw0jwK4-A,hands,phone-repair,wave1,2026-09-14,filter,81
https://www.youtube.com/@provakarmondal,@provakarmondal,Provakar  mobile,224,61,5,"Bengali/Punjabi mobile repair channel with titles on dead solutions, PMIC, eMMC reballing—board-level work.",mobile repairing,UCycV21M_fnu3MGHO4xD21Tg,hands,phone-repair,wave1,2026-09-14,filter,61
https://www.youtube.com/@rafael.celltec,@Rafael.celltec,Rafael.CellTec,823,61,5,"Screen replacement and SMD soldering tutorials shown step by step, clear repair bench content.",manutenção de celular,UCqP1fCokrVeo0dVkTHsifQA,hands,phone-repair,wave1,2026-09-14,filter,61
https://www.youtube.com/@rahmtullahpathan1459,@rahmtullahpathan1459,MOBILE DOCTOR 46,634,113,5,"Repair station titles show real bench work: audio fix, HDD reballing, dead phone and restart problem diagnostics.",mobile repairing,UCiRa2tklGlcICLYXOFP6BtQ,hands,phone-repair,rest1,2026-09-14,filter,131
https://www.youtube.com/channel/uclqemslp930mnu4ctsqefna,@Ram-ram-1-2,iPhone_repairing_pune ,51,134,5,"Titles show Samsung display and back glass replacement, back panel parts, clear hands-on phone repair work.",mobile repairing,UCLqeMslP930mnU4ctsQefnA,hands,phone-repair,wave1,2026-09-14,filter,137
https://www.youtube.com/@razvimobilecare7768,@razvimobilecare7768,Razvi Mobile Care 📱,2870,172,5,"Micro-soldering training channel with live CPU/EMMC/PowerIC reballing, tracing and fault-finding on real boards.",emmc,UCcgK3YtgfpJeNP8RYqQ0k3A,hands,phone-repair,wave1,2026-09-14,filter,174
https://www.youtube.com/@realinfo9548,@realinfo9548,Real Info,117,60,5,Detailed CPU/RAM reballing and IC installing process videos showing chip-level micro-soldering work.,phone repair | mobile phone repair,UCC0smsXSstVePB8rV15R19A,hands,phone-repair,wave1,2026-09-14,filter,60
https://www.youtube.com/@reflowspace5061,@reflowspace5061,Reflow Space,241,104,5,"Microsoldering community channel with titles on reballing, back glass removal, DCSD cable and board-level capacitación sessions.",microsoldadura,UC0xBkMzMOI7mup54c0Uh6bg,hands,phone-repair,wave1,2026-09-14,filter,104
https://www.youtube.com/@repair.kingyt,@Repair.kingYT,Repair King!,692,202,5,"Titles show real motherboard replacement, charging port repair and back panel change step-by-step.",phone repair | mobile phone repair,UCcV-klG5hIQM3Pk4ZoN2JJw,hands,phone-repair,wave1,2026-09-14,filter,209
https://www.youtube.com/@repair_withlucky,@Repair_withLucky,Repair With Lucky ,156,71,5,"Dedicated iPhone repair channel showing real-time screen, battery, back glass and logic board repairs.",phone repair | iphone repair,UCzt9Vz5sMYW5B6WYJP0hQCA,hands,phone-repair,wave1,2026-09-14,filter,71
https://www.youtube.com/@repairingxpeart,@repairingxpeart,Abid Zain,648,95,5,"Titles show clear phone repair jobs: touch fix, charging error, dead phone repair across multiple brands.",phone repair,UCpqVEcp9ja8rga9_Vse5iDg,hands,phone-repair,wave1,2026-09-14,filter,106
https://www.youtube.com/@repairmastermind,@REPAIRMASTERMIND,REPAIR MASTERMIND,3720,504,5,"Dedicated channel with detailed charging IC repair, jumper solutions, and step-by-step board-level mobile repair tutorials.",mobile repairing,UCwumIAhnUNB2Oa9OU-3Xzkw,hands,phone-repair,wave1,2026-09-14,filter,505
https://www.youtube.com/@rfixrepairs,@rfixrepairs,Rfix repairs,870,71,5,"Dedicated microsoldering lab in Greece with board swaps, CPU reballing, data recovery and backlight repairs shown.",microsoldering,UC9rqRGZBTpiM7p60JzJWFWg,hands,phone-repair,wave1,2026-09-14,filter,71
https://www.youtube.com/@rinkuchou,@Rinkuchou,happyroy543,459,60,5,Titles show real screen replacements on multiple phone models step by step.,phone repair,UChpqO_gfWpL5dMfyQog_gmg,hands,phone-repair,wave1,2026-09-14,filter,60
https://www.youtube.com/@rjblogger011,@RJBlogger011,RJ Blogger,213,61,5,Chip-level mobile repair channel with detailed titles on CPU/RAM reballing and dead phone board repair.,chip level,UCkA7yhd5xXE02O1IsWJCXlw,hands,phone-repair,wave1,2026-09-14,filter,61
https://www.youtube.com/@rjmobilesolutions,@RJmobileSolutions,RJmobile Solutions,626,117,5,Titles show real fault-diagnosis repairs like network issue and display light fixes with explanation.,mobile repairing,UCGaVNZCjJuKEMgPBj9ERB-w,hands,phone-repair,rest1,2026-09-14,filter,117
https://www.youtube.com/channel/ucgabcva96xo4g5iwto6fqia,@Rkmobile-S1S,Rk S1S mobile repair ,448,84,5,"Titles show charging pin replacement, speaker repair and display change in short practical repair videos.",mobile repairing,UCGaBCvA96xo4g5iwTo6FqiA,hands,phone-repair,rest1,2026-09-14,filter,212
https://www.youtube.com/@rmtmobile,@rmtmobile,RMT mobile,798,433,5,"Titles show real display replacement jobs across multiple phone models like Vivo, Realme, Infinix.",mobile repairing,UCkEwojI1nsBJYdxFGYadY8Q,hands,phone-repair,wave1,2026-09-14,filter,692
https://www.youtube.com/@roccotech5772,@roccotech5772,ROCCO TECH,14000,92,5,"Advanced mobile repair channel offering CPU reballing course and repair services, strong chip-level repair signals.",mobile repairing,UC3REClvHp70y7Y2V2YPcDjQ,hands,phone-repair,trial100,2026-09-14,filter,92
https://www.youtube.com/@ronneljubane,@ronneljubane,tech101,190,58,5,Titles show clear LCD replacement and charging problem repairs on multiple phone models with hands-on demonstration.,phone repair | cellphone repair,UCQ2v7iyiy604A7_Fka1Q-lg,hands,phone-repair,wave1,2026-09-14,filter,59
https://www.youtube.com/@rosketmobile,@RosketMobile,Rosket Mobile Repairing,428,68,5,"Titles show real glass, display and middle strip replacements across multiple phone models.",phone repair | mobile repairing,UCLnqA7FZDEuRJZkwOuep0Pg,hands,phone-repair,rest1,2026-09-14,filter,77
https://www.youtube.com/@royjimusic6024,@royjimusic6024,Roy ji mobile ,762,165,5,Titles show real display and back panel replacements across multiple phone models step by step.,mobile repairing,UC3bavRGO9EptaVPirB_8wNg,hands,phone-repair,rest1,2026-09-14,filter,166
https://www.youtube.com/@rushi_repairer,@rushi_repairer,rushi repairer,819,124,5,"Titles show real chip-level repairs, display combo replacement, charging port fixes and disassembly.",mobile repairing | chip level,UClPxHJMJEyRHY39mOTonOXg,hands,phone-repair,wave1,2026-09-14,filter,168
https://www.youtube.com/@sabbirsrmobile,@sabbirsrmobile,Sabbir SR Mobile,1660,244,5,"Shop channel detailing dead mobile repair, IC reballing, EMMC/UFS work step-by-step.",mobile repairing | emmc,UCjpWPrGGj2pM7Vgs68zFPMQ,hands,phone-repair,rest1,2026-09-14,filter,244
https://www.youtube.com/@sabinocell3227,@sabinocell3227,Sabino Cell,679,181,5,"Titles show real repair jobs: iPhone battery replacement, screen change, dead phone repairs step by step.",manutenção de celular,UCjBzLDToMWUTXyWWj4DZAEg,hands,phone-repair,wave1,2026-09-14,filter,181
https://www.youtube.com/channel/ucm9tlofuqaep0lvm-su_u3q,@saifulrizal4768,HARGA TEMAN CELL PASURUAN,106,223,5,Titles show real screen/LCD replacement jobs on multiple phone models at a repair bench.,servis hp,UCM9TlofUQaeP0lVM-su_U3Q,hands,phone-repair,wave1,2026-09-14,filter,226
https://www.youtube.com/@sarojtechnicalworld,@sarojtechnicalworld,Saroj Technical World,7810,1158,5,Dedicated mobile repairing training channel with practical hardware repair videos and course structure.,mobile repairing | mobile repairing course,UCIklsiFadQvF1fSR5hUAHsg,hands,phone-repair,rest1,2026-09-14,filter,1158
https://www.youtube.com/channel/uczbcisxcrmdnfcdfqjuve7q,@sattu9166,SATTU,277,53,5,Titles show real combo/display replacement step-by-step repairs across multiple phone models.,मोबाइल रिपेयरिंग,UCzbcISxcrMDnFcDFqjuVe7Q,hands,phone-repair,rest1,2026-09-14,filter,79
https://www.youtube.com/@saveramobile,@saveramobile,Savera mobile ,347,218,5,"Titles show clear disassembly and screen/display replacement steps for Samsung, Oppo and Redmi phones.",mobile repairing,UCwPQDyLaJkVBxAmPwzUAsuQ,hands,phone-repair,wave1,2026-09-14,filter,238
https://www.youtube.com/@servicehproxymas,@servicehproxymas,servicehproxymas,60,54,5,Repair shop titles show real LCD/frame replacement jobs on specific phone models with clear device-level work.,emmc,UCvwmE-NW-3Q4VKf11k7raNg,hands,phone-repair,wave1,2026-09-14,filter,110
https://www.youtube.com/@servicezaman,@SERVICEZAMAN,SERVICE - ZAMAN,515,217,5,"Titles show real screen and back glass replacements on iPhone, Samsung Fold and tablets.",mobile repairing,UClt3UX3hkkthCiGcgy1AeDQ,hands,phone-repair,rest1,2026-09-14,filter,223
https://www.youtube.com/@shree_ram_mobile_repairing,@Shree_Ram_Mobile_Repairing,Shree Ram Mobile ,60,56,5,Repair shop with clear titles showing screen replacements and disassembly steps in Hindi.,phone repair | mobile repairing,UCXe7juqX_dZjxcuCy71lTxw,hands,phone-repair,rest1,2026-09-14,filter,60
https://www.youtube.com/@sikdar_mobicare,@Sikdar_Mobicare,Sikdar Mobicare,705,447,5,Mobile repairing course channel with structured basic-to-advance classes and LDO class sessions in regional languages.,mobile repairing | mobile repairing course,UCTwENG9LKU5k6w-5vCXGUWw,hands,phone-repair,rest1,2026-09-14,filter,537
https://www.youtube.com/@simplerepairshop,@SimpleRepairShop,Simple Repair,53,98,5,Repair shop channel with titles showing full screen and back glass replacement tutorials on multiple phone models.,phone repair | mobile repairing | iphone repair,UCoA-oUUcfae0-pwBf3YofXg,hands,phone-repair,wave1,2026-09-14,filter,98
https://www.youtube.com/@skmobilenet,@SKmobilenet,@SK mobile net,2940,64,5,"Micro-soldering focused channel with titles on FPC connector, battery connector and IC replacement work.",phone repair | mobile phone repair,UCRAmgCaZRjO7Tzbrmx7HV_Q,hands,phone-repair,wave1,2026-09-14,filter,64
https://www.youtube.com/@skprepairs,@SKPRepairs,SKP Repair's ,42800,73,5,"Chip-level phone repair channel detailing IC repair, jumper wires, hot/cool testing and fault tracing.",emmc,UCQ4LStiyh4wgSKJLZaPBG3Q,hands,phone-repair,wave1,2026-09-14,filter,73
https://www.youtube.com/@smartmobilecarekanchi4052,@smartmobilecarekanchi4052,smart mobile care kanchi,203,61,5,"Titles show real CPU reballing, dead phone repair with data recovery on Redmi/iPhone at chip level.",chip level,UCczi8-zGLHzEPLDLxrTBGrw,hands,phone-repair,wave1,2026-09-14,filter,77
https://www.youtube.com/@smifixer,@SMIfixer,SMIfixer,1770,99,5,"Dedicated mobile repairing channel with fault-based titles like dead fix, no power, touch/display repair.",phone repair | mobile repairing | iphone repair | mobile repairing course,UC-WS9edP_NfGSm0S6U_0AqQ,hands,phone-repair,wave1,2026-09-14,filter,99
https://www.youtube.com/@smilefounders,@smilefounders,Mobile Tech Service Channel,256,58,5,"Repair shop channel with titles showing battery and back panel replacements on iPhone, iPad, Xperia.",phone repair | iphone repair,UCmu-wXNyUtEBXrSARBsuIyg,hands,phone-repair,rest1,2026-09-14,filter,67
https://www.youtube.com/@sn.mobile.fixer.,@Sn.mobile.fixer.,SN mobile fixer,597,457,5,Practical mobile repair training channel with charging problem repair titles showing hands-on fault fixing.,mobile repairing,UCdO2b0iF3V3o72h3CNPWeqQ,hands,phone-repair,wave1,2026-09-14,filter,534
https://www.youtube.com/@sonimobileworld5303,@sonimobileworld5303,Soni mobile World omer,437,178,5,"Chip-level repair channel with titles on CPU reballing, motherboard repair, and dead phone solutions.",chip level,UC_irLkCge4nt-rPFQn0ty2A,hands,phone-repair,wave1,2026-09-14,filter,185
https://www.youtube.com/@sonutechnical2,@Sonutechnical2,Sonu technical 2,354,218,5,"Titles show emmc IC reball, charging connector, and display replacement work on real phones.",मोबाइल रिपेयरिंग,UCIE3aLyZegDy3Nd6MujgBfQ,hands,phone-repair,wave1,2026-09-14,filter,232
https://www.youtube.com/@srisaimobileservices,@SriSaiMobileServices,Sri Sai Mobile Services,175,56,5,Titles show real LCD and back panel replacement jobs for various phone models.,phone repair | mobile phone repair,UCbqnAES5LWOrFN0q98V0pig,hands,phone-repair,rest1,2026-09-14,filter,56
https://www.youtube.com/@ssfarooq0009,@SSFAROOQ0009,DSV  MOBILE TECH,182,118,5,"Titles show detailed board-level mobile repairs: CPU changing, reballing, camera/wifi fixes, charging port replacement.",chip level,UC7-GJxnTFzmZ6GDa8L9GSAA,hands,phone-repair,rest1,2026-09-14,filter,146
https://www.youtube.com/@stgrepairs4893,@stgrepairs4893,STG Repairs,23500,193,5,"Dedicated microsoldering channel for iPhones, iPads and Samsung devices, core topic match.",microsoldering,UCzKeFor3FgFrLAKZ0HgQYEQ,hands,phone-repair,wave1,2026-09-14,filter,193
https://www.youtube.com/@sulekh_telecom,@Sulekh_Telecom,Sulekh Telecom,335,127,5,"Titles detail charging coil replacement, OCA glass lamination and smartwatch repair, strong chip-level bench work.",mobile repairing | chip level,UCzH2G7yAQfPPjUNp15PtZaA,hands,phone-repair,wave1,2026-09-14,filter,126
https://www.youtube.com/@t-activeiphonespecialistnigeri,@T-activeiphoneSpecialistNigeri,T-active iphone Specialist Nigeria ,162,119,5,"Dedicated micro-soldering lab description covering motherboard IC faults, baseband, backlight ICs on iPhones.",micro soldering,UCSBs9FjPcv1Fsv9CpSSV2bA,hands,phone-repair,wave1,2026-09-14,filter,119
https://www.youtube.com/@teccellmegad.jdicadebancad1388,@teccellmegad.jdicadebancad1388,teccell Mega D.J Dica de Bancada,649,93,5,"Portuguese bench repair channel with titles showing real board-level phone/tablet fault fixes (no power, no image, water damage).",manutenção de celular,UCIwlcrz36o3g1SKjR0LeQuA,hands,phone-repair,wave1,2026-09-14,filter,93
https://www.youtube.com/@tech.alleppey,@Tech.alleppey,Tech.Alleppey,247,59,5,Channel dedicated to microsoldering and chip-level phone repair work.,microsoldering,UCDm6f7IJWsmadytvBx_29rA,hands,phone-repair,wave1,2026-09-14,filter,61
https://www.youtube.com/@techcare5411,@techcare5411,Mobile Care,873,177,5,"Titles show dead mobile repair, CPU repair, connector fixes with step-by-step framing.",mobile repairing,UCmQljjfQ3Qhd1gzQIEQwwuw,hands,phone-repair,rest1,2026-09-14,filter,190
https://www.youtube.com/@techkundan95,@Techkundan95,TECH KUNDAN ,681,96,5,"Titles show charging jack change, charging solution fixes across multiple phone models, clear repair focus.",mobile repairing,UCWfGQK9pEh-G8uGA_UxNvlA,hands,phone-repair,wave1,2026-09-14,filter,96
https://www.youtube.com/@technicalalizahid555,@technicalalizahid555,Technical Ali Zahid555,264,52,5,"Titles show real repair jobs like flex ribbon replacement, mic jumper repair and charging fixes on various phone models.",phone repair | mobile repairing | mobile phone repair,UC2xd7dT4TM6zfnt4BDQJIbA,hands,phone-repair,wave1,2026-09-14,filter,52
https://www.youtube.com/@technicalgauharji,@technicalgauharji,technical gauhar ji,4840,105,5,"Titles show real screen and glass replacements across many phone models, hands-on bench work.",mobile repairing,UC5onmgjKsEo5aZD__atuDGg,hands,phone-repair,wave1,2026-09-14,filter,105
https://www.youtube.com/@technicalmobileshop-j,@Technicalmobileshop-j,Banaul mobile care ,335,100,5,"Titles show detailed display change, combo change and power button repair with disassembly steps.",मोबाइल रिपेयरिंग,UCgw8L1bTzU1eU_HlMz_aYQw,hands,phone-repair,wave1,2026-09-14,filter,100
https://www.youtube.com/@technicianak,@Technicianak,Technician@ak,501,248,5,"Titles show detailed hardware fault diagnosis and repair (mic, charging error) on phones.",microsoldering | microsoldadura,UCIr8enLjQpAfK2ezydaQFLw,hands,phone-repair,wave1,2026-09-14,filter,321
https://www.youtube.com/@technicianraju,@technicianraju,Technician Raju,485,65,5,"Dedicated chip-level repair channel with titles on power IC reballing, EMMC change and live board repair.",mobile repairing | mobile repairing course,UC7_Sy9UptLufXWdjXEyZ_2Q,hands,phone-repair,wave1,2026-09-14,filter,65
https://www.youtube.com/@techtonic0_1,@TechTonic0_1,Tech_Tonic,181,79,5,Titles show real display replacement and water damage repair jobs on camera.,phone repair,UCIk_3Wef-vWRmiABm0j-pgQ,hands,phone-repair,rest1,2026-09-14,filter,79
https://www.youtube.com/channel/ucyw7puv2xxp31sswdssmxxg,@techvideo456,Saif tech,478,116,5,"Titles show detailed board-level repairs: socket exchange, jumper solutions, CPU reball/remove.",phone repair | mobile repairing | iphone repair,UCyw7Puv2xxp31SsWdssMXXg,hands,phone-repair,wave1,2026-09-14,filter,116
https://www.youtube.com/@teknisi_abdi,@TEKNISI_ABDI,TEKNISI ABDI,100,88,5,Titles show real LCD replacement repairs on multiple phone brands with hands-on steps.,servis hp,UCDP_e5aPioFiemKBxYMwwzg,hands,phone-repair,rest1,2026-09-14,filter,111
https://www.youtube.com/@teknisisadewa,@teknisisadewa,Teknisi Sadewa,781,76,5,"Indonesian repair channel with titles showing screen replacement, water damage and dead phone repairs on camera.",phone repair | cell phone repair,UCwyj2wNHR8QGSby4fVNHZpQ,hands,phone-repair,wave1,2026-09-14,filter,76
https://www.youtube.com/@telefontamirii,@Telefontamirii,GÜNAYİLETİŞİM,642,54,5,"Dedicated phone repair channel explicitly showing real screen, battery and motherboard repair videos.",telefon tamiri,UCK02Al5md2AM-BzYey1xQTQ,hands,phone-repair,rest1,2026-09-14,filter,54
https://www.youtube.com/@tfinstitute,@TFINSTITUTE,TF INSTITUTE ,690,66,5,"Titles show chip-level fault repairs like short circuit, dead recovery and auto-restart solutions with step-by-step guidance.",mobile repairing,UCKvfK-7WMcQgQSjYizZI71g,hands,phone-repair,wave1,2026-09-14,filter,64
https://www.youtube.com/@tnkservicesurat,@TnkserviceSurat,Tnkservice,582,270,5,"Titles show real iPhone/iPad screen replacement, motherboard repair, water damage fixes at repair shop.",ซ่อมมือถือ,UCOss5ggCDxOjx1w--V1mr6g,hands,phone-repair,wave1,2026-09-14,filter,285
https://www.youtube.com/channel/ucokpq3r9txevmlcpwbkakna,@tohazijin1170,toha zijin,647,137,5,Titles show real screen replacement jobs (ganti lcd) across multiple phone models with clear step-by-step process times.,servis hp,UCOKpq3R9txeVmlCPwbKAKNA,hands,phone-repair,wave1,2026-09-14,filter,137
https://www.youtube.com/@tongphone9366,@tongphone9366,tong Phone,393,166,5,"Titles show real phone repairs: water damage revival, back glass laser replacement, charging port replacement.",ซ่อมมือถือ,UCZchhuOd0cCePxs-cJ5TjhQ,hands,phone-repair,wave1,2026-09-14,filter,167
https://www.youtube.com/@truetoneghaziabad,@TRUETONEGHAZIABAD,TRUETONE GHAZIABAD ,464,68,5,"Advanced chip-level repair channel covering eMMC/UFS programming, schematic diagrams, IC pasting and iPhone board repair.",phone repair | mobile repairing | iphone repair | emmc,UCfghxIEgKf0uMJ-5tt7G_kQ,hands,phone-repair,trial100,2026-09-14,filter,70
https://www.youtube.com/@uchiepmobileninhbinh6615,@uchiepmobileninhbinh6615,Đức Hiệp Mobile Ninh Bình,72,52,5,"Titles clearly show device-level repairs: camera replacement, charging port replacement, screen replacement on phones and tablets.",sửa chữa điện thoại,UCe9chuG7umYp9uxYtTB-gvg,hands,phone-repair,wave1,2026-09-14,filter,52
https://www.youtube.com/@unionrepairbd9955,@unionrepairbd9955,Union Repair BD,637,208,5,"Repair shop titles show CPU jumper wires and camera issue fixes, real board-level micro-soldering work.",phone repair | smartphone repair,UCEUv4TrQ_ADCJWSsU5UINYg,hands,phone-repair,wave1,2026-09-14,filter,242
https://www.youtube.com/@vieiracell4524,@vieiracell4524,VIEIRACELL,882,81,5,"Titles show frontal (display) replacement, back cover removal and screen troubleshooting on real phones.",manutenção de celular,UCTmng9_bSp8h6s7N28Isp7w,hands,phone-repair,wave1,2026-09-14,filter,79
https://www.youtube.com/channel/uckoiubm5thohlvvvgseblrg,@vikashvaibhaw73,Vikash Vaibhaw,177,131,5,"Titles show detailed hardware repairs: water damage short fixes, speaker repair, battery BMS replacement with clear technical steps.",phone repair | mobile repairing | cellphone repair | emmc | मोबाइल रिपेयरिंग,UCkOiUbm5THOHLvvVGSEbLrg,hands,phone-repair,wave1,2026-09-14,filter,153
https://www.youtube.com/@vivek-repairing-zone,@Vivek-repairing-zone,Vivek repairing zone,460,95,5,iPhone/iPad repair shop with titles showing glass replacement and full body change jobs.,phone repair,UCEmpPyK97p7U27LtqhwFwWw,hands,phone-repair,wave1,2026-09-14,filter,178
https://www.youtube.com/@vtechw,@vtechw,Vtech,724,308,5,"Titles show detailed iPhone motherboard replacement step-by-step, clear board-level repair work on camera.",phone repair | iphone repair,UCZWaR5tA4cLO5YGho28kMQw,hands,phone-repair,rest1,2026-09-14,filter,308
https://www.youtube.com/@x-techcursos4452,@x-techcursos4452,X-Tech Cursos,484,52,5,"Repair course channel with titles showing real fault diagnosis and repair of Samsung phones (charging, temperature issues).",manutenção de celular,UCaT1XS4aCz9lLUCm17eB1Ig,hands,phone-repair,rest1,2026-09-14,filter,52
https://www.youtube.com/@ycsalvi,@YCSALVI,YCS ALVI,36,60,5,"Board-level repair channel with detailed description of reballing, IC work and diagnostics tools.",phone repair | mobile repairing | mobile phone repair | smartphone repair | iphone repair,UCJoyDELGvK_1SeUa2Ro8Dsw,hands,phone-repair,rest1,2026-09-14,filter,60
https://www.youtube.com/@ymcinstitute,@YMCinstitute,YMC Mobile institute,815,72,5,"Mobile repair institute with titles showing board-level fault finding, display light solutions and dead boot repair.",emmc,UCFF1P6Eax9g3MfakgIHOrZg,hands,phone-repair,rest1,2026-09-14,filter,83
https://www.youtube.com/@yousefnofal,@YousefNofal,Yousef Nofal,532,99,5,"Titles show real iPhone board-level repairs: no power, no service, water damage, audio IC fixes.",phone repair | iphone repair,UCCC6nP4oXpFKJbt8SdopnoA,hands,phone-repair,wave1,2026-09-14,filter,102
https://www.youtube.com/@z2mobile,@Z2mobile,Z2 mobile zoom,747,252,5,"Chip-level training channel covering IC reballing, PMIC, network sections with practical bench focus titles.",mobile repairing,UCj5-9cI-xSeT_ECjVvKdtWA,hands,phone-repair,wave1,2026-09-14,filter,261
https://www.youtube.com/@zakir-e5f4o,@zakir-e5f4o,M.Z MOBILE SHOP JAKIR KHAN,311,86,5,"Titles show real board-level repairs: glass replacement, power IC reballing, CPU short fixes on multiple phone models.",mobile repairing,UCc8g3hGGQGU1pS727554whg,hands,phone-repair,wave1,2026-09-14,filter,95
https://www.youtube.com/channel/uc6gz4web9zl4dmcwmhoabkq,@Zetechcell,José Machado ,46,63,5,"Titles show clear step-by-step iPhone screen replacement, board swap, and full disassembly repair work.",manutenção de celular,UC6gz4WEb9Zl4dmCWMHOaBKQ,hands,phone-repair,wave1,2026-09-14,filter,63
https://www.youtube.com/@zh-repairing,@Zh-repairing,ZH REPAIRING,175,104,5,"Titles show back glass restore, display change and touch glass restore repairs on camera.",phone repair | mobile phone repair,UC-gzd6maDWEdCtQWrlVCVxg,hands,phone-repair,rest1,2026-09-14,filter,107
https://www.youtube.com/@zirepairtec,@zirepairtec,Z i REPAIR TEC,284,98,5,iPhone micro-soldering and motherboard repair channel with titles showing CPU glue cleaning and board work.,phone repair | iphone repair | motherboard repair,UCi1I4fzUHfnaeNWohvrBXyg,hands,phone-repair,wave1,2026-09-14,filter,100
https://www.youtube.com/@ztechrepair,@ztechrepair,ZTECH Repair,6230,99,5,"Dedicated iPhone repair and training channel covering screen, battery and logic-board level diagnostics.",phone repair | iphone repair | electronics repair course,UC8Z6ugXSm2p1S7wAMITYaSQ,hands,phone-repair,wave1,2026-09-14,filter,99
https://www.youtube.com/@%c4%90td%c4%90giaphat8386,@%C4%90TD%C4%90GIAPHAT8386,dtdd gia phát chuyên sửa chữa màn hình điện thoại,323,360,4,"Specialized phone screen repair shop doing glass lamination, battery and screen fixes on iPhone/Samsung.",sửa chữa điện thoại,UCmjSg8TLhtPVETDVffAvK5A,hands,phone-repair,rest1,2026-09-14,scraper,360
https://www.youtube.com/@%d8%a7%d8%ad%d9%85%d8%af%d8%b9%d8%a8%d8%af%d8%a7%d9%84%d9%88%d9%87%d8%a7%d8%a8-%d8%ac7%d8%aa,@%D8%A7%D8%AD%D9%85%D8%AF%D8%B9%D8%A8%D8%AF%D8%A7%D9%84%D9%88%D9%87%D8%A7%D8%A8-%D8%AC7%D8%AA,احمد عبد الوهاب,48600,51,4,"Mobile phone maintenance education channel covering schematics, boards and ICs, chip-level focus.",صيانة الهواتف | تصليح الموبايل,UC1FcVolEReZfqdyOv0Qosuw,hands,phone-repair,wave1,2026-09-14,scraper,51
https://www.youtube.com/@%d8%b9%d8%af%d8%b3%d8%a9%d8%a7%d9%84%d8%b9%d8%a7%d9%84%d9%85-%d8%a88%d9%85,@%D8%B9%D8%AF%D8%B3%D8%A9%D8%A7%D9%84%D8%B9%D8%A7%D9%84%D9%85-%D8%A88%D9%85,محترف صيانة الهواتف,938,57,4,"Arabic channel dedicated to phone repair education focusing on processors, memory chips and board-level work.",صيانة الهواتف,UCoOPqf7KN5F2qQWUTKOuKQg,hands,phone-repair,wave1,2026-09-14,scraper,57
https://www.youtube.com/@%d9%83%d9%8a%d8%b1%d9%88%d9%83%d9%8a%d8%b195,@%D9%83%D9%8A%D8%B1%D9%88%D9%83%D9%8A%D8%B195, كيرو كير لصيانه المحمول,396,197,4,Egyptian repair channel explicitly showing real workshop repair jobs alongside software/hardware fault explanations.,صيانة الهواتف,UCnBtggIn2LGNbema0ndh25Q,hands,phone-repair,wave1,2026-09-14,scraper,197
https://www.youtube.com/@%d9%85%d8%ad%d9%85%d8%af%d8%b9%d9%84%d9%8a%d9%84%d8%b5%d9%8a%d8%a7%d9%86%d8%a9%d8%a7%d9%84%d9%85%d8%ad%d9%85%d9%88%d9%84,@%D9%85%D8%AD%D9%85%D8%AF%D8%B9%D9%84%D9%8A%D9%84%D8%B5%D9%8A%D8%A7%D9%86%D8%A9%D8%A7%D9%84%D9%85%D8%AD%D9%85%D9%88%D9%84,محمدعلي لصيانة المحمول,23400,283,4,"Mobile phone-related content channel, thin one-line description but repair-oriented name.",صيانة الهواتف,UCT7yEwp9VuKcdS4Et8pnYNQ,hands,phone-repair,gray_v2,2026-09-14,scraper,283
https://www.youtube.com/@%e0%a4%ae%e0%a4%82%e0%a4%9c%e0%a5%80%e0%a4%a4%e0%a4%ae%e0%a5%8b%e0%a4%ac%e0%a4%be%e0%a4%87%e0%a4%b2%e0%a4%b0%e0%a4%bf%e0%a4%aa%e0%a5%87%e0%a4%af%e0%a4%b0%e0%a4%bf%e0%a4%82%e0%a4%97,@%E0%A4%AE%E0%A4%82%E0%A4%9C%E0%A5%80%E0%A4%A4%E0%A4%AE%E0%A5%8B%E0%A4%AC%E0%A4%BE%E0%A4%87%E0%A4%B2%E0%A4%B0%E0%A4%BF%E0%A4%AA%E0%A5%87%E0%A4%AF%E0%A4%B0%E0%A4%BF%E0%A4%82%E0%A4%97,मंजीत मोबाइल रिपेयरिंग,556,159,4,Name clearly indicates mobile repairing channel despite empty description.,मोबाइल रिपेयरिंग,UCYOBAvwRMx6k3irrO7LWLyw,hands,phone-repair,rest1,2026-09-14,scraper,159
https://www.youtube.com/@%e0%a4%ae%e0%a4%be%e0%a4%82%e0%a4%ad%e0%a4%b5%e0%a4%be%e0%a4%a8%e0%a5%80%e0%a4%ae%e0%a5%8b%e0%a4%ac%e0%a4%be%e0%a4%87%e0%a4%b2%e0%a4%b0%e0%a4%bf%e0%a4%aa%e0%a5%87%e0%a4%af%e0%a4%b0%e0%a4%bf%e0%a4%82%e0%a4%97,@%E0%A4%AE%E0%A4%BE%E0%A4%82%E0%A4%AD%E0%A4%B5%E0%A4%BE%E0%A4%A8%E0%A5%80%E0%A4%AE%E0%A5%8B%E0%A4%AC%E0%A4%BE%E0%A4%87%E0%A4%B2%E0%A4%B0%E0%A4%BF%E0%A4%AA%E0%A5%87%E0%A4%AF%E0%A4%B0%E0%A4%BF%E0%A4%82%E0%A4%97,मां भवानी मोबाइल रिपेयरिंग,898,446,4,"Mobile repairing course channel name/description, thin evidence but clearly on-topic.",मोबाइल रिपेयरिंग,UCfVtRJ2eEPxQXHucSz2Jgig,hands,phone-repair,gray_v2,2026-09-14,scraper,446
https://www.youtube.com/@%e0%a4%ae%e0%a5%8b%e0%a4%ac%e0%a4%be%e0%a4%87%e0%a4%b2%e0%a4%b0%e0%a4%bf%e0%a4%aa%e0%a5%87%e0%a4%af%e0%a4%b0%e0%a4%95%e0%a4%b0%e0%a4%a8%e0%a4%be%e0%a4%b8%e0%a5%80%e0%a4%96%e0%a5%87,@%E0%A4%AE%E0%A5%8B%E0%A4%AC%E0%A4%BE%E0%A4%87%E0%A4%B2%E0%A4%B0%E0%A4%BF%E0%A4%AA%E0%A5%87%E0%A4%AF%E0%A4%B0%E0%A4%95%E0%A4%B0%E0%A4%A8%E0%A4%BE%E0%A4%B8%E0%A5%80%E0%A4%96%E0%A5%87,मोबाइल रिपेयरिंग करना सीखे 60 दिनों में,30,52,4,Hindi mobile repair training institute description mentions chip-level advanced repair course with practical bench training focus.,मोबाइल रिपेयरिंग,UCkdYQKNYhXLM1hQiW5i3jvA,hands,phone-repair,wave1,2026-09-14,scraper,52
https://www.youtube.com/@%e0%b8%8a%e0%b9%88%e0%b8%b2%e0%b8%87%e0%b9%82%e0%b8%9b%e0%b9%89%e0%b8%87%e0%b8%81%e0%b8%a3%e0%b8%b0%e0%b8%9a%e0%b8%b5%e0%b9%88%e0%b8%a1%e0%b8%b7%e0%b8%ad%e0%b8%ab%e0%b8%99%e0%b8%b6%e0%b9%88%e0%b8%87%e0%b8%aa%e0%b8%b8%e0%b8%94%e0%b8%a2%e0%b8%ad%e0%b8%94%e0%b8%8a%e0%b9%88,@%E0%B8%8A%E0%B9%88%E0%B8%B2%E0%B8%87%E0%B9%82%E0%B8%9B%E0%B9%89%E0%B8%87%E0%B8%81%E0%B8%A3%E0%B8%B0%E0%B8%9A%E0%B8%B5%E0%B9%88%E0%B8%A1%E0%B8%B7%E0%B8%AD%E0%B8%AB%E0%B8%99%E0%B8%B6%E0%B9%88%E0%B8%87%E0%B8%AA%E0%B8%B8%E0%B8%94%E0%B8%A2%E0%B8%AD%E0%B8%94%E0%B8%8A%E0%B9%88,ช่างโป้งกระบี่มือหนึ่งสุดยอดช่างซ่อมมือถือประเทศไทย,1090,53,4,Thai channel dedicated to professional mobile phone repair and teaching repair skills.,ซ่อมมือถือ,UCXdXLQtX-zTwDB9MH1YCbmA,hands,phone-repair,wave1,2026-09-14,scraper,53
https://www.youtube.com/@%e0%b8%8b%e0%b9%88%e0%b8%ad%e0%b8%a1%e0%b9%84%e0%b8%ad%e0%b9%82%e0%b8%9f%e0%b8%99%e0%b8%a5%e0%b9%8d%e0%b8%b2%e0%b8%9b%e0%b8%b2%e0%b8%87%e0%b8%8b%e0%b9%88%e0%b8%ad%e0%b8%a1%e0%b9%82%e0%b8%97%e0%b8%a3%e0%b8%a8%e0%b8%b1%e0%b8%9e%e0%b8%97%e0%b9%8c%e0%b8%a1%e0%b8%b7%e0%b8%ad,@%E0%B8%8B%E0%B9%88%E0%B8%AD%E0%B8%A1%E0%B9%84%E0%B8%AD%E0%B9%82%E0%B8%9F%E0%B8%99%E0%B8%A5%E0%B9%8D%E0%B8%B2%E0%B8%9B%E0%B8%B2%E0%B8%87%E0%B8%8B%E0%B9%88%E0%B8%AD%E0%B8%A1%E0%B9%82%E0%B8%97%E0%B8%A3%E0%B8%A8%E0%B8%B1%E0%B8%9E%E0%B8%97%E0%B9%8C%E0%B8%A1%E0%B8%B7%E0%B8%AD,ซ่อมไอโฟนลําปาง ซ่อมโทรศัพท์มือถือลําปาง (มาสเตอร์เทเลคอม),546,74,4,"Repair shop description details screen, battery, motherboard and water damage repair services for phones/tablets.",ซ่อมมือถือ,UCUVCmUajS48FW_hlNy9XrFg,hands,phone-repair,wave1,2026-09-14,scraper,74
https://www.youtube.com/@%e0%b8%9a%e0%b8%b1%e0%b8%99%e0%b9%80%e0%b8%97%e0%b8%b4%e0%b8%87%e0%b8%a3%e0%b8%b1%e0%b8%81%e0%b8%8b%e0%b9%88%e0%b8%ad%e0%b8%a1%e0%b8%a1%e0%b8%b7%e0%b8%ad%e0%b8%96%e0%b8%b7%e0%b8%ad,@%E0%B8%9A%E0%B8%B1%E0%B8%99%E0%B9%80%E0%B8%97%E0%B8%B4%E0%B8%87%E0%B8%A3%E0%B8%B1%E0%B8%81%E0%B8%8B%E0%B9%88%E0%B8%AD%E0%B8%A1%E0%B8%A1%E0%B8%B7%E0%B8%AD%E0%B8%96%E0%B8%B7%E0%B8%AD,ซ่อมมือถือ By ช่างรัก,113,73,4,"Named mobile repair channel by a technician, minimal text but plainly repair-focused.",ซ่อมมือถือ,UCNi8IKXQA3rk9RYkiAAtm4w,hands,phone-repair,gray_v2,2026-09-14,scraper,73
https://www.youtube.com/@%e0%b8%ab%e0%b8%a1%e0%b8%b5%e0%b8%97%e0%b9%8d%e0%b8%b2%e0%b9%84%e0%b8%94%e0%b9%89,@%E0%B8%AB%E0%B8%A1%E0%B8%B5%E0%B8%97%E0%B9%8D%E0%B8%B2%E0%B9%84%E0%B8%94%E0%B9%89,หมีทําได้ ซ่อมมือถือ,49200,2042,4,DIY phone self-repair channel with clips focused on fixing mobile devices as a side skill.,ซ่อมมือถือ,UCyK3NtteNbmOwag4NnPwqHw,hands,phone-repair,rest1,2026-09-14,scraper,2042
https://www.youtube.com/@347nvvishwakarma,@347NVvishwakarma,NV Electronics & Mobile Repairing ,175,105,4,"Name indicates electronics and mobile repairing shop, thin generic description but on-topic name.",mobile repairing,UCjkWfeEfAG4JiGwy8Wq_uiA,hands,phone-repair,gray_v2,2026-09-14,scraper,105
https://www.youtube.com/@97vishalmobiletech,@97vishalmobiletech,97VISHAL MOBILE TECH,181,129,4,Heavy repair-related hashtags indicate mobile repair technician channel.,मोबाइल रिपेयरिंग,UC5jrK_t8AMcggunQ3QKQ11Q,hands,phone-repair,rest1,2026-09-14,scraper,129
https://www.youtube.com/@aaliyamobilecare,@aaliyamobilecare,Aaliya mobile care,544,163,4,All mobile hardware solution description fits dedicated repair channel profile.,मोबाइल रिपेयरिंग,UC-rw1KScpuMoimY3FenYZfg,hands,phone-repair,rest1,2026-09-14,scraper,163
https://www.youtube.com/@aaplusmobile244,@AaplusMobile244,AA PLUS MOBILE REPAIRING INSTITUTE,5680,2551,4,"Mobile repair institute offering hardware/software training, business-style description but clearly repair-focused.",mobile repairing course,UCPD4nCQ3EoV44k-Xm4n4-jg,hands,phone-repair,gray_v2,2026-09-14,scraper,2551
https://www.youtube.com/@aashapurakharbav,@aashapurakharbav,mobile repair Ashu,275,145,4,"Dedicated repair channel description covering display, battery, charging, dead phone and water damage fixes.",mobile repairing | phone motherboard repair,UCQKjTJc_ooueL0nayXPrVtg,hands,phone-repair,wave1,2026-09-14,scraper,145
https://www.youtube.com/@aba10,@aba10,‫محترف الجوال (للالكترونيات)‬‎,22500,189,4,"Channel filming practical repair work at the shop location for beginners, plainly repair focused.",صيانة الهواتف,UCkQF3hVPXcWqFqveeqoZrlA,hands,phone-repair,gray_v2,2026-09-14,scraper,189
https://www.youtube.com/@advance_idea,@Advance_Idea,Advance Idea,106000,291,4,Dedicated Hindi mobile repairing educational channel focused on repair techniques and troubleshooting.,मोबाइल रिपेयरिंग,UCWjoFqUSVYozmACba6KTMyw,hands,phone-repair,wave1,2026-09-14,scraper,291
https://www.youtube.com/@advancedsettings5825,@advancedsettings5825,Advanced Settings | Mobile Repair,15800,657,4,"Description covers screen replacement, battery repair and hardware/software troubleshooting tutorials for phones.",phone repair | mobile phone repair,UCC3N5HqP8B4a4Tu85ymBgVQ,hands,phone-repair,rest1,2026-09-14,scraper,657
https://www.youtube.com/@alexeysmartonoff,@alexeysmartonoff,Alexey Smartonoff ,1680,82,4,Smartphone repair technician showing completed work in informational video format.,ремонт телефонов,UCxgvjMuCUvhqif-lRL5xaCA,hands,phone-repair,rest1,2026-09-14,scraper,82
https://www.youtube.com/@aliimran-d7f,@AliImran-d7f,Mobile raparing ,104,158,4,"Named for mobile repairing courses, thin one-line description but clearly repair training focused.",صيانة الهواتف | تعمیر موبایل,UCjfg6FR5DVghm6IsTv3Z7bQ,hands,phone-repair,gray_v2,2026-09-14,scraper,158
https://www.youtube.com/@alimobilerepairingiphon,@ALIMOBILEREPAIRINGIPHON,ALI MOBILE REPAIRING I PHONE,184,53,4,"Self-described mobile repairer in Saudi Arabia aiming to teach phone repair, name and description fit topic well.",mobile repairing urdu,UC6rJ7N-rnzeDjI3zFLYY_Xg,hands,phone-repair,wave1,2026-09-14,scraper,53
https://www.youtube.com/@alitechnicalinstitute,@alitechnicalinstitute,Ali Technical Institute,52500,678,4,"Mobile training institute claiming top ranking, practical repair course implied.",mobile repairing | mobile repairing course | mobile repairing hindi,UCQ_Qhi22zKFLPIHElKXEf2w,hands,phone-repair,gray_v2,2026-09-14,scraper,678
https://www.youtube.com/@allmobilerepair5005,@allmobilerepair5005,All Mobile Repair,145,60,4,"Repair-shop name/description stating fixing all mobile phones, plausible bench repair content.",mobile phone repair | صيانة الهواتف | تعمیر موبایل,UCvDMyTEdp8Hm4Zp-iwj_yZw,hands,phone-repair,wave1,2026-09-14,scraper,60
https://www.youtube.com/@allmobilesolution786,@allmobilesolution786,All Mobile Solutions,43300,475,4,"Repair service provider detailing iPhone housing, display, battery, camera, motherboard repair content.",phone motherboard repair,UCHLFJgR9LXgzpKiLgZgmIjg,hands,phone-repair,wave1,2026-09-14,scraper,475
https://www.youtube.com/@allmobilesolutionsreview,@allmobilesolutionsreview,ALL MOBILE SOLUTIONS REVIEW,4840,251,4,iPhone repair channel covering board-level and part replacements with practical repair terminology.,phone motherboard repair,UC7cNj4n9ME1kTYNYpO4cf-w,hands,phone-repair,wave1,2026-09-14,scraper,251
https://www.youtube.com/@alohaphonerepair,@AlohaPhoneRepair,Aloha Phone Repair by TCA Wireless,68,151,4,"Established multi-shop iPhone/iPad/Samsung repair specialist channel, business-oriented but real repair services.",phone repair | mobile phone repair | phone repair shop,UCLZx4lY_p7Ma8dZlCuUsdXw,hands,phone-repair,wave1,2026-09-14,scraper,151
https://www.youtube.com/@ammobiletips,@AMmobiletips,AM Mobile Repairing,2480,86,4,"Mobile phone repairing tips and tricks channel, thin but on-topic evidence.",mobile repairing,UC8YK-S0c_90i4wdtKkgo5TQ,hands,phone-repair,gray_v2,2026-09-14,scraper,86
https://www.youtube.com/@andresaceroapplerepair5526,@andresaceroapplerepair5526,Andres Acero Apple Repair,2350,105,4,Apple repair specialist channel focused on micro-soldering and mobile device repair courses.,reparación de móviles | microsoldadura celulares,UC6UvN7q6T4Ka6IBwvqo5MuQ,hands,phone-repair,wave1,2026-09-14,scraper,105
https://www.youtube.com/@andydhar9700,@andydhar9700,D'Familia Mobile Repairing ,37,51,4,"Deals in all types of mobile repairing, thin one-line evidence but clearly repair-focused.",mobile repairing course,UCbF9AMZmfUhdFFPdoS7a5xg,hands,phone-repair,gray_v2,2026-09-14,scraper,51
https://www.youtube.com/@anhlinh96,@anhlinh96,nguyễn trí Linh,496,51,4,Vietnamese phone repair shop offering deep repair and training for multiple brands.,sửa chữa điện thoại,UC0kKvbvUOExkQRXlo68xfPA,hands,phone-repair,wave1,2026-09-14,scraper,51
https://www.youtube.com/@aplefixo,@aplefixo,APPLE FIXO ,321,286,4,"Apple/Android repair and training centre business, chip-level focus implied by service description.",phone motherboard repair,UCW1GgRl68ElfbZexfV8K5IA,hands,phone-repair,wave1,2026-09-14,scraper,286
https://www.youtube.com/@apple_park_kia115,@apple_park_kia115,"رشید – تعمیر موبایل
",4830,137,4,Persian repair channel with 15 years experience description focused on diagnosing and fixing phone hardware issues.,تعمیر موبایل,UCEuQ5K13AlCFdIhsiLPrZTQ,hands,phone-repair,wave1,2026-09-14,scraper,137
https://www.youtube.com/@applefixchile,@applefixchile,AppleFix Chile,4950,292,4,"Apple-focused repair shop channel covering screen and board repairs for iPhone, Mac and iPad with tutorials.",reparación de móviles | reparo de placa celular,UC2FRJQgF7yHU2R4TzJj-FvA,hands,phone-repair,wave1,2026-09-14,scraper,292
https://www.youtube.com/@appleipodparts,@Appleipodparts,AppleiPodParts.com,8270,115,4,"Dedicated iPhone/iPad/iPod spare parts repair tutorials and guides, clear hands-on repair focus.",iPad repair,UCBqR8ITCXnen62FvEDgIS-Q,hands,phone-repair,wave1,2026-09-14,scraper,115
https://www.youtube.com/@appshopkabin6655,@appshopkabin6655,Appshopkabin ร้านซ่อมมือถือไอโฟน สมาร์ทโฟน โดยช่างมืออาชีพ,2560,63,4,"Detailed phone repair shop description listing many fault types like charging, screen, battery, OCA lamination.",ซ่อมมือถือ,UCFevjpKPKE-Y0D15yF8_2Ew,hands,phone-repair,gray_v2,2026-09-14,scraper,63
https://www.youtube.com/@aprsylhet,@Aprsylhet,All Phone Repair Sylhet ,249,139,4,Repair shop with titles showing display replacement and iPhone backshell work.,phone repair shop,UCDoVIgJsM3Wwq-yvozsxzsw,hands,phone-repair,rest1,2026-09-14,scraper,140
https://www.youtube.com/@arahmanmobilerepairing,@ARahmanMobileRepairing,A Rahman Mobile Repairing,317,99,4,"Mobile repairing channel doing hardware work, thin but plainly on-topic bio.",tablet repair,UC3c5gFoFCOiRvPape1h6EYg,hands,phone-repair,gray_v2,2026-09-14,scraper,99
https://www.youtube.com/@arsalanmobilerepair,@arsalanmobilerepair,Arsalan Mobile Repair,148,102,4,Arsalan Mobile Repair channel description confirms all type mobile repair plus accessories sales.,smartphone repair,UChxjfTWKj6TPznFvcxY9vHw,hands,phone-repair,gray_v2,2026-09-14,scraper,102
https://www.youtube.com/@ascelular,@ascelular,As Celular,1770,144,4,Mobile phone repair technical service channel focused on iPhone fault diagnosis and repair education.,reparación de celulares,UCGfOPjqqgxkoH7TOEBRVRkQ,hands,phone-repair,wave1,2026-09-14,scraper,144
https://www.youtube.com/@asmtechbangla1995,@asmtechbangla1995,ASM Tech Bangla,946,234,4,"Bangla mobile repairing tips and problem-fixed videos, thin but on-topic description.",mobile repairing bangla,UCRYMpAsA1CNmT0vFcbi9Hkw,hands,phone-repair,rest1,2026-09-14,scraper,234
https://www.youtube.com/@atikheturyandfarm728,@atikheturyandfarm728,Atik mobile repairing centre,34,50,4,"Named mobile repairing centre channel, thin description but repair-focused name.",mobile repairing bangla,UC_3TnKe5d4F7eyvgOZ1nqVw,hands,phone-repair,rest1,2026-09-14,scraper,50
https://www.youtube.com/@axeumvideo,@axeumvideo,Аксеум: запчасти для сотовых телефонов,3900,483,4,"Parts retailer channel with guides on display, touchscreen and housing replacement shown on camera.",ремонт телефонов,UCgT-NCmau5lXhZUrFJ7Yn9g,hands,phone-repair,wave1,2026-09-14,scraper,483
https://www.youtube.com/@ayushmobilerepairingodisha263,@ayushmobilerepairingodisha263,Ayush Mobile Repairing Odisha,1850,96,4,"Mobile repairing channel name/tags across multiple brands, thin but on-topic evidence.",mobile repairing hindi,UChSBpR9YfDLBiLRvvTSScqQ,hands,phone-repair,rest1,2026-09-14,scraper,96
https://www.youtube.com/@batam_training_smartphone,@batam_training_smartphone,BATAM TRAINING SMARTPHONE,922,82,4,"Smartphone repair and training center, plain descriptive name with no adjacent content signals.",smartphone repair,UC7O8-LbQYQd_VkYSAuWHB9w,hands,phone-repair,rest1,2026-09-14,scraper,82
https://www.youtube.com/@billamobilerepair,@BillaMobileRepair,Billa Mobile Repair ,1010,653,4,"Titles cover IC stencil placement, schematics reading and dead phone fixes at micro-soldering level.",mobile phone repair,UCMRIFSXIAQzBDYHr4WiRZ3A,hands,phone-repair,wave1,2026-09-14,scraper,653
https://www.youtube.com/@bimatnghedienthoai,@BiMatNgheDienThoai,Bí mật nghề điện thoại,1030,297,4,"Phone repair channel/shop with contact info, thin bio but named trade repair secrets.",sửa chữa điện thoại,UCBGlk3u2Mg2TyjtAY490U_A,hands,phone-repair,gray_v2,2026-09-14,scraper,297
https://www.youtube.com/@blackpro_oficial,@BLACKPRO_OFICIAL,Henry iFix ,4210,329,4,"Apple device repair company description, thin but clearly device-level repair focused.",microsoldadura celulares,UC7GdvtloJGPk_MSZlVXvTkg,hands,phone-repair,gray_v2,2026-09-14,scraper,329
https://www.youtube.com/@bluetechmobileservice,@bluetechmobileservice,BLUE TECH MOBILE SERVICE,1180,54,4,"Named mobile repair channel with minimal description, thin but plainly repair-focused.",صيانة الهواتف | تعمیر موبایل,UClF6EW7ZUw3hAGeTlyRmWsw,hands,phone-repair,gray_v2,2026-09-14,scraper,54
https://www.youtube.com/@bobmobilerepairing,@Bobmobilerepairing,pahadi Bob mobile repairing ,514,515,4,"Mobile repairing channel name, generic ""all in one"" description doesn't detract.",मोबाइल रिपेयरिंग,UCBLjV71fiM0tswJ8eeX-iwg,hands,phone-repair,rest1,2026-09-14,scraper,515
https://www.youtube.com/@brijendrakunar,@brijendrakunar,Bk mobile repairing centre,119,228,4,"Mobile repairing centre description, thin evidence but plainly on-topic.",मोबाइल रिपेयरिंग,UCa2tN3YvalX2D2WLMDk0mlw,hands,phone-repair,gray_v2,2026-09-14,scraper,228
https://www.youtube.com/@brmobilerepairing7033,@brmobilerepairing7033,BR Mobile Repairing Center ,193,106,4,Step-by-step hardware fault repair solutions channel for mobile phones.,mobile repairing | smartphone repair,UCcMVtdNfGU89tPk39jQl9xw,hands,phone-repair,gray_v2,2026-09-14,scraper,106
https://www.youtube.com/@cellcaremobilerepairandtra805,@cellcaremobilerepairandtra805,Cell Care Mobile Repair And Training সেল কেয়ার,5310,169,4,Bangla mobile servicing training center channel with clear hashtag focus on repair and training content.,mobile repairing bangla,UCEXr3d3Sfc_vD4I8MAqv-BQ,hands,phone-repair,wave1,2026-09-14,scraper,169
https://www.youtube.com/@cellfix94,@Cellfix94,Repara tu celular,7690,665,4,"General cellphone and tablet repair channel, thin but clearly on-topic description.",reparación de móviles,UCfWhRso_wjEylU0R3ytRimA,hands,phone-repair,gray_v2,2026-09-14,scraper,665
https://www.youtube.com/@celulardelivery4347,@celulardelivery4347,CELULAR DELIVERY,690,60,4,"Assistência técnica specializing in iPhone board-level repair (charging, audio, touch, backlight, short-circuit).",reparo de placa celular,UC3TTBN5nmlIh5Frb6fYIqrw,hands,phone-repair,wave1,2026-09-14,scraper,60
https://www.youtube.com/@celularlab,@Celularlab,Celular lab,36000,953,4,"Multi-brand phone repair service center, thin business-style description but clearly repair-focused.",reparación de celulares,UC4wMKrr_kqrIl_Uwxe6-DgQ,hands,phone-repair,gray_v2,2026-09-14,scraper,953
https://www.youtube.com/@centraliphone8831,@centraliphone8831,MATA PLACA,20500,130,4,"Micro-soldering training and repair channel specializing in iPhone board-level work, business-oriented but hands-on focus.",reparo de placa celular,UCFmgCH0B_kL4VV8RHOpfXbA,hands,phone-repair,wave1,2026-09-14,scraper,130
https://www.youtube.com/@ceptelefonservisi,@ceptelefonservisi,CEP TELEFONU HASTANESİ,1270,977,4,"Long-established phone/tablet repair shop offering screen, battery, motherboard and IC repairs.",telefon tamiri,UC2l1D-NyQE9zPCp2FDzn0EQ,hands,phone-repair,wave1,2026-09-14,scraper,977
https://www.youtube.com/@crystalmobiles,@crystalmobiles,Crystal Mobile's,759,58,4,Step-by-step mobile repair tutorials with live demos and motherboard repair content described directly.,phone motherboard repair,UC6QWrkKRPJsIk2D0aG0mc0Q,hands,phone-repair,rest1,2026-09-14,scraper,58
https://www.youtube.com/@cursodereparaciondecelular7893,@cursodereparaciondecelular7893,Curso de  Reparacion de Celulares Cbba,8270,51,4,"Cellphone repair course channel for beginners, aligns with mobile repair training format.",reparación de móviles,UCmvKSFTuqiG62koQSLjW0IA,hands,phone-repair,gray_v2,2026-09-14,scraper,51
https://www.youtube.com/@d%c5%a9ngtr%e1%ba%a7nhuy-91,@d%C5%A9ngtr%E1%BA%A7nhuy-91,dũngthuý mobile,11,127,4,"Phone repair shop covering screen/glass/battery replacement, thin description but clearly repair-focused.",sửa chữa điện thoại,UC2zjuEPXDNSGkcR2xZWJG1w,hands,phone-repair,gray_v2,2026-09-14,scraper,128
https://www.youtube.com/@decentcomacademy,@Decentcomacademy,Decentcom Academy ,550,76,4,"Academy teaching minor phone and electronics repairs at home, thin but clearly on-topic training content.",tablet repair,UCa7dKBpg7PQfI45LxAUwQFA,hands,phone-repair,gray_v2,2026-09-14,scraper,76
https://www.youtube.com/@deepakmobilegumla,@DeepakMobileGumla,DEEPAK MOBILE AND REPAIRING,841,185,4,Smartphone service center with a title showing CPU drill/UFS dump work on a real device board.,mobile repairing,UC4fd74BmjsUZvm3UMGaw7vg,hands,phone-repair,gray_v2,2026-09-14,scraper,185
https://www.youtube.com/@denizateknikservis,@DenizATeknikServis,DENİZ A TEKNİK SERVİS,2350,546,4,"Channel explicitly films phone repair videos, thin description but plainly repair-focused content.",telefon tamiri,UCGeRF8yPK8y2B2vYLHwqhsA,hands,phone-repair,gray_v2,2026-09-14,scraper,546
https://www.youtube.com/@deureparo,@deureparo,conserta tech,5310,248,4,"Specialized in original screen refurbishing, thin evidence but clear repair niche.",reparo de placa celular,UCIY3EzMiHjKxN0C9ZBYmkIg,hands,phone-repair,gray_v2,2026-09-14,scraper,248
https://www.youtube.com/@digital_phone,@digital_phone,Digital phone,173,53,4,Spanish channel dedicated to cell phone board repair with repair videos described directly.,reparo de placa celular,UCESHq2x7HdJqXK9lx_VHreA,hands,phone-repair,wave1,2026-09-14,scraper,53
https://www.youtube.com/@dlmreparaciones,@dlmreparaciones,DLMreparaciones,2510,51,4,Spanish channel dedicated to phone repairs sharing content to help fellow technicians in the trade.,microsoldadura celulares,UC052wYtLJkqCGomiCLYq6CA,hands,phone-repair,wave1,2026-09-14,scraper,51
https://www.youtube.com/@dmmobilerepair253,@dmmobilerepair253,DM mobile repair,1870,214,4,"All videos mobile repair related, thin but clearly on-topic description.",mobile repairing,UCHXlrkBCzH3vsq7shee8MWg,hands,phone-repair,gray_v2,2026-09-14,scraper,214
https://www.youtube.com/@dr.idevicemalaysia,@dr.idevicemalaysia,Dr. iDevice The Best iPhone Repair in Malaysia,179,240,4,"Certified Apple IRP repair shop fixing iPhones, iPads, Macs and Androids, but description is mostly branch/contact marketing.",iPhone repair,UCvVQUsTuqCSE0po-ABveTIQ,hands,phone-repair,gray_v2,2026-09-14,scraper,240
https://www.youtube.com/@drmobilewala,@drmobilewala,Dr Mobilewala,1070,63,4,"Repair shop description listing chip-level repairing, screen, battery, charging port services with business tone.",chip level repairing,UCzDTaiSUfrwDgW8Y10FKVRw,hands,phone-repair,gray_v2,2026-09-14,scraper,63
https://www.youtube.com/@droprepair,@DropRepair,Drop Repair ,380,81,4,"Repair channel covering iPhone, iPad, Samsung and MacBook repair videos uploaded for study.",iPad repair,UCFiqMN17WBUEQhAZSFJZjbQ,hands,phone-repair,rest1,2026-09-14,scraper,81
https://www.youtube.com/@easyphone6565,@easyphone6565,Easy Phone by ช่าง อรรถ เซ็นทรัลชลบุรี,293,169,4,"Thai channel doing board repair, glass lamination and back-glass replacement for iPhones, clear hands-on repair focus.",ซ่อมมือถือ,UCWVZ6Gk_EJTR-oFV5c6i8iw,hands,phone-repair,wave1,2026-09-14,scraper,169
https://www.youtube.com/@edgaryoreparo,@EdgarYoReparo,Edgar / Yo Reparo,399000,1364,4,"Dedicated iPhone repair technician teaching device repair specialization, format oriented toward tutorials.",reparo de placa celular,UCI1TgRCqdyXopa3pPDhKVFA,hands,phone-repair,wave1,2026-09-14,scraper,1364
https://www.youtube.com/@edullane-x5w-v8u,@Edullane-x5w-v8u,UnixCell,44,66,4,"Multi-brand cellphone repair and maintenance channel, thin but on-topic description.",microsoldadura celulares,UC6NCerBhT_FW-HfYgMH2xJw,hands,phone-repair,rest1,2026-09-14,scraper,66
https://www.youtube.com/@elreparacelulares,@elreparacelulares,El Repara Celulares,121,102,4,Board-level phone/tablet repair shop focused on motherboard repair rather than replacement.,reparación de celulares | reparo de placa celular,UCV3fLVg6ERc3f00uzEOI5oA,hands,phone-repair,wave1,2026-09-14,scraper,102
https://www.youtube.com/@esexpertservice,@ESExpertService,ES expert service,296,109,4,"Simple 'repair mobile phones' description, thin but directly on-topic for phone repair.",tablet repair,UCHfOyTH5poOaL3FXWhzOutg,hands,phone-repair,gray_v2,2026-09-14,scraper,109
https://www.youtube.com/@ezfixmartin,@EzFixMartin,E-z Fix / Martin Organista,61300,3125,4,"Long-standing repair shop specializing in Apple products, thin evidence but plainly a repair channel.",microsoldadura celulares,UCF4dAVPLRNRmzkbj8PYrwcA,hands,phone-repair,gray_v2,2026-09-14,scraper,3128
https://www.youtube.com/@fanerepairs,@fanerepairs,Fane Repairs,7110,131,4,"Phone repair channel that also includes reviews and courses, repair still central per description.",phone motherboard repair,UCSTcWWsvhDjPQ14xdj4_RPg,hands,phone-repair,gray_v2,2026-09-14,scraper,131
https://www.youtube.com/@fatihcomertvip,@FatihcomertVip,Fatih Cömert Vip İletişim,1380,222,4,"Cell phone repair teaching videos channel, thin but on-topic description.",telefon tamiri,UCxy54hTj3nQAObbNLvnvuYA,hands,phone-repair,rest1,2026-09-14,scraper,222
https://www.youtube.com/@fezateknik,@fezateknik,FEZA TEKNİK,235000,182,4,"Named technical channel under telefon tamiri keyword, thin evidence but plausible repair channel.",telefon tamiri,UCUlCKuzJswyKM_eSXoN_Tkw,hands,phone-repair,rest1,2026-09-14,scraper,182
https://www.youtube.com/@fixbay,@fixbay,Fixbay Phone Repair Expert,4490,229,4,"Named phone repair expert channel with plain one-line description, thin but plausible on-topic evidence.",phone repair | mobile phone repair | phone screen replacement | phone motherboard repair | iPad repair,UCndJKdjLylhzoO7Rbh-KXyw,hands,phone-repair,rest1,2026-09-14,scraper,229
https://www.youtube.com/@fixcare,@fixcare,Fixcare Hatyai ร้านซ่อมโทรศัพท์มือถือหาดใหญ่,157,325,4,"Apple/tablet/phone repair shop listing device types serviced, thin but on-topic evidence.",ซ่อมมือถือ,UCXj-Cjp2KJ68sRod4nxcgww,hands,phone-repair,gray_v2,2026-09-14,scraper,325
https://www.youtube.com/@fixitschool3308,@fixitschool3308,FIXIT SCHOOL,583,72,4,"Russian channel teaching modern electronics repair training, likely phone-focused bench sessions.",ремонт телефонов,UCcOCBYad8F7seVgfCENc48w,hands,phone-repair,wave1,2026-09-14,scraper,72
https://www.youtube.com/@fixsta,@fixsta,Fixsta,332,138,4,"Dedicated mobile/tablet repair shop description, thin but clearly on-topic.",tablet repair,UC4fSksZZni9nD2NBIEeS5SA,hands,phone-repair,rest1,2026-09-14,scraper,138
https://www.youtube.com/@forto_id,@forto_id,Service HP Surabaya (Forto.id),169,289,4,"Premium gadget repair shop specializing in Android and Apple phone service, thin but on-topic evidence.",servis hp,UC0wKP774ibf9QV1_5n016Xw,hands,phone-repair,rest1,2026-09-14,scraper,290
https://www.youtube.com/@fppro_tr,@FPPRO_TR,FPPRO,650000,983,4,"Technical service firm offering Apple product part repair and replacement, thin evidence but repair-focused.",telefon tamiri,UCCCpumFhv5miOlJeURZrL1Q,hands,phone-repair,gray_v2,2026-09-14,scraper,983
https://www.youtube.com/@fredycasallas,@fredycasallas,Fredy Casallas,1800,123,4,"Simple bio naming cell phone technical service, thin evidence pointing to repair.",reparo de placa celular,UCvar4irji4mq4X9TP553LGg,hands,phone-repair,gray_v2,2026-09-14,scraper,123
https://www.youtube.com/@galmobilerepairing,@galmobilerepairing,GAL MOBILE REPAIRING ,774,179,4,"Mobile repairing channel name, generic intro description but plausible repair-training focus.",mobile repairing course | tablet repair,UCcI5bWqbAt9MI3v6GjYKFzA,hands,phone-repair,gray_v2,2026-09-14,scraper,179
https://www.youtube.com/@geniusbmt,@geniusbmt,Sửa Điện Thoại,2860,134,4,"Solo smartphone technician channel troubleshooting phones, thin but clearly repair-focused bio.",sửa chữa điện thoại,UCuwsmDuhhemyhB-RrMRZ-5A,hands,phone-repair,gray_v2,2026-09-14,scraper,134
https://www.youtube.com/@gmsobuz9555,@gmsobuz9555,Gm Sobuz ,939,280,4,"All mobile repair solutions channel, thin but clearly on-topic description.",تعمیر موبایل,UCaxaF5_dw3ZAa7Y13VtSRMQ,hands,phone-repair,rest1,2026-09-14,scraper,280
https://www.youtube.com/@gocellphonerepair,@GoCellPhoneRepair,Go Cell Phone Repair,90900,553,4,"How-to repair channel covering phones, tablets and consoles, phones likely dominant.",phone repair | cell phone repair | micro soldering phone | iPad repair,UCfHl7Qc9Bb84qxMIU2WMq1g,hands,phone-repair,gray_v2,2026-09-14,scraper,553
https://www.youtube.com/@gorillaglassco,@GORILLAGLASSCO,GORILLA GLASS TELEFONIA MOVIL,31400,160,4,"Glass and display remanufacturing workshop, core activity is screen/glass replacement repair.",reparación de móviles,UCWYsR2pufsYJvy-I5Sv61kA,hands,phone-repair,wave1,2026-09-14,scraper,160
https://www.youtube.com/@gscellcortes,@GscellCortes,Gscell Cortes,399,56,4,"Dedicated to smartphone board repair cuts and repair tips, matching board-level micro-soldering focus.",reparo de placa celular,UCcvTxZprPz6vwnfmWUiwqXA,hands,phone-repair,wave1,2026-09-14,scraper,56
https://www.youtube.com/@gsm-jireh,@GSM-JiREH,GSM JIREH-CL,1430,143,4,Spanish-language channel explicitly for cellphone micro-soldering technicians with tips and techniques.,microsoldadura celulares,UCWgbLTQqGCKXjaa5aT1MZkQ,hands,phone-repair,wave1,2026-09-14,scraper,143
https://www.youtube.com/@gsmmobileservice,@GSMMobileService,GSM Mobile Service,1120,446,4,"Smartphone repair center in Armenia, description confirms dedicated repair service business.",tablet repair,UCWruxuS0ex-QnGq7M8V3PRQ,hands,phone-repair,wave1,2026-09-14,scraper,446
https://www.youtube.com/@gsmsajib,@gsmsajib,Gsm Sajib,27800,305,4,Mobile servicing learning channel covering hardware and software troubleshooting for career building.,mobile repairing bangla,UC0IvLe7CugWSrHqFZXYOVaA,hands,phone-repair,gray_v2,2026-09-14,scraper,305
https://www.youtube.com/@gsmtechnologyakash,@GsmTechnologyakash,Gsm Technology Mobile Repair And Traning Center,2970,62,4,"Mobile repair training center channel, thin evidence but clearly on-topic bench training.",mobile repairing bangla,UCGHGP_qxS42CUw_7Pwb7bFg,hands,phone-repair,gray_v2,2026-09-14,scraper,62
https://www.youtube.com/@gstechprosas,@gstechprosas,GS TECH PRO ,2040,66,4,"Specialized cellphone technical service channel, thin evidence but clearly repair-focused.",microsoldadura celulares,UCU4KOuPf0lUnHYa8catWM2w,hands,phone-repair,rest1,2026-09-14,scraper,66
https://www.youtube.com/@gtmobileservice%e0%b8%8b%e0%b9%88%e0%b8%ad%e0%b8%a1%e0%b8%a1%e0%b8%b7%e0%b8%ad%e0%b8%96%e0%b8%b7%e0%b8%ad,@GTmobileService%E0%B8%8B%E0%B9%88%E0%B8%AD%E0%B8%A1%E0%B8%A1%E0%B8%B7%E0%B8%AD%E0%B8%96%E0%B8%B7%E0%B8%AD,ซ่อมมือถือ GT Mobile Service  ศรีราชา ชลบุรี,54,84,4,"iPhone/iPad repair shop channel in Thai, likely real repair videos given dedicated repair service description.",ซ่อมมือถือ,UCtUFi7UD9rPSbrNgM8GmFqA,hands,phone-repair,wave1,2026-09-14,scraper,84
https://www.youtube.com/@gurjitbilga,@gurjitbilga,BILGA MOBILE REPAIR ,63700,4781,4,"Mobile repair shop description covering touch, broken glass change and IC repair across multiple phone brands.",mobile repairing,UC15wapP-Iy4hU_sjkaYK5WA,hands,phone-repair,wave1,2026-09-14,scraper,4781
https://www.youtube.com/@halabirepair235,@halabirepair235,HalAb I Repair,202,90,4,"Mobile phone technician sharing tips and tutorials on repairing hardware issues, thin but on-topic.",iPad repair,UCTO6VS7TNg9pHTMUBmz51kA,hands,phone-repair,gray_v2,2026-09-14,scraper,90
https://www.youtube.com/@happyphoneec,@happyphoneEC,happy phone,169,116,4,"Apple device technical service specializing in iPhone, iPad and MacBook repair since 2009.",microsoldadura celulares,UCa87cCNYv7x-D6vifsTx3EQ,hands,phone-repair,rest1,2026-09-14,scraper,116
https://www.youtube.com/@hardwarerepairing,@hardwarerepairing,mobile hardware repairing and technic,538,64,4,Mobile hardware repairing and technic channel name plainly on-topic despite generic keyword list description.,tablet repair,UCow-G07gO2SVEJ7lxy_nbDA,hands,phone-repair,gray_v2,2026-09-14,scraper,64
https://www.youtube.com/@haroonamani10,@Haroonamani10,Amani Réparation ,124,78,4,Phone repair teaching channel sharing free hands-on repair knowledge built from 5 years experience.,réparation téléphone,UCEPjt5AagkYDuF9nam7t2AQ,hands,phone-repair,wave1,2026-09-14,scraper,78
https://www.youtube.com/@harshmobaile,@harshmobaile,harsh mobaile repair ,578,166,4,"Harsh mobile repair channel described as repair system solutions for all mobiles, thin evidence.",smartphone repair,UCbobQSjjBMewsjWM7woNrqQ,hands,phone-repair,gray_v2,2026-09-14,scraper,166
https://www.youtube.com/@hhhtechnology,@HHHTechnology,HHH Tech,37600,522,4,Mobile servicing Bangla tutorial channel focused on dead phone solutions.,mobile repairing bangla,UCd78eNMVSSXnh0dnDC5RrVw,hands,phone-repair,rest1,2026-09-14,scraper,522
https://www.youtube.com/@hi_vikash_75,@hi_vikash_75,vicky mobile repairing badwara,100,111,4,"Name indicates dedicated mobile repairing channel, minimal description but plausible fit.",mobile repairing hindi,UCmr17uCG-YnFeytprSxh17g,hands,phone-repair,rest1,2026-09-14,scraper,111
https://www.youtube.com/@hope_screen,@Hope_screen,HOPE SCREEN ,4230,341,4,"On-site phone screen repair service channel, thin but clearly repair-focused business.",phone screen replacement,UCGblqqQPMGnDHjydKyaX6Bg,hands,phone-repair,gray_v2,2026-09-14,scraper,341
https://www.youtube.com/@hqmobile2978,@hqmobile2978,HQ Mobile,231,52,4,"Urdu/Hindi channel with step-by-step tutorials on battery, charging, display repair with tools and multimeter tips.",mobile repairing urdu,UCr03otR0UBM0XsUjCCRkovQ,hands,phone-repair,wave1,2026-09-14,scraper,52
https://www.youtube.com/@hughjeffreys,@HughJeffreys,Hugh Jeffreys,1000000,473,4,"Well-known channel restoring broken phones/tablets/computers with hands-on repair and modification content, some non-phone devices included.",iPhone repair | phone motherboard repair | tablet repair | iPad repair,UCQDhxkSxZA6lxdeXE19aoRA,hands,phone-repair,wave1,2026-09-14,scraper,473
https://www.youtube.com/@huydungmobile,@huydungmobile,Huy Dũng Mobile - Chuyên sửa chữa điện thoại,10400,196,4,Repair center description explicitly focused on repair process and part replacement content for phones and tablets.,sửa chữa điện thoại,UC4quvI7lXoW49Cy7YX-wt-Q,hands,phone-repair,wave1,2026-09-14,scraper,196
https://www.youtube.com/@i2ctech,@i2CTech,i2C Tech,77300,101,4,Technical channel for cellphone technicians focused on board-level information and tutorials.,reparo de placa celular,UCskh0ctl4DdPMuPtdv1K5qA,hands,phone-repair,wave1,2026-09-14,scraper,101
https://www.youtube.com/@ibanglarepair5445,@ibanglarepair5445,iBangla Repair,3790,92,4,"Repair-branded name iBangla Repair with generic welcome description, thin evidence.",mobile repairing bangla,UCL7dYY5h3Vh6f_DnRfkg4hw,hands,phone-repair,rest1,2026-09-14,scraper,92
https://www.youtube.com/@icasemobileservicecenter3293,@icasemobileservicecenter3293,iCase Mobile Service Center,657000,185,4,Service center channel focused on screen restoration and crack repair with weekly videos.,smartphone repair,UCTl0Ma_EL_1kaNuAYnbDSBQ,hands,phone-repair,rest1,2026-09-14,scraper,185
https://www.youtube.com/@ifixityourself,@iFixitYourself,iFixit,1280000,1087,4,iFixit publishes real teardowns and repair guides for phones/tablets alongside device reviews and news content.,phone screen replacement | iPad repair | mobile repairing bangla | laptop disassembly | laptop repairing Hindi | laptop repair Bangla,UCHbx9IUW7eCeJsC4sBCTNBA,hands,phone-repair,wave1,2026-09-14,scraper,1087
https://www.youtube.com/@ifixnepal,@Ifixnepal,Ifix Nepal,1550,54,4,Nepal-based channel teaching mobile phone repair from basic to advanced hands-on skills for free.,تعمیر موبایل,UCA1XJhEyJSSxFAT6cr0cOBw,hands,phone-repair,wave1,2026-09-14,scraper,54
https://www.youtube.com/@igurukz,@iGuRuKz,iGuRu,2320,110,4,Mobile device repair channel offering tips and instructions across various phone brands.,تصليح الموبايل,UCAy2TMIFosOJvcvK_bwRhnw,hands,phone-repair,gray_v2,2026-09-14,scraper,110
https://www.youtube.com/@imarket2263,@imarket2263,imarketซ่อมจอมือถือ,1350,214,4,"Screen repair center for phones with stated experience and equipment, thin but clear repair evidence.",ซ่อมมือถือ,UCxMNFtdiwQ4thM7JpmADPtg,hands,phone-repair,gray_v2,2026-09-14,scraper,214
https://www.youtube.com/@imobilephone5346,@imobilephone5346,Imobile Phone,2230,226,4,"Vietnamese channel focused on screen replacement, lamination and phone repair sharing.",sửa chữa điện thoại,UCvfUbKAThOiH78BezMEV7mw,hands,phone-repair,wave1,2026-09-14,scraper,226
https://www.youtube.com/@importphones,@importphones,Importphones,630,238,4,"Repair shop channel explicitly sharing didactic repair videos across phones, tablets and laptops.",reparación de móviles,UCjETU0geOTmCrp4GpmMau0g,hands,phone-repair,wave1,2026-09-14,scraper,238
https://www.youtube.com/@instafixrepairs,@instafixrepairs,InstaFix Phone | Tablet | Computer Repair,4720,240,4,"Hobbyist repair channel recording phone/tablet/computer repairs, mixed devices but repair-focused.",phone screen replacement | tablet repair | iPad repair,UCIL228wMEMYF1LLkmiuEf-g,hands,phone-repair,rest1,2026-09-14,scraper,240
https://www.youtube.com/@ipadcare,@ipadcare,아이패드케어 ipadcare,1130,267,4,"iPad/Apple device repair business focused on water damage, no power, board-level issues implied by description.",tablet repair,UCgkyIzXYfOweXEBlix39vhg,hands,phone-repair,wave1,2026-09-14,scraper,267
https://www.youtube.com/@iphone%e5%8c%bb%e7%94%9f,@iphone%E5%8C%BB%E7%94%9F,iphone 医生,171,84,4,"Chinese iPhone repair channel covering screen, battery, motherboard and water damage repair tutorials and teardowns.",手机维修,UC0Q95XdUfUxoR6RpIlLMuPQ,hands,phone-repair,wave1,2026-09-14,scraper,85
https://www.youtube.com/@iphone5minutesrepair,@iPhone5minutesrepair,iPhone 5 minutes repair,67,71,4,"Dedicated iPhone/Apple repair channel name implying quick fixes, though no titles to verify format.",iPhone repair,UCxfJuK2iXL9nTooazntkEng,hands,phone-repair,wave1,2026-09-14,scraper,71
https://www.youtube.com/@iphonerepairambon8611,@iphonerepairambon8611,IPHONE REPAIR AMBON,115,150,4,"iPhone Repair Ambon channel name suggests dedicated repair shop, extremely thin one-word description.",iPhone repair,UCAXI0xHUuoSXDvKeZp2pjUA,hands,phone-repair,gray_v2,2026-09-14,scraper,150
https://www.youtube.com/@iphonesat,@iphonesat,iPhoneSAT,4080,77,4,"Dedicated channel for iPhone and Macbook repair, likely covering micro-soldering and board-level work.",microsoldadura celulares,UC6af5WpbzQTx9aARoBbaVNg,hands,phone-repair,wave1,2026-09-14,scraper,77
https://www.youtube.com/@iphoneservisrepair,@iPhoneServisRepair,Apple Teknik Servis Saints Computer,24000,124,4,"Apple technical service channel explicitly showing screen, motherboard and glass repair process videos.",telefon tamiri,UCkkjSGs5-Rh81r2mz6vxOOw,hands,phone-repair,wave1,2026-09-14,scraper,124
https://www.youtube.com/@iphonespecialistsirabdulbasit,@IphoneSpecialistSirAbdulBasit,iPhone Repair Specialist | Sir Abdul Basit,172,227,4,iPhone/Android repair specialist and technical coach channel focused on hardware diagnostics and motherboard repair training.,iPhone repair | phone motherboard repair,UC30ZHfSkUw3vnkPjBYkZtBQ,hands,phone-repair,wave1,2026-09-14,scraper,227
https://www.youtube.com/@ipltechnologies5781,@ipltechnologies5781,IPL TECHNOLOGIES,14200,285,4,"Named technologies shop channel likely mobile servicing, thin evidence from name only.",mobile repairing tamil,UCGOjGGXmz2jP3OQDk9xnTQg,hands,phone-repair,rest1,2026-09-14,scraper,285
https://www.youtube.com/@iport-apple,@iPort-Apple,iPort - Ремонт техніки Apple,726,293,4,"Apple device repair channel with interesting repairs and equipment content, thin text but clearly repair-focused.",tablet repair,UC3MJ8vgg1fzLOIISrYBqNyg,hands,phone-repair,gray_v2,2026-09-14,scraper,293
https://www.youtube.com/@irepairstation,@irepairstation,I Repair Station,416,276,4,"iPhone/MacBook repair shop with titles showing touch repair, camera fix, motherboard fault diagnosis.",phone motherboard repair,UCYwPWs_WaVg1f0KDT5cwyRw,hands,phone-repair,wave1,2026-09-14,scraper,276
https://www.youtube.com/@irestorephone,@iRestorePhone,iRestore Phone,1700,93,4,"Channel dedicated to restoring old/damaged phones across many brands, aligns well with repair mission.",smartphone repair | phone screen replacement,UCEpTESc1WahkrZRpeSeek2A,hands,phone-repair,wave1,2026-09-14,scraper,93
https://www.youtube.com/@ispotrepair,@ispotrepair,iSpot Repair,1890,75,4,"Titles show iPhone camera repair, iPad body straightening, TWS battery replacement — real device repairs.",iPad repair,UCgM4ixV3qkN6OPye2PhZeMA,hands,phone-repair,wave1,2026-09-14,scraper,75
https://www.youtube.com/@j500j500laptoprepair,@j500j500laptoprepair,Phone Laptop Repair j500j500,31400,92,4,Disassembly and repair tutorial channel covering smartphones and notebooks with hardware test info.,tablet repair,UCoMZznNdrGdjA-eNFyxRhcQ,hands,phone-repair,wave1,2026-09-14,scraper,92
https://www.youtube.com/@jayantimeena-x9o,@JayantiMeena-x9o,@jay shari mobail repairing ,807,171,4,Mobile repairing related video channel per name and description.,मोबाइल रिपेयरिंग,UCgTsQKwPFUAYFEVatBwr07w,hands,phone-repair,rest1,2026-09-14,scraper,171
https://www.youtube.com/@jimmycelloficial,@Jimmycelloficial,Jimmy cell ,2770,92,4,"Tutorials on screen replacement and board repair alongside Google account removal, mostly hardware repair.",reparo de placa celular,UCPWmUn9eLpIAA_-PHm4VWSg,hands,phone-repair,gray_v2,2026-09-14,scraper,92
https://www.youtube.com/@jktech7252,@JkTech7252,Jk Tech,116,90,4,"Mobile repairing institute with admissions, plain repair training description with little drift evidence.",smartphone repair,UCW69LdlHMwO9DX8OtjJMYDg,hands,phone-repair,rest1,2026-09-14,scraper,90
https://www.youtube.com/@jnan24villanueva,@jnan24villanueva,JNAN iphone ipad repair,8,71,4,iPhone and iPad repair channel name/handle plainly on-topic despite minimal description.,iPad repair,UC5uNCJoAu5wbvJVFG6qnhgg,hands,phone-repair,gray_v2,2026-09-14,scraper,71
https://www.youtube.com/@jugamego81,@jugamego81,El Doctor del Celular (PEDERNALES),4990,117,4,"Dedicated phone repair tutorial and service channel description, no titles to confirm on-camera detail.",reparación de móviles | reparo de placa celular,UCPWNCykyKfK-xruzG4ts5WA,hands,phone-repair,wave1,2026-09-14,scraper,117
https://www.youtube.com/@julphonetv,@JulphoneTv,Julphone Tv,153000,3037,4,"Tagalog repair channel covering deadboot, LCD replacement, battery and hardware issue fixes on camera.",phone screen replacement | cellphone repair tagalog,UCP40_ye_hgqd0r2YtZdT8YA,hands,phone-repair,wave1,2026-09-14,scraper,3037
https://www.youtube.com/@justurepair,@JustURepair,JustU Repair,285000,673,4,"Mobile repair tips and tricks channel, plausible hands-on repair content.",mobile repairing | mobile phone repair | smartphone repair | phone screen replacement,UCIzXVmxwDsu0NHMoFFzvSfw,hands,phone-repair,gray_v2,2026-09-14,scraper,673
https://www.youtube.com/@jv_mobile,@Jv_mobile,Jv mobile Institute ,464,109,4,"Mobile repairing and software institute/lab, thin but clearly on-topic description.",phone repair shop,UCw5nzl3-DqXF6Cl5X3R2S0A,hands,phone-repair,rest1,2026-09-14,scraper,109
https://www.youtube.com/@kevincell,@kevincell,Kevincell,13900,295,4,Cell phone repair channel with disassembly and fault-solution videos across popular brands.,reparo de placa celular,UCyfhAc5ef06Z8En-x2tmbAw,hands,phone-repair,rest1,2026-09-14,scraper,295
https://www.youtube.com/@khmergsm,@KhmerGSM,Khmer GSM Phone Repair,20600,512,4,"GSM phone repair channel with fix-guide framing, thin but on-topic evidence.",phone repair | mobile phone repair | phone repair shop,UCcQDk4DOBSJgbo4cUr8Rhzg,hands,phone-repair,gray_v2,2026-09-14,scraper,512
https://www.youtube.com/@koalaservicell,@koalaservicell,Koala Servicell,96,105,4,"iPhone repair shop with address listed, thin evidence but plainly repair-focused business.",reparo de placa celular,UCwXIH2gSSb-WUpSwq0R3h-Q,hands,phone-repair,gray_v2,2026-09-14,scraper,105
https://www.youtube.com/@kumarajayofficialno.1129,@kumarajayofficialno.1129,जय माॅं दुर्गा मोबाइल रिपेयरिंग सेंटर जोगियारा बाजार,45,64,4,"Named mobile repairing center, minimal but on-topic evidence.",मोबाइल रिपेयरिंग,UCBTzzrkpy34TaRRLhJzds7A,hands,phone-repair,rest1,2026-09-14,scraper,64
https://www.youtube.com/@le55ons,@LE55ONS,LE55ONS,123000,116,4,Long-running channel making detailed phone display/screen replacement guides across many popular models.,تعمیر موبایل,UCdCZPlI8G7KL3M6dNYk6qpA,hands,phone-repair,wave1,2026-09-14,scraper,116
https://www.youtube.com/@lebidouilleurphone,@LebidouilleurPhone,Lebidouilleur Phone ,11100,308,4,"Dedicated phone repair channel with tutorials and tool reviews, mostly hands-on repair content.",réparation téléphone,UCytaSpOvKm6JkAuUYxuXKtg,hands,phone-repair,rest1,2026-09-14,scraper,308
https://www.youtube.com/@levysreparo,@LevysReparo,LevysReparo,128,124,4,"Repair channel covering phones, tablets, consoles and watches with raw unedited footage.",reparo de placa celular,UCfHWxUqgPZZ9MKMwNijC1Bw,hands,phone-repair,gray_v2,2026-09-14,scraper,124
https://www.youtube.com/@litonmahmud-u,@LitonMahmud-u,Liton Mahmud,18200,386,4,"Phone hospital/training center covering motherboard, IC, display and charging repairs with hands-on focus.",phone motherboard repair | electronics repair course,UCs6yjO7C6dHwknbq_ZAXwwg,hands,phone-repair,wave1,2026-09-14,scraper,386
https://www.youtube.com/@luckysharmadabngmyfavourit7279,@luckysharmadabngmyfavourit7279,Lucky mobile repairing Raipur Jhalawar,1370,427,4,"Named mobile repairing channel, thin evidence but clearly on-topic.",मोबाइल रिपेयरिंग,UCUfAYjCQXmE0pVdmWTG7pCw,hands,phone-repair,rest1,2026-09-14,scraper,427
https://www.youtube.com/@macdroidstore,@MacdroidStore,Macdroid Store,25,52,4,"Repair shop titles show charging port fix, water damage and board solder work on phones.",tablet repair,UCxdgjrH96rIFRCyMjeFXUpA,hands,phone-repair,wave1,2026-09-14,scraper,52
https://www.youtube.com/@mamad_company,@Mamad_company,مجموعه تعمیرات و آموزش تخصصی اپل ,12600,111,4,Apple device repair training and repair shop for iPhone and Samsung flagships.,تعمیر موبایل,UCG1JxdufkdD7EEXe0kUN7Mg,hands,phone-repair,wave1,2026-09-14,scraper,111
https://www.youtube.com/@mamdoh-m-h,@Mamdoh-m-h,محمد ممدوح لصيانه الموبايل,2270,50,4,"Certified mobile repair center and first repair training school in the region, thin evidence.",صيانة الهواتف,UCDQmFesCA4MzwILEG6aZVsg,hands,phone-repair,gray_v2,2026-09-14,scraper,50
https://www.youtube.com/@manjutechpro1806,@manjutechpro1806,Manju Techpro,602,109,4,Simple mobile repair channel description with no signals of drift toward reviews or sales.,smartphone repair,UCW_fsTFz8Dgkyb0afDb10xg,hands,phone-repair,rest1,2026-09-14,scraper,109
https://www.youtube.com/@manoj.0111,@MANOJ.0111,Manoj mobile repairing center ,13000,898,4,"Detailed phone glass/folder repair shop description across many brands, thin but relevant.",मोबाइल रिपेयरिंग,UCsAACnsd6L7HtchG37fnkZQ,hands,phone-repair,gray_v2,2026-09-14,scraper,898
https://www.youtube.com/@master.evgeniy,@master.evgeniy,Мастер Евгений | Ремонт телефонов ,113,69,4,Russian channel showing real unstaged smartphone repairs alongside humor and livestreams from the workshop.,ремонт телефонов,UCbktfhy87NF4Kac0pftFz0A,hands,phone-repair,wave1,2026-09-14,scraper,69
https://www.youtube.com/@maxcelulares,@Maxcelulares,Maxcelulares,988,52,4,Official channel of a phone/tablet repair shop stating intent to show repairs performed transparently.,reparo de placa celular,UClaIiSiDfBvRonTI1UlnnUQ,hands,phone-repair,rest1,2026-09-14,scraper,52
https://www.youtube.com/@mdphone138,@Mdphone138,Md phone,12500,308,4,"Channel explicitly states all mobile repairing videos are available, thin but directly on-topic.",تعمیر موبایل,UCJIq9qq8jeagPTyLvLKyrBg,hands,phone-repair,gray_v2,2026-09-14,scraper,308
https://www.youtube.com/@mdzaid4711,@mdzaid4711,A2Z MOBILE KARAD ,1150,68,4,"Mobile repair shop specializing in major phone brands, thin evidence but clearly repair-focused.",mobile repairing course,UCYboQZUn1hqgf-5LC6fbOkQ,hands,phone-repair,gray_v2,2026-09-14,scraper,68
https://www.youtube.com/@megarepair,@MegaRepair,Mega Repair,427,121,4,Repair shop channel dedicated to phone and tablet fixes with behind-the-scenes repair content.,tablet repair,UCl1oc0mK9pEGHNIedELSjXA,hands,phone-repair,wave1,2026-09-14,scraper,121
https://www.youtube.com/@meosuadienthoai,@meosuadienthoai,Restore Your Phone,3000,100,4,Vietnamese phone restoration channel focused on screen replacement and glass repair topics.,sửa chữa điện thoại,UCe7fCNG5saAJeyzuWzuJ_QQ,hands,phone-repair,gray_v2,2026-09-14,scraper,100
https://www.youtube.com/@mgtac,@MGTAC,Abhishek mobile care,300,172,4,"Mobile care shop channel with detailed description of screen, battery, charging and water damage repair services.",मोबाइल रिपेयरिंग,UCeYReUCga7Ui-HpLi7SBLIg,hands,phone-repair,wave1,2026-09-14,scraper,172
https://www.youtube.com/@micromobilrepairing00,@micromobilrepairing00,Micro Mobile repairing,37,151,4,"Mobile repairing channel name with no description, default score for plausible repair-focused channel.",mobile repairing course | mobile repairing hindi,UCImXryd1VbXDUppF2blI1qA,hands,phone-repair,gray_v2,2026-09-14,scraper,151
https://www.youtube.com/@minhdusuadienthoai,@minhdusuadienthoai,Minh Dự Sửa Điện Thoại,5530,161,4,"Smartphone repair technician sharing repair content and life vlogs, thin but on-topic description.",sửa chữa điện thoại,UClwKIn25OIKCa24EeOkY7Vw,hands,phone-repair,gray_v2,2026-09-14,scraper,161
https://www.youtube.com/@mjsharma6507,@mjsharma6507,Mobile relife,165,136,4,"Mobile relife channel repairs phones and glass changes, described as hand-to-hand repair service.",smartphone repair,UC9Ck8wm5lekAwczj7ZZ-nKw,hands,phone-repair,gray_v2,2026-09-14,scraper,136
https://www.youtube.com/@mk_itelnsk,@mk_itelnsk,Repair phone “i-Tel service”,143,101,4,"Phone repair service channel name, thin description but plainly on-topic.",smartphone repair,UCUkTJ4NSMogN4FnxBBKrJDA,hands,phone-repair,rest1,2026-09-14,scraper,101
https://www.youtube.com/@mkmobilesolutions,@MKmobilesolutions,MK Mobile Solutions,99,326,4,"Mobile repairing tips channel covering charging, battery, display and software faults in Hindi.",تصليح الموبايل,UCOTALSPKy4zbg6CtvjFRVlg,hands,phone-repair,rest1,2026-09-14,scraper,326
https://www.youtube.com/@mnzcommunication2707,@mnzcommunication2707,MNZ MOBILE INSTITUTE ,41500,1186,4,"Mobile institute channel name, thin generic description but plausible repair-training focus.",mobile repairing course,UCZPd17tTTMwR-Yb29VQvRkQ,hands,phone-repair,gray_v2,2026-09-14,scraper,1186
https://www.youtube.com/@mobile-engineer,@mobile-engineer,mobile engineer,991,160,4,"Experienced mobile hardware/software engineer channel, thin but clearly repair-focused description.",تعمیر موبایل,UCar3-nQiOlH1n25rH86dl7A,hands,phone-repair,gray_v2,2026-09-14,scraper,160
https://www.youtube.com/@mobile_solution_bangla4842,@mobile_solution_bangla4842,MOBILE_SOLUTION_BANGLA,12100,1326,4,"Bangla mobile hardware/software repair channel covering LCD, charging, dead repair and short problems, solid bench-repair fit.",mobile repairing bangla,UCfcdDj2_PPXM5HSG4H548cg,hands,phone-repair,wave1,2026-09-14,scraper,1327
https://www.youtube.com/@mobileclinic55,@mobileclinic55,mobile clinic,94,75,4,"Arabic iPhone repair shop describing screen, battery, back glass and camera replacement services with practical focus.",صيانة الهواتف,UCgA6msQED4f0W3x1q8xH_CA,hands,phone-repair,wave1,2026-09-14,scraper,75
https://www.youtube.com/@mobiledrdj0,@mobiledrdj0,MOBILEDRDJ,207,178,4,"Chip-level phone repair shop description covering motherboard, IC repair, flex/glass work across Android/iPhone.",phone motherboard repair,UCd5h4s8AkyE_2NUguljEZWA,hands,phone-repair,wave1,2026-09-14,scraper,178
https://www.youtube.com/@mobileeclinic,@mobileeclinic,MobileClinic,219000,621,4,Mobile repair training/clinic channel emphasizing hardware and software repair education with instructor credentials.,تعمیر موبایل,UCzl4gWnUL0oviPMEUHU-uoQ,hands,phone-repair,gray_v2,2026-09-14,scraper,621
https://www.youtube.com/@mobilefix07,@mobilefix07,mObiLe fix.official🩺,777,280,4,"Mobile fix channel dealing with all mobile issues, thin one-line description but on-topic name.",tablet repair,UCMOvW61agq7v-83sAzvi-aQ,hands,phone-repair,gray_v2,2026-09-14,scraper,280
https://www.youtube.com/@mobilehelp7,@Mobilehelp7,Mobile Repair No1,136000,1182,4,"Description emphasizes chip-level diagnostics, motherboard micro-soldering, and hardware solutions with repair case format.",phone repair | mobile repairing | smartphone repair | phone motherboard repair | micro soldering phone | chip level repairing,UCV4mAvFspwqbIp68l1NkGvg,hands,phone-repair,wave1,2026-09-14,scraper,1182
https://www.youtube.com/@mobilehospital8292,@Mobilehospital8292,@MOBILE HOSPITAL ,189,59,4,"Mobile Hospital repair service centre name/description, thin but on-topic.",मोबाइल रिपेयरिंग | mobile repairing telugu,UCCr9GJX98abmHGaazH9AVGQ,hands,phone-repair,gray_v2,2026-09-14,scraper,59
https://www.youtube.com/@mobilemasters44,@MobileMasters44,Mobile Masters,48200,1408,4,Screen/glass replacement specialist shop channel covering multiple brands including flex bonding work.,phone screen replacement,UCNfJoH32NXZG45cyBb_nibw,hands,phone-repair,wave1,2026-09-14,scraper,1408
https://www.youtube.com/@mobilephonecare01,@MobilePhoneCare01,Mobile Phone Care ,122,140,4,"Hindi channel dedicated to hardware repair topics (display, battery, charging connector) with claimed real practical videos.",mobile repairing hindi,UCtjMugY0tEhlLrvIMrthieA,hands,phone-repair,wave1,2026-09-14,scraper,140
https://www.youtube.com/@mobilephonerepairbd,@mobilephonerepairbd,Mobile Phone Repair ,93,98,4,"Bengali description describes fixing broken phones as their core service, thin but on-topic evidence.",mobile phone repair,UCwsQow73smaMFPfFRHyNhcg,hands,phone-repair,gray_v2,2026-09-14,scraper,98
https://www.youtube.com/@mobilereapiringshop,@MobileReapiringshop, sanju Mobile Reapiring shop,366,60,4,"Name indicates dedicated mobile repairing shop, thin but clear evidence.",tablet repair,UCxm0D5gTXS5LfB7fhzcu56Q,hands,phone-repair,rest1,2026-09-14,scraper,60
https://www.youtube.com/@mobilerepair-l6w,@mobilerepair-l6w,RAVI MOBILE REPAIR 1,190,69,4,"Mobile repair channel description mentions IC reball and repairing work, thin but on-topic evidence.",mobile phone repair,UCAOG5iOAanRoXOn4nBZkvcA,hands,phone-repair,rest1,2026-09-14,scraper,69
https://www.youtube.com/@mobilerepairhospitalbd,@mobilerepairhospitalbd,Mobile Repair Hospital BD,227000,868,4,"Mobile repair solution channel, thin description but plainly repair-focused.",phone repair | mobile repairing course | phone repair shop | mobile repairing bangla,UCT5hV3TdZFfcp5Qic3PLKUw,hands,phone-repair,gray_v2,2026-09-14,scraper,868
https://www.youtube.com/@mobilerepairingsikhe,@mobilerepairingsikhe,मोबाईल रिपेयरिंग सीखें ,550,83,4,"Mobile repairing teaching channel covering hardware and software, with software/unlock content diluting slightly.",मोबाइल रिपेयरिंग,UCCY_JTIUUOxbh4JwtMLyL6Q,hands,phone-repair,gray_v2,2026-09-14,scraper,83
https://www.youtube.com/@mobilerepairingtutorial,@MobileRepairingTutorial,Mobile Repairing Tutorial,63500,572,4,"Dedicated tutorial channel covering hardware and software repair across many phone brands, no titles shown.",mobile repairing | تعمیر موبایل,UCWbFVuq9hgJDX2fxIlkLLFQ,hands,phone-repair,wave1,2026-09-14,scraper,572
https://www.youtube.com/@mobilerepairteam,@MobileRepairTeam,Mobile Repair Team,1720,118,4,Tutorials on mobile phone repair for beginners with troubleshooting focus.,mobile repairing,UCUfa3aaZ9GqE8SG-r6-rX5A,hands,phone-repair,gray_v2,2026-09-14,scraper,118
https://www.youtube.com/@mobiletechnology4525,@mobiletechnology4525,AHMAD MOBILE REPAIR,505,148,4,Repair-shop style name; thin evidence but plausible phone repair channel.,phone repair,UCVu-VNy0jqhxNjb9YPNFOQA,hands,phone-repair,gray_v2,2026-09-14,scraper,148
https://www.youtube.com/@mobiletechzone986,@Mobiletechzone986,Mobile tech Zone 986,1570,414,4,"Arabic/Urdu mobile repairing channel description lists dead repair, water damage, EMMC/UFS, baseband fixes indicating hands-on bench work.",صيانة الهواتف,UCXhOmXN0kZ1VbPXnX2Ubkaw,hands,phone-repair,wave1,2026-09-14,scraper,414
https://www.youtube.com/@mostafasalama283,@mostafasalama283,مصطفى سلامه mostafa salama,483,119,4,Arabic educational channel dedicated to teaching mobile phone repair techniques to technicians.,صيانة الهواتف,UCVWqNzn95tLO1MlU3zuKi9Q,hands,phone-repair,wave1,2026-09-14,scraper,119
https://www.youtube.com/@motherboardrepairsph,@motherboardrepairsPH,Motherboard Repairs PH,2030,75,4,"Motherboard repair channel for techies, thin description but clearly board-level repair focused.",phone motherboard repair,UCqL48y5sUYq7faAeNAWCaXA,hands,phone-repair,gray_v2,2026-09-14,scraper,75
https://www.youtube.com/@mr.repairmana,@Mr.RepairManA,MR. REPAIR MAN,215,181,4,"Titles show display/glass/flex connector fixes on camera, clear phone repair evidence despite short clips.",phone motherboard repair,UCEvbBbvs0ASVyIC7Zt7JCBg,hands,phone-repair,gray_v2,2026-09-14,scraper,181
https://www.youtube.com/@mudassarmobilerepairing,@MudassarMobilerepairing,Mudassar Mobile repairing ,575,186,4,"Mobile repairing course channel name with no drift evidence, thin description.",smartphone repair | mobile repairing course,UC4P0FQXCEiW6VgU0rweMuaw,hands,phone-repair,rest1,2026-09-14,scraper,186
https://www.youtube.com/@multitechmobileinstitute,@multitechmobileinstitute,Multitech Mobile Institute,27500,567,4,"Mobile repairing institute channel with hardware and software training content, practical bench sessions implied.",mobile repairing course | laptop repair course,UCH_WP1Bp7RFuTjpb_LGi6SQ,hands,phone-repair,wave1,2026-09-14,scraper,567
https://www.youtube.com/@mygsmtools,@mygsmtools,GSM School,28300,260,4,GSM repair engineer's channel posting near-daily maintenance videos for the trade.,صيانة الهواتف | تصليح الموبايل,UCU4iBP-HDcSERroDupWlx3w,hands,phone-repair,rest1,2026-09-14,scraper,260
https://www.youtube.com/@nabdabire-g6e,@NabDabire-g6e,Dabire Réparation,757,147,4,"Explicitly repair and tutorial channel for smartphones, thin description but clearly on-topic.",réparation téléphone,UCRrcxSRHXs1ciOTlBTAu88g,hands,phone-repair,gray_v2,2026-09-14,scraper,147
https://www.youtube.com/@nandkishor_mobile,@nandkishor_mobile,Nandkishor Mobile ,6040,59,4,Mobile repair technician channel covering CPU/EMMC and soldering basics across multiple phone brands.,mobile repairing course,UCSxHma4z-_wkoL4msuJXYxA,hands,phone-repair,wave1,2026-09-14,scraper,59
https://www.youtube.com/@nas.shaikh,@nas.shaikh,Phone and Tablet Repair ,300,84,4,Phone and tablet repair channel with hardware repair hashtags covering multiple smartphone brands.,tablet repair,UCU829rdgcuWd8g31OrFWDWA,hands,phone-repair,wave1,2026-09-14,scraper,84
https://www.youtube.com/@nationalmobilerepairservice,@NationalMobileRepairService,National Mobile Repair Service Center,4760,113,4,Repair shop titles show real glass and flex cable replacement work on iPhones and Samsung folds.,mobile repairing | phone screen replacement | phone repair shop | tablet repair,UC89WEjBWJoQztmdRosoksUA,hands,phone-repair,wave1,2026-09-14,scraper,113
https://www.youtube.com/@navadurgamobilerepairkolhapur,@Navadurgamobilerepairkolhapur,Sri navadurga mobile repair ,1050,141,4,"Phone service shop listing display, battery, charging, IC and processor repair work, repair-focused description.",mobile repairing,UCWyEAbJPhghdXNhA8iAB5gg,hands,phone-repair,wave1,2026-09-14,scraper,141
https://www.youtube.com/@nkmobilerepairing,@Nkmobilerepairing,Nk mobile repairing,821,154,4,Apple and Android hardware/software training institute for mobile repairing.,mobile repairing,UCV7CLqqCvta3bSfizLFGGOg,hands,phone-repair,gray_v2,2026-09-14,scraper,154
https://www.youtube.com/@npmobileteam,@npmobileteam,Np Mobile Repair,1180,189,4,"Simple mobile repair shop name with minimal description, thin evidence but plausible bench repair channel.",mobile phone repair,UCa9ier0tZUvNq_cEQzchc7w,hands,phone-repair,gray_v2,2026-09-14,scraper,189
https://www.youtube.com/@oficialoficinadocelular,@oficialoficinadocelular,Oficina Do celular,1260000,838,4,"Phone repair shop specialized in glass replacement, thin bio but clearly repair-focused.",conserto de celular,UCY_-5EJuvC4AxT0x5gYcB8A,hands,phone-repair,gray_v2,2026-09-14,scraper,839
https://www.youtube.com/@ogbonnachinweike-c8q6y,@OgbonnaChinweike-c8q6y,Chi-Best phone Repair's. ,61,58,4,"Teaches local phone fixing, thin but plainly repair-instructional content.",phone repair,UC5YlbirpitUvmkmyFWwFt0w,hands,phone-repair,gray_v2,2026-09-14,scraper,58
https://www.youtube.com/@onmobilebharat,@onmobilebharat,On Mobile,321,339,4,"Repairs Android & iPhone plus training, though also buys/sells used phones as side business.",mobile phone repair,UCk03H0oMLLIIAiUSVJkoRoQ,hands,phone-repair,gray_v2,2026-09-14,scraper,339
https://www.youtube.com/@pankajkushwaha,@pankajkushwaha,Pankaj Kushwaha,613000,3823,4,"Mobile repairing institute with explanation titles like charging section, practical training focus.",mobile repairing | mobile repairing course | mobile repairing hindi | मोबाइल रिपेयरिंग | mobile repairing urdu,UCKWceoSxoHneDL3ZRDnwgjg,hands,phone-repair,gray_v2,2026-09-14,scraper,3824
https://www.youtube.com/@pathesmobilefixpro,@PathesMobileFixPro,Pathes Mobile Fix Pro ,849,79,4,"Mobile fix channel with personal style content, thin evidence but name/handle point to repair focus.",phone motherboard repair,UCIn3aFuYceuGRiN14nqq8JA,hands,phone-repair,gray_v2,2026-09-14,scraper,79
https://www.youtube.com/@phonefixing4537,@phonefixing4537,Phone Fixing,2250,145,4,"Mobile repair channel covering LCD, charging, screen and battery replacement solutions.",phone screen replacement | صيانة الهواتف | تعمیر موبایل,UCVGmnE80taVf6OnP5JRGfpQ,hands,phone-repair,gray_v2,2026-09-14,scraper,145
https://www.youtube.com/@phonefixokinawa,@PhoneFixOkinawa,Phone Fix Okinawa,83,96,4,"Repair shop channel claiming real repair videos of smartphones, though marketing-heavy description.",phone screen replacement,UCrImZQa7qajGiQhTbujB_Pw,hands,phone-repair,wave1,2026-09-14,scraper,96
https://www.youtube.com/@phonehospitalshop,@PhoneHospitalshop,Phone Hospital,60,165,4,Repair shop channel showing real screen replacements and micro-soldering across phones and other devices.,micro soldering phone,UCwEqoiVPJqojGKzft_zxQmg,hands,phone-repair,wave1,2026-09-14,scraper,165
https://www.youtube.com/@phonerepairmaster9787,@phonerepairmaster9787,Phone Repair Master,8470,320,4,"Screen and battery replacement tutorials, tips and tricks format for phone repair.",phone repair | mobile phone repair | cell phone repair | صيانة الهواتف | تعمیر موبایل,UCP4VRXTdXd407nam0MLD3ug,hands,phone-repair,gray_v2,2026-09-14,scraper,320
https://www.youtube.com/@phonerepairtraining5708,@phonerepairtraining5708,FRED PHONE REPAIR TRAINING,126,120,4,"Phone repair training channel name with only a contact number, thin evidence but clearly on-topic.",smartphone repair,UCOBXD5ChKx7V8mqu-ZTsUoA,hands,phone-repair,gray_v2,2026-09-14,scraper,120
https://www.youtube.com/@phulpurmobileworld2.0,@PhulpurMobileWorld2.0,Mobile World Phulpur,1910,115,4,Bangla mobile repairing tutorial channel with business tips and tool pricing content mixed in.,mobile repairing bangla,UCFwc9CxSLkTV-1SgORrIsFQ,hands,phone-repair,wave1,2026-09-14,scraper,115
https://www.youtube.com/@pkmzp9335,@PKMZP9335, PK mobile repairing centre MZP,172,65,4,"Named mobile repairing centre shop, thin evidence but clearly repair-focused.",मोबाइल रिपेयरिंग,UCqE6xQ2CGyMIMY2ePjkTYow,hands,phone-repair,rest1,2026-09-14,scraper,65
https://www.youtube.com/@pranajaservicehp,@PranajaServiceHp,Pranaja Service Hp,27200,510,4,Cellphone service channel description details hardware and software repair sharing with practical technician experience.,servis hp,UC_wLUEREK8xHKyESVoHI7Rw,hands,phone-repair,wave1,2026-09-14,scraper,510
https://www.youtube.com/@ptcstudioofficial,@ptcstudioofficial,PTC Studio,1400,165,4,Phone repair shop channel in Australia; thin description but clearly repair-focused with no signs of drift.,phone screen replacement,UC_9w70vrwOL6RHwS9q677IA,hands,phone-repair,gray_v2,2026-09-14,scraper,165
https://www.youtube.com/@qtek_mobiles,@Qtek_mobiles,QTEK MOBILES,645,53,4,"Mobile repair and training center channel, name signals hands-on repair bench content.",mobile repairing tamil,UCDHbSqGYBqQfLKOujXiNiiA,hands,phone-repair,wave1,2026-09-14,scraper,53
https://www.youtube.com/@r.kmobileinstitute,@r.kmobileinstitute,R.k Mobile Institute (Shyam Sir),1950,142,4,"Mobile and laptop repairing institute emphasizing full practical training, business-style description.",mobile repairing course,UCPakzYoQcUtoP5b7E5auByA,hands,phone-repair,wave1,2026-09-14,scraper,142
https://www.youtube.com/@radhemobilerepairingzone,@radhemobilerepairingzone,Radhe Mobile APR,524,204,4,"A to Z mobile repairing zone claiming to solve all problems, business-toned but repair-focused.",smartphone repair,UCSem11cijXKPwku9Sve1urw,hands,phone-repair,gray_v2,2026-09-14,scraper,204
https://www.youtube.com/@radnusmobiletrainingcenter3334,@radnusmobiletrainingcenter3334,Radnus Mobile Training Center,1620,259,4,Established mobile training institute with hands-on repair courses and certifications across Tamil Nadu.,mobile repairing tamil,UCtaiLSb5RgPjqoJQwAg2-nA,hands,phone-repair,wave1,2026-09-14,scraper,259
https://www.youtube.com/@ramanmobilerepair,@RamanMobileRepair,mobile world,3160,290,4,"Hindi mobile repair channel describing specific tasks: jack, mic, IC, display, touch, battery, body replacement.",صيانة الهواتف | تعمیر موبایل,UCLJBjnWtdHWql6LmTIY-etw,hands,phone-repair,wave1,2026-09-14,scraper,290
https://www.youtube.com/@razamobilelab,@RazaMobilelab,Raza Mobile Lab,7030,109,4,"Mobile repair lab specializing in IC issues, description indicates hands-on hardware repair focus.",mobile repairing hindi | mobile repairing urdu,UC74GdePV_XVglJQyYoA3b7A,hands,phone-repair,trial100,2026-09-14,scraper,109
https://www.youtube.com/@rdmobilerepair937,@rdmobilerepair937,RD Mobile repair,121,100,4,"Repair center description covering glass, body, display change for Android and iPhone with specialist focus.",smartphone repair,UCn_GoyV54G_4d6boSlC4FCw,hands,phone-repair,wave1,2026-09-14,scraper,100
https://www.youtube.com/@receponurgencce,@Receponurgencce,RECEP ONUR ,359,102,4,Turkish mobile repair channel with contact-focused description but clearly about phone repair work.,telefon tamiri,UCm7rcNv469jJlSMZr6m6yGQ,hands,phone-repair,gray_v2,2026-09-14,scraper,102
https://www.youtube.com/@redmovil%c3%9abeda,@REDMOVIL%C3%9ABEDA,LA TIENDA DEL MÓVIL,1670,82,4,"Repair shop description covering diagnostics, micro-welding and motherboard failures across major brands.",reparo de placa celular,UCM_fcwIhU3vTNla48AayBjg,hands,phone-repair,rest1,2026-09-14,scraper,82
https://www.youtube.com/@remteltagil,@RemTelTagil,Repair phone NT,147,54,4,"Repair shop channel with titles showing case removal, cover disassembly and charging port desoldering.",smartphone repair,UC689nZ6rUOJ6hukmY_tVXaQ,hands,phone-repair,wave1,2026-09-14,scraper,54
https://www.youtube.com/@repairifavone,@repairifavone,Repair Ifavone,4840,1095,4,"iPhone repair specialist channel, thin one-line description but clearly repair-focused.",réparation téléphone,UCkmfurxGbezvid2dXISZc7Q,hands,phone-repair,rest1,2026-09-14,scraper,1095
https://www.youtube.com/@repairingwithus,@repairingwithus,REPAIRING WITH US ,341000,194,4,Repair-focused channel promising 'daily repair mini vlogs' and 'long tech repair videos from damage to perfection'.,mobile repairing hindi,UCpjF3yiOjfETsXnaX2o0duA,hands,phone-repair,wave1,2026-09-14,scraper,194
https://www.youtube.com/@repairit55,@repairit55,SM Mobile Repair,321,92,4,"Mobile repair teaching channel with disclaimer some videos are just entertainment, mostly on-topic.",تعمیر موبایل,UCUK3qtMOLE5CjtB9p1BmuYg,hands,phone-repair,rest1,2026-09-14,scraper,92
https://www.youtube.com/@repairomatic,@repairomatic,Repairomatic,2060,71,4,"Dedicated repair tutorial channel covering phone, tablet and computer repair topics.",tablet repair | computer repair,UCMQkJ4K1pWd8InDY90DUTNA,hands,phone-repair,wave1,2026-09-14,scraper,71
https://www.youtube.com/@repairservice,@REPAIRSERVICE,REPAIR SERVICE,17400,55,4,"Dedicated channel for repairing phones, tablets and laptops, thin but clearly on-topic description.",tablet repair,UCA3P0AMm-12jz2QPm_uKE1w,hands,phone-repair,gray_v2,2026-09-14,scraper,55
https://www.youtube.com/@repairsmartphonee,@repairsmartphonee,Repair Smartphone,345,60,4,"Repair Smartphone channel name with generic Indonesian greeting, thin but plausible on-topic evidence.",smartphone repair,UCMAFCONRWDzfS-6liDqi9Kw,hands,phone-repair,gray_v2,2026-09-14,scraper,60
https://www.youtube.com/@repairustaad,@Repairustaad,Repair ustaad 📱,1160,54,4,"Repair-themed name with no description, default thin-evidence repair channel score.",smartphone repair,UClVLf66cGDBDzjRF0mveJPg,hands,phone-repair,rest1,2026-09-14,scraper,54
https://www.youtube.com/@repairxperttrainingservice,@RepairXpertTrainingService,RepairXpert Training & Service Center,111,135,4,"Mobile repairing training center with tutorials and repairing tips, thin but on-topic evidence.",chip level repairing,UC5vA3Ot0bEzgsxTtPrptzLQ,hands,phone-repair,gray_v2,2026-09-14,scraper,135
https://www.youtube.com/@reparacion_movil_sanchez,@reparacion_movil_sanchez,Reparación móvil Sánchez,136,85,4,"Channel dedicated to professional mobile device repair, thin but clearly on-topic description.",reparación de móviles,UCMeT0npqb5GVZFZMlaQhdKA,hands,phone-repair,gray_v2,2026-09-14,scraper,85
https://www.youtube.com/@reparingvideos,@Reparingvideos,Sudheer Mobile Repairing ,130,69,4,"Sudheer Mobile Repairing channel with repair hashtags for all Android devices, thin but on-topic evidence.",smartphone repair,UClIiWCqWzjcCTu7Yehw9LQA,hands,phone-repair,gray_v2,2026-09-14,scraper,69
https://www.youtube.com/@reworkmobile5553,@reworkmobile5553,Rework Mobile,2900,178,4,Complex mobile device repair and screen glass replacement channel with 5+ years experience claimed.,تصليح الموبايل,UCZsNaSIkNsbQrJoogqYjWsw,hands,phone-repair,wave1,2026-09-14,scraper,178
https://www.youtube.com/@rim-mobile,@RIM-mobile,RIM mobile,10800,462,4,Network connecting professional phone technicians with learning-focused repair video content.,reparación de móviles,UCDWp8bIu9aYW4j3cIHCQ6UA,hands,phone-repair,rest1,2026-09-14,scraper,462
https://www.youtube.com/@rinkumobilerepairingtechni9175,@rinkumobilerepairingtechni9175,rinku mobile repairing technical spn,529,287,4,"Mobile repairing technical channel name with generic thanks message, thin evidence but on-topic name.",smartphone repair,UCU6nYzdg8zvexH3300fV-6A,hands,phone-repair,gray_v2,2026-09-14,scraper,287
https://www.youtube.com/@rizwansialgsm,@rizwansialgsm,Rizwan Sial Gsm,30800,216,4,"Mobile repairing training channel covering hardware and software faults, thin evidence but on-topic name/desc.",mobile repairing,UCO0qqR9GY4BnP6wDKjqbXnA,hands,phone-repair,gray_v2,2026-09-14,scraper,216
https://www.youtube.com/@rjdmobilerepairing-ip5to,@RJDMOBILEREPAIRING-ip5to,RJD MOBILE REPAIRING,146,139,4,Plain mobile repairing shop name with thin but on-topic description.,smartphone repair,UC4skWKHdUDH3WLl5ER6I_Wg,hands,phone-repair,rest1,2026-09-14,scraper,139
https://www.youtube.com/@rkmobilerepairingsolution6435,@rkmobilerepairingsolution6435,rk mobile repairing solution,162000,2181,4,"Named mobile repairing solution channel with sparse business-card-style description, thin repair evidence.",mobile repairing,UCGO2bT8o0W8qYzV0qFyENBw,hands,phone-repair,rest1,2026-09-14,scraper,2181
https://www.youtube.com/@rmbmobilerepair7227,@rmbmobilerepair7227,RMB MOBILE REPAIR,4140,82,4,"Named mobile repair channel with phone numbers only, thin evidence but clearly repair-focused.",صيانة الهواتف | تعمیر موبایل,UCvZzA9ZZQrazcbnDXh20AXA,hands,phone-repair,gray_v2,2026-09-14,scraper,82
https://www.youtube.com/@rmmobilerepair,@RMmobileRepair,RM Mobile-Repair,224,105,4,"Repair-named channel, thin motivational description but plausibly hands-on repair.",mobile repairing,UCWtTHHs9EfJcDsArQzfs3qA,hands,phone-repair,gray_v2,2026-09-14,scraper,105
https://www.youtube.com/@rmrepairingd1750,@rmrepairingd1750,RM Repairing D,809,201,4,"Named RM Repairing D channel, thin evidence but clearly repair-focused branding.",mobile repairing tamil | mobile repairing telugu,UCRcjEh0HrbrxylxiXEuCBAA,hands,phone-repair,rest1,2026-09-14,scraper,201
https://www.youtube.com/@rnmobilesolution12,@Rnmobilesolution12,RN MOBILE SOLUTION,1850,166,4,"Mobile repair training institute channel, thin evidence but name/description point to repair courses.",mobile repairing course,UCTG7NzG8UBEuj6sYDGy-H2A,hands,phone-repair,gray_v2,2026-09-14,scraper,166
https://www.youtube.com/@s%e1%bb%ada%c4%90i%e1%bb%87ntho%e1%ba%a1ihn,@S%E1%BB%ADa%C4%90i%E1%BB%87nTho%E1%BA%A1iHN,Sửa Táo 24H,124,241,4,Apple device repair shop that also shares screen replacement/camera check tutorials on YouTube.,sửa chữa điện thoại,UC_Zq0vUUkkHPeieZ5YXK-MQ,hands,phone-repair,gray_v2,2026-09-14,scraper,241
https://www.youtube.com/@s.g.mobilesolution9491,@s.g.mobilesolution9491,s.g.mobile solution,317,82,4,"Simple 'all mobile repair solution' bio, thin but clearly phone repair focused.",मोबाइल रिपेयरिंग,UCZku5lJH9bAXHOo5BBhH4eA,hands,phone-repair,gray_v2,2026-09-14,scraper,82
https://www.youtube.com/@sachi.mobile,@Sachi.mobile,Sachi mobile repair,229,52,4,"Description lists specific screen, flex and glass repair services for phones with shop contact info.",mobile repairing | phone screen replacement,UC9I2XMusHVKHMYUgkTjb5Bg,hands,phone-repair,rest1,2026-09-14,scraper,52
https://www.youtube.com/@saddammobileservice,@saddammobileservice,Saddam mobile Repair,20100,313,4,"20-year mobile repair service teaching repairing classes, strong repair-shop background though no titles shown.",mobile repairing | मोबाइल रिपेयरिंग,UChyd5L6zXnuXpeknZKSHUFg,hands,phone-repair,wave1,2026-09-14,scraper,313
https://www.youtube.com/@sahulmobilerepair,@Sahulmobilerepair,Sahul Vlog1,1010,178,4,"Repair shop vlog channel showing display/battery replacement, micro-soldering and short circuit tracing on camera.",micro soldering phone,UCeM-0NFiIjljP8pX_yOpSHw,hands,phone-repair,wave1,2026-09-14,scraper,178
https://www.youtube.com/@saidtaghzout7377,@saidtaghzout7377,تعليم صيانة الهاتف Said Taghzout,20100,225,4,"Named for teaching phone repair, thin evidence but plainly a repair education channel.",صيانة الهواتف,UCKupg7p7Rd_6Wc6dNpAQV2Q,hands,phone-repair,gray_v2,2026-09-14,scraper,225
https://www.youtube.com/@saigmobilerepair3388,@saigmobilerepair3388,Sai G Mobile Repair,6470,262,4,"Mobile repair shop channel specializing in glass change with direct contact info, real repair focus implied.",phone repair | smartphone repair,UCYT-FiWMEGROAZ2tdR0Wq6Q,hands,phone-repair,wave1,2026-09-14,scraper,262
https://www.youtube.com/@sanaullah-wd8gb,@sanaullah-wd8gb,Cell phone repair @,1830,74,4,Cell phone repair channel name with minimal description mentioning phone replacement work.,phone repair | cell phone repair | tablet repair,UCzk3SHJpycYdM0b_hSPgHLw,hands,phone-repair,rest1,2026-09-14,scraper,74
https://www.youtube.com/@sandeepbind07,@sandeepbind07,Sandeep Mobile Repairing ,7640,176,4,Name indicates mobile repairing channel with minimal but on-topic bio.,mobile repairing hindi,UCfROctrBoYzQzEYleUFW1uQ,hands,phone-repair,gray_v2,2026-09-14,scraper,176
https://www.youtube.com/@sandeepmobile2,@sandeepmobile2,sandeepmobile,13400,414,4,"Mobile repairing tips channel, thin evidence but clearly on-topic.",मोबाइल रिपेयरिंग,UCYl9Wnxhfs8Wox_ETh2GvPw,hands,phone-repair,gray_v2,2026-09-14,scraper,414
https://www.youtube.com/@santoseagleteam,@santoseagleteam,Santos Eagle Team CPU Champion 2025,27800,481,4,"Board-level micro-soldering champion, technique-focused with course promotion, thin but strong repair signal.",reparo de placa celular,UCHJJZpHQ638_jU45g5Mr5lQ,hands,phone-repair,gray_v2,2026-09-14,scraper,481
https://www.youtube.com/@sashaservice,@sashaservice,Ремонт телефонов и другой электроники,143,117,4,Russian phone/electronics repair service channel documenting real repair jobs from their shop.,ремонт телефонов,UCvTB1IK6cHI9ZgIvEDn0xVA,hands,phone-repair,wave1,2026-09-14,scraper,117
https://www.youtube.com/@sbmobilerepair2,@sbmobilerepair2,SB MOBILE REPAIR,2010,57,4,Mobile repair shop channel name with thin one-line description naming the repair trade.,phone repair | mobile phone repair,UCFZ4ldGFFoiL-bU7OSSwWyA,hands,phone-repair,rest1,2026-09-14,scraper,57
https://www.youtube.com/@screenfixer,@ScreenFixer,Screen Fixer,131000,3036,4,Repair training institute with IC-level diagnosis title showing practical dead phone repair steps.,mobile repairing | mobile repairing course | watch repairing course,UCOKN7k4kE7P7K8B1HN2nhjg,hands,phone-repair,wave1,2026-09-14,scraper,3036
https://www.youtube.com/@servicehp86,@servicehp86,Channel service hp,3930,535,4,Dedicated phone service channel sharing tricks and knowledge about electronic repair.,servis hp,UCm2xbkQ__NKjV04TLrJgxwQ,hands,phone-repair,rest1,2026-09-14,scraper,535
https://www.youtube.com/@setiacell_service_hp_354,@setiacell_service_hp_354,service hp 354,3520,191,4,"Experienced cellphone repair channel with tutorials on fixing damaged phones, 15 years experience claimed.",servis hp,UCTe6wy2htkNbP8AfVjLZlCw,hands,phone-repair,rest1,2026-09-14,scraper,191
https://www.youtube.com/@shaanmallick81,@shaanmallick81,Phone Fix ,740,97,4,"Phone fix shop offering online/offline repairing courses, thin evidence but clearly repair-focused.",mobile repairing course,UCZ9VXmtgx70EEwNiK63Lsqw,hands,phone-repair,gray_v2,2026-09-14,scraper,97
https://www.youtube.com/@shankarmobil,@Shankarmobil,Shankar mobile ,631,212,4,"Detailed repair centre description listing display, battery, charging, motherboard/IC repairs.",मोबाइल रिपेयरिंग,UCGnTRy3YRpuqOnFEkqFeneg,hands,phone-repair,gray_v2,2026-09-14,scraper,212
https://www.youtube.com/@shujaatmobilerepering,@ShujaatMobileRepering,Shujaat mobile repering 👍,1520,757,4,Phone repair channel covering multiple brands and both keypad and touch device repairs.,تعمیر موبایل,UCwz0jKWvoMi53W-T-wt_1tA,hands,phone-repair,rest1,2026-09-14,scraper,757
https://www.youtube.com/@shujahmobilelabgujratshuja4431,@shujahmobilelabgujratshuja4431,Shujah Mobile repairing Lab iPhone Shujah,389,93,4,"Mobile repairing lab name with location, thin evidence but clearly a repair shop channel.",iPhone repair | mobile repairing hindi | mobile repairing urdu,UC5-qF7bQh88N5H45a-1ibNw,hands,phone-repair,rest1,2026-09-14,scraper,93
https://www.youtube.com/@siddhimamobilecare,@SiddhimaMobileCare,Siddhima Mobile ,247,99,4,"Mobile repair care channel teaching hardware and software tricks, thin but repair-focused.",mobile repairing course,UC6KE2ajrXwINgB5k2yEBXQQ,hands,phone-repair,gray_v2,2026-09-14,scraper,99
https://www.youtube.com/@sikandarbhardwaj-y4s,@SikandarBhardwaj-y4s,Sikandar mobile repairing,185,132,4,"Repair shop titles show combo/back panel and display changes on various phones, hands-on bench work.",mobile repairing,UCWi-yP8in6dl7JifzLHJa5g,hands,phone-repair,wave1,2026-09-14,scraper,132
https://www.youtube.com/@sikhomobilerepair,@SikhoMobileRepair,Sikho Mobile Repair,102,54,4,Mobile repair service channel name/handle plainly on-topic despite thin one-line description.,tablet repair,UCY3t3HTVR2QhsSjjpX6W6NQ,hands,phone-repair,gray_v2,2026-09-14,scraper,54
https://www.youtube.com/@siva.mobileservice,@Siva.mobileservice,Siva mobile service,1980,328,4,"Mobile repair expert channel for iPhone and Android, thin one-line bio pointing at repair work.",tablet repair,UCLUAZh5ZH-q997gPExjxoAA,hands,phone-repair,gray_v2,2026-09-14,scraper,328
https://www.youtube.com/@sk.mobilecarephone,@sk.mobilecarephone,📲 Sk.mobile care 🛠️,1190,187,4,"Mobile care shop description listing display, camera, charging, motherboard, battery, and back glass repair services.",phone motherboard repair,UCqN5Rvrcw4bzqDbio1B6jVA,hands,phone-repair,wave1,2026-09-14,scraper,187
https://www.youtube.com/@skmobile59,@skmobile59,MOBILE REPAIRING 🤳,196,73,4,"Titles show real phone screen, lens and back panel replacements across multiple brands.",mobile repairing,UCUqsPgV5gywiC6E9quah4PA,hands,phone-repair,wave1,2026-09-14,scraper,73
https://www.youtube.com/@smart_tech0037,@smart_tech0037,smart_tech0037,24,80,4,Titles show button and part replacement repair vlogs on real phones with hands-on framing.,phone motherboard repair,UCX-V-xim0iCAmwkSQSnFpOg,hands,phone-repair,wave1,2026-09-14,scraper,80
https://www.youtube.com/@smartfixcare,@Smartfixcare,SMART FIX,147,80,4,"Telugu mobile repair channel focused on charging, display and dead phone hardware/software solutions.",mobile repairing telugu,UCIQHASAuN-3a8PNCF8RtdNg,hands,phone-repair,wave1,2026-09-14,scraper,80
https://www.youtube.com/@smartmobilesolution01,@smartmobilesolution01,Smart Mobile Solution,37900,451,4,"Mobile repair training channel focused on motherboard repair skills, description points to hands-on course content.",mobile repairing | phone motherboard repair | mobile repairing course | chip level repairing | mobile repairing hindi,UCb5n-bErJxuwQOf1sU6Lx9Q,hands,phone-repair,gray_v2,2026-09-14,scraper,451
https://www.youtube.com/@smartphoneclinic-h9u,@SmartPhoneClinic-h9u,Smart Phone Clinic 🔧📱,202,92,4,"Shorts showing real repair fixes (charging jumpers, screen light, SIM removal) on camera.",smartphone repair,UCKtr-E9OmSGawm6eJr77IcQ,hands,phone-repair,rest1,2026-09-14,scraper,92
https://www.youtube.com/@smartphonerepairspecialist8836,@smartphonerepairspecialist8836,Smartphone Repair Specialist,1340,123,4,"Smartphone Repair Specialist name with vague description about sharing knowledge, thin repair-focused evidence.",smartphone repair,UCLij5Bo1fUscE5lMWKZkCYw,hands,phone-repair,gray_v2,2026-09-14,scraper,123
https://www.youtube.com/@smscellrepairs,@smscellrepairs,SMS Cellphone Repair Shop,970,180,4,Cell phone repair shop channel explicitly showing cracked phone restoration process.,phone repair shop,UCdjhB_bXFtYn51jUwqVPnjA,hands,phone-repair,wave1,2026-09-14,scraper,180
https://www.youtube.com/@solucionesvirtualescellsta9020,@solucionesvirtualescellsta9020,SOLUCIONES VIRTUALES CELLSTAR,381,114,4,"Virtual classes teaching mobile phone repair, practical training-focused channel.",microsoldadura celulares,UCds2VPCwKuMi42Q9MKL_wOg,hands,phone-repair,gray_v2,2026-09-14,scraper,114
https://www.youtube.com/@sp-rh,@SP-RH,SmartPhone Repair Hub,8630,189,4,"Mobile repairing passion statement, thin but clearly on-topic repair channel.",smartphone repair,UCMh1quaqXO21fC723ORxiCQ,hands,phone-repair,rest1,2026-09-14,scraper,189
https://www.youtube.com/@srinivasamobilefix,@srinivasamobilefix,Srinivasa mobile fix,2100,203,4,Chip-level repair shop description with CPU/RAM/IC repair and dead mobile recovery across brands.,chip level repairing,UCS23GQKLeNO3SkqDrT0B8Lw,hands,phone-repair,wave1,2026-09-14,scraper,203
https://www.youtube.com/@srkmobilefix24,@srkmobilefix24,Srk mobile fix,3700,50,4,Name and description point directly at mobile disassembly/assembly repair work.,تعمیر موبایل,UCfiG3T4AYk-FdhDeIx3Y9Ag,hands,phone-repair,gray_v2,2026-09-14,scraper,50
https://www.youtube.com/@srmmobileservice,@SRMMOBILESERVICE,SRM MOBILE SERVICE,302,51,4,SRM Mobile Service channel description states videos are about mobile service work.,smartphone repair,UCPwDXp6XAVYrbvALwgUgIfQ,hands,phone-repair,gray_v2,2026-09-14,scraper,51
https://www.youtube.com/@stellartechrepair,@StellarTechRepair,Stellar Tech Repair,2310,361,4,"Board-level repair specialist for iPhone, Macbook and Android with data recovery focus, no confirming titles but strong description.",phone screen replacement | iPad repair,UCO6mp0l6iKz7xUnFOmqswTw,hands,phone-repair,wave1,2026-09-14,scraper,361
https://www.youtube.com/@stephenfixit,@StephenFixit,"MADHA MOBILES, GINGEE ",163,55,4,"Chip Level Service named mobile shop, thin description but clearly board-level repair focus.",mobile repairing tamil,UCF93LIpyOGETjFWRkumX2WQ,hands,phone-repair,rest1,2026-09-14,scraper,55
https://www.youtube.com/@suachuaepkinhienthoai7608,@suachuaepkinhienthoai7608,"sửa chữa, ép kính điện thoại",247,70,4,Channel focused on basic phone screen replacement and glass lamination tutorials.,sửa chữa điện thoại,UC-Hct3ABXHTmLsg-kV6146g,hands,phone-repair,rest1,2026-09-14,scraper,70
https://www.youtube.com/@sumanthmobilerepairtelugu,@SUMANTHMOBILEREPAIRTELUGU,SUMANTH MOBILE REPAIR TELUGU,503,354,4,Telugu mobile/tablet repair channel focused on problem-solving tips and repair processes across brands.,smartphone repair | mobile repairing telugu,UCfZlEV_8JSQS_XHZ2G7lSZA,hands,phone-repair,wave1,2026-09-14,scraper,354
https://www.youtube.com/@sunnypointpresent,@sunnypointpresent,SUNNY POINT PRESENT,320000,395,4,"Description targets mobile technicians and servicing knowledge, plausible bench repair channel.",mobile repairing bangla,UCKy-a0zMgDeOWIA8zkR4pQQ,hands,phone-repair,rest1,2026-09-14,scraper,395
https://www.youtube.com/@t%c3%a9cnicacelulares,@T%C3%A9cnicaCelulares,Technical Phones,49300,335,4,"Phone repair channel focused on fix steps and tutorials, likely hands-on micro-soldering work.",microsoldadura celulares,UCPQOsHn62OUlFjEtgS8Lufw,hands,phone-repair,wave1,2026-09-14,scraper,335
https://www.youtube.com/@tahseenteam,@tahseenteam,TAHSEEN TEAM,70600,343,4,"Large mobile repair training/course channel with strong repair-focused description, likely practical bench content.",صيانة الهواتف,UCzfOMfln1BeeudX32N586-w,hands,phone-repair,wave1,2026-09-14,scraper,343
https://www.youtube.com/@takecarelife,@takecarelife,ซ่อมมือถือ เชียงใหม่,203,97,4,"Phone repair shop in Chiang Mai detailing screen, battery, charging port and camera fixes.",ซ่อมมือถือ,UCp0388gi6AyppUVJZwlK6YA,hands,phone-repair,rest1,2026-09-14,scraper,97
https://www.youtube.com/@tech-knowledgee-india,@Tech-knowledgee-india,Tech-knowledgee-india,506,221,4,"Smartphone service technician's channel for educational repair content, thin but relevant.",mobile repairing tamil,UCyxlcOeq_oECALNMSVGQ3sA,hands,phone-repair,rest1,2026-09-14,scraper,221
https://www.youtube.com/@techmoderepair6514,@techmoderepair6514,TechMode Repair,234,135,4,"Named for motherboard repair, shop channel filming everyday repairs, fits phone/board-level work well.",phone motherboard repair,UC5Efk7VI_1hiSjDG116j3YA,hands,phone-repair,wave1,2026-09-14,scraper,135
https://www.youtube.com/@technicalmobilerepair8056,@technicalmobilerepair8056,Technical Mobile Repair,104,57,4,"Plain mobile repairing channel name, thin evidence but clearly on-topic.",mobile repairing,UCkGvcuEom7ZJGxUdFzT6ntQ,hands,phone-repair,gray_v2,2026-09-14,scraper,57
https://www.youtube.com/@techtomer,@techtomer,Tech Tomer,46800,131,4,"Motherboard repair-focused channel description covering phones, tablets and laptops for technicians and customers.",phone motherboard repair,UCNS86FLlSQacSxk852wnqfQ,hands,phone-repair,wave1,2026-09-14,scraper,131
https://www.youtube.com/@tecnoothoficial,@TecnooTHOficial,Tecnoo TH Oficial,1650,132,4,"Electronics technician channel offering free courses and content for repair technicians, thin but relevant.",microsoldadura celulares,UCPC2NneQ0lyPNu3-LWl3ueg,hands,phone-repair,gray_v2,2026-09-14,scraper,132
https://www.youtube.com/@telefonkuryen,@telefonkuryen,iPhone Telefon Tamiri | TelefonKuryen®,637,705,4,"iPhone repair shop service listing screen, battery, motherboard, charging port and glass replacement with same-day repair.",telefon tamiri,UCcTLjEfMTg8obvi6lVRPErQ,hands,phone-repair,wave1,2026-09-14,scraper,705
https://www.youtube.com/@telefonterbiyecisi,@TelefonTerbiyecisi,TELEFON TERBİYECİSİ,13700,287,4,"Long-running phone repair shop detailing screen, battery, software and network fault fixes.",telefon tamiri,UCbR3Cq-yffUU-bVJSXstY8g,hands,phone-repair,rest1,2026-09-14,scraper,287
https://www.youtube.com/@thanhhungmobilevn,@ThanhhungmobileVn,Maxmobile sửa chữa điện thoại,4040,192,4,Official repair channel of a mobile repair/retail business posting repair and parts replacement videos.,sửa chữa điện thoại,UCMc1EYSHkcLRyAIfFhJOAug,hands,phone-repair,wave1,2026-09-14,scraper,192
https://www.youtube.com/@thanhsangsmartphone,@Thanhsangsmartphone,Sửa Chữa Smartphone24h,2180,71,4,"Shop description details glass lamination, screen and battery replacement and hardware repair services.",sửa chữa điện thoại,UCiFHN9zfEstLU6Y45AkjXIA,hands,phone-repair,wave1,2026-09-14,scraper,71
https://www.youtube.com/@thebharatmobile,@thebharatmobile,The bharat mobile,3820,292,4,Mobile phone technology institute for repair training with clear address and contact for courses.,mobile repairing course,UCTmsxvCCwQd13USP_IjegeQ,hands,phone-repair,rest1,2026-09-14,scraper,292
https://www.youtube.com/@thefixpro.mobilerepairing,@TheFixPro.MobileRepairing,The FixPro Mobile Repairing,2420,62,4,"Mentions advanced repairing with microscope alongside accessories/glass sales, hands-on repair implied.",mobile repairing,UCpjnQnfk9WfoGekssuvms3w,hands,phone-repair,gray_v2,2026-09-14,scraper,62
https://www.youtube.com/@thiagocellpb,@thiagocellpb,Thiago Cell técnico em Celulares,705,106,4,Technician bio for board recovery and glass replacement on Android/Apple devices.,reparo de placa celular,UCju3p0IDrEgWhq5O2yQua8w,hands,phone-repair,rest1,2026-09-14,scraper,106
https://www.youtube.com/@thpanmobile,@THPanmobile,thpan mobile,95,68,4,"Phone repair shop hashtags cover screen, battery and back cover replacement work.",sửa chữa điện thoại,UC4xi8DKipnQdysR4-WQq8LQ,hands,phone-repair,wave1,2026-09-14,scraper,68
https://www.youtube.com/@totaltechrepairs,@TotalTechRepairs,Total Tech Repairs,789,68,4,iPad repair focused channel name with 'Daily Repairs' tagline suggesting regular hands-on repair content.,iPad repair,UCgF2lzi8utWrwEvb6ysUQ-g,hands,phone-repair,wave1,2026-09-14,scraper,68
https://www.youtube.com/@tutorialesdereparaciondece8226,@tutorialesdereparaciondece8226,Tutoriales de Reparación de Celulares y Smartphone,1140,57,4,Cellphone repair training institute channel emphasizing practical hands-on technical certification courses.,reparación de celulares | reparación de móviles,UCpCjl3gO10tkoagr6_1ojUw,hands,phone-repair,rest1,2026-09-14,scraper,57
https://www.youtube.com/@udaroomobile,@UdarooMobile,Udaroo Mobile,238,98,4,"Mobile phone and computer repair channel, thin evidence but plainly repair-focused name and bio.",tablet repair,UCoQE5H_p76uLVbigOELIdvQ,hands,phone-repair,gray_v2,2026-09-14,scraper,98
https://www.youtube.com/@ultimatemobilerepair1161,@ultimatemobilerepair1161,ultimate mobile repair,1870,91,4,"Hardware and software repairing tips channel, phone repair focused.",mobile repairing,UCJYmfVfTIKpUVpaE2gQqcwg,hands,phone-repair,gray_v2,2026-09-14,scraper,91
https://www.youtube.com/@unionrepair01,@unionrepair01,UNION REPAIR ,47300,662,4,"Channel explicitly teaches mobile, tablet and laptop repair in simple steps, fits topic well despite some laptop overlap.",phone motherboard repair,UCeEXV0mVqZHX0Mx-G2SJADA,hands,phone-repair,wave1,2026-09-14,scraper,662
https://www.youtube.com/@unlockfone,@unlockfone,อันล็อคโฟน ซ่อมมือถือ ภูซาง เชียงคำ,460,174,4,"Phone/tablet/laptop repair shop covering all fault types, thin description but clearly repair-focused.",ซ่อมมือถือ,UCSRusjDZsT-1Cn-ngVsn4vA,hands,phone-repair,gray_v2,2026-09-14,scraper,174
https://www.youtube.com/@up__053,@up__053,adarsh mobile,258,68,4,"Adarsh Mobile Touch Solution focuses on glass/touch screen repair, thin but on-topic evidence.",smartphone repair | tablet repair,UC5RaMKYzZAEmiP-l2TDeVaQ,hands,phone-repair,gray_v2,2026-09-14,scraper,68
https://www.youtube.com/@user-golfphone,@user-golfphone,กอฟโฟนอยุธยา ซ่อมมือถืออยุธยา,186,150,4,"Thai mobile repair shop name, minimal but on-topic description implying repair work.",ซ่อมมือถือ,UCHq-92F6PaKUholwiRMrPvw,hands,phone-repair,gray_v2,2026-09-14,scraper,150
https://www.youtube.com/@usmobilerepairinginstitute,@usmobilerepairinginstitute,US Mobile Repairing Institute,604,135,4,"Mobile repairing training institute offering practical courses, thin evidence but plausibly bench-focused.",mobile repairing | mobile repairing course,UChRw9iJVkPKFkLH4ywXE0vA,hands,phone-repair,rest1,2026-09-14,scraper,135
https://www.youtube.com/@uvaisraza-92,@UvaisRaza-92,Raza mobile fixer ,5250,161,4,"Tutorials on mobile repair and electronic circuits using heat gun and soldering iron, matches board-level work.",صيانة الهواتف | تعمیر موبایل | electronic repair,UCLRAzH7wVRWUfW9yegJ2J7g,hands,phone-repair,wave1,2026-09-14,scraper,161
https://www.youtube.com/@vikasmobilerepairingservicesce,@VikasMobileRepairingServicesce,Vikas Mobile Repairing Services Center,1590,177,4,"Mobile repair and software channel description with subscribe appeal, thin but plausible repair evidence.",mobile repairing,UCD_j2xgqPA7_yeB6H3meeOA,hands,phone-repair,rest1,2026-09-14,scraper,177
https://www.youtube.com/@visheshmobilerepair,@Visheshmobilerepair,Vishesh mobile repair,3170,366,4,"Mobile phone repair channel name with casual greeting, thin evidence but clearly repair-focused.",mobile phone repair,UCJJ6md26tfcoxJvf6NTt4Tg,hands,phone-repair,gray_v2,2026-09-14,scraper,366
https://www.youtube.com/@viviode-y7j5g,@ViViode-y7j5g,Sifat Mobile mekar,6810,71,4,"Mobile servicing channel with hardware and software repair tutorials, charging/network/dead phone fixes.",mobile repairing bangla,UCXrBZX_ohEB-59tmDwSWIBg,hands,phone-repair,gray_v2,2026-09-14,scraper,71
https://www.youtube.com/@walid_gsm1437,@Walid_Gsm1437,وليد GSM لصيانة المحمول,598,50,4,"Channel dedicated to mobile phone maintenance, thin evidence but clear repair focus.",صيانة الهواتف,UCckuETRO-JRH8KzMKu-gB-w,hands,phone-repair,gray_v2,2026-09-14,scraper,50
https://www.youtube.com/@waqaskhan-zt8nn,@waqaskhan-zt8nn,waqas khan,1120,65,4,"Description describes cell phone technician duties like fixing issues and replacing parts, on-topic repair evidence.",smartphone repair,UCm5Qh0Kb1pZQZLBl5odNkSw,hands,phone-repair,gray_v2,2026-09-14,scraper,65
https://www.youtube.com/@waytomobilerepair,@waytomobilerepair,Way to Mobile Repair,285,59,4,"Mobile repairing training center channel, thin evidence but clearly repair/training focused.",phone motherboard repair,UCmkf0hviaNBqUXyQMQrGNQQ,hands,phone-repair,gray_v2,2026-09-14,scraper,59
https://www.youtube.com/@wimtwondermobilesolution,@WIMTWONDERMOBILESOLUTION,WIMT  WONDER MOBILE SOLUTION,110,62,4,"Mobile repair training institute with practical courses in EMMC, OCA glass, chip-level and schematic diagram training.",मोबाइल रिपेयरिंग,UCEVey5_RO0Y5BezDsADpHIA,hands,phone-repair,wave1,2026-09-14,scraper,62
https://www.youtube.com/@wonderinstituteofmobiletec6241,@wonderinstituteofmobiletec6241,Wonder Institute of Mobile Technology® ,419,62,4,"Mobile repairing institute with live practical courses covering display, IC removal, and software.",मोबाइल रिपेयरिंग,UCq0Bof78MoImEfc0d7B-Nig,hands,phone-repair,wave1,2026-09-14,scraper,62
https://www.youtube.com/@xapplerepairs11,@xapplerepairs11,Xapple Repairs,425,267,4,"Apple product repair workshop covering iPhone, iPad, MacBook with dedicated service description indicating hands-on repair work.",iPad repair,UCVxI7_txHSy3V4TCIA4eBxA,hands,phone-repair,wave1,2026-09-14,scraper,267
https://www.youtube.com/@xcellent2953,@xcellent2953,Xcellent Smartphones service centre,124,180,4,"Service centre description covers screen, battery and motherboard repairs with technical detail.",phone motherboard repair,UC0o3dCLuoVOLMzhIb4gAbSg,hands,phone-repair,wave1,2026-09-14,scraper,180
https://www.youtube.com/@xq-rainbow,@XQ-Rainbow,海虹数码葛小强,5,65,4,Secondhand phone shop channel filming real repair cases alongside phone reviews and appraisals.,手机维修,UC-bnv42T8ZA59XXmo5jKKlQ,hands,phone-repair,wave1,2026-09-14,scraper,65
https://www.youtube.com/@yagneshmobilerepair,@YagneshmobileRepair,Yagnesh mobile Repair,63300,474,4,"Dedicated mobile repairing channel focused on repair videos, low evidence but name/description strongly repair-focused.",mobile repairing | smartphone repair | मोबाइल रिपेयरिंग | صيانة الهواتف | تعمیر موبایل | electronic repairing,UCCXJ1iLYuAMJkzubwwJBCFA,hands,phone-repair,wave1,2026-09-14,scraper,474
https://www.youtube.com/@yogeshdujanatricks,@Yogeshdujanatricks,Mobile And Gadget Repair,22,66,4,Mobile repairing and electronics channel covering hardware and software repair videos.,मोबाइल रिपेयरिंग,UCOd5QQzRdhb1MJj7czBRanw,hands,phone-repair,rest1,2026-09-14,scraper,66
https://www.youtube.com/@zuntaassistec,@ZuntaAssistec,Zunta Tec,45800,122,4,"Smartphone board repair tips channel with general and advanced repairs, phone-focused.",reparo de placa celular,UCMeuZNTvgWOz5m5MyNKOzFw,hands,phone-repair,rest1,2026-09-14,scraper,122
https://www.youtube.com/@1ustaad,@1Ustaad,1Ustaad Mobile Repair & Training Centre,2510,512,4,Mobile repair and training centre bio explicitly covering hardware and software fixes with technician focus.,mobile repairing | mobile phone repair | phone repair shop | iPad repair,UCINOmKIssnkt-4OdoMcbD4g,hands,phone-repair,rest1,2026-09-14,both,512
https://www.youtube.com/@2tech,@2TECH,2TECH ,5940,151,4,Channel explicitly focused on phone repair and screen replacement content per description.,phone repair | phone screen replacement,UC8nP1UYXcFQwls9nI-zqx8Q,hands,phone-repair,wave1,2026-09-14,both,151
https://www.youtube.com/@3starmobilerepairinginstitute,@3starmobilerepairinginstitute,3 star Mobile Repairing institute ,1970,89,4,"Mobile repairing course and institute with hardware, software, and J-TAG programming services described.",mobile repairing | mobile repairing course,UCDuIcJXzYSOpezoHYwurVmA,hands,phone-repair,rest1,2026-09-14,both,89
https://www.youtube.com/@aadishgour792,@Aadishgour792,aadish mobile repairing centre ,665,179,4,"Mobile repairing centre channel covering hardware, display, battery and IC repairing topics in Hindi.",phone repair | mobile repairing | smartphone repair | मोबाइल रिपेयरिंग | mobile repairing course,UCrr5YCJ9n0WxR2ZVRD-UOug,hands,phone-repair,rest1,2026-09-14,both,180
https://www.youtube.com/@abcmobilerepair,@abcmobilerepair,ABC Mobile Repair,490,689,4,"Channel explicitly for practical mobile repairing tips and learning, course-style content.",mobile repairing | mobile repairing course | laptop repair course,UCCAuUBcbtLpdQyMvnZUTmVA,hands,phone-repair,wave1,2026-09-14,both,689
https://www.youtube.com/@advancecare9999,@AdvanceCare9999,Advancecare9999,5960,84,4,"Mobile repairing course channel with hardware, software and EMMC/UFS programming practical training.",emmc | मोबाइल रिपेयरिंग,UC6-welUaDkhZVw-ld-LRDVg,hands,phone-repair,gray_v2,2026-09-14,both,84
https://www.youtube.com/@aefixitkengmobilemaejo,@aefixitkengmobilemaejo,เก่งโมบายแม่โจ้ by AeFixit Mobile Repair,1570,408,4,"Thai phone/tablet repair shop with hashtags for screen, battery, water damage repair; thin but on-topic bio.",ซ่อมมือถือ,UCeS8EUV2zuvyWJWHqDzTcgw,hands,phone-repair,rest1,2026-09-14,both,409
https://www.youtube.com/@ahmedabdjawad4973,@ahmedabdjawad4973,Ahmed abd Jawad,1240,139,4,"Keyword-stuffed description entirely about phone hardware repair, courses and workshops.",صيانة الهواتف,UCxXHsbYYT_zqes2Mv5kzDZg,hands,phone-repair,gray_v2,2026-09-14,both,139
https://www.youtube.com/@aj-info,@AJ-Info,AJ Info,2720,160,4,Schematic-based mobile repair tutorials with step-by-step guides for basic to advanced techniques.,mobile repairing | मोबाइल रिपेयरिंग,UCOf9escVia1uRRD6FX3-pMg,hands,phone-repair,gray_v2,2026-09-14,both,160
https://www.youtube.com/@ajaymobilebltr,@AjayMobileBLTR,Ajay Mobile BLTR,12300,510,4,Description promises daily display replacement and real customer repair videos on camera.,mobile repairing | मोबाइल रिपेयरिंग,UC1O5t5sCeGCB7IUNa_LwRsQ,hands,phone-repair,wave1,2026-09-14,both,510
https://www.youtube.com/@ajcellcursos,@AJCellCursos,AJ Cell,46700,432,4,Cellphone repair school/course channel from basic to advanced with certified courses.,manutenção de celular | reparo de placa celular,UCjXv8HxbDoXP-MhwcJ6NvOQ,hands,phone-repair,gray_v2,2026-09-14,both,432
https://www.youtube.com/@ajmobilerepairing,@AjMobileRepairing,Aj Mobile Repairing,22700,421,4,Mobile hardware engineer teaching hardware problem solving through repair videos on his channel.,mobile repairing | मोबाइल रिपेयरिंग | mobile repairing hindi,UCcdQ9Y9vxNzaF5lZF4nK7ww,hands,phone-repair,wave1,2026-09-14,both,421
https://www.youtube.com/@ajmobilerepairing75175,@AjMobileRepairing75175,Aj Mobile Repairing,22300,262,4,Mobile hardware engineer channel teaching mobile repairing with hardware problem-solving focus.,mobile repairing | मोबाइल रिपेयरिंग,UC7aB0x8uDdsf6NPrh5n2x8Q,hands,phone-repair,wave1,2026-09-14,both,262
https://www.youtube.com/@akstudy9120,@akstudy9120,Noor Mobile Fix,1240,383,4,Mobile repairing knowledge channel with clear on-topic bilingual description and no drift signals.,mobile repairing | मोबाइल रिपेयरिंग,UCYIh5LpoT86JeCtZunEkTiw,hands,phone-repair,rest1,2026-09-14,both,383
https://www.youtube.com/@alelorepara,@alelorepara,Ale lo Repara ,496,108,4,Cell phone repair technician and academy channel covering screen changes and microelectronics diagnostics.,reparación de celulares | reparación de móviles | reparo de placa celular,UCgxl02JSHA2mVoq8x8WSKTA,hands,phone-repair,wave1,2026-09-14,both,112
https://www.youtube.com/@alfredocell02,@Alfredocell02,Alfredocell 02,2200,138,4,"One-line bio naming micro-soldering technician trade, thin but clearly on-topic.",microsoldadura | microsoldadura celulares,UCyqZ4D0XvqojTKBJyTyVkMA,hands,phone-repair,rest1,2026-09-14,both,138
https://www.youtube.com/@alinemobiletrainingcentre786,@alinemobiletrainingcentre786,Aline Mobile Training Centre,1600,285,4,"Technical training institute offering chip-level mobile, laptop and TV repair courses with practical training claims.",chip level | emmc | mobile repairing course,UC-zq7P-409-X-U6BAL-l5-g,hands,phone-repair,wave1,2026-09-14,both,285
https://www.youtube.com/@allsolutioninstitute,@AllSolutionInstitute,All Solution Institute,124,84,4,"Mobile repairing institute with practical training in Android, iPhone and laptop repairing, phone-focused course.",phone repair | mobile repairing | iphone repair | chip level | chip level repairing,UCxnpznO4gXfolrzmK9H03dQ,hands,phone-repair,gray_v2,2026-09-14,both,87
https://www.youtube.com/@ammobilerepairinghub,@AMMobileRepairingHub,AM Mobile Repairing Hub ,233,124,4,Repair-shop channel with titles showing touch/charging/display fault fixes on specific phone models.,mobile repairing | تعمیر موبایل,UCEJQj7AFf1boXCN1TQwYklg,hands,phone-repair,rest1,2026-09-14,both,125
https://www.youtube.com/@aomchupmobile,@aomchupmobile,ช่างอัฐ ซ่อมมือถือ,21000,884,4,"Thai phone repair shop channel with hashtags indicating professional repair service, thin but on-topic.",ซ่อมมือถือ,UCDsgg4otk3lPy_pC_G0t4Og,hands,phone-repair,gray_v2,2026-09-14,both,884
https://www.youtube.com/@aonemobile95,@Aonemobile95,A One,112,90,4,"Titles cover LCD change, touch replacement, network IC and motherboard repair across multiple brands.",phone repair | mobile repairing | motherboard repair | mobile repairing course | phone screen replacement,UC8O-9h60ES2q-9X5tQnxwEw,hands,phone-repair,wave1,2026-09-14,both,90
https://www.youtube.com/@aplusmobile25,@AplusMobile25,A+ Mobile Repairing Lab,154,182,4,"Named mobile repairing lab, thin address-only description but plainly a repair shop.",mobile repairing | mobile repairing urdu,UC_rzqoEdW3u_S30VtXBg0Ow,hands,phone-repair,rest1,2026-09-14,both,182
https://www.youtube.com/@aqmobilezoneandvlogs1690,@aqmobilezoneandvlogs1690,A Q Mobile Zone and Repairing Center,1150,274,4,"Repair shop channel claiming IC, charging port and screen touch repairs of android phones with hands-on framing.",mobile repairing | tablet repair,UCqS69SBV1Y7CbEihFSptN0A,hands,phone-repair,wave1,2026-09-14,both,274
https://www.youtube.com/@arinfomobilerepairinginsti5897,@arinfomobilerepairinginsti5897,AR Info Mobile Repairing Institute,5710,378,4,"Mobile repairing institute channel teaching hardware, software and fault solutions.",mobile repairing | mobile repairing course,UCb5UILg00gaUn4R96B4kcSQ,hands,phone-repair,gray_v2,2026-09-14,both,379
https://www.youtube.com/@arjun_rwt133,@arjun_rwt133,Raj mobile shop ,229,135,4,"Shop bio lists concrete repair services (OCA, touch, charging jack, PCB) despite unreadable titles.",mobile repairing | मोबाइल रिपेयरिंग,UCwfLd4VrbS9zc_lB8H4rFWQ,hands,phone-repair,gray_v2,2026-09-14,both,145
https://www.youtube.com/@armobilerepairtraininginstute,@ArMobileRepairTrainingInstute,AR Mobile Repairing Training Institute ,22300,1011,4,Mobile and tablet repair training institute description emphasizing genuine repairing by experts.,phone repair | mobile phone repair | smartphone repair | mobile repairing | mobile repairing course | tablet repair | मोबाइल रिपेयरिंग,UCjcmrSzieIblE3Z9CmRhCPQ,hands,phone-repair,rest1,2026-09-14,both,1011
https://www.youtube.com/@arslanmobilequiadabad,@arslanmobilequiadabad,Arslan Mobile Quiadabad,1540,318,4,"Mobile hardware repair channel detailing battery connector, charging and dead phone fixes step by step.",phone repair | mobile repairing | mobile repairing urdu,UCLeSsYUCIz59uKrpOpdjW8w,hands,phone-repair,rest1,2026-09-14,both,318
https://www.youtube.com/@asaam-tech,@asaam-tech,AppleFixSolutions,3210,281,4,Sri Lankan mobile technician training channel focused on practical real-world phone repair education.,phone repair | mobile phone repair | mobile repairing tamil | watch repairing course,UCYL2VKf3cODojfuE76GBYdQ,hands,phone-repair,wave1,2026-09-14,both,281
https://www.youtube.com/@asad.mobiles.solutions,@Asad.mobiles.solutions,Asad teach repiar,1770,182,4,"Urdu chip-level mobile repair teaching channel with shop contact, practical bench focus.",chip level | mobile repairing urdu,UCyULPPgvkTPoGnnFgA_40dg,hands,phone-repair,wave1,2026-09-14,both,182
https://www.youtube.com/@ashokjayammobiles,@AshokJayamMobiles,Jayam Mobiles,130,57,4,"Mobile repair service offering LCD replacement, hardware/software and chip level repair with no titles shown.",chip level | emmc | تعمیر موبایل,UC5J-dticqAhK2bIMdjNH1wQ,hands,phone-repair,gray_v2,2026-09-14,both,57
https://www.youtube.com/@atozfonefixindia9728,@atozfonefixindia9728,iPhone Repair Training india,2570,88,4,"iPhone repair training institute with chip-level course focus, practical bench sessions implied.",phone repair | iphone repair | iPhone repair | electronics repair course,UCGcElj5ukrHjxs89SWTymgA,hands,phone-repair,wave1,2026-09-14,both,88
https://www.youtube.com/@atozmobileguwahati,@atozmobileguwahati,A TO Z MOBILE SOLUTIONS,147,143,4,"Detailed mobile repairing content covering soldering, multimeter use, reballing and schematic solutions.",phone repair | mobile repairing | mobile phone repair | motherboard repair | mobile repairing course,UClnqy7wJw_9XsssBorjwPvg,hands,phone-repair,wave1,2026-09-14,both,143
https://www.youtube.com/@atozmobilerepairing,@atozmobilerepairing,a to z mobile repairing,59500,178,4,Description commits to mobile repairing guidance content with no signals of drift toward sales or reviews.,mobile repairing | मोबाइल रिपेयरिंग,UCF9UHP32CpY7s6mnjqtX5tA,hands,phone-repair,rest1,2026-09-14,both,178
https://www.youtube.com/channel/ucrdw67zx-vxxyr3g_yhblbw,@AvdheshMobileGWL,Avdhesh Mobile,454,130,4,"Shop channel showing screen replacement, button repair, flex jumper fixes with real bench titles.",phone repair | mobile repairing | tablet repair,UCRdw67zx-Vxxyr3g_YHbLBw,hands,phone-repair,wave1,2026-09-14,both,228
https://www.youtube.com/@avinashmobileguru,@Avinashmobileguru,Avinash ,375,443,4,"Titles show specific fault-and-fix solutions like shorting, network problem and auto on/off repairs.",mobile repairing | smartphone repair,UCkejNKPj9dRBokYfrzFvWpA,hands,phone-repair,wave1,2026-09-14,both,563
https://www.youtube.com/@aymanahmed,@AymanAhmed,Ayman Ahmed,123000,501,4,Microsoldering and BGA chip repair channel with iCloud unlock content mixed in.,microsoldering | صيانة الهواتف,UCO2QgR1eaoyztNNrbRVjIfg,hands,phone-repair,wave1,2026-09-14,both,501
https://www.youtube.com/@azk.mobile.reparing.institue,@AZK.Mobile.Reparing.Institue,AZK Mobile Repairing Institute ,157,98,4,"Mobile repairing institute and centre description, practical training focus with thin video evidence.",mobile repairing | mobile repairing course,UCNjwnq9Pn16CPYkfk24NTQg,hands,phone-repair,rest1,2026-09-14,both,98
https://www.youtube.com/@bakrfix,@BakrFix,BakrFix,752,71,4,"Arabic channel describing detailed phone repair explanations including screen, battery, chip tools.",صيانة الهواتف,UCTuh8lSxFK7RsNibdLVmiVQ,hands,phone-repair,wave1,2026-09-14,both,71
https://www.youtube.com/@balajimobilerepair-c2q,@Balajimobilerepair-c2q,Balaji Mobile Repair ,353,84,4,"Shop channel describing display, motherboard repair, water damage fix with claimed real repair videos.",mobile repairing | motherboard repair | phone repair | phone screen replacement | phone motherboard repair,UCHkGBIsDTPpBEyZs9rA8jVw,hands,phone-repair,wave1,2026-09-14,both,84
https://www.youtube.com/@baptudazz,@baptudazz,Mobile Repairing Solution,387,83,4,"Description strongly focused on mobile motherboard repair, IC reballing, soldering training content.",phone repair | mobile repairing | mobile phone repair | motherboard repair | mobile repairing course | phone motherboard repair,UCRaVIWtitTLX1JF9pxMF-OA,hands,phone-repair,wave1,2026-09-14,both,83
https://www.youtube.com/@bfixrepair,@Bfixrepair,BFix Repair,9730,411,4,iPhone and mobile repair learning club channel with described hands-on servicing and training content.,phone repair | iphone repair | phone motherboard repair,UCpt5bdRnZRHYb6jAsZhVpHQ,hands,phone-repair,wave1,2026-09-14,both,411
https://www.youtube.com/@bigjoephonerepair,@BIGJOEPHONEREPAIR,BIG  JOE  PHONE  REPAIR ,1500,70,4,Mobile phone repairing business/training channel covering multiple brands and repair basics.,phone repair | mobile phone repair | cell phone repair | phone screen replacement | phone repair shop,UCPpBWUzqbKJLO1TjFlCI9qA,hands,phone-repair,gray_v2,2026-09-14,both,70
https://www.youtube.com/@bikrammobilerepair,@BikrammobileRepair,Bikram mobile Repair ,4040,1220,4,"Mobile repair channel covering CPU reballing, eMMC/UFS programming, dead recovery and charging issues, chip-level focus.",mobile repairing | emmc | मोबाइल रिपेयरिंग,UC3Hb1meUO7IISkOYFRKXpXA,hands,phone-repair,wave1,2026-09-14,both,1220
https://www.youtube.com/@bilalhawari-n7t,@BilalHawari-n7t,Hawari Mobile Repair center ,591,117,4,"Titles show real screen and back glass replacements on Samsung, Oppo, iPhone with step-by-step repair footage.",phone repair | mobile phone repair | phone repair shop,UCyWlkmKh8DZrWHh-GcWxR7g,hands,phone-repair,wave1,2026-09-14,both,122
https://www.youtube.com/@billal616,@Billal616,Nadia Telecom bd 1,266,62,4,"Bangla mobile servicing channel with dead phone repair, network fix and disassembly titles.",phone repair | mobile repairing | mobile repairing course | mobile repairing bangla,UC-afqiWSQZpWRP3z5hN8-qg,hands,phone-repair,gray_v2,2026-09-14,both,76
https://www.youtube.com/@bjmobilerepairingcentre,@Bjmobilerepairingcentre,Bj mobile repairing centre,209,52,4,Repair-shop channel with concrete titles like screen replacement steps and charging solution videos showing bench work.,phone repair | mobile repairing | صيانة الهواتف,UCOe4OsVRIgRuVfrMOgyRHfg,hands,phone-repair,wave1,2026-09-14,both,57
https://www.youtube.com/@blueservice6833,@blueservice6833,ร้านซ่อมมือถือBlue Service,791,57,4,Thai repair shop with titles showing specific device fault repairs like speaker and screen replacement.,ซ่อมมือถือ,UCQsIp-CPaEuLN22YfXzmRYw,hands,phone-repair,wave1,2026-09-14,both,57
https://www.youtube.com/@bpgaming11,@bpgaming11,Bp Gaming,1850,56,4,"Mobile servicing channel focused on dead phone, IC and shorting problem solutions in Bangla.",phone repair | mobile repairing bangla,UCBw_EuZAx6POttt5nQncDPQ,hands,phone-repair,gray_v2,2026-09-14,both,56
https://www.youtube.com/@brightmobile5,@brightmobile5,Bright Mobile,302,50,4,"Titles show real repairs like CPU reball and screen shorting fixes, mixed with tips/tricks and laptop content.",phone repair | mobile repairing | iphone repair | मोबाइल रिपेयरिंग | tablet repair,UCpeSteF1sXjKM5iawr_YTbw,hands,phone-repair,gray_v2,2026-09-14,both,50
https://www.youtube.com/@britcodelhi,@BritcoDelhi,Britco Delhi,2070,266,4,"Established mobile repairing institute and service centre, thin but clear repair-training evidence.",mobile repairing | mobile repairing course,UCkFC2gIiieu-N3FlOgJ9KOQ,hands,phone-repair,gray_v2,2026-09-14,both,266
https://www.youtube.com/@bsasmobilerepair,@BSASMobileRepair,BSAS Mobile Service,55300,927,4,"Dedicated iPhone repair service channel with live repair videos of screen, battery and water damage fixes.",phone repair | iphone repair | mobile repairing | mobile phone repair | mobile repairing hindi,UCylAsxQ0dzFeTf36YokqdUQ,hands,phone-repair,wave1,2026-09-14,both,927
https://www.youtube.com/@by-iq5nt,@by-iq5nt,ซ่อมไอโฟน ซ่อมโทรศัพท์ ซ่อมมือถือขอนแก่น by ช่างคิม,3100,194,4,"Detailed description of iPhone screen, glass, water damage repairs by a trained technician.",ซ่อมมือถือ,UC724qiT4pH1NsCTIQfSqmSg,hands,phone-repair,rest1,2026-09-14,both,194
https://www.youtube.com/@cellcareinfotech4438,@cellcareinfotech4438,Cellcare Infotech,8190,54,4,Channel explicitly teaches chip-level mobile repair with step-by-step demonstration videos.,mobile repairing | chip level | mobile repairing tamil,UCANMCqNwrn4KLoaYzUsU1PQ,hands,phone-repair,wave1,2026-09-14,both,54
https://www.youtube.com/@cellcuretech,@cellcuretech,Cell cure Technology,3080,275,4,"Training institute channel focused on chip-level repair, EMMC programming and IC/CPU practical hardware courses.",chip level | emmc | chip level repairing | mobile repairing tamil | watch repairing course,UCjnVeI6IdBQf6offynMWHAA,hands,phone-repair,wave1,2026-09-14,both,275
https://www.youtube.com/@cellphonerepairtrainingmanila,@CellPhoneRepairTrainingManila,CellPhone Repair Training Manila,2660,123,4,Hands-on cell phone repair training channel focused on practical bench skills.,phone repair | cell phone repair | cellphone repair | phone motherboard repair | phone repair shop | cellphone repair tagalog,UCY4fBBqq5hebXqHJNaLqnmQ,hands,phone-repair,gray_v2,2026-09-14,both,123
https://www.youtube.com/@cellphonesolution,@cellphonesolution,Cellphone Solution,281000,692,4,"Mobile repair training institute offering Android/iPhone repair and OCA courses, likely practical bench sessions.",phone repair | mobile phone repair | iphone repair | mobile repairing | cell phone repair | smartphone repair | mobile repairing course | mobile repairing hindi | मोबाइल रिपेयरिंग,UCWC5soaK1KCl_nCXps0M47A,hands,phone-repair,wave1,2026-09-14,both,692
https://www.youtube.com/@cellphonetech,@CellPhoneTech,CellPhone Tech,6790,72,4,Cell phone repair channel with step-by-step tutorial descriptions for common repairs like cracked screens.,phone repair | cell phone repair | phone screen replacement,UCoWxwp4Js6OxXWRjUPhF13Q,hands,phone-repair,gray_v2,2026-09-14,both,72
https://www.youtube.com/@celuredgualeguayoficial,@CeluRedGualeguayOficial,CeluRed Gualeguay Oficial,39,99,4,"Diplomaed phone/tablet repair technician channel exploring device internals and fixes, solid topic match.",reparación de celulares | reparo de placa celular,UCQuB-HTpaoRkmLP3LVDAh0Q,hands,phone-repair,wave1,2026-09-14,both,99
https://www.youtube.com/@cepteknomobil,@CepTeknoMobil,Cep Tekno Mobil | Teknik Servis & Yazılım,60,122,4,"Turkish repair shop channel with real screen, battery and motherboard repair titles alongside software/IMEI content.",emmc | telefon tamiri,UCzqKTa0ch979OCexfEroqvw,hands,phone-repair,wave1,2026-09-14,both,128
https://www.youtube.com/@chouikhgsm5396,@chouikhgsm5396,صيانة الهواتف,3450,134,4,Named channel dedicated to phone repair with thin one-line description.,réparation téléphone | صيانة الهواتف,UCugZjDCt4uhiagdoAvagkyA,hands,phone-repair,gray_v2,2026-09-14,both,134
https://www.youtube.com/@citymobilestraininginstitute,@citymobilesTraininginstitute,City Mobiles institute ,5620,267,4,"Repairing institute description, training centre for mobile service repair.",mobile repairing | mobile repairing tamil,UCd8m842gjr5y_fJ7Dq7l3Lg,hands,phone-repair,gray_v2,2026-09-14,both,267
https://www.youtube.com/@cnturbo,@CNTurbo,Celulares com Daniel Pinheiro,872,179,4,"Repair shop channel showing real daily assistance-technique content plus course promotion, phone repair focused.",conserto de celular | manutenção de celular,UCp8J_1R2SDAuQnqok2HCB-Q,hands,phone-repair,gray_v2,2026-09-14,both,221
https://www.youtube.com/@componentesmovil,@ComponentesMovil,Componentes Movil,12300,96,4,"Spanish tutorial channel dedicated to phone/tablet repair (iPhone, Samsung, Xiaomi) with professional technician background.",reparación de móviles,UCds_ECVX4I38sR3bMIBUi3w,hands,phone-repair,wave1,2026-09-14,both,96
https://www.youtube.com/@cursodecelularescbba6936,@cursodecelularescbba6936,Curso de celulares CBBA,300000,262,4,Dedicated cellphone repair course from basic to advanced tool techniques.,reparación de celulares | reparación de móviles,UCoexCQNPxscz3n5KYtcWn4w,hands,phone-repair,rest1,2026-09-14,both,262
https://www.youtube.com/@deveshkumar-fx9ke,@DeveshKumar-fx9ke,DEVESH Mobile repairing,1860,64,4,"Mobile repair shop channel explicitly listing display, battery, charging and motherboard repair services.",motherboard repair | mobile repairing,UCLj5gwzA4vCVde35csoEalw,hands,phone-repair,wave1,2026-09-14,both,64
https://www.youtube.com/@diamondtech79,@diamondtech79,Diamondtech Official ,7940,549,4,Mobile repairing channel description mentions screen replacements and hands-on demos with tutorials format.,mobile repairing | تصليح الموبايل | تعمیر موبایل,UCX1x5-tqShH8JKlMNq7UpHw,hands,phone-repair,wave1,2026-09-14,both,549
https://www.youtube.com/@didarbd143,@didarbd143,QUICK PHONE REPAIR BH👨‍🔧,3290,116,4,Repair shop channel uploading fault-finding and repair solution videos from Bahrain.,phone repair | phone repair shop,UCHKRa8kRAqm2OE-z615PTSg,hands,phone-repair,wave1,2026-09-14,both,116
https://www.youtube.com/@diprajmicrochip,@diprajmicrochip,DipRaj Advance mobile Repair ,449,254,4,"Technician bio describing hardware/software mobile repair knowledge shared on camera, thin but on-topic.",मोबाइल रिपेयरिंग,UCROZeZs9V5TFgJUB3w_5mcg,hands,phone-repair,rest1,2026-09-14,both,254
https://www.youtube.com/@dmrtc28,@DMRTC28,Durwankur Mobile Repairing & Training Center pune,514,72,4,Mobile repairing training center covering troubleshooting and advanced repairs across smartphone models.,mobile repairing | mobile repairing hindi,UC4zf6TJyJu-dCf37L1Ok4IA,hands,phone-repair,rest1,2026-09-14,both,73
https://www.youtube.com/@donifix,@donifix,DoniFix,251,77,4,"Mobile repair channel blending micro-soldering, screen/battery replacement with software fixes and FRP removal.",phone repair | motherboard repair | phone motherboard repair | micro soldering phone,UCtyqmrFpC5DuVaIkXr-bURw,hands,phone-repair,wave1,2026-09-14,both,77
https://www.youtube.com/@dr.mobilerepair965,@Dr.Mobilerepair965,Dr.Mobile Repair,264,86,4,Titles show real display and charging board repairs with specific device fault solutions.,phone repair | mobile repairing | mobile phone repair | mobile repairing course,UCWihaK4G5AY6bjJTW7mM7Yw,hands,phone-repair,rest1,2026-09-14,both,88
https://www.youtube.com/@dr.mobilerepairing,@Dr.MobileRepairing,Dr. Mobile Repairing,267,92,4,Channel contains only mobile phone repair tutorial content per description.,phone repair | mobile phone repair | phone motherboard repair,UChWJzK2LUNELuGYgH9gRbNg,hands,phone-repair,gray_v2,2026-09-14,both,92
https://www.youtube.com/@dsdcelular,@dsdcelular,Dsd celular,289,152,4,"Titles show real board-level phone repair diagnostics (short circuits, network issues) alongside some software unlock content.",reparo de placa | reparo de placa celular,UCpjqIDC8pjvwUucrXqH2N1A,hands,phone-repair,rest1,2026-09-14,both,171
https://www.youtube.com/@dspmobilesoluction,@dspmobilesoluction,DSP MOBILE ,809,98,4,"Mobile repairing course/institute channel mentioning micro jumper and IC fixing with iron, chip-level bench training.",मोबाइल रिपेयरिंग,UCRPLMHId-bMWqiy1ayPmtmA,hands,phone-repair,wave1,2026-09-14,both,98
https://www.youtube.com/@durgeshmobilecare7177,@durgeshmobilecare7177,Durgesh mobile care,1290,272,4,"Dedicated mobile repairing videos channel, thin one-line bio matches trade name.",मोबाइल रिपेयरिंग,UCvE-OmLfubXbx8VYS1wuvBA,hands,phone-repair,gray_v2,2026-09-14,both,272
https://www.youtube.com/@easyrepair07,@Easyrepair07,Easy tips repair ,530,69,4,Mobile repairing course channel with tutorials on screen repair and repair training.,phone repair | mobile repairing | mobile phone repair | phone motherboard repair | mobile repairing course | تعمیر موبایل,UCOzmYqWywRmfJLfqSqbdY9g,hands,phone-repair,gray_v2,2026-09-14,both,69
https://www.youtube.com/@eloytelefonia,@eloytelefonia,Eloy | Soporte Técnico Celular,1660,80,4,"Spanish channel dedicated to cellphone diagnosis and repair, clear technical focus.",reparación de celulares | reparación de móviles,UCKdr3zQqpOlvOo7W4JxHtyQ,hands,phone-repair,wave1,2026-09-14,both,80
https://www.youtube.com/@engineeriftikharkhan,@engineeriftikharkhan,ENGINEER IFTIKHAR KHAN,12300,306,4,"Learning channel for mobile repairing and mobile software, thin but repair-focused description.",mobile repairing | mobile repairing course,UC02YMnO7vj7BFEleKj9Do6w,hands,phone-repair,gray_v2,2026-09-14,both,306
https://www.youtube.com/@ensenanzaytecnologia6667,@ensenanzaytecnologia6667,enseñanza y tecnologia,1300,154,4,"Courses on cell phone microelectronics, tablets, diagram interpretation and micro-soldering technique.",reparación de celulares | microsoldadura celulares,UCAplLCLxCeedQ8zomvamNnQ,hands,phone-repair,rest1,2026-09-14,both,154
https://www.youtube.com/@expertinstituteofficial,@EXPERTINSTITUTEOfficial,EXPERT INSTITUTE,134000,1111,4,"Mobile and iPhone repairing course institute offering practical training, plausible bench sessions despite promotional tone.",phone repair | mobile repairing | iphone repair | mobile repairing course,UCHCt-Gxc67oeWKul0IPlcjw,hands,phone-repair,gray_v2,2026-09-14,both,1111
https://www.youtube.com/@farooqmobilerepairingcourse,@farooqmobilerepairingcourse,Farooq mobile repairing & training centre ,129,90,4,Mobile repair training center bio describing comprehensive repairs and professional training.,phone repair | mobile repairing | mobile phone repair | mobile repairing course,UCQW8GmTmYpRSXCZVEuMnqrQ,hands,phone-repair,rest1,2026-09-14,both,90
https://www.youtube.com/@fatherjoephonerepairs,@fatherjoephonerepairs,Father Joe Phone Repairs,52400,570,4,"Registered phone repair business replacing power IC and CPU on dead phones, real hardware work.",phone repair | mobile repairing | mobile phone repair | phone screen replacement,UCuHzjqsf59j7PbJV8nuG2-A,hands,phone-repair,rest1,2026-09-14,both,570
https://www.youtube.com/@fixeophone,@FixeoPhone,Fixeo Phone,100,53,4,"Paris phone repair shop channel featuring repair videos, before/afters and screen/battery/connector work.",réparation téléphone,UC2HYZEj9ga4bI_91y18MRbg,hands,phone-repair,wave1,2026-09-14,both,307
https://www.youtube.com/@fixhaycare,@Fixhaycare,Fixhay Care,332,99,4,Repair shop with detailed housing/back-glass/screen replacement titles despite some vlog and review mixing.,sửa chữa điện thoại,UC7xMeQCzpqsbjTJ95Rl8M7Q,hands,phone-repair,gray_v2,2026-09-14,both,99
https://www.youtube.com/@fixtrick2.0,@FixTrick2.0,FixTrick2.0,3720,252,4,"Description details soldering, reballing, multimeter and motherboard repair techniques indicating hands-on bench content.",phone repair | mobile repairing | mobile phone repair | motherboard repair | phone motherboard repair,UCiizn94BUwX4Xn3QN7UEbmA,hands,phone-repair,wave1,2026-09-14,both,252
https://www.youtube.com/@focusmobile3363,@focusmobile3363,Focus Mobile Service Training Institute ,2720,67,4,Mobile repairing training institute description with hands-on diagnostics and repair course focus.,mobile repairing | mobile repairing course | mobile repairing tamil,UCVy64nL4uLa8OX3FaSqnOQg,hands,phone-repair,rest1,2026-09-14,both,67
https://www.youtube.com/@friendsmobilecare07,@friendsmobilecare07,FRIENDS Mobile Care,615,85,4,"Mobile care channel covering dead phone, EMMC and glass replacement, titles show hardware fault repair like logo/restart issue.",phone repair | mobile repairing | emmc | phone screen replacement,UC-ghnC4HW29XR3uUgHElihg,hands,phone-repair,gray_v2,2026-09-14,both,110
https://www.youtube.com/@frmankhan9319,@frmankhan9319,Salman mobile repairing soap,129,77,4,"Named mobile repairing shop channel, thin description but clearly repair-focused by name.",mobile repairing | mobile repairing hindi,UC-oSazkrmnJMVDBOJJlQhtQ,hands,phone-repair,gray_v2,2026-09-14,both,77
https://www.youtube.com/@gadgetgurumg,@gadgetgurumg,GADGET GURU,478,99,4,"Mobile repair channel with step-by-step dead phone repair, IC reball and fault-finding tutorials shown on camera.",emmc | tablet repair,UCHEAD0dy4GkrzMlQ-yOMKpA,hands,phone-repair,gray_v2,2026-09-14,both,107
https://www.youtube.com/@ganeshmobail0.2,@Ganeshmobail0.2,श्री गणेश मोबाइल रिपेयरिंग सेंटर,495,261,4,Titles show display change and LCD check tutorials for specific phone models at repair center.,मोबाइल रिपेयरिंग,UCZEXRJOC8q8qqd0RYYRL2vQ,hands,phone-repair,wave1,2026-09-14,both,283
https://www.youtube.com/@geetuphones,@GeetuPhones,Geetu Phones,1780,310,4,"IC repairing, reballing, motherboard repair and charging jack replacement services described, strong repair-shop signals.",motherboard repair | phone motherboard repair | صيانة الهواتف | تعمیر موبایل,UCmGFQtSgnNg7dwJciXWwmKA,hands,phone-repair,wave1,2026-09-14,both,310
https://www.youtube.com/@globaltechnologyinstitute,@GlobalTechnologyInstitute,Global Technology Institute,8650,164,4,Mobile repairing training institute description implies practical bench sessions for students.,mobile repairing | tablet repair | chip level | mobile repairing course,UC10B0K0F_DkocEI465_qtdg,hands,phone-repair,wave1,2026-09-14,both,164
https://www.youtube.com/@gopalsptech,@Gopalsptech,Gopal sp tech,6640,282,4,"Mobile and screen repair solutions channel, thin but clearly on-topic bio.",mobile repairing | smartphone repair,UCPA43cB2x-4ZYMctXgtk32w,hands,phone-repair,gray_v2,2026-09-14,both,282
https://www.youtube.com/@greenapplenagaraju1438,@greenapplenagaraju1438,GreenappleNagaraju,807,157,4,"Titles show iPhone motherboard separation and baseband repair, genuine board-level micro-soldering work.",mobile repairing | mobile repairing telugu,UCcvA4PvpGZmPs87s38jy2jA,hands,phone-repair,wave1,2026-09-14,both,170
https://www.youtube.com/@greenmobileservicetamil,@Greenmobileservicetamil,Green mobile service tamil,30800,345,4,Mobile repair institute offering practical hands-on smartphone repair training with real device troubleshooting.,phone repair | smartphone repair | mobile repairing | mobile repairing tamil,UCGRslNtOgAvF2DqY-FIGGFQ,hands,phone-repair,gray_v2,2026-09-14,both,346
https://www.youtube.com/@gscellassistec,@gscellassistec,GSCELL ASSISTEC ,80100,1013,4,"Description explicitly about board-level cell phone repair tips for technicians, thin but clearly on-topic.",reparo de placa | reparo de placa celular,UCjsxtuJl2fKd6TXlviop0Tg,hands,phone-repair,rest1,2026-09-14,both,1013
https://www.youtube.com/@gsfellix,@gsfellix,Gustavo Félix,3380,147,4,Board-level phone repair channel focused on circuit analysis and smartphone board repair.,reparo de placa | reparo de placa celular,UCBPvC4uCLS95xuWsBVAjd7Q,hands,phone-repair,wave1,2026-09-14,both,147
https://www.youtube.com/@gsm-hridoy,@gsm-hridoy,GSM-HRIDOY-📱,4600,69,4,Dedicated GSM mobile repairing trainer channel promising hardware and software step-by-step tutorials.,mobile repairing | mobile repairing course | mobile repairing bangla,UCkdOAgrmwe32xC2eS7HdmRw,hands,phone-repair,wave1,2026-09-14,both,69
https://www.youtube.com/@gsm4u,@gsm4u,Gsm4u,18800,221,4,"Mobile repairing course channel covering soldering, reballing and multimeter use, hands-on bench focus.",phone repair | mobile repairing | mobile phone repair | motherboard repair | mobile repairing course | تصليح الموبايل,UC6U2o831m3J3vJeC9v4hR8w,hands,phone-repair,wave1,2026-09-14,both,222
https://www.youtube.com/@gsmaltek,@gsmaltek,GSM ALTEK,975,105,4,"Spanish channel dedicated to Android microsoldering, component repair and hardware diagnostics tutorials.",microsoldadura | reparación de móviles,UCIIRIkeRAS0FzXrASK5AMuQ,hands,phone-repair,wave1,2026-09-14,both,105
https://www.youtube.com/@gsmguide,@GsmGuide,Gsm Guide,365000,1454,4,Smartphone repair guide channel offering LCD screen replacement and teardown tutorials across brands.,phone repair | smartphone repair | phone screen replacement | mobile repairing hindi,UClQS0B87jxe4Dn_xSTFyQoA,hands,phone-repair,wave1,2026-09-14,both,1454
https://www.youtube.com/@gsmkasim,@GsmKasim,Technical Kasim,1390,103,4,"Mobile repair channel covering screen, battery, software fixes with step-by-step tutorial framing.",mobile repairing | tablet repair,UCaHFdcchBxZyFSw6W1zD1og,hands,phone-repair,rest1,2026-09-14,both,103
https://www.youtube.com/@gsmrahat,@GsmRahat,Gsm Rahat,163000,804,4,"Mobile servicing training center with practical repairing tips, tools reviews and training classes.",mobile repairing | mobile repairing course | mobile repairing bangla,UC2N8wdZ-evdvKJzeMS5_2Nw,hands,phone-repair,trial100,2026-09-14,both,804
https://www.youtube.com/@gsmrajuofficial,@gsmrajuofficial,gsm raju,10500,349,4,Mobile repairing channel covering software and hardware problem solutions in general format.,mobile repairing | mobile repairing bangla,UCM_OJJqE6lY14VDCyeLd-Yg,hands,phone-repair,rest1,2026-09-14,both,349
https://www.youtube.com/@gsmtuber,@GSMTUBER,GSM TUBER,171000,1276,4,"Bangla mobile repairing channel focused on hardware repair uploads, solid topic fit though low title evidence.",mobile repairing | mobile repairing bangla,UCxKMnAX1EcGz2kNczTT8YYQ,hands,phone-repair,wave1,2026-09-14,both,1278
https://www.youtube.com/@guru-fix789,@guru-fix789,GURU-FIX ศูนย์ซ่อมมือถือบ่อวิน,7500,886,4,"iPhone/iPad and screen glass repair center with genuine parts, business description but repair-focused.",ซ่อมมือถือ,UCq0CBf-kDU8joFFA1vj66Yw,hands,phone-repair,gray_v2,2026-09-14,both,887
https://www.youtube.com/@haderrazacellution,@haderrazacellution,Hader Raza Cellutions,2480,186,4,Description explicitly promises how-to repair videos for cell phones and tablets with practical tutorials.,phone repair | mobile phone repair | cell phone repair | phone screen replacement,UCEYGCDCPo0iWE6qeIeB4JAA,hands,phone-repair,wave1,2026-09-14,both,186
https://www.youtube.com/@hanoiphone,@hanoiphone,HANOIPHONE,957,61,4,"Repair-shop titles show real fault fixes (no power, screen issue) alongside some FRP/unlock and installment sales.",sửa chữa điện thoại,UC0QGt82QiXlJx6CmsBqhfxg,hands,phone-repair,gray_v2,2026-09-14,both,61
https://www.youtube.com/@harimobilerepair-1510,@Harimobilerepair-1510,Hari Mobile Repair,1060,64,4,"Hindi mobile repair channel description details screen repair, battery replacement and software solutions comprehensively.",mobile repairing | मोबाइल रिपेयरिंग | phone repair | mobile repairing hindi,UCXohNxqwUm73s-KIyEpTMIw,hands,phone-repair,wave1,2026-09-14,both,64
https://www.youtube.com/@hariphonerepair1,@hariphonerepair1,hari phone repair,20700,195,4,Dedicated phone repair channel covering glass touch replacement and EMMC/UFS chip-level work.,phone repair | emmc | mobile phone repair | smartphone repair | phone motherboard repair,UC6_VRhsS50tSHZdQbxhdTfw,hands,phone-repair,wave1,2026-09-14,both,195
https://www.youtube.com/@harrytech757,@Harrytech757,Harry Tech phone repair tv,12100,1197,4,"Description explicitly details screen, battery, charging port, water damage repair tutorials step-by-step.",phone repair | mobile repairing | mobile phone repair | phone repair shop,UCv-Zt24FtpMi0uiqpnWkCEw,hands,phone-repair,wave1,2026-09-14,both,1197
https://www.youtube.com/@hitechphonerepair,@HiTechPhoneRepair,Hi TECH PHONE REPAIR,17100,289,4,"Micro-soldering phone repair channel description, though restoration/rebuild language hints at some showcase framing.",phone repair | micro soldering | micro soldering phone,UC1XPamgmlmnVlJeZICKiZhA,hands,phone-repair,gray_v2,2026-09-14,both,289
https://www.youtube.com/@hitechtechsolutions,@HITECHTECHSOLUTIONS,HitechSolutions mobile repair tamil,379,174,4,"Tamil mobile repair channel with display replacement videos, though includes FRP bypass software content too.",phone repair | smartphone repair,UC5Q0a2ksaqoObtk7SNZnldw,hands,phone-repair,wave1,2026-09-14,both,177
https://www.youtube.com/@hp-doctor,@Hp-doctor,Hp Doctor,337,90,4,"Mobile repair channel with display connector removal, charging port replacement shorts, real hardware fixes shown.",phone repair | mobile repairing | mobile phone repair | phone motherboard repair,UC92QzK_RohNCePnYmGCXNIQ,hands,phone-repair,wave1,2026-09-14,both,90
https://www.youtube.com/@hpmobiletelecominstitute,@hpmobiletelecominstitute,HP MOBILE TELECOM INSTITUTE,754,859,4,"Mobile and computer repairing institute description details IC reballing, eMMC and display fault topics for training.",मोबाइल रिपेयरिंग,UCC8Ac1tdXU6bq9ySZ5MBFyA,hands,phone-repair,wave1,2026-09-14,both,870
https://www.youtube.com/@icircuitindia,@icircuitindia,iCircuit Bangalore ,73,68,4,"Apple repair shop offering iPhone screen/battery/camera and MacBook chip-level repair, likely films real jobs.",phone repair | iphone repair | microsoldering | chip level repairing,UC4nxm6yHuiNc_Gzl-7aC4Ug,hands,phone-repair,wave1,2026-09-14,both,73
https://www.youtube.com/@idoctoruk,@iDoctorUK,iDoctor UK,272000,602,4,"Smartphone and tablet repair channel description, thin but clearly on-topic with no distracting elements.",phone repair | smartphone repair | tablet repair | mobile repairing | mobile phone repair | phone screen replacement | iPad repair,UCCa6do4XROkGYo4J--a8bRA,hands,phone-repair,rest1,2026-09-14,both,602
https://www.youtube.com/@ijazjuttmobilerepairinglab,@IjazJuttMobileRepairingLab,Ijaz Jutt Mobile Repairing Lab,157,93,4,"Charging jack, keypad jumper and LCD fixes shown with clear repair-focused titles at a repair lab.",mobile repairing | tablet repair,UCtoK9tbKqW0ZkGmvV6g4XRA,hands,phone-repair,wave1,2026-09-14,both,93
https://www.youtube.com/@ijazmobileshop6352,@ijazmobileshop6352,Ijaz Mobile Shop 6352,1460,110,4,Mobile repairing complete course channel with repair tools and business tips content.,mobile repairing | mobile repairing course | mobile repairing urdu,UC653MMC-CcOIZ0SZEpmcm1w,hands,phone-repair,gray_v2,2026-09-14,both,110
https://www.youtube.com/@imetmobile,@IMETMobile,IMET Mobile Repairing Institute Meerut Near Delhi ,91,455,4,"Mobile repairing institute description emphasizing chip-level, IC soldering and schematic reading with practical lab focus.",chip level | mobile repairing course,UCpwOCdU1zl3Vh4651RuKUEA,hands,phone-repair,wave1,2026-09-14,both,455
https://www.youtube.com/@impactmobile,@ImpactMobile,IMPACT mobile 📱iphone repair ,1470,53,4,"Description specifically claims IC-level work, CPU, eMMC and power IC replacement, board-level repair evidence.",mobile repairing | emmc | iPhone repair,UCEWe-2lWydfklGkZ-Hyi7WQ,hands,phone-repair,rest1,2026-09-14,both,53
https://www.youtube.com/@inmobilerepairing,@inmobilerepairing,Nikita mobile repairing ,2890,125,4,"Minimal description simply stating mobile repairing, name reinforces dedicated repair channel focus.",mobile repairing,UCge9YwbgzvALCw2dYDpTWuA,hands,phone-repair,gray_v2,2026-09-14,both,125
https://www.youtube.com/channel/uc9s-eyptekfnziyix7nizmg,@instantRepair07,instant Repair 07,285,89,4,"Channel description explicitly covers hardware repair (screens, battery, charging port, motherboard) alongside some software fixes.",मोबाइल रिपेयरिंग,UC9S-EYpTEkFnZiYiX7Nizmg,hands,phone-repair,rest1,2026-09-14,both,119
https://www.youtube.com/@iogtchiplevel,@IOGTChiplevel,iPhone Macbook Laptop Mobile chiplevel Training ,8870,461,4,Dedicated chip-level training institute for iPhone/laptop/mobile with hands-on practical bench sessions described.,chip level | chip level repairing,UCww9YfsniTSYh8AreS7EXvQ,hands,phone-repair,wave1,2026-09-14,both,461
https://www.youtube.com/@iosrepair,@iosrepair,iOS Repair,3350,58,4,"iPhone/iPad repair shop listing back glass laser, chip-level motherboard repair and display work.",chip level | phone motherboard repair | iPad repair,UCkZN1oCAO034p_ZJ5CVvgFA,hands,phone-repair,wave1,2026-09-14,both,58
https://www.youtube.com/@iphone_repairinglab,@Iphone_repairinglab,iphone repairing lab,1960,398,4,Dedicated iPhone repair shop name/handle strongly implies device-level repair videos.,phone repair | iphone repair | iPhone repair,UCptacsWmalVKK2upqzyWxkQ,hands,phone-repair,wave1,2026-09-14,both,398
https://www.youtube.com/@iphonefixlab,@iPhoneFixlab, iPhone Fix,37400,434,4,"Pakistan iPhone repair service center and institute, dedicated repair business channel.",phone repair | iphone repair | cell phone repair | iPhone repair | watch repairing course,UCVy8_1WRSlO29T66s3oxF4g,hands,phone-repair,wave1,2026-09-14,both,434
https://www.youtube.com/@iphoneservicemalaysia,@iPhoneServiceMalaysia,iPhone Service Malaysia,62600,182,4,iPhone motherboard micro-soldering guide and training hub with diagnostic and reballing focus described.,motherboard repair | iPhone repair | phone motherboard repair | phone repair shop | iPad repair,UCNgjPz7qROP2t3aiWVjqetQ,hands,phone-repair,wave1,2026-09-14,both,182
https://www.youtube.com/@irfanmobilelabofficial6111,@irfanmobilelabofficial6111,iphone repair faisalabad irfan mobile lab,38,54,4,iPhone repair shop titles show specific fault fixes like display issues and WiFi hidden fix.,phone repair | iPhone repair,UCgWo3Tu_ES1yKX7V8udCzlw,hands,phone-repair,rest1,2026-09-14,both,54
https://www.youtube.com/@ishwarmobilerepairing,@ishwarmobilerepairing,ISHWAR MOBILE REPAIRING,2690,133,4,"Shop owner's plain repairing channel bio naming his shop, thin evidence but on-topic.",mobile repairing | phone motherboard repair,UC2llXBu-gvVStYJVYszgNgw,hands,phone-repair,gray_v2,2026-09-14,both,133
https://www.youtube.com/@itechsquadphoneacademy7692,@itechsquadphoneacademy7692,iTechsquad Phone Academy,121,110,4,"Repair shop channel filming real motherboard-level phone, tablet and console repairs on camera.",tablet repair | micro soldering | phone motherboard repair,UC0itZQqo61fuXPbW5KBsI_A,hands,phone-repair,gray_v2,2026-09-14,both,117
https://www.youtube.com/@itmobile101iphone,@itmobile101iPhone,ร้านซ่อมมือถือ iPhone iTmobile101,498,255,4,Thai iPhone/iPad repair shop with titles showing real device repairs like no-power and water damage fixes.,ซ่อมมือถือ,UCG_aRRUsS8MdUd2lHOELosA,hands,phone-repair,trial100,2026-09-14,both,302
https://www.youtube.com/@ittechmobiletraininginstitute,@ittechmobiletraininginstitute,𝐈T𝐓ECH 𝐌𝐨𝐛𝐢𝐥𝐞 𝐓𝐫𝐚𝐢𝐧𝐢𝐧𝐠 𝐈𝐧𝐬𝐭𝐢𝐭𝐮𝐭𝐞 kolkata ,870,539,4,"Mobile repairing training institute offering chip-level, OCA and hardware/software courses with practical bench sessions.",mobile repairing | mobile repairing course,UCXuoSf8xqxB0QABeNV7kizQ,hands,phone-repair,wave1,2026-09-14,both,540
https://www.youtube.com/@jagdambamobile,@Jagdambamobile,MOBILE SOLUTION📱,9180,963,4,"Hindi mobile hardware solution channel run from a repair shop, contact-based, indicates real repair videos.",mobile repairing | मोबाइल रिपेयरिंग,UC1EdPPfv8iSUAdvz2Ak8T_g,hands,phone-repair,wave1,2026-09-14,both,963
https://www.youtube.com/@janakmobilereparing,@janakmobilereparing,Janak Mobile Reparing,1670,103,4,"Simple repair-focused Hindi channel offering contact for repair learning, thin evidence.",मोबाइल रिपेयरिंग,UCTRlc1I3ODuDFDVbB072SOg,hands,phone-repair,gray_v2,2026-09-14,both,103
https://www.youtube.com/@jeevamobilesolution,@jeevaMobileSolution,Jeeva Mobile Solution,627,147,4,"Titles show real repairs: CPU reballing, back glass replacement, dead solutions alongside FRP content.",mobile repairing | mobile repairing tamil,UCr9Kqg8GH-PZ52lU-z3EI0g,hands,phone-repair,wave1,2026-09-14,both,154
https://www.youtube.com/@jerrymobilepl,@JerryMobilePL,Jerry Mobile,74600,147,4,GSM technician-focused phone repair channel targeting service technicians and enthusiasts.,phone repair | phone screen replacement,UCE7tL3kzr_F1MZwpcd0R2QA,hands,phone-repair,rest1,2026-09-14,both,147
https://www.youtube.com/@jhonatanherrerax,@Jhonatanherrerax,Jhonatan Herrera | Gokucell ,9690,392,4,Dedicated cellphone repair expert channel with detailed tutorials on diagnostics and common faults.,reparación de celulares | reparación de móviles,UCR4mNx12etqsu2G9UVfGU6g,hands,phone-repair,rest1,2026-09-14,both,392
https://www.youtube.com/@jiteshkumar-123,@Jiteshkumar-123,Sakar mobile institute ,1960,140,4,"Mobile repairing course institute channel in Delhi, thin description naming the training focus.",mobile repairing | mobile repairing course,UCCJEc_VeNg-99qHFLeC0EUQ,hands,phone-repair,rest1,2026-09-14,both,140
https://www.youtube.com/@jkmaxx,@jkmaxx,Jkmax,21400,1440,4,"Dedicated mobile repairing hub description with clear listed hands-on repair topics like screen, battery, charging port.",mobile repairing | phone screen replacement,UCgJNM8-l4_NpIxd0fQcRv_w,hands,phone-repair,wave1,2026-09-14,both,1440
https://www.youtube.com/@josemvtek6960,@josemvtek6960,JoseV tech,347,82,4,Spanish-language phone repair and micro-soldering channel dedicated to sharing repair knowledge.,reparación de celulares | microsoldadura celulares,UCALSZhpynQKoAo-ow2lj-FQ,hands,phone-repair,wave1,2026-09-14,both,82
https://www.youtube.com/@jpmobilecare,@jpmobilecare,JP MOBILE CARE,1540,79,4,"Mobile repair education channel covering display, battery, charging repairs alongside some software content.",phone repair | mobile repairing | mobile phone repair | iphone repair | मोबाइल रिपेयरिंग,UCprhMIx-bVJjFD_Mm_aSdwg,hands,phone-repair,wave1,2026-09-14,both,79
https://www.youtube.com/@k.jmobile,@K.jMOBILE,K.J Mobile,489,116,4,"Titles show water damage repair, jumper repair and hardware fixes alongside some accessory reviews.",mobile repairing | mobile repairing urdu,UCZcgUbYaFmyyfR72bwTmZ5A,hands,phone-repair,rest1,2026-09-14,both,154
https://www.youtube.com/@k_repair,@k_Repair,K_Repair,299,96,4,"Describes soldering, IC replacements and motherboard repairs for Android and iPhone with tutorial format.",mobile repairing | motherboard repair | tablet repair,UCCnr4j6QIo2rn30H7-8UF8w,hands,phone-repair,wave1,2026-09-14,both,96
https://www.youtube.com/@kabirmobilefixer,@Kabirmobilefixer,Kabir mobile Fixer ,129,52,4,"Chip-level training channel emphasizing hand skill, board work, EMMC/UFS, mixed with software content.",phone repair | mobile repairing | mobile phone repair | motherboard repair | emmc | smartphone repair | phone motherboard repair | تصليح الموبايل,UCXBT2dRcK8jOL1q3LQywGQQ,hands,phone-repair,wave1,2026-09-14,both,52
https://www.youtube.com/@kaifmobilerepair9974,@kaifmobilerepair9974,Kaif mobile repair,1650,346,4,Mobile repair channel name and description point directly to repair videos.,mobile repairing,UCAFKGzr0xlxipSNTURDCyPg,hands,phone-repair,gray_v2,2026-09-14,both,346
https://www.youtube.com/@kairosland,@KairosLand,Smart Repair,185,84,4,"Shop description covers smartphone, tablet, iPad and board-level logic board repair services.",phone repair | smartphone repair | iphone repair | tablet repair | logic board repair,UCuKm6pBOSmoF_8CnxVJmoAw,hands,phone-repair,wave1,2026-09-14,both,84
https://www.youtube.com/@kang_servishp,@Kang_servishp,Kang servis hp,4860,133,4,"Named 'phone repair guy' with minimal description, thin evidence but clearly repair-trade channel.",servis hp,UCTBmPi98NlBh1kSpHXyQdvw,hands,phone-repair,gray_v2,2026-09-14,both,133
https://www.youtube.com/@kangservishp,@Kangservishp,Kang Servis HP,2360,435,4,Phone repair tutorial channel for beginners with shop contact for repair jobs.,servis hp,UCLi0F0SIhK8wYboNREaEJww,hands,phone-repair,gray_v2,2026-09-14,both,435
https://www.youtube.com/@kanhaiyamaurya7793,@kanhaiyamaurya7793,Maurya Mobile Repairing ,312,151,4,"Expert institute for mobile repairing course, thin evidence but names the trade directly.",mobile repairing | मोबाइल रिपेयरिंग,UCEeGTpuaGYaNM365QYo0BCA,hands,phone-repair,gray_v2,2026-09-14,both,158
https://www.youtube.com/@karthielectronicsofficial4848,@karthielectronicsofficial4848,Karthi's Mobile service ,421,120,4,"Chip-level service channel covering IC replacement, reballing, water damage rework for laptops and mobiles.",chip level | emmc | chip level repairing | صيانة الهواتف | تعمیر موبایل,UCna92uOt5fw-z_ph6YfupBA,hands,phone-repair,wave1,2026-09-14,both,120
https://www.youtube.com/channel/uct7fkde-txg4evosj6juseq,@KhanhTran-qb7ix,Dịch Vụ Thay màn Hình Mặt Kính cảm Ứng HCM,783,199,4,Vietnamese screen/glass replacement shop with short titles showing actual repair clips like battery and screen fitting.,sửa chữa điện thoại,UCt7FKde-txG4evoSJ6JUseQ,hands,phone-repair,wave1,2026-09-14,both,233
https://www.youtube.com/@khanmobilephonerepairs.,@khanmobilephonerepairs.,KHAN MOBILE PHONE REPAIR Tooting,389,140,4,"Mobile phone repair shop channel, thin description but clearly a repair business.",phone repair | mobile phone repair,UCUPsGh03oSV1Ka__pakfL8w,hands,phone-repair,rest1,2026-09-14,both,140
https://www.youtube.com/@kingwirelessrepair,@kingwirelessrepair,King Wireless & Phone Repair,1500,64,4,"Repair lab channel covering phones, tablets, laptops and consoles with detailed hardware repair services listed.",motherboard repair | phone screen replacement | phone motherboard repair,UCpGONbUrKTyy2H_AlhvGLJQ,hands,phone-repair,wave1,2026-09-14,both,64
https://www.youtube.com/@kkhanmobilerepairing,@kkhanmobilerepairing,k khan mobile repairing ,6700,170,4,Dedicated mobile repairing channel promising step-by-step tutorials and DIY device fixes.,mobile repairing,UCNEerUqrpEe7GHyn5MI1h8g,hands,phone-repair,wave1,2026-09-14,both,170
https://www.youtube.com/@kmax_mobbile_repair_training,@kmax_mobbile_repair_training,Kmax Mobbile Repairr And Training Centre ,566,413,4,Chip-level mobile repair training center with practical bench course focus per description.,chip level | phone repair shop,UCcX1VvnEM5Mg-uzyk7MQH-A,hands,phone-repair,wave1,2026-09-14,both,415
https://www.youtube.com/@krishmobiletraininginstitute,@krishmobiletraininginstitute,KRISH MOBILE TRAINING INSTITUTE,17500,878,4,"Mobile training institute explicitly covering chip-level hardware and software courses, strong fit for bench sessions.",chip level | mobile repairing course,UCBKfRmBARVT-Us4JAONK38g,hands,phone-repair,wave1,2026-09-14,both,879
https://www.youtube.com/@kythuatsuachuadienthoaidid3765,@kythuatsuachuadienthoaidid3765, kỹ thuật sửa chữa điện thoại di động đăng khoa,1500,248,4,Name and description plainly indicate a mobile phone repair technician channel with minimal text.,sửa chữa điện thoại,UCbvqS8NZPCEHAsF3MU-cTfg,hands,phone-repair,gray_v2,2026-09-14,both,248
https://www.youtube.com/@laxmitelecom78,@laxmitelecom78,LAXMI TELECOM MOBILE REPAIR,2310,378,4,"Chip-level mobile repair shop channel with detailed IC reballing, EMMC/UFS programming and hardware fault descriptions.",mobile repairing | chip level | emmc,UCDY1NduIYPwhENwAzwx5wGw,hands,phone-repair,wave1,2026-09-14,both,378
https://www.youtube.com/@localphonerepairs_,@LocalphoneRepairs_,Local phone Repairs,2290,134,4,"Local phone repair channel sharing hardware and software issue knowledge, plausible bench repair content with thin evidence.",phone repair | cell phone repair,UCluYa1v2hk3bLIihJ-1QgsQ,hands,phone-repair,gray_v2,2026-09-14,both,134
https://www.youtube.com/@luckymobilerepair858,@luckymobilerepair858,LUCKY MOBILE REPAIR,282,68,4,"Chip-level repair channel with EMMC reballing, LCD light and network fault fixes described.",chip level | emmc | chip level repairing | tablet repair,UCTlQFDQAi3ktx2vREYM0Vgg,hands,phone-repair,wave1,2026-09-14,both,68
https://www.youtube.com/@m.brepair2.0,@m.brepair2.0,M.B repair 2.0,404,152,4,Hindi mobile repair channel with practical connector and folder replacement demonstration titles.,mobile repairing | मोबाइल रिपेयरिंग,UCaCHiifmrvzVJkc4az69Ymw,hands,phone-repair,wave1,2026-09-14,both,159
https://www.youtube.com/@maamalatimobilesmartphonerepai,@MAAMALATIMOBILESMARTPHONEREPAI,MAA MALATI MOBILE & SMART PHONE REPAIRING LAB,134,66,4,"Repair lab description lists specific board-level work like eMMC change, UFS change, CPU reballing.",mobile repairing | mobile phone repair,UCyZ3Uy2xxGMLVsGeGz_jomQ,hands,phone-repair,gray_v2,2026-09-14,both,67
https://www.youtube.com/@maamobilerepair-4ufree,@MaaMobileRepair-4ufree,Maa Mobile Repair ,723,119,4,"Detailed repair terminology: CPU reballing, soldering iron, multimeter, SMD identification suggests real bench repair work.",phone repair | mobile repairing | mobile phone repair | motherboard repair | mobile repairing course | phone repair shop,UCL9tAB6Q5OPDDZt1BE0reXg,hands,phone-repair,wave1,2026-09-14,both,119
https://www.youtube.com/@maestrozay6017,@maestrozay6017,Maestro Zay,14800,589,4,Cell phone repair teacher/microsoldering professor with thin bio but clear repair focus.,reparación de celulares | microsoldadura celulares,UC2fFnIHK6B6TrC3EC8cbE-A,hands,phone-repair,rest1,2026-09-14,both,589
https://www.youtube.com/@maheshmasti,@maheshmasti,Mahesh masti ,1670,723,4,"Hindi channel uploading mobile software and hardware repairing videos, straightforward repair focus.",mobile repairing | मोबाइल रिपेयरिंग,UC4rxUbr5diQbAwqczS67cVw,hands,phone-repair,gray_v2,2026-09-14,both,723
https://www.youtube.com/@mamobilerepairing,@MAMOBILEREPAIRING,MA MOBILE REPAIRING,26400,475,4,"Channel dedicated to mobile repair, care and accessories info, plain repair-technician description.",mobile repairing | mobile repairing hindi,UCClqWqUL-q7sSDcKWa8gKXw,hands,phone-repair,gray_v2,2026-09-14,both,475
https://www.youtube.com/@maplecellphoneandlaptopser1825,@maplecellphoneandlaptopser1825,"Maple Cell phone and Laptop Repair - Macbook, Ipad",53,91,4,"Repair shop covering phone, tablet, MacBook and laptop repairs with detailed hardware issue list.",phone repair | cell phone repair | phone motherboard repair | iPad repair,UCCgNKTvgQCONx9ipAv8sUZg,hands,phone-repair,wave1,2026-09-14,both,91
https://www.youtube.com/@maratongsm,@maratongsm,MARATON GSM,6680,1200,4,"Phone repair technician training and lesson channel, thin description but plainly repair-focused.",phone repair | telefon tamiri,UCIhpZ-ZFperBmahK-CxXYSQ,hands,phone-repair,rest1,2026-09-14,both,1200
https://www.youtube.com/@marcusvidovichelectronicrepair,@marcusvidovichelectronicrepair,Marcus Vidovich - Electronic Repairs,118,72,4,"Microsoldering shop covering tablets, consoles and motherboards with advanced microscopic repair claims.",motherboard repair | tablet repair,UCIhhlSD0D8NQoCKLIdn1wAg,hands,phone-repair,wave1,2026-09-14,both,72
https://www.youtube.com/@masfixlab,@Masfixlab,Mas Fix lab,1670,278,4,"Micro-soldering lab for cell phones, thin description but clearly a repair bench with parts/accessories mention.",microsoldadura | microsoldadura celulares,UCfY4pr7nqtqDDrwbr6FRsGg,hands,phone-repair,rest1,2026-09-14,both,279
https://www.youtube.com/@masterfixlaboratoriocelular,@masterfixlaboratoriocelular,Reparación de celulares para Aprender y Ganar ,2070,123,4,Dedicated phone repair teaching channel promising practical tutorials on device repair skills.,reparación de celulares | reparación de móviles,UC4qPDvOfqeFF6vfQgU14GIw,hands,phone-repair,rest1,2026-09-14,both,123
https://www.youtube.com/@mdrahmatali7463,@mdrahmatali7463,I Zone TECH MOBILE REPAIRING ,133,112,4,"Mobile hardware repair tutorial channel covering charging, battery, display and dead phone fixes.",mobile repairing,UCZEpfwnzDJjRWnezQt4cRuQ,hands,phone-repair,wave1,2026-09-14,both,203
https://www.youtube.com/@mirmobilesrepairing2422,@mirmobilesrepairing2422,MiR Mobiles repairing,1050,76,4,"Chip level mobile repairing channel name and description signal board-level work, no titles to verify further.",chip level | chip level repairing,UCJ3qaoFbbu80T4tRJPcvdsg,hands,phone-repair,wave1,2026-09-14,both,76
https://www.youtube.com/@mirtechtelugu,@MiRTechTelugu,MiR Tech Telugu,2560,119,4,"Telugu mobile repairing solutions channel, thin but on-topic description.",mobile repairing | mobile repairing telugu,UC6jyZOGtmMkgOwK0SqsNBTg,hands,phone-repair,rest1,2026-09-14,both,119
https://www.youtube.com/@mirzamobileshindi,@MirzaMobilesHindi,Mirza Mobiles Hindi,13100,114,4,"Dedicated mobile repair tutorials covering dead phone, IC and chip-level repairing techniques.",phone repair | mobile repairing | chip level | mobile repairing hindi,UCJvTAfmEPLaI6IXQc7ohhqA,hands,phone-repair,wave1,2026-09-14,both,115
https://www.youtube.com/@mkraja9772,@MKRAJA9772,Manish mobile repairing centre,1360,345,4,"Named mobile repairing centre offering all mobile repair solutions, thin one-line bio evidence.",mobile repairing | मोबाइल रिपेयरिंग,UC1p1gb6N5JZKaR1uPipMvZg,hands,phone-repair,gray_v2,2026-09-14,both,345
https://www.youtube.com/@mmobileghosi,@mmobileghosi,M Mobile Ghosi ,1020,117,4,Mobile repair shop channel showing practical touch/back glass and curve display replacements on real devices.,phone repair | mobile repairing | smartphone repair | iphone repair | mobile phone repair | phone repair shop,UCBR21JSUDL1ZnUA_Q8xy2qw,hands,phone-repair,wave1,2026-09-14,both,117
https://www.youtube.com/@mmsarfaraz,@MMsarfaraz,Master Mobile,197,82,4,Titles show real hands-on LCD/panel/charging repairs on specific phone models in Urdu.,phone repair | mobile repairing | mobile phone repair | mobile repairing course | mobile repairing urdu,UCzmVW4TGpc9eL-4jq0Oa-Sg,hands,phone-repair,wave1,2026-09-14,both,82
https://www.youtube.com/@mobicationhub,@MobicationHub,Mobication Hub,18100,793,4,"Institute description details CPU reballing, eMMC programming, display glass changing with practical hardware training focus.",mobile repairing | mobile repairing course | emmc,UCI8WMJUwVT3du5DJGWgxvLg,hands,phone-repair,wave1,2026-09-14,both,796
https://www.youtube.com/@mobichacha7636,@mobichacha7636,Mobi Chacha,180,56,4,"Doorstep mobile and tablet repair shop offering screen repair services, business-toned but repair-focused description.",phone repair | tablet repair,UCVbnus3vSmI1uuDZxSH5J_Q,hands,phone-repair,gray_v2,2026-09-14,both,59
https://www.youtube.com/@mobicomguru8131,@mobicomguru8131,MobiComGuru मोबाइल रिपेयरिंग इंस्टिट्यूट,123000,123,4,"Mobile repairing institute covering hardware/software repair, IC study, fault-finding and disassembly training.",mobile repairing | mobile repairing course | मोबाइल रिपेयरिंग,UCEKA8kxsLeivm0a9Nh01zkg,hands,phone-repair,wave1,2026-09-14,both,123
https://www.youtube.com/@mobifixbymohsin,@mobifixbymohsin,Mobifixbymohsin,145,52,4,"Repair shop/service channel description, thin but clearly pointing at mobile repairing services.",mobile repairing | smartphone repair,UCeZMEqlj6MPyByj9lgsZLNQ,hands,phone-repair,rest1,2026-09-14,both,56
https://www.youtube.com/@mobile_repair_guruji,@Mobile_Repair_Guruji,Mobile Repair Guruji,647,93,4,CPU/eMMC repair solutions and dead phone fixing tutorials mixed with tool sales and training promotion.,mobile repairing | emmc | mobile phone repair | mobile repairing course | mobile repairing hindi,UCohIk5S0MqtZQht4z4o0dTg,hands,phone-repair,wave1,2026-09-14,both,93
https://www.youtube.com/@mobileclinic817,@mobileclinic817,Mobile clinic shortcut,4890,273,4,"IC repairing channel covering CPU, eMMC, network and water damage fixes by professionals, thin but on-topic.",emmc | صيانة الهواتف | تعمیر موبایل,UCEsPExlDq-9FR4GQ_l1nPFg,hands,phone-repair,rest1,2026-09-14,both,273
https://www.youtube.com/@mobiledoctor-betul,@mobileDoctor-betul,Mobile Doctor Betul,717,97,4,Chip-level motherboard repair channel with titles on specific hardware faults like camera and crash dump fixes.,chip level | tablet repair,UC_jij2GtC_wLAx4W59grvbg,hands,phone-repair,wave1,2026-09-14,both,99
https://www.youtube.com/@mobiledrtamil,@mobiledrtamil,MOBILE Dr  TAMIL,1960,58,4,Tamil-language smartphone and iPhone repair channel covering hardware and water damage fixes.,phone repair | iphone repair | mobile repairing tamil,UCReXBJz-4hvcZrbJX4b9TiQ,hands,phone-repair,gray_v2,2026-09-14,both,58
https://www.youtube.com/@mobilefix0077,@Mobilefix0077,Mobile fix ,121,59,4,Screen and glass replacement repair shop description covering premium phones and folds with clear repair scope.,phone repair | mobile phone repair,UCo5CqdeDzCBSubqgSGG9WkQ,hands,phone-repair,wave1,2026-09-14,both,64
https://www.youtube.com/@mobilefixit_wakad,@Mobilefixit_wakad,Mobile Fixit ( The Fold Technician ),639,176,4,"Titles show real fold phone display, hinge and motherboard repairs at a Pune repair shop.",phone repair | smartphone repair | phone screen replacement | phone motherboard repair,UCv3rmLa2-XkzJloxs3WmAsA,hands,phone-repair,wave1,2026-09-14,both,252
https://www.youtube.com/@mobileinstitutesitamarhi,@MobileinstituteSitamarhi,Mobile institute Sitamarhi,54,57,4,Mobile repairing institute with live practical training including chip-level and hardware repair sessions.,mobile repairing | chip level | mobile repairing course,UClVoECYMJyUqnGFTTFdyxcA,hands,phone-repair,wave1,2026-09-14,both,59
https://www.youtube.com/@mobileknowledge1499,@mobileknowledge1499,Mobile Knowledge,42500,323,4,Mobile repairing channel focused on Android hardware solutions and educational repair videos.,phone repair | mobile repairing | mobile phone repair | mobile repairing urdu,UCtghjlU3xm_71jxnvoUdJoQ,hands,phone-repair,gray_v2,2026-09-14,both,323
https://www.youtube.com/@mobilemechanichelp,@MobileMechanicHelp,Mobile Mechanic,3250,168,4,Mobile repairing and electronics channel covering software and hardware problem solving.,mobile repairing | मोबाइल रिपेयरिंग,UCmxtmYWstgDsnVUrZl2mNzg,hands,phone-repair,gray_v2,2026-09-14,both,168
https://www.youtube.com/@mobilemechanicworld,@mobilemechanicworld,Mobile Mechanic World ,5500,233,4,Chip-level hardware repair and schematic training channel targeting mobile repair technicians.,chip level | mobile repairing bangla,UCrykFoUs9X-9RzQ1uFEeqbQ,hands,phone-repair,wave1,2026-09-14,both,234
https://www.youtube.com/@mobilenetworkofficial,@mobilenetworkofficial,Mobile Network Official,1750,176,4,Mobile Network channel describing hardware and software repair tech tips videos.,मोबाइल रिपेयरिंग,UCsDlA-rbl4S0ay1XoyRK-QQ,hands,phone-repair,gray_v2,2026-09-14,both,176
https://www.youtube.com/@mobilephonerepairingcourse,@MobilePhoneRepairingCourse,Punjab Mobile Phone Repairing Course ,10,62,4,"Mobile repairing training channel covering battery, display, charging and IC replacement with practical bench lessons alongside software flashing.",mobile repairing | mobile repairing course | mobile repairing hindi | mobile repairing urdu,UCCWv2jDOcu6bOzMlCwzk6QA,hands,phone-repair,wave1,2026-09-14,both,62
https://www.youtube.com/@mobilephonerepairingsrilanka,@mobilephonerepairingsrilanka,ATHEEQ-TECH,1400,147,4,Established mobile repair training institute description with practical bench skills focus for technicians.,phone repair | mobile phone repair | mobile repairing course,UC08Fs_9z1iVJURdnyZNZiGw,hands,phone-repair,wave1,2026-09-14,both,147
https://www.youtube.com/@mobilephonerepairinstitutesg,@mobilephonerepairinstitutesg,Advance Mobile Phone Repairing Institute Singapore,1180,53,4,"Dedicated mobile phone repair training institute description, no titles to confirm practical bench sessions.",phone repair | mobile phone repair | mobile repairing | mobile repairing course | watch repairing course,UCrq1KM0lAjJgOWRJuEeHRYQ,hands,phone-repair,wave1,2026-09-14,both,53
https://www.youtube.com/@mobilerepaircoursehyderabad,@MobileRepairCourseHyderabad,Mobile Repair Course Hyderabad,4340,262,4,Mobile repair training institute description emphasizing chip-level LED repairing course with practical bench focus.,phone repair | mobile repairing | mobile phone repair | cell phone repair | chip level | mobile repairing course | phone repair shop | mobile repairing telugu,UCIb3ql2g_6Ofl3PUq44Q0iA,hands,phone-repair,wave1,2026-09-14,both,263
https://www.youtube.com/@mobilerepairingcenter,@MOBILEREPAIRINGCENTER,Mobile Repairing Center,2120,89,4,"Mobile repairing center covering hardware and software, plainly a repair channel.",mobile repairing,UCh0wplkrHNzHkRZJIGqqMHQ,hands,phone-repair,gray_v2,2026-09-14,both,89
https://www.youtube.com/@mobilerepairingcourse_,@mobilerepairingcourse_,Smart Mobile Training,54300,1566,4,Hyderabad mobile chip-level repairing training institute channel with educational bench repair videos.,mobile repairing | chip level | mobile repairing course | mobile repairing telugu,UC69Md2V024Xx3AhE7JmVJ3g,hands,phone-repair,wave1,2026-09-14,both,1566
https://www.youtube.com/@mobilerepairingcoursee,@Mobilerepairingcoursee,Mobile repairing course,9600,549,4,"Mobile repairing course channel focused on jumper solutions, disassembly and combo replacement videos.",phone repair | mobile repairing | mobile phone repair | mobile repairing course | electronics repair course,UCQtJ427ju20pEMjRqLssGGA,hands,phone-repair,wave1,2026-09-14,both,549
https://www.youtube.com/@mobilerepairingkanpur,@Mobilerepairingkanpur,Mobile Repairing kanpur ,359,636,4,"Mobile repair shop channel doing hardware and software, Shorts format but repair-focused.",mobile repairing | मोबाइल रिपेयरिंग,UCgcYAF4gyEdiX_CrdXcSwDw,hands,phone-repair,gray_v2,2026-09-14,both,639
https://www.youtube.com/@mobilerepairinglab2825,@mobilerepairinglab2825,Mobile hardware solutions ,8810,3508,4,"Mobile hardware repair channel with Urdu/Hindi tutorials on charging, LCD, eMMC pinouts and dead phone fixes.",phone repair | mobile repairing | smartphone repair | emmc | mobile repairing urdu,UCAOO9m3UOJjqv1YpUuEU5tA,hands,phone-repair,wave1,2026-09-14,both,3511
https://www.youtube.com/@mobilerepairingmuralidhar,@MobileRepairingMuralidhar,Mobile Repairing Muralidhar,2080,152,4,"Hindi mobile repairing channel covering hardware and software fixes, thin evidence but plainly repair-focused.",mobile repairing | मोबाइल रिपेयरिंग | mobile repairing tamil,UCQOPjsOCugkpE4WT-LEWDBg,hands,phone-repair,gray_v2,2026-09-14,both,152
https://www.youtube.com/@mobilerepairinstitutebadarpur,@mobilerepairinstitutebadarpur,Mobile Repairing Institute Badarpur,5250,347,4,Mobile repairing institute offering 100% practical chip-level and hardware training sessions.,mobile repairing | mobile repairing course | मोबाइल रिपेयरिंग,UC0KgNUBjrJDpgiZySTQCUQA,hands,phone-repair,rest1,2026-09-14,both,347
https://www.youtube.com/@mobilerepairsandeep,@MobileRepairSandeep,Sandeep  mobile repair ,1620,322,4,"Dedicated mobile repair channel listing charging jack, battery, dead phone and IC work as core content.",phone repair | mobile repairing | phone repair shop,UCl_0ODlfVwiNB48KhqtYtMA,hands,phone-repair,wave1,2026-09-14,both,323
https://www.youtube.com/@mobilerepairschool,@mobilerepairschool,Mobile Phone Repair School,3170,216,4,Mobile phone repair school channel sharing fault diagnosis and solution videos directly on-topic.,phone repair | mobile phone repair | smartphone repair,UC9SBZtM3La7WdL9gt0NLCuQ,hands,phone-repair,gray_v2,2026-09-14,both,216
https://www.youtube.com/@mobilerepairtrick,@MobileRepairTrick,Mobile Repair Trick,63000,961,4,"Hindi mobile repair tips channel covering hardware/software solutions for phones, tablets and laptops.",emmc | मोबाइल रिपेयरिंग | phone repair | mobile repairing | mobile repairing hindi,UCh_jET4rQzg5rDcNrQtYJUA,hands,phone-repair,gray_v2,2026-09-14,both,961
https://www.youtube.com/@mobilerepearsolution,@mobilerepearsolution,Mobile repair by Indra,1320,506,4,"Self-described mobile repair teaching channel covering various repair problems, thin but on-topic.",mobile repairing | smartphone repair,UCkzAg6C04FzQVxsaGe6Zlsw,hands,phone-repair,gray_v2,2026-09-14,both,506
https://www.youtube.com/@mobileripering,@mobileripering,ALL TYPE MOBILE PHONE REPAIRING  | DK MOBILE SHOP,787,53,4,"Mobile repair shop channel with short-circuit tracing and jumper repair content, titles show repeated short clips of repair work.",phone repair | mobile repairing | mobile phone repair | mobile repairing hindi,UCcM-PMYBOCgajt9NmAb1VpA,hands,phone-repair,gray_v2,2026-09-14,both,53
https://www.youtube.com/@mobileripering1234,@MobileRipering1234,Mobile Ripering • 1.6M Views • 8 hour ago,13400,485,4,"Describes display change, folder change and step-by-step practical mobile repairing tutorials.",mobile repairing | मोबाइल रिपेयरिंग,UCkJB17S_SSagRrHtnk5YbxQ,hands,phone-repair,gray_v2,2026-09-14,both,484
https://www.youtube.com/@mobilesclanic,@MobilesClanic,Mobiles Clanic,26,80,4,"Titles show panel change and battery charging fix, real repair demonstrations on camera.",phone repair | تصليح الموبايل,UCnFM9J1FaX6KwfXr_ckbbtA,hands,phone-repair,rest1,2026-09-14,both,78
https://www.youtube.com/@mobilesdoctor455,@mobilesdoctor455,Amjad Ansari | Mobile Doctor ,159,51,4,Mobile repairing institute/course channel with keyword-heavy description centered on dead phone hardware repair.,phone repair | mobile repairing | mobile phone repair | mobile repairing course | mobile repairing hindi,UCvb0DtEsNn4Bx4kVgs0HKTw,hands,phone-repair,gray_v2,2026-09-14,both,51
https://www.youtube.com/@mobileservice123,@MOBILESERVICE123,MOBILE SERVICE,176000,386,4,"Description covers repair tutorials across major brands plus micro soldering and unlocking, mixed hardware/software focus.",phone repair | mobile phone repair | iphone repair | micro soldering | micro soldering phone,UC5-jmbzQltCyPxa4FhlBbMA,hands,phone-repair,wave1,2026-09-14,both,386
https://www.youtube.com/@mobileservicingbangla,@mobileservicingbangla,Mobile Servicing Bangla,1330,217,4,"Bangla mobile motherboard repair channel with hardware solution focus, strong topic alignment.",motherboard repair | mobile repairing bangla,UCxVqN25HyopaTwKu5MeebSQ,hands,phone-repair,wave1,2026-09-14,both,217
https://www.youtube.com/@mobilesolutionsvna,@MobileSolutionsVNA,Mobile Solutions VN,3980,84,4,Vietnamese channel dedicated to sharing phone repair knowledge and technical support for technicians.,sửa chữa điện thoại,UCsXWM-wkjntmbXMEDQKwM5g,hands,phone-repair,wave1,2026-09-14,both,84
https://www.youtube.com/@mobiletechcsm,@MobiletechCSM,Mobile Tech Comunicaciones,388,81,4,Spanish micro-soldering and board-level phone/laptop repair shop with technical focus.,microsoldadura | microsoldadura celulares,UCWzVhu1CE9Gdpwe9gq8pvlA,hands,phone-repair,wave1,2026-09-14,both,82
https://www.youtube.com/@mobiletechhindimtz,@MobileTechHindiMTZ,Mobile Tech Hindi | MTZ,190,382,4,Hindi technician knowledge channel with practical repair topics like charging circuits and compatible parts lists.,mobile repairing | mobile repairing hindi,UCI_3WmMPyJOtlSj6A2C81rw,hands,phone-repair,rest1,2026-09-14,both,389
https://www.youtube.com/@mobileworld2627,@MOBILEWORLD2627,MOBILE WORLD,719,140,4,"Dead phone repair titles with reballing, JTAG box, firmware fixes showing chip-level bench work.",phone repair | mobile repairing | mobile repairing course,UCZh0qnRR4j1c-ndehb8XjUg,hands,phone-repair,wave1,2026-09-14,both,187
https://www.youtube.com/@moneytalkswirelessespanol,@moneytalkswirelessespanol,Money Talks Wireless Español,1150000,178,4,"Spanish spinoff of device repair channel covering screen, battery and water damage fixes.",reparación de celulares | reparación de móviles,UCBxWRf_kaLBf6pfAyFyvtfg,hands,phone-repair,rest1,2026-09-14,both,178
https://www.youtube.com/@monumobilerepairingsh,@MonuMobileRepairingSH,Monu Mobile Repairing SH,129000,949,4,"Detailed IC-level chip work list (power IC, eMMC, CPU IC) indicates real board-level repair focus.",mobile repairing | emmc | smartphone repair | phone repair shop | मोबाइल रिपेयरिंग | electronic repairing,UCrf5xuRSiDbfOReirdT1y_g,hands,phone-repair,wave1,2026-09-14,both,949
https://www.youtube.com/@moradabadmobileinstitute,@moradabadmobileinstitute,Moradabad Mobile Institute,1510,465,4,"IC-level mobile repairing training institute description, though heavily promotional for course enrollment.",mobile repairing | मोबाइल रिपेयरिंग | mobile repairing course,UClrznezNws_E6NtYxfgw73Q,hands,phone-repair,gray_v2,2026-09-14,both,465
https://www.youtube.com/@mprepair,@MPRepair,M&P Repair,619,104,4,"Dedicated repair channel covering screen, battery, charging port and water damage fixes with tutorial format.",phone repair | mobile repairing | motherboard repair | mobile repairing course | mobile phone repair,UCfUCMPl0Ki2EZPNOY9n4QTw,hands,phone-repair,wave1,2026-09-14,both,105
https://www.youtube.com/@mrjyotishkushwaha,@mrjyotishkushwaha,Jyotish mobile repairing centre ,2800,63,4,"Mobile repairing centre teaching hardware and software repair practically, some drift to flashing/unlocking.",phone repair | mobile repairing | मोबाइल रिपेयरिंग,UCltkQdt0EkSo_UM31MT8UuA,hands,phone-repair,gray_v2,2026-09-14,both,63
https://www.youtube.com/@mrssmtips,@mrssmtips,Mr. SSM tips & tricks,20600,328,4,"Mobile shop owner and repairer sharing smartphone repair tips and solutions videos, some drift into gadget mentions.",phone repair | smartphone repair | tablet repair,UCyiV_mgK5AtKFOcutwfRNRg,hands,phone-repair,gray_v2,2026-09-14,both,328
https://www.youtube.com/@mrtuanww,@MrTuanww,TUANMOBILE,2600,116,4,Description describes hands-on glass lamination and motherboard repair tutorials with device diagnosis.,sửa chữa điện thoại,UC06iKGYCrM33Wj7ZMNoutWA,hands,phone-repair,rest1,2026-09-14,both,116
https://www.youtube.com/@mti_kanpur,@Mti_kanpur,MTI Mobile & Laptop Repairing Institute,4760,318,4,"Mobile/laptop repairing institute emphasizing live chip-level practical training, strong topic fit with course format.",chip level | emmc | mobile repairing | mobile repairing course | chip level repairing | laptop repair | laptop repairing | chip level repair | laptop repair course,UCEvzawFuOKBVBgteYAnpKDA,hands,phone-repair,wave1,2026-09-14,both,318
https://www.youtube.com/@mtslabnepal,@Mtslabnepal,MTS screen refurb Lab,724,765,4,"Screen refurb lab and repair specialist shop description, strong topic fit for phone repair.",phone repair | cell phone repair | phone screen replacement,UCmE9DPhJeyhy3UVNL_Iz_1Q,hands,phone-repair,trial100,2026-09-14,both,783
https://www.youtube.com/@muhammadasifazeemi,@Muhammadasifazeemi,Muhammad “Azeemi” asif,5790,97,4,"Mobile repair training channel with business advice mixed in, practical repair course focus.",phone repair | mobile repairing | mobile phone repair | cell phone repair | mobile repairing course | mobile repairing urdu | electronics repair course | electronics repairing institute,UCqVI8jXhiD1j8QIXh2VLfJw,hands,phone-repair,wave1,2026-09-14,both,97
https://www.youtube.com/@muhammadrizwan-bi9ob,@MuhammadRIZWAN-bi9ob,Iphone repairing 313_lab,165,86,4,iPhone repairing lab with titles showing battery replacement and part swaps demonstrating hands-on repair work.,phone repair | mobile phone repair | iPhone repair,UCAf6T7mal6qTFMCJ7QaOmsg,hands,phone-repair,wave1,2026-09-14,both,86
https://www.youtube.com/@muhammadwaqar-oh4fz,@MuhammadWaqar-oh4fz,waqar RTX,365,156,4,"Titles show step-by-step charging port replacement, multimeter diagnostics and LCD change guides.",phone repair | mobile repairing | mobile phone repair | mobile repairing course | mobile repairing urdu,UChDysbahIvGjcIIrVNG3rcw,hands,phone-repair,wave1,2026-09-14,both,172
https://www.youtube.com/@mukeshkumarmobilerepairing,@mukeshkumarmobilerepairing,Mukesh Kumar Mobile Repairing,10900,303,4,"Mobile repairing and electronics learning channel, thin but clearly on-topic description.",mobile repairing | मोबाइल रिपेयरिंग | smartphone repair,UCnnkXq26MeXJLXS-ykGBIeQ,hands,phone-repair,rest1,2026-09-14,both,303
https://www.youtube.com/@murtazaansari88059,@murtazaansari88059,IQRA MOBILE SHOP,381,64,4,"Mobile shop offering chip level software/hardware diagnose repair services, thin evidence but clearly repair-focused.",chip level | mobile repairing hindi,UCUHbDA4it52n0dU0XMW-EYw,hands,phone-repair,gray_v2,2026-09-14,both,70
https://www.youtube.com/@muzammilkhan-qj1tz,@muzammilkhan-qj1tz,The Gadget Mobile Solution,68,56,4,"Mobile repairing and DIY channel, thin evidence but clearly repair-focused name/description.",mobile repairing | phone motherboard repair,UCKj0w2ocjzjv7CcE9Vngu5Q,hands,phone-repair,gray_v2,2026-09-14,both,56
https://www.youtube.com/@myrepairteam,@myrepairteam,My Repair Team,6220,257,4,"Describes teaching LCD/LED repair and mobile software fixes, thin but on-topic evidence.",मोबाइल रिपेयरिंग,UCZ0E0zYdF6HbXV0GeO01N2w,hands,phone-repair,gray_v2,2026-09-14,both,257
https://www.youtube.com/@nadirmobilerepairing,@NadirMobileRepairing,Nadir Mobile Repairing,2350,137,4,Dedicated mobile repairing channel covering software and hardware solutions in Hindi.,mobile repairing | मोबाइल रिपेयरिंग,UCIOrS0EPMdLFkVThOOXgPdQ,hands,phone-repair,rest1,2026-09-14,both,137
https://www.youtube.com/@nctech090,@NCTECH090,NC TECH ,1940,249,4,"Dedicated phone repair channel description covering charging issues, dead phone repair, screen and motherboard diagnostics.",phone repair | mobile phone repair | phone screen replacement,UCKJuF3lNzOy0d9dwN4ioS_A,hands,phone-repair,wave1,2026-09-14,both,250
https://www.youtube.com/@nextlevelphonerepair,@nextlevelphonerepair,Next Level Phone Repair,503,62,4,"Dedicated phone repair shop description covering screens, batteries, water damage and motherboard fixes.",phone repair | smartphone repair | mobile phone repair | chip level repairing | phone repair shop,UCON4hqM0m9FoJSGjdLytD0Q,hands,phone-repair,wave1,2026-09-14,both,67
https://www.youtube.com/@ngocanhmobile8962,@ngocanhmobile8962,Ngọc Anh Mobile,453,112,4,"Repair training/service business with titles showing socket soldering, audio fix and camera glass replacement.",sửa chữa điện thoại,UC12PsYTc6Novr_kKP8CzrnQ,hands,phone-repair,wave1,2026-09-14,both,112
https://www.youtube.com/@nicecellassistec,@nicecellassistec,Nice Cell Assistec R.R,599000,1331,4,Repair-focused channel offering tips for beginners and professionals in phone repair.,conserto de celular | reparo de placa celular,UC4t2ZoftdqotkQWSeiYO2qw,hands,phone-repair,wave1,2026-09-14,both,1331
https://www.youtube.com/@noerservishp,@noerservishp,noer servis hp,11100,235,4,Indonesian phone repair shop channel documenting real servis hp jobs on camera.,servis hp,UC2t0PAfLvmtYzK_0k2rh4ZA,hands,phone-repair,wave1,2026-09-14,both,235
https://www.youtube.com/@nooncomputerstamil,@NoonComputersTamil,Noon Computers Tamil,17800,133,4,"Description explicitly details micro-soldering, IC reballing, reworking with in-depth technical hardware videos.",mobile repairing | micro soldering | mobile repairing tamil,UC7jtRuFYpUxi6hOva8Msy_g,hands,phone-repair,wave1,2026-09-14,both,133
https://www.youtube.com/@noormobilerepairinglab,@Noormobilerepairinglab,Noor Mobile Repairing Lab ,596,98,4,"Urdu/Hindi mobile repair tutorials covering screen, battery, charging IC and jumper tricks despite some software content.",mobile repairing | mobile repairing course | mobile repairing hindi | mobile repairing urdu,UC7DN3UhhR_98MHu0HNb_aeA,hands,phone-repair,rest1,2026-09-14,both,98
https://www.youtube.com/@nsmobilerepairing7874,@NSMOBILEREPAIRING7874,NS mobile repairing ,1310,227,4,"All models mobile repairing centre channel, thin but plausible repair bench content.",mobile repairing | mobile repairing hindi,UCR5Ff7pivcP2iaookdWykYQ,hands,phone-repair,gray_v2,2026-09-14,both,227
https://www.youtube.com/@ommobilecare09,@Ommobilecare09,Om Mobile Care,233,91,4,"Titles show dead phone solutions, restart fixes and connector replacement, real repair work.",mobile repairing | tablet repair,UCnAvnM5tgc_bzFzBP1lpuEA,hands,phone-repair,wave1,2026-09-14,both,91
https://www.youtube.com/@omrtech,@Omrtech,Omr Tech Mobile Institute ,1080,78,4,"Mobile repair training institute description details SMD, IC and BGA reballing practical courses.",mobile repairing | mobile repairing course,UC2a_wTHwfCwfB4KHLGxWwFA,hands,phone-repair,wave1,2026-09-14,both,78
https://www.youtube.com/@oneclickphonerepairs,@Oneclickphonerepairs,OneClick Phone Repairs,751,197,4,"Local phone repair shop listing screen, battery, water damage and charging port services with clear repair focus.",phone repair | phone screen replacement | iPad repair,UCoL1fs_kcFG-BIMkHV947Ug,hands,phone-repair,wave1,2026-09-14,both,197
https://www.youtube.com/@osgmobileinstitute,@OsgmobileInstitute,Osgmobile Institute,3680,1098,4,Chip-level training institute with practical live training sessions for mobile and iPhone repair.,chip level | mobile repairing course,UCTu7YB-hH4KUxDEdJsWDR8w,hands,phone-repair,wave1,2026-09-14,both,1099
https://www.youtube.com/@palmobile73,@Palmobile73,Pal Mobile dantewada ,2180,429,4,"Description explicitly promises real practical mobile repair videos covering display, charging, motherboard.",mobile repairing | मोबाइल रिपेयरिंग,UCkv5JUSAn6_yIjHZLrxl1rA,hands,phone-repair,wave1,2026-09-14,both,429
https://www.youtube.com/@pankajmobile32,@PankajMobile32,PM MOBILE SOLUTION ,7710,926,4,"Simple repair shop bio stating channel provides mobile repairing and accessories info, thin evidence but on-topic.",मोबाइल रिपेयरिंग,UCBfYr8B1HsyMcslZr8kOq6Q,hands,phone-repair,rest1,2026-09-14,both,929
https://www.youtube.com/@pawan77,@pawan77,Smartphone service skins,441,86,4,Repair shop channel with real titles like glass change and iPhone display change alongside FRP unlock videos.,phone repair | smartphone repair,UCYyq1ohl_pvphff0s270taw,hands,phone-repair,wave1,2026-09-14,both,86
https://www.youtube.com/@phdmobiletraininginstitute-o8y,@phdmobiletraininginstitute-o8y,phd mobile training institute,444,77,4,Mobile repairing training institute with theory and practical fault-solution titles like display light problems.,मोबाइल रिपेयरिंग,UCEpYLk7CmMOxKG28NTCADsA,hands,phone-repair,wave1,2026-09-14,both,78
https://www.youtube.com/@phone_repairwala,@phone_repairwala,PHONE REPAIR WALA,320,86,4,"Shop with microscope repair, IC work and display replacement described, one title shows actual display replacement job.",mobile repairing | tablet repair,UChEPhr9jUm_eAYYpNENzLig,hands,phone-repair,wave1,2026-09-14,both,137
https://www.youtube.com/@phonefix_vashu25,@Phonefix_vashu25,Vashu Dev,442,210,4,"Phone repair-focused channel name and description with no drift signals, titles uninformative.",mobile repairing | smartphone repair,UC3VdjKPSFWrq5jnaIEH78dA,hands,phone-repair,rest1,2026-09-14,both,220
https://www.youtube.com/@phonefixgumla,@PhonefixGumla,Phone fix Gumla 📲,4190,143,4,"Repair channel description promises step-by-step screen, camera, and battery repair tutorials.",phone repair | mobile phone repair | smartphone repair,UCgeidgfoRxVChFjzwKwyxEw,hands,phone-repair,wave1,2026-09-14,both,143
https://www.youtube.com/@phonefixtelugu9576,@phonefixtelugu9576,PHONE FIX HYD TELUGU,1790,85,4,Telugu mobile repair training center offering free chip-level solutions and practical training videos.,mobile repairing | mobile repairing telugu,UCO1_ISbOraMFRbh-TyUA15g,hands,phone-repair,wave1,2026-09-14,both,85
https://www.youtube.com/@phonerepairguruh,@PhoneRepairGuruh,Phone Repair Guru India ,29,60,4,"Description lists display, battery, charging, dead phone and water damage repair step by step in Hindi.",phone repair | mobile repairing | iphone repair,UC8sEpQWPeElm3VpRCmJHf_A,hands,phone-repair,wave1,2026-09-14,both,184
https://www.youtube.com/@phonerepairmalta,@phonerepairmalta,Phone Repair Malta,240,221,4,"DIY-focused phone/tablet repair tutorial channel covering screens, batteries and board work.",tablet repair | phone motherboard repair | phone repair shop | iPad repair,UC_eshpPmDe9l18nMujL7klw,hands,phone-repair,wave1,2026-09-14,both,222
https://www.youtube.com/@phonerepairtech77056,@Phonerepairtech77056,Phone Repair Tech,941,113,4,"Repair shop filming daily customer phone, tablet and computer repairs though consoles also included.",phone repair | phone repair shop | tablet repair | iPad repair,UCPoE5kCx4Yf9Oazv7Hwn-NQ,hands,phone-repair,wave1,2026-09-14,both,113
https://www.youtube.com/@phoneschematicseducation,@phoneschematicseducation,phone schematics education,13500,103,4,Schematics-based repair education channel covering phone and laptop troubleshooting with real case studies.,motherboard repair | phone motherboard repair | mobile repairing course,UC4r63KD5eYsAZPiBAVfZ8tA,hands,phone-repair,gray_v2,2026-09-14,both,103
https://www.youtube.com/@phonology2.0-zv7ig,@Phonology2.0-zv7ig,Phonology Mobile Training Institute ,866,74,4,"Chip-level training institute covering CPU/eMMC reball, dead phone repair and schematic tracing alongside software topics.",phone repair | chip level | emmc | mobile repairing course | electronics repair course,UCTLfUpeu6K591XhVAnrrGwA,hands,phone-repair,wave1,2026-09-14,both,75
https://www.youtube.com/@planetagsm-repair,@PlanetaGSM-Repair,Planeta GSM,154000,342,4,Colombian channel explicitly focused on cellphone repair tutorials and microelectronics teaching.,reparación de celulares | reparación de móviles | microsoldadura celulares,UCYod7WAk6qXZIiHzrDKXb-A,hands,phone-repair,wave1,2026-09-14,both,342
https://www.youtube.com/@pnrmobileinstitute,@PNRMobileInstitute,PNR Institute Of Mobile Excellence,528,61,4,Institute channel with practical bench-session titles like dead solution and auto restart fixes with step-by-step methods.,phone repair | mobile phone repair | mobile repairing telugu,UCRMBdpWW9umx-2LNmlbqUqQ,hands,phone-repair,wave1,2026-09-14,both,61
https://www.youtube.com/@pradumkumar-w8g5s,@PradumKumar-w8g5s,lucky mobile up,295,264,4,"Mobile repair channel with titles showing charging connector replacement and button fixes, solid hands-on repair evidence.",मोबाइल रिपेयरिंग,UCOAu4hDPvFp75HalAcAXM_A,hands,phone-repair,wave1,2026-09-14,both,266
https://www.youtube.com/@prasadcellcare,@prasadcellcare,prasadcellcare,6850,1253,4,"Mobile training institute description with chip-level, eMMC and edge glass expertise, practical bench focus.",mobile repairing | chip level | mobile repairing course | emmc | phone motherboard repair,UCkfZJ3vdNxcCku0DZ8bLNRg,hands,phone-repair,wave1,2026-09-14,both,1253
https://www.youtube.com/@prcrepair,@PRCRepair,PRC.Repair,1690,57,4,Mobile phone and tablet repair shop channel offering mail-in and B2B repair with tips and instructions.,phone repair | mobile phone repair | mobile repairing | phone screen replacement,UClA97i8j5HkTHcK5pgCtpBw,hands,phone-repair,gray_v2,2026-09-14,both,57
https://www.youtube.com/@premmobile479,@PremMobile479,Prem Mobile repairing ,1600,90,4,"Mobile repair shop and training centre channel, thin but on-topic bio.",phone repair | mobile repairing,UC9zh_FCDW4oj1bsk4a5saVA,hands,phone-repair,gray_v2,2026-09-14,both,90
https://www.youtube.com/@priyamobilebantva,@PriyaMobIlebantva,PRIYA MOBILE BANTVA,77,96,4,"Titles show real screen/back/volume button replacements on Android phones, hands-on repair shorts format.",phone repair | mobile repairing | mobile phone repair | تصليح الموبايل,UCPT1KaUYLMvfAOC2kfBp8Tg,hands,phone-repair,wave1,2026-09-14,both,159
https://www.youtube.com/@psphonecentralsurat,@PSPhonecentralsurat,PS Phone พี่แอนพี่โบ ร้านซ่อมมือถือสุราษฎร์ธานี,99,154,4,"Repair shop titles show glass lamination and airpod repair, real bench work on camera.",ซ่อมมือถือ,UCV6l9oZQAx6ijvn4eZg9AjA,hands,phone-repair,rest1,2026-09-14,both,164
https://www.youtube.com/@punjabmobile.official,@PunjabMobile.official,Punjab Mobile Official ,864,62,4,"Mobile repairing training channel covering display, battery, charging IC replacement with step-by-step tutorials mentioned.",mobile repairing | mobile repairing course | mobile repairing hindi | mobile repairing urdu,UCQa6svxo-qrdKHONh0mZGFA,hands,phone-repair,wave1,2026-09-14,both,62
https://www.youtube.com/@punjabmobilehallroadlahore,@PunjabMobileHallRoadLahore,Punjab Mobile Repairing and Training Center,29300,220,4,Mobile repair training center description emphasizing hardware/software diagnostics and hands-on institute training.,mobile repairing | phone repair | mobile phone repair | mobile repairing course | phone repair shop | मोबाइल रिपेयरिंग | mobile repairing urdu | mobile repairing bangla,UC_A6bnZZwUJnujMU507-CVQ,hands,phone-repair,wave1,2026-09-14,both,220
https://www.youtube.com/@puntomovilsantaanaelsalvad5659,@puntomovilsantaanaelsalvad5659,Punto Móvil Santa ana El Salvador,167,147,4,"Dedicated cellphone repair workshop in El Salvador, thin business-style description naming the trade.",reparación de celulares | reparación de móviles,UC60FzxGjEJE_cpqToMIRIhA,hands,phone-repair,gray_v2,2026-09-14,both,219
https://www.youtube.com/@quangsun2,@quangsun2,Quang Sun Apple ,21,56,4,Thin description but clearly a dedicated phone repair channel with no drift signals.,sửa chữa điện thoại,UCC5EOlXOZ_N8THAp0cGsXbg,hands,phone-repair,gray_v2,2026-09-14,both,66
https://www.youtube.com/@quicksolutionbymanas,@QuickSolutionByManas,Quick Solution By Manas,32000,129,4,Mobile phone repairing and electronics solutions channel with sincere knowledge-sharing tone.,phone repair | mobile phone repair | mobile repairing bangla,UCZDDuUUtx-9d-Cui5BL2T-w,hands,phone-repair,gray_v2,2026-09-14,both,129
https://www.youtube.com/@quyetquynhmobile,@quyetquynhmobile,ép kính nguyên cây,1010,60,4,"Glass pressing and camera repair channel with 18 years experience shared, phone repair focused.",phone repair | sửa chữa điện thoại,UC62vKPVhEcDBuAk0FkFy7VQ,hands,phone-repair,gray_v2,2026-09-14,both,60
https://www.youtube.com/@radhikagmobilegorakhpur,@radhikagmobilegorakhpur,Radhika Mobile Gorakhpur,2870,487,4,"Mobile repairing training institute offering hardware IC-level and eMMC courses, likely with bench sessions.",mobile repairing | emmc | मोबाइल रिपेयरिंग | mobile repairing course,UCv_kQrME_hjwu4sFC65gn1g,hands,phone-repair,rest1,2026-09-14,both,487
https://www.youtube.com/channel/uccxfausplwlgruohhz6l9aw,@RafaelMorenoTec,Rafael Moreno Tec,490,104,4,"Spanish channel teaching step-by-step phone/tablet repair including screen, charging pin and battery changes.",reparación de celulares | reparación de móviles,UCcXFAUsPlwlGrUOHHZ6l9aw,hands,phone-repair,wave1,2026-09-14,both,122
https://www.youtube.com/@rahulblog-rl,@Rahulblog-RL,Rahul mobile ripering ,122000,607,4,"Mobile repair shop vlog channel covering hardware/software fixes, dead phone and display/charging problems.",mobile repairing | mobile phone repair,UC4cPzF_ni6YdWs-wt97jMnA,hands,phone-repair,wave1,2026-09-14,both,608
https://www.youtube.com/@rajmobilerepair3845,@rajmobilerepair3845,Raj Mobile Repair,714,171,4,"Titles show charging pin, battery connector and touch replacement repairs on real devices.",मोबाइल रिपेयरिंग,UC-5dF975r1-fEFWGF1wXNEA,hands,phone-repair,wave1,2026-09-14,both,171
https://www.youtube.com/@rajurepairworld,@rajurepairWorld,Raju repair world,20000,68,4,Mobile repairing centre channel with thin description but clearly repair-shop focused.,mobile repairing | मोबाइल रिपेयरिंग,UCBWb1fNRxe88KId2Aanw4zw,hands,phone-repair,gray_v2,2026-09-14,both,68
https://www.youtube.com/@ramneeraj70687,@ramneeraj70687,ramneeraj mobile repairing related videoand online,1350,147,4,"Description details hardware repair steps like display, combo, charging pin and jumper work suggesting hands-on bench videos.",mobile repairing | मोबाइल रिपेयरिंग,UCygEy4sZBEUMYXUqnhnYJ5A,hands,phone-repair,wave1,2026-09-14,both,147
https://www.youtube.com/@ramzanmobilerepairingcenter,@RAMZANMOBILEREPAIRINGCENTER,Ramzan mobile Repairing shop®,1260,121,4,Thin one-line bio naming a mobile repairing shop with no signals pointing away from repair.,mobile repairing,UCGW5wehgeh6diwo5Hp02IUg,hands,phone-repair,gray_v2,2026-09-14,both,121
https://www.youtube.com/@rathnamobiles,@rathnamobiles,RATHNA MOBILES TRAINING CENTRE,37200,287,4,Mobile repair training institute claiming hands-on step-by-step tutorials and troubleshooting for phones.,mobile repairing | mobile repairing course | mobile repairing tamil | electronics repair course,UCBe7bgyca8neWR2RrSMLJ4A,hands,phone-repair,wave1,2026-09-14,both,287
https://www.youtube.com/@ravi_mobilesop,@ravi_mobilesop,Ravi Mobile Repair Shop,1610,101,4,"Repair shop channel listing screen, battery, charging, water damage and dead phone repairs in Hindi.",phone repair | mobile repairing | मोबाइल रिपेयरिंग,UCLBmxy-a8c2Jua8Ni6-cdtQ,hands,phone-repair,wave1,2026-09-14,both,101
https://www.youtube.com/@ravikantgsmmobile761,@ravikantgsmmobile761,ravikant gsm mobile,2420,276,4,"GSM mobile channel promising repairing tips and tricks, thin but clear repair evidence.",mobile repairing | मोबाइल रिपेयरिंग,UCAULyj0H0v2F3Q7kmKF7tPQ,hands,phone-repair,gray_v2,2026-09-14,both,276
https://www.youtube.com/@rehan1059,@rehan1059,iMaster Iphone repair,2200,278,4,"iPhone repair shop channel description, business-toned but names the repair trade directly.",phone repair | iphone repair | iPhone repair,UCcb5oZZCgsBZrymJmMVEJ8g,hands,phone-repair,gray_v2,2026-09-14,both,278
https://www.youtube.com/@remont.telefonoff,@remont.telefonoff,Ремонт телефонов,786,56,4,"Simple, direct name and description for phone/tablet repair channel with minimal but clear focus.",ремонт телефонов,UCbPAlZcgBORyhaium5BMmlQ,hands,phone-repair,gray_v2,2026-09-14,both,56
https://www.youtube.com/@repair_thephonemechanic,@repair_thephonemechanic,The Phone Mechanic,7990,1007,4,"Live mobile repair training institute channel emphasizing transparent, in-person repair demonstrations.",mobile repairing | mobile repairing course,UCqQ_QzuV9xrRJTNjepvVLxg,hands,phone-repair,wave1,2026-09-14,both,1007
https://www.youtube.com/@repairhub77,@REPAIRHUB77,REPAIR HUB,316,155,4,Chip level repair shop with titles showing touch glass replacement and network IC service across brands.,chip level | chip level repairing,UCF9gkJLLAf8lB-HX7XrGlKA,hands,phone-repair,wave1,2026-09-14,both,166
https://www.youtube.com/@repairiphone,@RepairiPhone,"Ремонт мобильных телефонов - Ремонт iPhone, iPad",12800,74,4,"Channel dedicated to iPhone/iPad screen replacement repair content, description confirms focus.",ремонт телефонов | iPad repair | تعمیر موبایل,UCacHNt4S3HamHpp-jlKByyQ,hands,phone-repair,rest1,2026-09-14,both,74
https://www.youtube.com/@repairmasterindia,@RepairMasterIndia,Repair Master india ,4520,54,4,"Mobile repairing institute with live repairing classes on customer phones, practical hands-on training focus.",mobile repairing | मोबाइल रिपेयरिंग,UCW03kBL0XBYk0iT9IXX5FQA,hands,phone-repair,wave1,2026-09-14,both,54
https://www.youtube.com/@repairmobiletips,@RepairMobileTips,Repair Mobile Tips,391000,1904,4,Mobile phone repair tutorial channel covering multiple brands with practical repair demonstrations.,phone repair | mobile phone repair | smartphone repair,UCWszoo-ehwqPFMsZw5Mbivg,hands,phone-repair,rest1,2026-09-14,both,1905
https://www.youtube.com/@repairthemobile,@RepairTheMobile,Repair The Mobile,26800,301,4,"Description explicitly covers teardown, battery and screen replacement guidance for smartphone repair education.",phone repair | mobile phone repair | phone screen replacement | phone motherboard repair | صيانة الهواتف | تعمیر موبایل | power supply repair,UCxo53z-poiF8k81XMMkoHrQ,hands,phone-repair,wave1,2026-09-14,both,302
https://www.youtube.com/@repairtubeofficial,@repairtubeofficial,Repair Tuber,164,76,4,Educational chip-level mobile repair channel with course/training focus and practical content claims.,mobile repairing | chip level | chip level repairing,UCFv1w1F1zye7-zmUABCxvqg,hands,phone-repair,wave1,2026-09-14,both,76
https://www.youtube.com/@rkapplerepairs,@rkapplerepairs,RK Apple Repairs,15500,609,4,"Apple device logic board repair shop covering iPhone, iPad, MacBook with repair-focused marketing language.",logic board repair | iPad repair,UCg98hZmGBsMpBFBNbo3iU9w,hands,phone-repair,wave1,2026-09-14,both,609
https://www.youtube.com/@roanrayam-therepairman,@roanrayam-therepairman,Roan Rayam - the repair man,4370,103,4,"Smartphone repair and research lab name, thin but clearly repair-oriented.",phone repair | smartphone repair,UCIA9y_6EGFlSow3tATk1tCg,hands,phone-repair,gray_v2,2026-09-14,both,103
https://www.youtube.com/@robinblanco0815,@robinblanco0815,Robin Blanco,23700,583,4,"Step-by-step mobile repairing tutorials from basic to advanced, plain repair-technician channel.",mobile repairing | phone motherboard repair | mobile repairing course | chip level repairing | phone repair shop,UCsH84ucxQNV0O0WDcX9ktww,hands,phone-repair,gray_v2,2026-09-14,both,583
https://www.youtube.com/@rstshivam,@rstshivam,RST TECHNO,2370,93,4,Chip-level laptop and mobile repair training channel with practical bench course focus.,chip level | motherboard repair | chip level repairing | मोबाइल रिपेयरिंग,UCvV0c5mu30mvGElAsI8-7xQ,hands,phone-repair,wave1,2026-09-14,both,93
https://www.youtube.com/@rttechnology1,@RTtechnology1,RT technology,591,57,4,Titles show real display and charging port replacements alongside some FRP unlock content.,mobile repairing | mobile repairing bangla,UCi6nLcK1ZsvnQiisDecmMZg,hands,phone-repair,wave1,2026-09-14,both,57
https://www.youtube.com/@ruva_lab,@Ruva_Lab,Ruva Lab,7840,456,4,"iPhone microsoldering and repair channel, though mixed with unboxings and tool reviews.",microsoldadura | microsoldadura celulares,UCxc_2f_Az0GJGn9aqUpBCww,hands,phone-repair,wave1,2026-09-14,both,456
https://www.youtube.com/@s7rtechnology,@s7rtechnology,S7R Technology,7280,570,4,Training and development centre offering mobile chip level hardware and software courses.,chip level | mobile repairing tamil,UCvKd4S-uur0wYlz3yOnJZlg,hands,phone-repair,wave1,2026-09-14,both,570
https://www.youtube.com/@sachinmobilerepairingnagpur,@SachinMobileRepairingNagpur,Sachin Mobile Repairing Nagpur,18900,865,4,"Advanced mobile repair training channel covering CPU, eMMC, PCB tracing and live repair cases at chip level.",phone repair | mobile repairing | iphone repair | motherboard repair | mobile repairing course | emmc | mobile repairing hindi | मोबाइल रिपेयरिंग,UC8shSws2ozap8_Qgf5PIYdA,hands,phone-repair,wave1,2026-09-14,both,866
https://www.youtube.com/@sahotatechnical5829,@sahotatechnical5829,Sahota Mobile Repair 💉📞,20200,517,4,"Description explicitly mentions EMMC repair and CPU reballing, board-level micro-soldering focus.",emmc | mobile repairing | mobile phone repair,UCA8pWpP9Zc3bqMJTSD9vlcA,hands,phone-repair,wave1,2026-09-14,both,517
https://www.youtube.com/@sahumobilerepairing-b7h,@SahuMobileRepairing-b7h,Rakesh Mobile Repairing ,175,72,4,Named mobile repairing channel with thin description but no signals pointing away from repair.,mobile repairing | تصليح الموبايل,UCQBIOudLKv--bWb_yZZahnA,hands,phone-repair,rest1,2026-09-14,both,72
https://www.youtube.com/@saifmobilerepairinglab,@saifmobilerepairinglab,Saif Mobile Repairing Lab,2720,424,4,"Dedicated mobile repairing lab channel sharing phone faults and solutions with tools introduction, solid topic fit.",phone repair | mobile repairing | mobile phone repair | cell phone repair | mobile repairing course | mobile repairing hindi | mobile repairing urdu,UCWFWLUNivVNr-zT9X5M5U9g,hands,phone-repair,wave1,2026-09-14,both,424
https://www.youtube.com/@samchou912,@samchou912,LiTian Phone Repair,5520,364,4,"Named phone repair shop channel with contact info, thin evidence but plainly repair-focused.",phone repair | 手机维修,UCXnpOe5BDxCzl5jjcZ1ftTg,hands,phone-repair,gray_v2,2026-09-14,both,364
https://www.youtube.com/@samtotalcare1273,@samtotalcare1273,Samtotal Care,22200,173,4,"Hindi channel description details display replacement, charging issues, water damage repair, hardware focus.",mobile repairing | मोबाइल रिपेयरिंग,UC_FN1x-kIlVlAMuyM-vxUmQ,hands,phone-repair,wave1,2026-09-14,both,173
https://www.youtube.com/@samymobiles1122,@SamyMobiles1122,Samy Mobiles training institute,2270,259,4,"Training institute channel detailing board-level circuits, component removal and jumper techniques for mobile repair.",emmc | mobile repairing tamil,UCtBXspN6aTJLv6N86yT4Ang,hands,phone-repair,wave1,2026-09-14,both,259
https://www.youtube.com/@sanketmobilesolution,@Sanketmobilesolution,Sanket Mobile 88,4260,357,4,"Mobile, smartphone, iPhone and watch repairing channel description.",phone repair | smartphone repair | iphone repair,UCffkhQxZ13tOnMTZlleb3JQ,hands,phone-repair,gray_v2,2026-09-14,both,359
https://www.youtube.com/@sapan-mobile-%e0%a4%b0%e0%a4%bf%e0%a4%aa%e0%a5%87%e0%a4%b0%e0%a4%bf%e0%a4%97-2948,@Sapan-mobile-%E0%A4%B0%E0%A4%BF%E0%A4%AA%E0%A5%87%E0%A4%B0%E0%A4%BF%E0%A4%97-2948,Sapan mobile 📱 Repairing ,940,107,4,Mobile repairing centre channel with thin generic description but clear repair shop identity.,phone repair | mobile repairing | mobile phone repair,UCOdwzuzMqPb31_6VLU7txSQ,hands,phone-repair,gray_v2,2026-09-14,both,107
https://www.youtube.com/@sasmartfuture,@sasmartfuture,SA Smart Future,2880,84,4,Technical training institute offering mobile smartphone repair courses with practical skill-based training.,phone repair | smartphone repair,UCJyrb09T-PJwy1pCUfg0hKQ,hands,phone-repair,rest1,2026-09-14,both,84
https://www.youtube.com/@serviceiphone8936,@serviceiphone8936,ช่างกิ๊กService ศูนย์ซ่อมมือถือ ซ่อมiphone ชุมพร ,7790,706,4,"iPhone/iPad repair shop description with hashtags on device repair, thin but on-topic.",ซ่อมมือถือ,UCOcEu6OraQdWpGI1POzsT8w,hands,phone-repair,rest1,2026-09-14,both,706
https://www.youtube.com/@sevenmicrosoldering,@SevenMicrosoldering,Seven Microsoldering,107,72,4,"Dedicated microsoldering and board-level diagnostics lab for iPhone, Samsung and MacBook, strong topic match.",microsoldering | micro soldering phone,UCfU1-ZPT_FRfT8UE6XCq8ng,hands,phone-repair,wave1,2026-09-14,both,72
https://www.youtube.com/@shaikhtaufeekh,@shaikhtaufeekh,STANDARD MOBILE REPAIRING & TRAINING INSTITUTE ,1100,206,4,Mobile repairing training institute with IC-level advanced course and EMMC/UFS programming content.,mobile repairing | mobile repairing course | emmc | chip level repairing,UC2QtmGn_LaTtwoJ-v6ExF1g,hands,phone-repair,gray_v2,2026-09-14,both,206
https://www.youtube.com/@shamobiles6109,@shamobiles6109,SHA MOBILES REPAIR,711,281,4,"Repair shop titles show touch screen replacement, CPU reballing and dead phone data recovery on camera.",emmc | mobile repairing tamil,UCG6HOiwLRFgDFc6-uzNoz-Q,hands,phone-repair,wave1,2026-09-14,both,295
https://www.youtube.com/@sharafudheenalways,@sharafudheenalways,SK EASY MOBILE REPAIR ,621,70,4,Service engineer channel doing A to Z mobile repairing with tips and tricks content.,mobile repairing | phone motherboard repair,UCJUi3bLx2gebNm4zDQq3C2w,hands,phone-repair,gray_v2,2026-09-14,both,70
https://www.youtube.com/@sharvanmobilerepair,@Sharvanmobilerepair,Sharvan mobile repair ,375,65,4,"Named mobile repairing lab channel, thin description but clearly repair-focused.",mobile repairing | मोबाइल रिपेयरिंग,UCFBP36yu9wB4t15FXkZxRVA,hands,phone-repair,gray_v2,2026-09-14,both,67
https://www.youtube.com/@shashanthmobiles,@shashanthmobiles,Shashanth Mobiles,451,70,4,Titles show charging connector repair and network IC change alongside tools/spares sales ad.,mobile repairing | mobile repairing tamil,UC1H1X1TfKH-0_I86-H63qjQ,hands,phone-repair,wave1,2026-09-14,both,70
https://www.youtube.com/@shijutech,@Shijutech,shiju tech,561,193,4,iPhone motherboard and chip-level repair channel with titles showing layer separation and board work.,phone repair | iphone repair | chip level repairing,UCAybso4Dk5-qxQyAqarsepg,hands,phone-repair,wave1,2026-09-14,both,209
https://www.youtube.com/@shiva01mobile01,@shiva01mobile01,Shiva Tech Repair Hindi,587,453,4,"Mobile repair teaching channel covering Android/iPhone dead phone, charging and display fixes with shorts format.",phone repair | iphone repair | मोबाइल रिपेयरिंग | mobile repairing hindi,UC0IRAq5ZloGAX2Dq7Jym1zA,hands,phone-repair,wave1,2026-09-14,both,453
https://www.youtube.com/@shivammobilegsm,@shivammobilegsm,SHIVAM MOBILE GSM,1690,128,4,"Hindi bio describes mobile hardware and software repair uploads, straightforward repair channel.",mobile repairing | मोबाइल रिपेयरिंग,UCgzJyYXEtAE6hFh2gI2h0-A,hands,phone-repair,gray_v2,2026-09-14,both,128
https://www.youtube.com/@shmobilerepairinglabandtra4593,@shmobilerepairinglabandtra4593,SH MOBILE REPAIRING TRAINING CENTER,4910,470,4,"Mobile repairing training center with location, plain repair-course channel description.",mobile repairing | mobile repairing course,UCphfQvuSzK_lf-z82AnF1Nw,hands,phone-repair,gray_v2,2026-09-14,both,470
https://www.youtube.com/@shoebkhan09sk51,@shoebkhan09sk51,SK Mobile Repairing MH19,2570,113,4,"Screen replacement, charging port and battery repair tutorials with step-by-step Hindi instructions.",mobile repairing | mobile repairing hindi,UCOftRMtLryLwn3Gu4VKOF6g,hands,phone-repair,wave1,2026-09-14,both,113
https://www.youtube.com/@shreeharimobileclass5732,@shreeharimobileclass5732,shree hari mobile class,24800,327,4,Mobile repairing course channel covering hardware and software with fee-based training.,मोबाइल रिपेयरिंग | mobile repairing course,UCLzBZAH1cnxVRhodhBuzc7w,hands,phone-repair,gray_v2,2026-09-14,both,327
https://www.youtube.com/@shreemateshwarimobile,@SHREEMATESHWARIMOBILE,SHREE MATESHWARI MOBILE,11100,331,4,"Named as a mobile repairing shop with location, thin evidence pointing to real repair work.",mobile repairing | मोबाइल रिपेयरिंग,UCJ2Vl460IY5REbAMqOlXUAg,hands,phone-repair,gray_v2,2026-09-14,both,331
https://www.youtube.com/@shrimobilerepair,@ShriMobileRepair,Shri Mobile Repair,778,160,4,"Mobile repair channel promising real practical repairing of dead phone, charging and IC-level issues.",phone repair | mobile repairing | mobile phone repair | phone motherboard repair | phone repair shop | mobile repairing hindi,UCbRt1h1w4lgZF1cHULirAFw,hands,phone-repair,rest1,2026-09-14,both,162
https://www.youtube.com/@siddiqitechmobilerepairinglab,@siddiqitechmobilerepairinglab,"Engr. Hassan Mujtaba, SMZ Rawalpindi Branch",1220,79,4,Mobile repairing institute/lab branch name implies practical bench training sessions.,mobile repairing | mobile repairing course,UCt1eKdfqcW5dhEy52Li42Ow,hands,phone-repair,wave1,2026-09-14,both,79
https://www.youtube.com/@siyararges12,@Siyararges12,Siyararges,2650,71,4,"Direct phone repair shop description covering screen, battery and software services.",telefon tamiri,UCIiJjNRTzbtTazVjNt6gLFQ,hands,phone-repair,gray_v2,2026-09-14,both,71
https://www.youtube.com/@skmobileschool1,@skmobile_technology,Sk Mobile Technology,4170,642,4,Bangla mobile repairing training center channel focused on hands-on technician training courses.,mobile repairing | mobile repairing bangla,UCZ6TTbLCbJtBXAzEwvwyoxg,hands,phone-repair,wave1,2026-09-14,both,647
https://www.youtube.com/@skmobilerepair_skprimesunn1447,@skmobilerepair_skprimesunn1447,sk mobile Kiran path Mansarovar Jaipur ,310,113,4,"Mobile repair shop with hashtag-dense description covering microsoldering, screen replacement, reballing and iPad repair.",microsoldering | microsoldadura | tablet repair | microsoldadura celulares,UCwdT01hZXHC76TIAkS_PryA,hands,phone-repair,rest1,2026-09-14,both,113
https://www.youtube.com/@skmobilerepairing-l7d,@Skmobilerepairing-l7d,Sk mobile repairing ,114,125,4,"Titles show folder/display fix and battery replacement on real phones, hands-on repair teaching channel.",मोबाइल रिपेयरिंग,UCQHh-e0Um-tUMPA8FYQP1zQ,hands,phone-repair,wave1,2026-09-14,both,124
https://www.youtube.com/@skmobilerepairing123,@skmobilerepairing123,sk mobile reparing center,42,122,4,"Short mobile repairing videos channel, thin description but clearly on-topic.",mobile repairing | تصليح الموبايل,UC7LbKaZD_NrIOVzB4L53chQ,hands,phone-repair,gray_v2,2026-09-14,both,122
https://www.youtube.com/@smallmobilefixer,@Smallmobilefixer,Small Mobile Fixer,656,109,4,"Titles show display replacement, short circuit removal and full damage repairs on real devices.",motherboard repair | phone motherboard repair,UC2Hmz-IxlRp0clTRr8Ep1CA,hands,phone-repair,wave1,2026-09-14,both,111
https://www.youtube.com/channel/ucewhi3fr54nzed5o8juwhtw,@SmarTechNM,SmarTech Solutions | Formerly Mr. Phone Doctor,74,398,4,"Established repair shop channel covering microsoldering, board-level phone/tablet repair plus broader tech services.",microsoldering | phone motherboard repair | tablet repair,UCeWHI3FR54NzeD5o8juWhtw,hands,phone-repair,wave1,2026-09-14,both,416
https://www.youtube.com/@smartekscellphonerepair21,@SmarTeksCellphoneRepair21,SmarTEks Cellphone Repair 21,38,60,4,"Cellphone repair shop description details screen, battery and water damage repairs with dedicated technicians.",phone repair | cell phone repair | cellphone repair,UCrPdOmkjxsFkj8n08TMTlrw,hands,phone-repair,wave1,2026-09-14,both,60
https://www.youtube.com/@smartfixmobilerepairservicecen,@SmartfixMobilerepairservicecen,Smartfix Mobile repair service centre ,104,71,4,"Repair shop channel with titles showing CPU repair, dead phone diagnostics and motherboard fixes on real devices.",phone repair | motherboard repair | phone repair shop,UCaVYa_KX2HDl1QjtxHk0NSA,hands,phone-repair,wave1,2026-09-14,both,78
https://www.youtube.com/@smartmobilerepair8234,@smartmobilerepair8234,Smart Mobile Repair,8280,173,4,"Description centers on EMMC change and hardware/software mobile solutions, board-level repair signals.",emmc | phone repair | mobile repairing | phone repair shop | تعمیر موبایل,UCoY6mTHCDor4u7qde327PwQ,hands,phone-repair,wave1,2026-09-14,both,173
https://www.youtube.com/@smartphone0786,@smartphone0786,Smartphone repairing center,1350,72,4,"Hindi-language mobile repairing tutorial channel, basic-to-advance content described explicitly.",phone repair | smartphone repair,UCGaj3A0GMpY-c-Z10ZSoNCA,hands,phone-repair,gray_v2,2026-09-14,both,72
https://www.youtube.com/@smmrs,@smmrs,SM Mobile Repairing Solutions,10000,284,4,"Mobile repairing solutions channel focused on power IC, CPU reballing and motherboard changes.",mobile repairing | phone motherboard repair,UCA1zcNO9ljhg18gjXu1mx2w,hands,phone-repair,wave1,2026-09-14,both,284
https://www.youtube.com/@smtcdhanbad,@smtcdhanbad,SMTC DHANBAD,43600,5482,4,Mobile repairing course institute description emphasizing professional training in device repair skills.,mobile repairing | mobile repairing course | मोबाइल रिपेयरिंग,UClv8qZIM3Yd9QZ4_36L_oPQ,hands,phone-repair,gray_v2,2026-09-14,both,5490
https://www.youtube.com/@smzinstitute,@smzinstitute,SMZ REPAIRING INSTITUTE ,96200,971,4,Repairing institute description offers detailed mobile fault tutorials covering hardware and software solutions.,phone repair | mobile phone repair | mobile repairing course | mobile repairing hindi | mobile repairing urdu,UC0BkQZ7kgPTzMEzFmr727yA,hands,phone-repair,gray_v2,2026-09-14,both,971
https://www.youtube.com/@sohailkhane,@Sohailkhane,S.K Mobile Repairing institute ,3760,57,4,"Mobile repairing institute/lab name strongly suggests hands-on bench training content, though evidence is name-based.",mobile repairing | mobile repairing course,UCwq1Rk_D0Pi5EcmZIn2KRPA,hands,phone-repair,wave1,2026-09-14,both,57
https://www.youtube.com/@solucionescheo,@SolucionesCheo,RICKELY ROSA - SOLUCIONES CHEO,7700,694,4,"Dedicated phone/tablet repair channel with electronics, courses and tools for cellphone repair work.",reparación de celulares | microsoldadura celulares | reparo de placa celular,UCPE2q0tXbOqBaf5UMgSz4pA,hands,phone-repair,wave1,2026-09-14,both,694
https://www.youtube.com/@sonulaxmimobilerepair,@sonulaxmimobilerepair,Laxmi Mobile Repair,1580,139,4,"Mobile technician channel offering android and iPhone repairing and teaching, solid repair-shop evidence.",phone repair | iphone repair | mobile repairing course | phone repair shop,UC669P2AcdyvYOBQvjVYKCEA,hands,phone-repair,wave1,2026-09-14,both,139
https://www.youtube.com/@spectrumtechnology5977,@spectrumtechnology5977,SPECTRUM TECHNOLOGY,1240,158,4,"Chip-level and micro-level repair shop for iPhone/iPad/Android, business description but on-topic focus.",chip level | chip level repairing,UCrZHifayge7wAb0r3IYO6Nw,hands,phone-repair,wave1,2026-09-14,both,158
https://www.youtube.com/channel/ucpmtqwu9sukqcz2anycwxmq,@SRepairing2,Shakeel Ansari,89,61,4,"Chip level repairing channel with titles showing tab dead recovery, display change, back panel change.",chip level | chip level repairing,UCpmtqwU9SUkQcZ2AnyCWXmQ,hands,phone-repair,wave1,2026-09-14,both,61
https://www.youtube.com/@sribalajimobile91,@sribalajimobile91,SRI BALAJI MOBILE 9173,189,91,4,Channel explicitly focused on mobile repairing information and tutorials with thin description.,मोबाइल रिपेयरिंग,UCo3_3g1oCCQxiyJgIl3eyjA,hands,phone-repair,gray_v2,2026-09-14,both,93
https://www.youtube.com/@srinikamobileservicing1384,@srinikamobileservicing1384,Srinika Mobile Servicing,1290,106,4,"Dedicated mobile repairing channel covering charging pin and keyboard repairs, described as short solution videos.",mobile repairing | mobile repairing bangla,UCXooKm2qpEklm90hTcglRFA,hands,phone-repair,wave1,2026-09-14,both,106
https://www.youtube.com/@srivaarahimobilesong,@SriVaarahiMobilesOng,Sri Vaarahi Mobiles Ong,63,125,4,"Shop channel with titles showing full step-by-step display and back door replacement guides, mixed with accessory content.",tablet repair,UCOKmIbyJNK0trEk8JfCSx5Q,hands,phone-repair,wave1,2026-09-14,both,139
https://www.youtube.com/@srtechnician-08,@srtechnician-08,SR TECHNICIAN ,782,140,4,"Bangla technician channel covering charging, display and connector replacement with vlog elements mixed in.",mobile repairing | mobile repairing bangla,UCsE9GdaGnwRuw9t--QSzhCQ,hands,phone-repair,gray_v2,2026-09-14,both,220
https://www.youtube.com/@stvi5909,@stvi5909,Ikram GSM,3140,133,4,"Mobile repairing training channel with chip-level offline classes, thin but clear repair evidence.",mobile repairing | mobile repairing course,UCfwliCAcnzLXu8giETk73Kw,hands,phone-repair,gray_v2,2026-09-14,both,133
https://www.youtube.com/@subrataservicecenter,@subrataservicecenter, Subrata Service Center ,6310,556,4,Service center channel dedicated to mobile hardware/software repair including chip level work as described.,mobile repairing | chip level | chip level repairing,UC_dBclxcNz82RJVKaeWU4jw,hands,phone-repair,wave1,2026-09-14,both,557
https://www.youtube.com/@sujalmobileworld1423,@sujalmobileworld1423,Sujal Mobile World,10800,257,4,"Hindi description confirms mobile hardware/software repair videos, thin but clear evidence.",mobile repairing | मोबाइल रिपेयरिंग,UCJka8HiJ08aJvqjC-s3D4Lw,hands,phone-repair,gray_v2,2026-09-14,both,257
https://www.youtube.com/@sulamankhan-6656,@sulamanKhan-6656,GEO  Mobile Reparing Lab,54,103,4,"Lab description details chip-level motherboard repair, screen/battery replacement and water damage repair alongside software services.",phone repair | mobile repairing | mobile phone repair | motherboard repair | tablet repair,UCWe6fV-Ce8Ix_QEF_Mp1qSg,hands,phone-repair,wave1,2026-09-14,both,104
https://www.youtube.com/@sumitmobileofficial,@Sumitmobileofficial,Sumit mobile official ,785,126,4,Mobile repairing centre listing hardware and chip level repair services including water damage and dead phone fixes.,phone repair | mobile repairing | chip level | मोबाइल रिपेयरिंग,UCkHLe0ili0gI9GAFIh8KGBg,hands,phone-repair,wave1,2026-09-14,both,93
https://www.youtube.com/@sunilsinghrathaur,@sunilsinghrathaur,SS-IT-SOLUTION,7760,304,4,Chip-level mobile and laptop repairing institute channel with practical course focus.,phone repair | mobile repairing | iphone repair | chip level | chip level repairing,UCpZf-isxTc3r4CNWwnCT34A,hands,phone-repair,gray_v2,2026-09-14,both,304
https://www.youtube.com/@sunnyiphonerepair52,@sunnyiphonerepair52,SUNNY IPHONE REPAIR,3510,904,4,"iPhone repair shop channel specializing in glass, screen and Face ID repairs.",phone repair | mobile repairing | iphone repair | iPhone repair,UCFi6NmSlYd-_H8d7L1jnx9Q,hands,phone-repair,wave1,2026-09-14,both,904
https://www.youtube.com/@svtocmin,@Svtocmin, Técnico Celular OCMIN ,2450,73,4,"Board-level phone repair shop description covering reballing, UFS/eMMC, screen and charging port replacement.",emmc | reparación de celulares,UC6KWkJ1SAlIu_a3-HPdVg1g,hands,phone-repair,wave1,2026-09-14,both,73
https://www.youtube.com/@szmobilerepairing6595,@szmobilerepairing6595,Sz Mobile Repairing,1630,236,4,Hindi-language mobile repairing channel describing hardware and software troubleshooting videos in easy format.,mobile repairing | मोबाइल रिपेयरिंग,UCE3wUmeT6DQf7jwKBmUgrXg,hands,phone-repair,rest1,2026-09-14,both,236
https://www.youtube.com/@talknfixwireless,@TALKNFIXWIRELESS,TALK N' FIX WIRELESS,1100,272,4,Phone repair shop brand promising real repair videos and screen repairs for iPhone/Samsung/iPad/tablets.,phone repair | phone screen replacement | iPad repair,UCy-XxAzJnehMd3pGMu2BMdg,hands,phone-repair,wave1,2026-09-14,both,272
https://www.youtube.com/@tallerreparaciondecelulare9025,@tallerreparaciondecelulare9025,Taller Reparacion de celulares Cali Colombia,8950,56,4,Dedicated cellphone repair workshop channel sharing repair experiences as practical guides for viewers.,reparación de celulares | reparación de móviles,UCYX55yUhqow76BFW7yrmHOA,hands,phone-repair,wave1,2026-09-14,both,56
https://www.youtube.com/@tatamobile668,@tatamobile668,Tata mobile Repair,1670,254,4,"Shop channel description details real practical repairs: display, dead phone, water damage, charging issues.",phone repair | mobile repairing | mobile repairing hindi | mobile repairing urdu,UCZEQEQs-5GW_rips5thWuAw,hands,phone-repair,wave1,2026-09-14,both,254
https://www.youtube.com/@teacher252,@Teacher252,Mobile Repair service ,331,87,4,"Repair channel with titles showing network IC replacement, touch/glass exchange and jack replacement on camera.",phone repair | mobile repairing | phone repair shop,UCOegoUfwe8-oeJrPwo_2GhA,hands,phone-repair,wave1,2026-09-14,both,87
https://www.youtube.com/@techlogicmobileinstitute,@TechlogicmobileInstitute,Techlogic mobile repair training institute,11100,1306,4,Mobile repair training institute offering chip-level and motherboard training with practical classes.,mobile repairing | mobile phone repair | phone motherboard repair | mobile repairing course | chip level repairing | phone repair shop | mobile repairing telugu,UCYE-XI8knzbKgYpftIK_gOw,hands,phone-repair,wave1,2026-09-14,both,1307
https://www.youtube.com/@technicalmj1994,@technicalmj1994,Technical Mj,1760,319,4,Dedicated mobile repairing channel covering hardware and software problem-solving with clear repair focus.,mobile repairing | मोबाइल रिपेयरिंग,UCoAyOggXGSL_rnOi8--QCdw,hands,phone-repair,wave1,2026-09-14,both,319
https://www.youtube.com/@technicalshah6936,@technicalshah6936,SMARTPHONE TECHNOLOGIES,1080,639,4,"Mobile repair channel covering motherboard troubleshooting, IC repairs and schematic diagrams, board-level focus.",phone repair | smartphone repair,UCGh-UvjjDFwnn89p4c26QTA,hands,phone-repair,gray_v2,2026-09-14,both,639
https://www.youtube.com/@technocarebdofficial,@TechnocareBDOfficial,TechnocareBD Official,533,77,4,"Chip-level mobile repair training with EMMC/UFS dead-boot repair titles, though laptop/GPU training also offered.",chip level | motherboard repair | emmc | chip level repairing,UCdCzOMUtIPmXcWn1ykIvVhw,hands,phone-repair,wave1,2026-09-14,both,99
https://www.youtube.com/@technoneth,@Technoneth,Techno Neth,1170,204,4,Channel description covers hardware and software solutions plus repair tools and tips.,mobile repairing | phone screen replacement,UCCmWgd04h22xeP2YxsK17ow,hands,phone-repair,rest1,2026-09-14,both,204
https://www.youtube.com/@techrepairmaster,@techrepairmaster,Tech Repair Master,536,68,4,"Description promises step-by-step hardware repairing, micro-soldering, IC reballing and live dead phone recovery.",mobile repairing | smartphone repair | mobile repairing urdu | electronics repair course | mobile charger repair | electronics repairing institute,UCblajE8C6trAxAcgAFvHNqA,hands,phone-repair,wave1,2026-09-14,both,68
https://www.youtube.com/@techsriyansh,@techsriyansh,Tech Sriyansh,68700,689,4,"Chip-level repair channel covering reballing, motherboard work and dead phone fixes with strong technical vocabulary.",phone repair | mobile repairing | chip level | phone motherboard repair,UCToddhf_BZR04ZLlnSh3C7A,hands,phone-repair,wave1,2026-09-14,both,689
https://www.youtube.com/@tecnovenz,@tecnovenz,TÉCNOVENZ,850,110,4,"Specialized micro-soldering technician channel for mobile devices, strong topic match from description.",microsoldadura | microsoldadura celulares,UCWJk_SIKccUncH_AvMx_Xhg,hands,phone-repair,wave1,2026-09-14,both,110
https://www.youtube.com/@teknisindeso,@TEKNISINDESO,TEKNISI NDESO,1770000,3419,4,"Beginner-focused phone repair tutorial channel, thin evidence but on-topic branding.",servis hp,UC_kaCGsAaeqbqXsMfisoqdg,hands,phone-repair,gray_v2,2026-09-14,both,3419
https://www.youtube.com/@telefonprofesoru,@TelefonProfesoru,Telefon Profesörü,317,51,4,"Repair shop description mentions screen, battery, motherboard and liquid damage repairs with real repair process claims.",telefon tamiri,UCYziwH6WL2ebA1REkFaE_PQ,hands,phone-repair,wave1,2026-09-14,both,51
https://www.youtube.com/@texelmobile,@texelmobile,TEXEL Mobile Repairing Institute,124000,247,4,"Mobile repairing institute covering hardware and software with flashing focus, practical training channel.",mobile repairing | मोबाइल रिपेयरिंग | mobile repairing course | mobile repairing hindi,UCCq_U-2LKJK_Hz5BFUp7Cvg,hands,phone-repair,gray_v2,2026-09-14,both,247
https://www.youtube.com/@thanhtrangmobile-b2l,@ThanhTrangMobile-b2l,Dịch vụ sửa chữa điện thoại Thanh Trang Mobile,8,54,4,Repair shop titles show water damage and no-power fixes plus technical board diagnostics content.,sửa chữa điện thoại,UCUOhQTQ9Tn3BXuPL0kSSZMA,hands,phone-repair,gray_v2,2026-09-14,both,54
https://www.youtube.com/@the_mobile_junction_goa,@the_mobile_junction_goa,Ahmad Malligar,424,137,4,Repair shop titles show iPhone motherboard swap/fix and screen replacement work on camera.,mobile repairing | smartphone repair,UCGNO_GRXEE6VYOV_C7JYwgA,hands,phone-repair,wave1,2026-09-14,both,148
https://www.youtube.com/@theallmobiledoctor-444,@theallmobiledoctor-444,the all mobile doctor,154,103,4,Mobile doctor channel with tips and tricks focused on mobile repairing.,मोबाइल रिपेयरिंग,UCiYpT_YuTL31X6fVCYCJN0Q,hands,phone-repair,gray_v2,2026-09-14,both,100
https://www.youtube.com/@themobilerepairing,@themobilerepairing,THE MOBILE REPAIRING,3900,180,4,"Dedicated mobile repairing channel name/desc in Hindi, thin evidence but plainly repair-focused.",mobile repairing,UCNh1ePyVf22nFe_z2pQrZ4w,hands,phone-repair,gray_v2,2026-09-14,both,180
https://www.youtube.com/@tommechanic789,@TomMechanic789,ช่างทอม ซ่อมมือถือ,9150,477,4,"Thai channel dedicated to teaching phone repair techniques for technicians, though also does product reviews/ads.",ซ่อมมือถือ,UC5PD2c4q2rHTWOF9wlMROqQ,hands,phone-repair,wave1,2026-09-14,both,477
https://www.youtube.com/@tranlinhmobile,@tranlinhmobile,TRẦN LINH TV,939,161,4,"Titles show real screen, glass and battery replacements and power repair for various phone brands.",sửa chữa điện thoại,UCyw-rfYtsJfSqePwMe78Rtg,hands,phone-repair,wave1,2026-09-14,both,190
https://www.youtube.com/@tringring,@tringring,tringring in,14700,218,4,"Detailed repair shop description covering motherboard chip-level, display, battery and port replacement work.",chip level | phone motherboard repair,UCJ27EtDx-mBHzfb4kWubteA,hands,phone-repair,wave1,2026-09-14,both,218
https://www.youtube.com/@ukmicrosoldering,@UkMicroSoldering,Uk Micro Soldering (Uk MicroSoldering),386,157,4,"Micro-soldering business channel covering mobile, laptop, console PCB repairs shown as real jobs.",microsoldering | micro soldering phone,UCL4kRWiPr6RL70MQwZtFAfQ,hands,phone-repair,wave1,2026-09-14,both,157
https://www.youtube.com/@ulikemobilerepairing-up44,@ULikeMobileRepairing-up44,U Like Mobile Repairing,1290,118,4,Channel dedicated to mobile repairing solutions across many phone brands per description.,mobile repairing | smartphone repair,UCXAUSDBc4QYcOhUnNagh1Hg,hands,phone-repair,gray_v2,2026-09-14,both,118
https://www.youtube.com/@ulinkcell,@Ulinkcell,Ulinkcell ,2790,54,4,Dedicated cellphone repair channel with step-by-step tutorials from screen replacement to troubleshooting.,conserto de celular | reparo de placa celular,UCQ5tS4qhHSA6aLJKPWXjCIQ,hands,phone-repair,wave1,2026-09-14,both,54
https://www.youtube.com/@ummobilerepairing,@UMMOBILEREPAIRING,UM MOBILE REPAIRING,73,74,4,"Dedicated mobile repairing channel covering screen, battery and charging repairs with practical tutorial framing.",phone repair | mobile repairing | mobile phone repair,UCns7EM9E6vqA2sZKMj0-zsg,hands,phone-repair,rest1,2026-09-14,both,99
https://www.youtube.com/@umtmobiletraining,@umtmobiletraining,UMT Mobile Repairing Institute,427,72,4,"Advanced chip level training institute covering EMMC programming, schematic diagrams, and OCA lamination.",mobile repairing | chip level | emmc | मोबाइल रिपेयरिंग | mobile repairing course | mobile repairing hindi,UCWHffaSiosSXRyCtkDQJq4A,hands,phone-repair,wave1,2026-09-14,both,73
https://www.youtube.com/@uniquemobilerepair07,@UNIQUEMOBILEREPAIR07,UNIQUE MOBILE REPAIR ,682,121,4,"Chip-level repair channel name with strong keywords like chip level, iPhone parts change, all mobile repairing.",mobile repairing | chip level | chip level repairing,UC1gdnbSJVa-qmuHnkgBjFfA,hands,phone-repair,wave1,2026-09-14,both,121
https://www.youtube.com/@unknown_tips,@unknown_tips,UNKNOWN TIPS,1220,306,4,"Tamil-language mobile repair tutorial channel covering chip level, android and iPhone repair step by step.",phone repair | iphone repair | chip level | smartphone repair | mobile repairing tamil,UCN0ewFmqpYzUnhaEby1eu4w,hands,phone-repair,gray_v2,2026-09-14,both,306
https://www.youtube.com/@valuelearning,@valuelearning,VALUE LEARNING,1320,208,4,"Institute channel offering laptop chip-level and mobile repair training courses in Ameerpet, practical bench focus.",chip level | mobile repairing telugu,UCh4wvHuZSeodGOKRR5kHA2Q,hands,phone-repair,wave1,2026-09-14,both,208
https://www.youtube.com/@vasimiphonerepairing,@vasimiphonerepairing,Vasim iPhone repairing,9990,2804,4,"Dedicated iPhone repair channel covering screen, battery, water damage with step-by-step tutorial format described.",phone repair | iphone repair | iPhone repair,UC_z8NQgm6RpXeo_Cgho0tqQ,hands,phone-repair,wave1,2026-09-14,both,2805
https://www.youtube.com/@vickymobileartist,@vickymobileartist,VICKY Mobile Artist.,69400,380,4,"Channel explicitly teaches free mobile repairing lessons, thin but clear repair-focused description.",mobile repairing | smartphone repair,UCBSzJ2pmSh6yVhKzGPGsFZw,hands,phone-repair,rest1,2026-09-14,both,380
https://www.youtube.com/@vifonqro9826,@vifonqro9826,VIFON..  Reparación y accesorios para celular...,25,68,4,"Dedicated microsoldering/diagnostic phone repair shop description, Spanish-language, low title evidence but strong name match.",microsoldadura | microsoldadura celulares,UCsUJ7vZZYJcNatynkm1MKjw,hands,phone-repair,wave1,2026-09-14,both,73
https://www.youtube.com/@vikashmobilerepair1,@Vikashmobilerepair1,Vikash mobile repair1,1120,286,4,"Mobile repairing learning channel, thin one-line bio with clear on-topic intent.",मोबाइल रिपेयरिंग,UCV9ghweQWfyKjoUGmiKBCaQ,hands,phone-repair,gray_v2,2026-09-14,both,286
https://www.youtube.com/@vino.7702,@Vino.7702,vinod mobiles training institute Nellore ,1150,193,4,Mobile chip level training institute description points to practical bench repair teaching.,chip level | mobile repairing telugu,UCf2pVrn1nuvNa6dzoKucemw,hands,phone-repair,gray_v2,2026-09-14,both,193
https://www.youtube.com/@vinodgowdak1,@vinodgowdak1,V NS 07,829,200,4,"Titles show display changing on multiple phone models, real hands-on screen replacement work.",phone repair | mobile repairing tamil,UCrsmut--lF675Hn-kkGYbzQ,hands,phone-repair,wave1,2026-09-14,both,200
https://www.youtube.com/@vinodshingh1102,@vinodshingh1102,Technical GK mobile,2170,1012,4,"Hindi mobile repairing channel covering hardware, software, dead phone and display/battery repair topics.",mobile repairing | मोबाइल रिपेयरिंग,UCFO-QLZg8g9sBVCRzoPrpQQ,hands,phone-repair,wave1,2026-09-14,both,1015
https://www.youtube.com/@vishalboliwal_,@vishalBoliwal_,Smartphone Repair Guide,28,55,4,Titles show display replacement and charging port replacement tutorials with clear device-level repair steps.,phone repair | smartphone repair,UCFImoC1_AOYz2Z-MyskU7Zg,hands,phone-repair,wave1,2026-09-14,both,55
https://www.youtube.com/@vtechmobileservice,@Vtechmobileservice,V TECH,10400,190,4,"Channel offers mobile repairing tutorials and service training, Tamil-focused repair content.",mobile repairing | mobile repairing tamil,UC9r9XG0jbyKwqFJ2mM8cZ8g,hands,phone-repair,gray_v2,2026-09-14,both,190
https://www.youtube.com/@yashmobilerepair1,@yashmobilerepair1,Yash Mobile Repair ,3250,81,4,Description promises live repairing from broken screens to dead motherboards alongside some tips content.,मोबाइल रिपेयरिंग | phone repair | phone repair shop,UC1zKq8E38lU_FhX98p0at7g,hands,phone-repair,rest1,2026-09-14,both,81
https://www.youtube.com/@yildirimteknik2006,@yildirimteknik2006,YILDIRIM TEKNİK,1080,190,4,Short but clear name/description pointing directly to phone repair trade.,telefon tamiri,UCaPz-iJL_6EpGIJhdoexazA,hands,phone-repair,gray_v2,2026-09-14,both,190
https://www.youtube.com/@yunnanliugeshoujiweixiu,@yunnanliugeshoujiweixiu,云南刘哥手机维修,59,69,4,Chinese repair vlog channel showing real phone repair cases like screen and water damage fixes.,手机维修,UC6DEONiZmFBEpFABLn7rx0g,hands,phone-repair,wave1,2026-09-14,both,69
https://www.youtube.com/@zenfixasmrrepairs,@ZenFixASMRRepairs,ZenFix Mobile Repairs,79,64,4,"Mobile repair channel with step-by-step tutorials on charging, hardware faults and dead phones.",phone repair | mobile repairing | smartphone repair | mobile phone repair,UCGKhejufX9aqS5teeIzxvxA,hands,phone-repair,gray_v2,2026-09-14,both,72
https://www.youtube.com/@zorbamobile,@zorbamobile,zorba mobile,90600,1379,4,"Smartphone, iPad, screen replacement repair training institute, business-flavored but describes real repair work.",phone repair | mobile phone repair | phone screen replacement,UCAzJMthlM32Ojlk1MLEATFQ,hands,phone-repair,rest1,2026-09-14,both,1379
https://www.youtube.com/@%d9%82%d9%86%d8%a7%d8%a9%d8%a7%d9%84%d8%b5%d9%8a%d8%a7%d9%86%d8%a9,@%D9%82%D9%86%D8%A7%D8%A9%D8%A7%D9%84%D8%B5%D9%8A%D8%A7%D9%86%D8%A9,Maintenance channel,1300,150,4,Smartphone and electronic board repair channel with programming and flashing content mentioned alongside hardware.,صيانة الكترونيات,UCzkfjhz7H5aOibXBY_N9IPQ,hands,phone-repair,gray_v2,2026-09-14,pool,150
https://www.youtube.com/@aafixtechzone,@aafixtechzone,A A FIX TechZone,515,53,4,"Board-level repair channel covering phones, laptops, tablets and consoles with step-by-step tutorials, phones a major share.",electronics repair | electronics repair no talking,UCmeNCdxJ7rqzgresjtlp_UQ,hands,phone-repair,wave1,2026-09-14,pool,53
https://www.youtube.com/@aple_imran,@Aple_imran,APPLE IMRAN,581,108,4,"Mobile/tablet/watch repair shop covering screens, batteries, motherboards with descriptive service list, thin but on-topic.",watch repair,UCiz-MxUiFH_9-BTzpHfGj-Q,hands,phone-repair,gray_v2,2026-09-14,pool,119
https://www.youtube.com/@applecares6982,@applecares6982,N² one stop repair shop ,217,78,4,GSM electronics repair channel promising actual repaired-item videos and procedures.,power supply repair | monitor repair | electronics repair shop,UCJxYnpjviud51TxZ9aj0DIw,hands,phone-repair,gray_v2,2026-09-14,pool,78
https://www.youtube.com/@asiatelecommobile,@asiatelecommobile,Advance Mobile Training Institute ,83,124,4,"Mobile repairing training institute focused on CPU, power IC, UFS/eMMC programming with practical hands-on classes.",electronics repair course,UCQlS9OFbVfbDV7smfr3Oqvw,hands,phone-repair,wave1,2026-09-14,pool,124
https://www.youtube.com/@deepfix,@DEEPFIX,DEEP FIX,151000,269,4,"Channel dedicated to cell phone technicians and repair solutions, thin but clearly on-topic bio.",watch repairing course,UCUasjdlBiiomR0AROCRuGRw,hands,phone-repair,gray_v2,2026-09-14,pool,269
https://www.youtube.com/@dsmobileshop7262,@dsmobileshop7262,mobile doctor ,843,235,4,Titles show real feature-phone and smartphone hardware fault repairs like dead phone and charging solutions.,electronic repair,UCFkr-OGfkh1UfGybcyd4ryA,hands,phone-repair,gray_v2,2026-09-14,pool,282
https://www.youtube.com/@erngietechph.,@ErngieTECHph.,Erngie Tech Ph.,171,154,4,Titles show real phone charging port repair with soldering work alongside some non-repair mixed content like software tips.,electronics repair,UCOMjaczM7AefEQwAS5xZHAA,hands,phone-repair,wave1,2026-09-14,pool,182
https://www.youtube.com/@eslam-shaheen,@Eslam-Shaheen,Eslam Shaheen ( Apple ),5280,879,4,"Advanced micro-soldering lab covering iPhone, Android, PlayStation and laptops, with visible drift into multi-device electronics.",electronics repair,UCGMGsDblnD1pscJL-KWDpVQ,hands,phone-repair,gray_v2,2026-09-14,pool,879
https://www.youtube.com/@fixproschool2233,@FixProSchool2233,FixPro School,27700,209,4,Mobile repair institute description detailing hands-on course curriculum for phone repair technicians.,watch repairing course,UCLVcrSBYcOFUcm3291lQL6Q,hands,phone-repair,gray_v2,2026-09-14,pool,209
https://www.youtube.com/@gmbrepairshop,@GMBRepairShop,GMB Repair Shop,7690,265,4,Repair shop description details screen and battery replacements plus software issues for mobile phones.,electronic repair,UCcaGY4maQYh_rDKA7xYQesQ,hands,phone-repair,gray_v2,2026-09-14,pool,265
https://www.youtube.com/@gorepairvideosmuc,@GorepairVideosMuc,Gorepair Videos,4930,55,4,Former watchmakers now specializing in professional smartphone and tablet repair with repair guide videos.,Uhrmacher,UCD5IR2LveHQcq-mOAIzw8IA,hands,phone-repair,wave1,2026-09-14,pool,55
https://www.youtube.com/@goyetskalikot,@goyetskalikot,Goyet's Kalikot Adventures,351,135,4,"IT manager channel with real charging port replacement, OVP IC bypass titles showing hands-on repair work.",electronics technician,UCgCJ1xHI0yPD0YFcLsR0akg,hands,phone-repair,wave1,2026-09-14,pool,153
https://www.youtube.com/@ifixgeek6744,@ifixgeek6744,iFixgeek,38,55,4,Repair shop channel with titles showing MacBook and iPhone screen/battery replacement work on camera.,electronics repair,UCcIiYrHO1rJeJfdGzlOdk6A,hands,phone-repair,wave1,2026-09-14,pool,54
https://www.youtube.com/@lktechnician6903,@lktechnician6903,Lk technician,2080,297,4,"Channel teaching mobile hardware and software repair, thin but on-topic description.",electronics repair course,UC8toapZcQ8YvxKG0LnStm-w,hands,phone-repair,gray_v2,2026-09-14,pool,297
https://www.youtube.com/@maabhabanitelecom,@MaaBhabaniTelecom,Maa Bhabani Telecom,250,55,4,Description explicitly promises real-time motherboard-level repair fixes and DIY tutorials for mobile electronics.,electronics repair,UCGQ83X502a5ia5c7TWLKt-g,hands,phone-repair,wave1,2026-09-14,pool,56
https://www.youtube.com/@megabitlda,@MEGABITLDA,MEGABIT LDA,1150,154,4,"B2B motherboard-level repair service for iPhone and MacBook, board-level micro-soldering focus.",electronic repair,UCZjpHoOjmyV4SCXtRKPJn4g,hands,phone-repair,gray_v2,2026-09-14,pool,154
https://www.youtube.com/channel/ucjkurpokm7zzg4pzv0dr55w,@MPSMOBILESHOP,MPS_MOBILE,93,57,4,Thin but clear mobile phone and electronic repair channel description.,electronic repair,UCjkURpoKM7ZZg4pzV0Dr55w,hands,phone-repair,gray_v2,2026-09-14,pool,71
https://www.youtube.com/@mrfixgadgets,@mrfixgadgets,MRFIX Gadgets,380,166,4,Smartphone and laptop repair shop showing real LCD and battery replacement videos alongside laptop work.,laptop repair,UC2n8ik5bwsam5sx7oJBz2tQ,hands,phone-repair,wave1,2026-09-14,pool,166
https://www.youtube.com/@mustafa.fawzi.,@mustafa.fawzi.,ابو مالك لصيانة المحمول,1490,65,4,"Channel teaching mobile repair, fault diagnosis and troubleshooting, thin but clearly on-topic.",صيانة الكترونيات,UChIDNjbPipctR45K6RZiqFA,hands,phone-repair,gray_v2,2026-09-14,pool,65
https://www.youtube.com/@mustafasalahs,@MustafaSalahS,Mustafa Salah,21100,226,4,"Screen replacement and general fault repair center for phones, business-style but clearly repair focused.",تصليح شاشات LED,UCZy138Qfhv0DZKlZDpZbRsQ,hands,phone-repair,gray_v2,2026-09-14,pool,226
https://www.youtube.com/@phonesaathi,@phonesaathi,Phone  Saathi,2120,448,4,Shop owner's channel sharing phone repair tricks and gadget fixing from his own repair shop.,electronics repair,UCkIGHe2RYs7Vx_P5SE09q6Q,hands,phone-repair,gray_v2,2026-09-14,pool,448
https://www.youtube.com/@rajthapamobile,@RajThapamobile,SAB Mobile & Electric ,336,136,4,Titles show phone display replacements across multiple brands at a repair shop.,laptop repair,UCdVdGBkY6NgjrSKNYl-d4bw,hands,phone-repair,wave1,2026-09-14,pool,266
https://www.youtube.com/@rehabelectronic2022,@Rehabelectronic2022,Rehab electronics and servicing centre ,67,120,4,"Mobile servicing training center description, repeated keyword-stuffed but clearly mobile repair course focused.",electronics repair course | LED TV repair Bangla,UCLD-siWpSimgp2EGZ8STk6A,hands,phone-repair,gray_v2,2026-09-14,pool,120
https://www.youtube.com/@rrmobilerepair,@RRMobileRepair,RRHR35,1180,226,4,"Mobile and smartwatch repair shop showing screen, battery and component fixes with DIY repair videos mentioned.",watch repair shop,UCNCPc5YlSO5yFCoty33BU-g,hands,phone-repair,gray_v2,2026-09-14,pool,226
https://www.youtube.com/@ryantech.solution8007,@RyanTech.Solution8007,RyanTech,1950,182,4,"Mobile repair and tech channel, thin description but plainly phone-repair oriented name and text.",réparation électronique,UCgEX4zq3hR7AK1SpH47PGcw,hands,phone-repair,gray_v2,2026-09-14,pool,182
https://www.youtube.com/@s.pochinom,@s.pochinom,С Почином! - ремонт мобильной техники,292,88,4,Screen and glass replacement bench specializing in phone/tablet repair with clear technical process description.,ремонт часов,UCF68EzwuNMeH4JmORMBQcKQ,hands,phone-repair,wave1,2026-09-14,pool,88
https://www.youtube.com/@shubankarmobilerepair,@shubankarmobilerepair,shubankar mobile repair1240,358,54,4,"Simple mobile repair channel, thin description but plainly phone-repair focused.",SMPS repair,UCnXxqsSVxJr9yPUXm9U0lqQ,hands,phone-repair,gray_v2,2026-09-14,pool,54
https://www.youtube.com/@simka_by,@Simka_by,Simka_by,470,74,4,"Titles show real display module replacements on multiple phone models, though unlocking service also offered.",ремонт электроники,UCjre3p-MgcvMCf_nLjRkTIA,hands,phone-repair,wave1,2026-09-14,pool,74
https://www.youtube.com/@ssiphonefixerpune,@SSiphonefixerpune,SS iPhone Fix(Pune),105,54,4,"iPhone repair shop covering camera, display, battery, storage, AirPods and iPad repairs with clear service list.",watch repair,UCicJzGXFYI6ruyyimb_YZTw,hands,phone-repair,wave1,2026-09-14,pool,54
https://www.youtube.com/@techmastergsm,@TechMasterGSM,Tech Master GSM,1410,62,4,"Mobile repairing training center with hardware institute visit video, practical bench training focus despite vague general-tech intro.",watch repairing course,UCwI8e4_yyHDrAfWRDow7g8A,hands,phone-repair,gray_v2,2026-09-14,pool,62
https://www.youtube.com/@technicianhub,@Technicianhub,Technicianhub,1650,76,4,"Mobile repair and electronics repair channel, thin description but plainly repair-focused.",electronics repair,UCyS12p0H23S2SxC3BkT3Htg,hands,phone-repair,gray_v2,2026-09-14,pool,76
https://www.youtube.com/@techshowmobile,@techshowmobile,Techshow,272000,921,4,"Describes tutorials on mobile repairs, electronic circuits, and part replacement using heat gun and soldering iron.",electronic repair,UCS7_S20CfLhg8qILXlewjvg,hands,phone-repair,wave1,2026-09-14,pool,921
https://www.youtube.com/@theartofrepair,@TheArtofRepair,TheArtofRepair,37600,148,4,"Dedicated mobile electronics repair channel/personality with strong repair education focus, no titles shown though.",electronics repair | electronic repairing | electronics repair shop | electronics technician workshop,UCG8Y3ARZq5s-FyasBOGNrnQ,hands,phone-repair,wave1,2026-09-14,pool,148
https://www.youtube.com/@wefixit___,@wefixit___,wefixit,505,140,4,"Mobile repair shop listing glass, display, hardware and board complaint solutions for iPhone/Android.",TV repair Tamil,UCQoij_FSJmWa8uoWH4S50OA,hands,phone-repair,gray_v2,2026-09-14,pool,140
https://www.youtube.com/@willfix1t,@willfix1t,WILLFIXIT,2280,220,4,"Long-time electronics repair channel starting from iPhone screen/back replacements, likely broader electronics now.",electronics repair,UC9IQnk7sQAWttWMl3SJKvtQ,hands,phone-repair,gray_v2,2026-09-14,pool,220
https://www.youtube.com/@yobbgsm,@yobbgsm,yobb gsm,133,122,4,Titles show charging port and power IC replacement on phones plus some non-phone electronics repair.,electronic repair,UCehkgAdNZkbxLLnCHyy54SA,hands,phone-repair,wave1,2026-09-14,pool,170
https://www.youtube.com/@zohaibmobile,@zohaibmobile,ZOHAIB MOBILES JEDDAH KSA,2910,539,4,Phone and electronics repair shop channel emphasizing screen replacement and crack repair videos.,electronics repair,UCsmx9NiQ09G9HE2bc7xNzvQ,hands,phone-repair,gray_v2,2026-09-14,pool,539
https://www.youtube.com/@%e0%ae%ae%e0%af%8a%e0%ae%aa%e0%af%88%e0%ae%b2%e0%af%8d%e0%ae%b0%e0%ae%be%e0%ae%9c%e0%ae%be,@%E0%AE%AE%E0%AF%8A%E0%AE%AA%E0%AF%88%E0%AE%B2%E0%AF%8D%E0%AE%B0%E0%AE%BE%E0%AE%9C%E0%AE%BE,மொபைல் ராஜா,107,74,4,"Mobile service center with real repair titles covering board work, FRP unlocks and general phone issue solutions.",emmc,UCol9EBVdCdYpzZHr4IzBauA,hands,phone-repair,rest1,2026-09-14,filter,74
https://www.youtube.com/@%e0%b8%84%e0%b8%ad%e0%b8%99%e0%b9%81%e0%b8%97%e0%b8%84%e0%b9%80%e0%b8%8b%e0%b8%ad%e0%b8%a3%e0%b9%8c%e0%b8%a7%e0%b8%b4%e0%b8%aa%e0%b9%81%e0%b8%ad%e0%b8%9b%e0%b9%80%e0%b8%9b%e0%b8%b4%e0%b9%89%e0%b8%a5,@%E0%B8%84%E0%B8%AD%E0%B8%99%E0%B9%81%E0%B8%97%E0%B8%84%E0%B9%80%E0%B8%8B%E0%B8%AD%E0%B8%A3%E0%B9%8C%E0%B8%A7%E0%B8%B4%E0%B8%AA%E0%B9%81%E0%B8%AD%E0%B8%9B%E0%B9%80%E0%B8%9B%E0%B8%B4%E0%B9%89%E0%B8%A5,คอนแทค เซอร์วิส แอปเปิ้ล,1140,109,4,"Repair shop for iPhone/iPad/Macbook, also teaches repair, thin description but on-topic.",ซ่อมมือถือ,UC1s9LfN12BpZSNDq0PWaBIQ,hands,phone-repair,rest1,2026-09-14,filter,109
https://www.youtube.com/@%e0%b8%8b%e0%b9%88%e0%b8%ad%e0%b8%a1%e0%b8%a1%e0%b8%b7%e0%b8%ad%e0%b8%96%e0%b8%b7%e0%b8%ad%e0%b8%97%e0%b8%b2%e0%b8%87youtube%e0%b8%8a%e0%b9%88%e0%b8%b2%e0%b8%87%e0%b8%ad%e0%b8%b9%e0%b9%8a%e0%b8%94%e0%b8%97%e0%b8%b5,@%E0%B8%8B%E0%B9%88%E0%B8%AD%E0%B8%A1%E0%B8%A1%E0%B8%B7%E0%B8%AD%E0%B8%96%E0%B8%B7%E0%B8%AD%E0%B8%97%E0%B8%B2%E0%B8%87youtube%E0%B8%8A%E0%B9%88%E0%B8%B2%E0%B8%87%E0%B8%AD%E0%B8%B9%E0%B9%8A%E0%B8%94%E0%B8%97%E0%B8%B5,ซ่อมมือถือทาง youtube ช่างอู๊ดทีมโฟน,37600,324,4,Thai mobile repair channel describing detailed step-by-step repair processes for various fault levels.,ซ่อมมือถือ,UCgAyhA0O6l6ik_lnYDBZjNg,hands,phone-repair,wave1,2026-09-14,filter,327
https://www.youtube.com/@%e0%b8%8b%e0%b9%88%e0%b8%ad%e0%b8%a1%e0%b8%a1%e0%b8%b7%e0%b8%ad%e0%b8%96%e0%b8%b7%e0%b8%ad%e0%b8%a3%e0%b9%89%e0%b8%b2%e0%b8%99%e0%b9%82%e0%b8%9b%e0%b9%8a%e0%b8%b0%e0%b9%80%e0%b8%8a%e0%b9%8a%e0%b8%b0%e0%b9%82%e0%b8%a1%e0%b8%9a%e0%b8%b2%e0%b8%a2,@%E0%B8%8B%E0%B9%88%E0%B8%AD%E0%B8%A1%E0%B8%A1%E0%B8%B7%E0%B8%AD%E0%B8%96%E0%B8%B7%E0%B8%AD%E0%B8%A3%E0%B9%89%E0%B8%B2%E0%B8%99%E0%B9%82%E0%B8%9B%E0%B9%8A%E0%B8%B0%E0%B9%80%E0%B8%8A%E0%B9%8A%E0%B8%B0%E0%B9%82%E0%B8%A1%E0%B8%9A%E0%B8%B2%E0%B8%A2,ซ่อมมือถือ ร้านโป๊ะเช๊ะ โมบาย,1730,186,4,"Shop description mentions screen, battery, board repair services for all phone models.",ซ่อมมือถือ,UCWJrj441Yd29j1iBbrcpJBw,hands,phone-repair,rest1,2026-09-14,filter,186
https://www.youtube.com/@%e0%b8%97%e0%b8%b1%e0%b8%81%e0%b9%82%e0%b8%a1%e0%b8%9a%e0%b8%b2%e0%b8%a2168,@%E0%B8%97%E0%B8%B1%E0%B8%81%E0%B9%82%E0%B8%A1%E0%B8%9A%E0%B8%B2%E0%B8%A2168,ทัก โมบาย 168 ,188,51,4,"Thai repair channel showing battery, screen and no-power/no-display iPhone repairs on camera.",ซ่อมมือถือ,UCiKvswus6HfiGA3GbXLPMEA,hands,phone-repair,wave1,2026-09-14,filter,51
https://www.youtube.com/@%e0%b9%80%e0%b8%88%e0%b9%8a%e0%b9%80%e0%b8%a1%e0%b8%a2%e0%b9%8c%e0%b8%9c%e0%b8%b9%e0%b9%89%e0%b8%ab%e0%b8%8d%e0%b8%b4%e0%b8%87%e0%b8%8b%e0%b9%88%e0%b8%ad%e0%b8%a1%e0%b8%a1%e0%b8%b7%e0%b8%ad%e0%b8%96%e0%b8%b7%e0%b8%ad,@%E0%B9%80%E0%B8%88%E0%B9%8A%E0%B9%80%E0%B8%A1%E0%B8%A2%E0%B9%8C%E0%B8%9C%E0%B8%B9%E0%B9%89%E0%B8%AB%E0%B8%8D%E0%B8%B4%E0%B8%87%E0%B8%8B%E0%B9%88%E0%B8%AD%E0%B8%A1%E0%B8%A1%E0%B8%B7%E0%B8%AD%E0%B8%96%E0%B8%B7%E0%B8%AD,ผู้หญิงซ่อมมือถือ (เจ๊เมย์),49,58,4,"Thin bio stating a passion for phone repair, no drift signals present.",ซ่อมมือถือ,UC8KIzcmgsAQZsmCwwGg9r4g,hands,phone-repair,gray_v2,2026-09-14,filter,58
https://www.youtube.com/@%e0%b9%84%e0%b8%ad%e0%b8%97%e0%b8%b5%e0%b9%82%e0%b8%a1%e0%b8%9a%e0%b8%b2%e0%b8%a2%e0%b8%9e%e0%b8%b1%e0%b8%87%e0%b9%82%e0%b8%84%e0%b8%99,@%E0%B9%84%E0%B8%AD%E0%B8%97%E0%B8%B5%E0%B9%82%E0%B8%A1%E0%B8%9A%E0%B8%B2%E0%B8%A2%E0%B8%9E%E0%B8%B1%E0%B8%87%E0%B9%82%E0%B8%84%E0%B8%99,ไอทีโมบาย พังโคน,1840,68,4,Repair course channel teaching phone repair fundamentals from a bench perspective.,ซ่อมมือถือ,UCXgTwf-U8Pl9stiJsrLsr4g,hands,phone-repair,rest1,2026-09-14,filter,68
https://www.youtube.com/@-krobeykrong3656,@-krobeykrong3656,ក្របី​ ក្រុង​-Krobey Krong,2030,196,4,Description promises tutorials on screen repairs and component replacement for smartphones.,phone repair,UCvCeG53_n0oRiIt7s06L6vg,hands,phone-repair,rest1,2026-09-14,filter,196
https://www.youtube.com/@3not1repair,@3not1repair,3not1repair,1760,54,4,"Description focuses on schematic diagrams, component-level repair and troubleshooting for mobile phones.",phone repair | mobile phone repair,UCzCHW0Y4nbyWSJ0smzL1oiA,hands,phone-repair,rest1,2026-09-14,filter,54
https://www.youtube.com/@3rhantservis,@3RHANTservis,3R HANT,16200,607,4,Documents light phone repairs like battery and LCD replacement and spare parts fitting.,servis hp,UClRqd6WH_YPSJ_LRPbvEfNQ,hands,phone-repair,gray_v2,2026-09-14,filter,607
https://www.youtube.com/@5gkayum,@5GKAYUM,Ak Computer01,1300,255,4,CPU/EMMC training channel emphasizing IC-level hardware repair skills and live practical classes.,emmc,UCBeT8FEweTbUg3uA92Th77g,hands,phone-repair,wave1,2026-09-14,filter,255
https://www.youtube.com/@96yash,@96yash,Electronic Master Yash📱,1760,172,4,"Hindi mobile repairing channel teaching hardware and software fixes for electronic gadgets, thin but on-topic evidence.",chip level | मोबाइल रिपेयरिंग,UCMU81banB5d1xGMVbF6r86A,hands,phone-repair,gray_v2,2026-09-14,filter,174
https://www.youtube.com/@9droiditacademypunjab,@9droiditacademypunjab,9DROID IT ACADEMY,5640,242,4,IT academy offering mobile and laptop chip-level repair training with practical engineering focus.,phone repair | mobile repairing | iphone repair | chip level | laptop repair | laptop repairing,UCHvuGXc_8j0uHknZhCb90Tg,hands,phone-repair,wave1,2026-09-14,filter,242
https://www.youtube.com/@_say_arsh,@_say_arsh,Sohel mobile and repairing centre Latur ,2280,139,4,"Mobile repairing centre with android-to-iPhone conversion mentioned, thin evidence but clearly phone repair focused.",phone repair,UC1lxals5Lru8jeQhlzZHFdg,hands,phone-repair,gray_v2,2026-09-14,filter,139
https://www.youtube.com/@a1mobile_repairing,@A1mobile_repairing,mobiles related shorts,414,68,4,Display change and hardware repair shorts/full videos with visible repair process on camera.,phone repair | mobile repairing,UCKE7HoTVCfBuTJhz1xyfRPw,hands,phone-repair,wave1,2026-09-14,filter,92
https://www.youtube.com/@a1mobilesnstudio,@A1mobilesnstudio,A1 Mobiles N Studio,2120,82,4,"Mobile repairing channel covering basic, software, hardware topics, thin evidence.",मोबाइल रिपेयरिंग,UCeTP_-ZWiXeQPyHis7ES_Ig,hands,phone-repair,gray_v2,2026-09-14,filter,82
https://www.youtube.com/@aadityamobileinstitute,@AadityaMobileinstitute,Aaditya Mobile institute,172,60,4,Mobile repairing institute channel claiming step-by-step practical hardware/software training videos.,mobile repairing,UCNhMr_-SYcLFhI7LXtRBg7Q,hands,phone-repair,wave1,2026-09-14,filter,60
https://www.youtube.com/@aakashtelecomindore,@AakashTelecomIndore,Aakash Telecom Mobile Repairing,2560,597,4,"Named mobile repairing shop with address, thin evidence but clearly repair-focused business.",mobile repairing,UCYipoY10kZa6IgKu4Jos-AA,hands,phone-repair,gray_v2,2026-09-14,filter,599
https://www.youtube.com/@aarifmobilerepairexpert,@Aarifmobilerepairexpert,Aarif.mobile.expert ,1140,192,4,Mentions specific board-level repair like IC/CPU reballing and eMMC IC repair for phones.,phone repair | iphone repair,UCRuNyFRT5lnqTW56rZl0HnA,hands,phone-repair,wave1,2026-09-14,filter,192
https://www.youtube.com/@aayushpatel1723,@Aayushpatel1723,AJ PATEL MOBILEDU,6180,421,4,"Flex change, glass change, display laser bonding, hardware/software repair services described directly.",mobile repairing,UCDJVLpXZRb9odhXpIHarK-g,hands,phone-repair,wave1,2026-09-14,filter,421
https://www.youtube.com/@ab_repairing,@ab_repairing,A’B REPAIRING LAB,4150,846,4,"Description describes mobile repair technicians replacing parts like batteries and screens, plain repair channel.",phone repair | mobile repairing | mobile phone repair,UClIztAymy9PYCHbbsWJjHuw,hands,phone-repair,gray_v2,2026-09-14,filter,846
https://www.youtube.com/@abbasibby,@abbasibby,Abbas ibby,5580,236,4,"Thin bio for a phone repair business, plausible dedicated repair channel with minimal text.",phone repair,UCJmKELIWfliJAo_Cro-CVjQ,hands,phone-repair,gray_v2,2026-09-14,filter,236
https://www.youtube.com/channel/ucp9ecpe0xaazzvmwczgxltg,@abderahimamzoug9080,ABDO PHONE ,331,56,4,Educational phone repair channel with titles on charging and display fault fixes for specific models.,صيانة الهواتف,UCP9ECpE0XAaZZvmwCzGxlTg,hands,phone-repair,wave1,2026-09-14,filter,56
https://www.youtube.com/@abdullohponselindonesia,@abdullohponselindonesia,Abdulloh Ponsel,135,92,4,"Titles demonstrate real LCD replacement and disassembly tutorials for phones, with occasional unrelated TV/software content.",servis hp,UCDGty0NHcn55ikcQ74HXryg,hands,phone-repair,wave1,2026-09-14,filter,92
https://www.youtube.com/@abdulwahabalmadinahmobile,@abdulwahabalmadinahmobile,Abdul Wahab Almadinah Mobile,30900,573,4,"Detailed repair-focused description covering multimeter reading, hardware repair tips and short circuit finding, with some software flashing content.",mobile repairing,UC7z8CmhOLBFtJjA8o4oaMTA,hands,phone-repair,gray_v2,2026-09-14,filter,573
https://www.youtube.com/@abhigyankumar7520,@abhigyankumar7520,abhiRoy Mobile tips,262,134,4,Step-by-step screen replacement and disassembly tutorials with clear repair task walkthroughs described.,phone repair,UC62SZmT1nJMUBmHD5RgNFhg,hands,phone-repair,rest1,2026-09-14,filter,134
https://www.youtube.com/@abhishekgourh8663,@abhishekgourh8663,ABHISHEK GOURH,277,112,4,One-line bio names mobile repairing shop with no signals pointing away from hands-on repair.,mobile repairing,UCS16XDiTUDUbPAzgwDqrDfw,hands,phone-repair,rest1,2026-09-14,filter,112
https://www.youtube.com/channel/ucj2y3telzz_rqgao75k7xia,@ABMobileRepairing341,AB Mobile Repairing,238,55,4,Mobile repairing channel with titles showing specific fault diagnosis for charging and touch issues.,mobile repairing,UCj2y3TelZZ_RQgAo75k7XIA,hands,phone-repair,wave1,2026-09-14,filter,55
https://www.youtube.com/@acehcellularofficial,@AcehCellularOfficial,Aceh Cellular Official,1020,64,4,"Named phone repair channel, thin evidence but clearly stated as phone repair.",phone repair,UCZNFSPY57J06s4CZiqSqLkg,hands,phone-repair,gray_v2,2026-09-14,filter,65
https://www.youtube.com/@acehrepairsmartphone,@ACEHREPAIRSMARTPHONE,Dp REPAIR SMARTPHONE ,37500,129,4,Indonesian self-taught phone repair channel focused on servis HP tips and tricks.,servis hp,UCcTFKOfxdm4CRFLcDc-Q7iA,hands,phone-repair,wave1,2026-09-14,filter,129
https://www.youtube.com/@adeilsoncell216,@adeilsoncell216,ADEILSON CELL,716,80,4,Cell phone maintenance instructor with titles showing screen frontal replacement and technical lectures on smartphone screens.,manutenção de celular,UCjUIzOl-jfJ-Z4KdYk7xoPQ,hands,phone-repair,wave1,2026-09-14,filter,90
https://www.youtube.com/@adnankhalid12,@Adnankhalid12,mobile repairing center ,42,59,4,"Description lists screen replacement, back glass change, dead mobile repair — real bench work implied.",mobile repairing,UCLu1nGqGFLOb5XZym2y61wQ,hands,phone-repair,wave1,2026-09-14,filter,65
https://www.youtube.com/@advancemobilerepair,@advancemobilerepair,Krishna Tech tube,622,88,4,"Titles show back glass and screen replacement plus network troubleshooting, real repair work shown.",mobile repairing,UCwOrZDli9-Q6o72x8IBruWw,hands,phone-repair,wave1,2026-09-14,filter,88
https://www.youtube.com/@advancemobilesmar,@Advancemobilesmar,ADVANCE MOBILE SMART,6850,143,4,"Advanced mobile repair training institute covering EMMC programming, PMIC and chip-level hand skills.",emmc,UCPjaLytXlY6kc9dbbtimXfQ,hands,phone-repair,wave1,2026-09-14,filter,143
https://www.youtube.com/@advancesolutioniphone,@AdvanceSolutionIphone,Advance Solution,5360,159,4,"Apple authorized service center channel explicitly describing iPhone/iPad/MacBook screen, battery and charging repair videos.",phone repair | iphone repair,UCxFj0ysXX-mKrFl1tKMVkZg,hands,phone-repair,wave1,2026-09-14,filter,159
https://www.youtube.com/@advancesolutions6193,@advancesolutions6193,ADVANCE SOLUTIONS ,1410,202,4,"Mobile repairing training center listing hardware, motherboard, IC-level, display and battery repair services.",mobile repairing | motherboard repair,UCQ3-YIdl9vb7PZsWcRCqsHg,hands,phone-repair,wave1,2026-09-14,filter,202
https://www.youtube.com/@aeamediatech,@AEAMediaTech,AEA Media | Technology | Life,1780,211,4,Dedicated phone repair channel emphasizing screen replacement and glass repair filmed to follow entire process.,phone repair | mobile phone repair | smartphone repair,UCHSHKEcFGxiJKeR1l0G7quw,hands,phone-repair,wave1,2026-09-14,filter,211
https://www.youtube.com/@aemobilesolution,@AeMobileSolution,AE Mobile Solution,1000,282,4,Board-level CPU/EMMC reballing channel with dead/hang-on-logo fault titles.,emmc,UCHkbcBXZ_M7IpTRmJx0Rijw,hands,phone-repair,wave1,2026-09-14,filter,440
https://www.youtube.com/@afifahfairuz2339,@afifahfairuz2339,Afifah Fairuz,1220,371,4,Channel description focuses on DIY phone repair tutorials for self-taught technicians.,servis hp,UCIDqCPoicv5ljnPmLICGl-w,hands,phone-repair,rest1,2026-09-14,filter,371
https://www.youtube.com/@africfix,@africfix,Africfix,761,63,4,"Technician channel with titles on data recovery, LCD light fix, charging repair on real Samsung devices.",phone repair | smartphone repair,UCURE7FxLcloAdgT5Bt2vt6g,hands,phone-repair,wave1,2026-09-14,filter,63
https://www.youtube.com/@aftabliveofficial,@Aftabliveofficial,Aftab live official ,690,744,4,"Short bio naming all mobile repairing as channel content, thin evidence but on-topic.",mobile repairing,UCM3cU4GtVZKvskGpaDgoaKg,hands,phone-repair,gray_v2,2026-09-14,filter,749
https://www.youtube.com/@afzalmobile1860,@Afzalmobile1860,Afzal Mobile,311,85,4,"Description explicitly lists hardware fixes, real repair videos and troubleshooting guides for smartphones.",phone repair | smartphone repair,UC0OoBihzFF5Cb12cqK8JFPg,hands,phone-repair,wave1,2026-09-14,filter,141
https://www.youtube.com/@afzalpromaxx,@afzalpromaxx,Afzal Pro Max,531,55,4,"Titles show hands-on component testing with multimeter, DC machine tutorials and mobile repair knowledge sharing.",phone repair | mobile repairing,UCC5fUkj0f9Xq4FxbhzMM64g,hands,phone-repair,wave1,2026-09-14,filter,55
https://www.youtube.com/@ahammed_haneefa,@Ahammed_haneefa,SCANIA MOBILES,898,71,4,"Title shows reballing power IC, board-level micro-soldering work, Malayalam mobile repair channel.",mobile repairing,UC98CNjhOTiRJhGklB6aUqLw,hands,phone-repair,wave1,2026-09-14,filter,80
https://www.youtube.com/@ahfixfast,@ahfixfast,Ah Fix Fast,2360,297,4,Description focused on phone repair solutions across multiple brands including CPU/power work with clear repair intent.,phone repair | mobile phone repair,UC0VVYZ5ZvZPmlC3STFQqctA,hands,phone-repair,wave1,2026-09-14,filter,244
https://www.youtube.com/@ahmad_khani_mobile_care,@Ahmad_Khani_Mobile_Care,Ahmad Khani Mobile Care,1880,139,4,"Mobile care shop channel, thin bio-style description naming the repair trade without contrary signals.",mobile repairing,UCC_K4VstnbvduuXwFHS-CdQ,hands,phone-repair,rest1,2026-09-14,filter,139
https://www.youtube.com/@ahmadrazaraza-q2r,@AhmadRazaRaza-q2r,Ahmad Raza official 100k,2660,442,4,"Thin one-line bio naming a mobile repairing individual with contact number, no negative signals.",mobile repairing,UCKYte_wdJTg8jbGQfNskHzw,hands,phone-repair,gray_v2,2026-09-14,filter,442
https://www.youtube.com/@ai.smartservice01,@Ai.smartservice01,AI. SMART SERVICE,53,56,4,Mobile repairing and iPhone repair tips channel with thin but on-topic one-line description.,phone repair | mobile repairing | iphone repair,UC9rtug9T4alpk2-ai42V2oA,hands,phone-repair,gray_v2,2026-09-14,filter,94
https://www.youtube.com/@aishamobilesolutions,@AishaMobileSolutions,Aisha Mobile Solutions,4790,144,4,"Mobile repairing channel with step-by-step tutorials on phones, watches and airpods.",phone repair | mobile repairing | mobile phone repair,UCNXPqvDkZkkHmAbJW86B_rA,hands,phone-repair,gray_v2,2026-09-14,filter,146
https://www.youtube.com/@aisolutions3542,@aisolutions3542,Ai Solutions,16600,239,4,Mobile chip-level training institute description covers EMMC programming and IC-level repair instruction.,chip level | emmc,UCVY7eTbeG_pd0094qLOuEdg,hands,phone-repair,wave1,2026-09-14,filter,239
https://www.youtube.com/@ajay_karmer,@Ajay_karmer,Ajay karmer,8580,153,4,"Description promises real before/after repair videos and shop work, thin but on-topic mobile repair evidence.",मोबाइल रिपेयरिंग,UC4UszXv0Afgm-PcxqIjVpHA,hands,phone-repair,rest1,2026-09-14,filter,153
https://www.youtube.com/@ajay_mobile_care,@ajay_mobile_care,Ajay Kumar,396,119,4,"Hindi mobile hardware repair channel emphasizing IC-level, charging, display and dead-phone troubleshooting content.",मोबाइल रिपेयरिंग,UCDVegvA4-OdjhB9prX3UecA,hands,phone-repair,wave1,2026-09-14,filter,124
https://www.youtube.com/@ajitsaxenaa8930,@AjitSaxenaA8930,Saxena Mobile Repairing Canter ,942,137,4,Named mobile repairing center covering hardware and software with thin but plain repair-focused description.,mobile repairing,UCYstflvRTZZvgNeWzHup4Yw,hands,phone-repair,rest1,2026-09-14,filter,149
https://www.youtube.com/@ajoymobilerepairing8101,@ajoymobilerepairing8101,Ajoy Mobile Repairing,11700,256,4,"Channel uploads mobile repairing hardware and software videos, plain repair-technician description.",mobile repairing,UCqtt833Ielr6eOfzcN1WvGg,hands,phone-repair,gray_v2,2026-09-14,filter,256
https://www.youtube.com/@ajtechnical3.1,@ajtechnical3.1,AJ TECHNICAL 3.1,1180,57,4,"Describes hardware and software repair including motherboard, charging circuit and water damage solutions.",mobile repairing,UCEbgNr8Tfuns29KQrbpjHqQ,hands,phone-repair,rest1,2026-09-14,filter,57
https://www.youtube.com/@akankshamobilerepair,@AkankshaMobileRepair,Akanksha Mobile Repair,31,68,4,"Plain mobile phone repair channel name with minimal description, thin but on-topic evidence.",phone repair | mobile phone repair,UCR8Xds72KuoQ352gWt15VHg,hands,phone-repair,gray_v2,2026-09-14,filter,68
https://www.youtube.com/@akashmobinaraini,@Akashmobinaraini,Akash Mobi Naraini,1490,435,4,"Channel plainly focused on mobile repairing videos per description, thin but clear evidence.",mobile repairing,UCFxYqttkkuIf7dZh8pElEJA,hands,phone-repair,gray_v2,2026-09-14,filter,435
https://www.youtube.com/@akashphonesolution04,@akashphonesolution04,srivastav mobile care ,101,56,4,Mobile care channel described as repairing expert covering Android and iPhone across multiple brands.,phone repair | mobile repairing | iphone repair,UCcIYqgP8V8PjcmOP8PQAWzw,hands,phone-repair,gray_v2,2026-09-14,filter,56
https://www.youtube.com/@akelectronicsrepair,@AKElectronicsRepair,AK Electronics Repair ,234,148,4,"Mobile and electronics repair channel covering charging, circuit repair and multimeter use practically.",mobile repairing,UCd65xnjrA2LPY4bwkSEmyPg,hands,phone-repair,gray_v2,2026-09-14,filter,218
https://www.youtube.com/@akewbarokahcell957,@akewbarokahcell957,akew barokah cell,558,60,4,"Indonesian servicing channel with titles showing soldering tips, unlock, and repair tool demos for technicians.",servis hp,UCVC49cUGL4YBk7qTbTvJ2Bg,hands,phone-repair,wave1,2026-09-14,filter,60
https://www.youtube.com/@akilmobilesolutions4288,@akilmobilesolutions4288,Akil mobile solutions,1060,200,4,"Mobile repairing solutions channel, thin evidence but plainly on-topic.",mobile repairing,UCdu5mlj5ITyZ68tQlDyuRzQ,hands,phone-repair,gray_v2,2026-09-14,filter,200
https://www.youtube.com/@akiophone11,@akiophone11,Akio,1440,72,4,"Screen repair shop with hashtags on glass replacement, battery replacement, thin evidence but on-topic.",ซ่อมมือถือ,UCj7WGX9gDzwm8SBhZ0cQCJA,hands,phone-repair,rest1,2026-09-14,filter,72
https://www.youtube.com/@akmobilee1,@akmobilee1,AK REPAIRING CENTRE ,183,134,4,Display and folder replacement titles show hands-on repair work despite some unlock content.,phone repair | mobile repairing,UCe8CeoUbhYTGJN0_z-iZOWA,hands,phone-repair,rest1,2026-09-14,filter,139
https://www.youtube.com/@akofficialtutorial-kpk,@AKofficialTutorial-kpk,AK Repairing Shop💫,216,80,4,Titles show real screen replacement work (Oppo A53 display changing) across Android and iPhone repair tutorials.,phone repair | mobile repairing | iphone repair,UCHTDoK29SLmX3Hzjq3GnalA,hands,phone-repair,wave1,2026-09-14,filter,165
https://www.youtube.com/@alancelltreinamentos,@alancelltreinamentos,Alan Cell Treinamentos,85300,314,4,"Board-repair training channel teaching phone repair techniques and courses, likely practical bench content.",conserto de celular | reparo de placa,UCK9XrTZkZSMMlW_94wsFE2Q,hands,phone-repair,wave1,2026-09-14,filter,314
https://www.youtube.com/@albarimobileslab122,@albarimobileslab122,Al Bari Mobiles Lab,372,129,4,"Titles show glass replacement work on Vivo and Samsung, plus generic repair description of parts replacement.",phone repair | mobile phone repair,UCCW8eSOEPwm6g8HAkDSBFiw,hands,phone-repair,wave1,2026-09-14,filter,129
https://www.youtube.com/@alexandreribeirosilveira,@AlexandreRibeiroSilveira,Alexandre Ribeiro Silveira,3130,201,4,"Entrepreneur running a phone and tablet repair assistance business, thin one-line bio.",conserto de celular,UC8ml7lF9Rhng0zEGsuO605Q,hands,phone-repair,gray_v2,2026-09-14,filter,201
https://www.youtube.com/@alhafeezmobileshop,@AlHafeezMobileShop,Al Hafeez Mobile Shop,825,98,4,"Detailed mobile hardware repair vocabulary (reballing, SMD, motherboard) with charging jack replacement titles shown.",phone repair | mobile repairing | mobile phone repair | motherboard repair | mobile repairing course,UCVuvy0beZPJMwmqU7-avdIA,hands,phone-repair,wave1,2026-09-14,filter,98
https://www.youtube.com/@alimobilerepir,@Alimobilerepir,Technical Ali,3760,792,4,Plain mobile repairing channel name and bio with no signals pointing away from hands-on repair.,mobile repairing,UCcxb8i1Y3m70V5tGh-srlaQ,hands,phone-repair,rest1,2026-09-14,filter,792
https://www.youtube.com/@alishagsmteam2276,@alishagsmteam2276,Alisha GSM Team,247,62,4,"GSM repair team channel with titles showing dead boot repair, UFS chip work and micro jumper hardware fixes.",emmc,UCo2IBZSfbFFAtPlwxWDIzEA,hands,phone-repair,rest1,2026-09-14,filter,62
https://www.youtube.com/@alishercommunication12115,@alishercommunication12115,Ali sher communication,1500,1364,4,"Mobile phone repairing expert channel with tutorial videos, though software mentioned too.",phone repair | mobile phone repair,UCtsruju0-ramhSkxiHXfDrQ,hands,phone-repair,gray_v2,2026-09-14,filter,1364
https://www.youtube.com/@all1video2002,@all1video2002,Hariom Mobile Reparing,32300,238,4,"Mobile repairing channel covering hardware, software and error solutions in Hindi, thin evidence.",मोबाइल रिपेयरिंग,UCwPLMDDPzfkcH2AMb1xuFVg,hands,phone-repair,gray_v2,2026-09-14,filter,238
https://www.youtube.com/channel/uceeufl66v--406psfweu85g,@all_technicalchodo,All Technicalchodo,224,113,4,"Titles show specific repair jobs like charging jumper problems, CPU IC reballing and display issues.",mobile repairing | मोबाइल रिपेयरिंग,UCEEUFL66V--406psFweU85g,hands,phone-repair,wave1,2026-09-14,filter,152
https://www.youtube.com/@allaboutmobilerepairing,@allaboutmobilerepairing,All About Mobile repairing ,780,122,4,"Titles show charging socket change, display line replacement, and network solutions with visible repair steps.",mobile repairing,UCj6M8qfkIf3wkMjFilIpdxg,hands,phone-repair,wave1,2026-09-14,filter,125
https://www.youtube.com/@allinonerepairingvr,@Allinonerepairingvr,All in one repairing vr,122,61,4,Mentions CPU/MMC swapping and reprogramming for all brand mobiles despite messy emoji-filled description.,mobile repairing,UCVkSQRYpzQpuTbPASUHhzag,hands,phone-repair,gray_v2,2026-09-14,filter,61
https://www.youtube.com/@allmobilefix0425,@ALLMOBILEFIX0425,ALL MOBILE FIX,249,148,4,Repair-focused channel name/passion with one title showing logo/restart problem solved on a Vivo phone.,mobile repairing,UCmLMwm2XhEkYO36zJkKHr2g,hands,phone-repair,rest1,2026-09-14,filter,153
https://www.youtube.com/@allmobilerepairnggyan,@allmobilerepairnggyan,All Mobile$repair Gyan,1590,244,4,Hindi mobile repairing channel promising working videos related to mobile repair solutions.,mobile repairing | मोबाइल रिपेयरिंग,UCDqdgSnjTK98FoR-MIePlRg,hands,phone-repair,gray_v2,2026-09-14,filter,244
https://www.youtube.com/@allmobilerepairsolutionsal3690,@allmobilerepairsolutionsal3690,SR Mobile Care,2080,87,4,"Bengali mobile servicing training channel description, thin but on-topic for repair training.",mobile repairing,UCPL0Al1r4ucCop1kfKpV16g,hands,phone-repair,gray_v2,2026-09-14,filter,87
https://www.youtube.com/@allroundvideowale,@AllRoundvideowale,Ravindra Singh,297,117,4,"Titles show real repairs: touch glass change, combo fixing, back panel and display replacement.",mobile repairing,UC4xVEoVJkzbT82LWbGlFR2w,hands,phone-repair,wave1,2026-09-14,filter,117
https://www.youtube.com/@alokmobiletech,@Alokmobiletech,Alok Mobile Tech,483,80,4,Titles show real charging-pin repair demonstrations on phones and Bluetooth speakers.,मोबाइल रिपेयरिंग,UCkrKbyKGlqFXo8h6ujJFtrg,hands,phone-repair,gray_v2,2026-09-14,filter,89
https://www.youtube.com/@alphabetsmobilestore,@Alphabetsmobilestore,Alphabet s Mobile store Hindupur ,26,80,4,"Mobile store advertising dead mobile chip level repair with fast turnaround, thin evidence but repair-focused.",chip level,UCuUBoODhwXclkVWsPilUbVw,hands,phone-repair,gray_v2,2026-09-14,filter,80
https://www.youtube.com/@altamas-ff_2,@Altamas-FF_2,Aahil   Ayan,4700,210,4,"Mobile repairing channel covering software and hardware, thin but clear evidence of the topic.",mobile repairing,UCAAVQPtS8z0PR43U6u0VdVA,hands,phone-repair,gray_v2,2026-09-14,filter,210
https://www.youtube.com/@alvaro141978,@alvaro141978,CELULARES A J k,1470,190,4,Professional phone/tablet repair workshop covering all brands including iPad and Samsung tablets.,reparación de celulares,UCx1M1uYUPxsxed_31t6tsQQ,hands,phone-repair,gray_v2,2026-09-14,filter,190
https://www.youtube.com/@amanraaz8091,@amanraaz8091,Aman mobile 📱,269,282,4,"Titles show real repair jobs: back panel replacement, water damage, back open, charging board replace.",mobile repairing,UCBqtSG_CUBN1EaZA3YO1lyA,hands,phone-repair,gray_v2,2026-09-14,filter,284
https://www.youtube.com/@amantechmobile,@Amantechmobile,Aman tech mobile ,322,136,4,"Repair shop with EMMC/UFS chip-level work and titles showing display, back glass and charging pin replacement.",chip level | emmc,UC6rTTRCRRPpF2k5dZ97phHw,hands,phone-repair,wave1,2026-09-14,filter,244
https://www.youtube.com/@amdtechnicalsupport,@aMDTechnicalsuPPort,aMD Technical suPPort,82,59,4,"Titles show real LCD replacement and battery removal repair videos for Samsung phones, hands-on bench work evident.",phone repair,UCcZU4Syzj4BP1LtMzh-afHg,hands,phone-repair,wave1,2026-09-14,filter,59
https://www.youtube.com/@ameenmobiler,@AMEENMOBILER,AMEEN  MOBILE,7670,254,4,"Named mobile repairing channel, minimal text but directly states the repair focus.",mobile repairing,UCPfGbFMJU3XXeG_0jyzVk1w,hands,phone-repair,gray_v2,2026-09-14,filter,254
https://www.youtube.com/@amilaelectronic,@Amilaelectronic,AMILA electronic,2720,469,4,"Describes electronics and phone repair tutorials with step-by-step guides, no drift signals mentioned.",phone repair,UC9idXBvfbWbQC37S0cglXIw,hands,phone-repair,rest1,2026-09-14,filter,469
https://www.youtube.com/@amipatna,@AMIPatna,Aaditi Mobile Institute ,3250,720,4,"Mobile repairing training institute emphasizing hardware, software and live practical knowledge sessions.",mobile repairing,UCTDo4ejg1KomB7nd4cxIpwQ,hands,phone-repair,wave1,2026-09-14,filter,720
https://www.youtube.com/@amir_sayyed,@Amir_Sayyed,TM MOBILE STORE ,424,63,4,Mobile store description explicitly mentions full IC-level repairing across major brands.,mobile repairing,UCB2jgvj0I4qrZLhhW08jxFg,hands,phone-repair,gray_v2,2026-09-14,filter,63
https://www.youtube.com/@amirmobiles-806,@amirmobiles-806,Amir Mobile Lab Apple solution,25,58,4,Apple/mobile repair lab description covering hardware screen replacement and Apple hardware solutions.,mobile repairing | motherboard repair,UCT6ky96a_T8upSP3cJ1NtLg,hands,phone-repair,wave1,2026-09-14,filter,59
https://www.youtube.com/@amirphonelab,@AmirPhoneLab,Amir Phone Lab,79,57,4,"Titles show iPhone charging strip, battery replacement and Android repair jobs on camera.",mobile repairing,UCIyMBuJXHGHD8uy4BzzAgHQ,hands,phone-repair,wave1,2026-09-14,filter,57
https://www.youtube.com/@amirshahzadchinioti,@Amirshahzadchinioti,Amir Shahzad ,46,79,4,"Certified mobile repair technician sharing practical troubleshooting content, mixed with shop/business mention.",phone repair | mobile repairing | mobile phone repair,UCemdzmnKRvPw3yo_CuIuyWg,hands,phone-repair,rest1,2026-09-14,filter,123
https://www.youtube.com/@amirtechnicalguruchannel,@AmirTechnicalGuruChannel,Amir Technical Guru Channel,648,182,4,Mobile repairing channel with dead phone/charging fault fix titles showing bench work on real devices.,mobile repairing,UCc3_sALJX47NHOfs7I3-Krw,hands,phone-repair,wave1,2026-09-14,filter,182
https://www.youtube.com/@amit.phone.doctor,@Amit.phone.doctor,Shri Ram Telecom Mobile 📱 Repir ,1530,193,4,"Shop description lists OCA, edge display, glass and display change work typical of repair bench.",mobile repairing,UCsSsIaHWjKvzEBB0dm1gnuA,hands,phone-repair,wave1,2026-09-14,filter,193
https://www.youtube.com/@amittech299,@AmitTech299,Amit Tech 299,188,50,4,"Titles show vibration solution, charging repairs, LCD light issue fixes, folder replacement across various phones.",mobile repairing,UC75Wvtps_iX6Rstm0DPYZUw,hands,phone-repair,wave1,2026-09-14,filter,50
https://www.youtube.com/@ammacellcarevizag,@AmmacellcareVizag,Ammacellcare Vizag,595,80,4,"Chip-level repair shop with CPU, EMMC, UFS repair and titles showing board-level fixes, some unlock content.",mobile repairing | chip level,UCey8mFk6lBy3RjVuIIMjTbg,hands,phone-repair,wave1,2026-09-14,filter,80
https://www.youtube.com/channel/ucghqyutzddxin2gjep5l6ag,@AMMobile.371,AM Mobile ,153,64,4,"Titles show charging jack replacement across multiple phone models, clear hands-on repair focus.",mobile repairing,UCghqYuTzdDXIn2GJep5L6ag,hands,phone-repair,wave1,2026-09-14,filter,62
https://www.youtube.com/@amorhazarika9028,@amorhazarika9028,Hazarika mobile Teok amor,1570,200,4,Short bio simply naming mobile repairing as channel focus.,mobile repairing,UCyBmE0sK492dlQwNQkOkPgg,hands,phone-repair,rest1,2026-09-14,filter,200
https://www.youtube.com/@anandmobiletech1992,@anandmobiletech1992,Anand mobile tech,2760,67,4,"Repair channel aimed at teaching new technicians, describes solving hardware repair problems.",mobile repairing,UCyhe9K8u6xFgp2iWzHWygXA,hands,phone-repair,gray_v2,2026-09-14,filter,67
https://www.youtube.com/c/andr%c3%a9inforcell,@Andr%C3%A9InforCell,André Inforcell,10400,284,4,Minimal description but name and stated focus is cellphone maintenance/repair.,manutenção de celular,UC5X1oJ-YHsa9r6K_XhC77Cg,hands,phone-repair,gray_v2,2026-09-14,filter,284
https://www.youtube.com/@aniaxn,@Aniaxn,Sarkar Mobile Academy,1700,130,4,"Mobile repairing academy with chip-level, reballing, eMMC training but mixes in FRP/software content.",phone repair | mobile repairing | emmc,UCx5ktgu-RyrYy7QrZcqfu1A,hands,phone-repair,wave1,2026-09-14,filter,130
https://www.youtube.com/@anikamobilerepairing2025,@AnikaMobileRepairing2025,Anika Mobile Repairing ,65,62,4,"Thin but direct description of mobile repairing services and accessories, likely a repair channel.",mobile repairing,UCr6aEc3R8tDW9Cjt4eLMiOg,hands,phone-repair,rest1,2026-09-14,filter,62
https://www.youtube.com/@anjumrepairing3110,@anjumrepairing3110,Anjum Repairing,4480,218,4,"Simple mobile repairing lab name with WhatsApp contact, thin but plain repair evidence.",mobile repairing,UC3rU0AtvX4eWiC3BOwm6P1g,hands,phone-repair,gray_v2,2026-09-14,filter,218
https://www.youtube.com/@ankitprajapati499,@Ankitprajapati499,Ankit Prajapati ,902,214,4,"Titles show charging support, soldering tips, display light jumper fixes across multiple phone models.",mobile repairing,UCkFe8Kox7GRNwXUWLwSXduA,hands,phone-repair,wave1,2026-09-14,filter,211
https://www.youtube.com/@ankushmobilesftb,@AnkushmobilesFtb,Ankush mobiles Ftb,107,100,4,Repair shop with titles showing glass and screen replacements on iPhone/Samsung/Vivo despite sales-heavy description.,phone repair | mobile repairing | iphone repair,UCLgIQNoHCGpUC3gS7o5Nqyw,hands,phone-repair,gray_v2,2026-09-14,filter,100
https://www.youtube.com/@annukumari3186,@annukumari3186,Miss annu dada mobile,729,390,4,Repair shop channel with flex cable and repair titles shot at their Delhi shop.,mobile repairing,UC4_khCBVfPm3SkHzd31wDHA,hands,phone-repair,gray_v2,2026-09-14,filter,464
https://www.youtube.com/@anshuanshu1514,@anshuanshu1514,real king mobile repairing,1410,396,4,Thin but clear description naming the channel as mobile repairing focused with repair information.,phone repair | mobile repairing | mobile phone repair,UCvvZHcQeVeKLAh9H1WfHzKQ,hands,phone-repair,rest1,2026-09-14,filter,395
https://www.youtube.com/@anujmobilelab,@AnujMobileLab,Anuj Mobile Lab,1200,302,4,"IC-level mobile repairing channel mentioning combo/touch glass change, solid hardware repair focus.",mobile repairing,UCSxcxzYulWDqZC7FEi_K1Ew,hands,phone-repair,wave1,2026-09-14,filter,302
https://www.youtube.com/@anujshrivas01,@Anujshrivas01,Anuj Shrivas ,146,54,4,Simple all-brand phone repair channel description with no distracting signals.,phone repair,UCA4rj3LinY3pvENpPu2Marw,hands,phone-repair,gray_v2,2026-09-14,filter,54
https://www.youtube.com/channel/uck9ucktkdxsg3isz3x05-ig,@AnwerFaisal-w2t,AF MOBILE 90,153,76,4,Real screen/motherboard combo replacement videos shown on camera for Oppo/Vivo phones.,mobile repairing,UCK9UcKtKDXSG3IsZ3X05-ig,hands,phone-repair,wave1,2026-09-14,filter,77
https://www.youtube.com/@apankbopbop,@apankbopbop,ApankBopbop,1440,84,4,"Indonesian tutorial channel explicitly covering LCD install, touchscreen separation, battery and connector replacement.",servis hp,UCe8IRclfapanRgL-d97FccA,hands,phone-repair,wave1,2026-09-14,filter,84
https://www.youtube.com/@apexmobitech,@apexmobitech,APEX MOBITECH,590,139,4,Mobitech channel explicitly covering mobile repairing hardware and software videos.,mobile repairing,UCovYrBvBx5qx1WCcaeP_JyQ,hands,phone-repair,gray_v2,2026-09-14,filter,156
https://www.youtube.com/@aplustelecom_lndiano1,@aplustelecom_lndiaNo1,a plus telecom (training institute),1040,56,4,"Mobile repairing training institute covering power IC, eMMC change, CPU reball with practical hardware focus.",mobile repairing | emmc,UC3J5h3rwUs3En_BsWBvVdWA,hands,phone-repair,wave1,2026-09-14,filter,56
https://www.youtube.com/@apnanihaltec6296,@apnanihaltec6296,APNA NIHAL TEC,603,130,4,"Chip-level repair titles with dead phone, speaker and light solution fixes shown on camera.",chip level | emmc,UCT-lJ04vpVYqSg6mPzNBTmQ,hands,phone-repair,trial100,2026-09-14,filter,158
https://www.youtube.com/@applefixxerlab,@AppleFixxerLab,Apple Fixxer Lab ,143,139,4,Titles show real iPhone repairs: Face ID TrueDepth issue and charging problem fix on camera.,mobile repairing,UCLY3JOr1WKsrTWpc5_1M21A,hands,phone-repair,wave1,2026-09-14,filter,163
https://www.youtube.com/@appleinstitutemobilesparts8710,@appleinstitutemobilesparts8710,Apple Institute  & mobiles parts,152,89,4,"Micro soldering/IC repair institute with iPhone charging and LCD repair titles, though some unlock content present.",micro soldering,UCYqvj1s0IBq7XVl82RSBDtQ,hands,phone-repair,rest1,2026-09-14,filter,126
https://www.youtube.com/@appstoretmobile,@Appstoretmobile,App store TMobile,338,178,4,"iPhone repair shop channel showing screen, back glass, battery and water damage repairs with before/after footage.",phone repair | iphone repair,UC0V5dt3Na1Jf040vV9LZs6Q,hands,phone-repair,wave1,2026-09-14,filter,177
https://www.youtube.com/@aqeelzaitoon,@Aqeelzaitoon,Aqeel zaitoon Mobile,1340,157,4,"Self-described mobile/tablet repair expert with workshop, thin evidence but clearly on-topic.",mobile repairing,UCq_7_5K-XiyzG6tXKmpSDGQ,hands,phone-repair,gray_v2,2026-09-14,filter,158
https://www.youtube.com/@ar_technical25,@AR_Technical25,AR_Technical,127,81,4,Titles show display change and hang-on-logo fix demonstrations from a hands-on repair technician.,mobile repairing,UC1yulR06eJFzt_Qny5M8dpQ,hands,phone-repair,rest1,2026-09-14,filter,81
https://www.youtube.com/@arctechnician,@arctechnician,ARC technician,1340,71,4,Beginner-focused phone repair tutorial channel from a named technician/shop.,servis hp,UCIIP-dzJMguexz5Md1z-EWQ,hands,phone-repair,gray_v2,2026-09-14,filter,71
https://www.youtube.com/@arifulis07,@arifulis07,Perfect Repair Zone,623,119,4,Titles show real LCD replacement and no-service fixes despite channel description mentioning vlogs and pets drift.,phone repair | cellphone repair,UCk1qj12HcAQa0iHhixoayIQ,hands,phone-repair,gray_v2,2026-09-14,filter,119
https://www.youtube.com/@arjuntech0389,@arjuntech0389,Arjun tech038,686,106,4,Hindi mobile repairing channel with fault-specific titles (speaker/ringer issues) showing hands-on fixes.,mobile repairing,UCqThrpdZ8D62o4WUUFx5I5w,hands,phone-repair,gray_v2,2026-09-14,filter,106
https://www.youtube.com/@armatvx,@ArmaTvx,Arma Tv,2010,63,4,"Self-described smartphone repairman channel documenting repair projects, good topical alignment.",phone repair | smartphone repair,UChvXEwcNVCZdR4RSUpbyTRA,hands,phone-repair,wave1,2026-09-14,filter,63
https://www.youtube.com/@artbelchannel,@ArtBelChannel,ArtBelChannel,10000,80,4,Personal channel documenting self-taught phone and electronics repair journey with hands-on learning focus.,ремонт телефонов,UCQ4ies0WZ4eFuXfFsneJQkw,hands,phone-repair,wave1,2026-09-14,filter,80
https://www.youtube.com/@artechnical245,@ARTechnical245,A R Technical 69,1390,444,4,Shop channel named A to Z mobile repairing covering iPhone and Android device repair.,mobile repairing,UC5BUs5fSDu-CzJHiXanGrHA,hands,phone-repair,gray_v2,2026-09-14,filter,444
https://www.youtube.com/@arunlanjewar,@ArunLanjewar,TECHNICIAN ARUN,14800,613,4,"Describes dead mobile repair, screen change and chip-level repairing alongside tech tips content.",mobile repairing | मोबाइल रिपेयरिंग,UC5pZDtdfsNiqIKwejNuMFgQ,hands,phone-repair,gray_v2,2026-09-14,filter,613
https://www.youtube.com/@arunpardeshi-a27p,@Arunpardeshi-a27p,Ap. mobile solution,2590,502,4,"Mobile repairing tricks and tips channel, thin evidence but plainly repair-focused.",mobile repairing,UCUbuMKDJWyop1MH4oOgVTIg,hands,phone-repair,rest1,2026-09-14,filter,503
https://www.youtube.com/@asadkamran3546,@asadkamran3546,Asad Kamran,341,74,4,"Titles show display glass change, charging jack repair, and LCD screen replacement on real phones.",mobile repairing,UCHBPgmaP8S1ODdJWJLQvGWA,hands,phone-repair,wave1,2026-09-14,filter,76
https://www.youtube.com/@ashokhans4981,@ashokhans4981,Ashok Hans,9250,206,4,"Short bio naming all mobile repairing hardware solution, thin but clearly on-topic.",mobile repairing,UChKqs5T4zOTzDs4fqZpJoYw,hands,phone-repair,gray_v2,2026-09-14,filter,206
https://www.youtube.com/@ashu-mobile-repairing,@Ashu-mobile-repairing,helofix,8,133,4,"All type mobile repairing hardware and software, thin but on-topic bio.",mobile repairing,UCXtRxAhm5A78sHHb-LzoG9Q,hands,phone-repair,gray_v2,2026-09-14,filter,216
https://www.youtube.com/@ashucommunication,@ASHUCOMMUNICATION,ASHU COMMUNICATION,111000,2087,4,"Mobile repairing course channel with IC-level practical classes, schematic diagrams and EMMC reprogramming focus.",mobile repairing | mobile repairing course | emmc | मोबाइल रिपेयरिंग | watch repairing course,UCmcGDbWxIB2kgnf_dA0-Y_w,hands,phone-repair,wave1,2026-09-14,filter,2087
https://www.youtube.com/@asiatelecommobile01,@Asiatelecommobile01,Asia Best Mobile Training Institute ,313,1153,4,Mobile repairing institute description details CPU/IC/eMMC practical training classes.,mobile repairing | emmc,UCvyI1jIA5FMD5laY5vSut9w,hands,phone-repair,wave1,2026-09-14,filter,1154
https://www.youtube.com/@asirofficial915,@asirofficial915,Asir official ,1520,374,4,"Mobile service shop covering display/glass replacement, IC problems, chip-level service.",chip level,UCw-SLDxMqC0Y-wP2wEiZttw,hands,phone-repair,rest1,2026-09-14,filter,374
https://www.youtube.com/@asraulmobile,@asraulmobile,ASRAUL MOBILE VLOG,14100,208,4,"Hindi mobile repairing channel teaching hardware/software fixes and IC solutions, thin but relevant evidence.",mobile repairing,UCuOham3cJ15ZcFBaSwnBqgg,hands,phone-repair,rest1,2026-09-14,filter,208
https://www.youtube.com/@assamgsmteam,@assamgsmteam,Assam Gsm Team ,3630,137,4,"Mobile repairing training channel with dead-mobile solution videos, hardware focus indicated.",mobile repairing,UCFnCtztImwzDzg26EdNkNUw,hands,phone-repair,wave1,2026-09-14,filter,137
https://www.youtube.com/@assammobiletraningcenter,@assammobileTraningcenter,North East mobile institute,1310,87,4,"Mobile repair training institute name suggests advance-level phone repair bench sessions, low evidence beyond name.",phone repair,UCxKGAnhnutHpdzLbNkHrTEg,hands,phone-repair,wave1,2026-09-14,filter,87
https://www.youtube.com/@assamplusmobileinstitute14,@Assamplusmobileinstitute14,Assam plus institute ,132,102,4,"Mobile institute listing phone repair services including display, EMMC, IC, OCA and touch replacement.",emmc,UCMzaa09zZVrT96TrQYmOzMg,hands,phone-repair,rest1,2026-09-14,filter,102
https://www.youtube.com/@ateeq_ur_rehman23,@ateeq_ur_rehman23,Attiq Mobile& Repairing Hub ,484,86,4,"Repair-shop channel showing back and display change with charging diagrams, practical bench videos.",mobile repairing,UC82r9LXzC73Y37BIYAlmcxA,hands,phone-repair,wave1,2026-09-14,filter,87
https://www.youtube.com/@aw_mobiles,@AW_Mobiles,AW MOBILES ,3580,389,4,"Channel description focused on teaching mobile repairing solutions for free, thin but on-topic.",mobile repairing,UCvOBdWjbUshG3ZEeDa726Tw,hands,phone-repair,rest1,2026-09-14,filter,389
https://www.youtube.com/@awaiskhanindia,@Awaiskhanindia,technician Owi,2250,128,4,"Mobile repairing training channel emphasizing practical hardware, eMMC/UFS work and hand skills.",mobile repairing | emmc,UC8zqXwSmFitdeyzkJ_bNRaQ,hands,phone-repair,rest1,2026-09-14,filter,128
https://www.youtube.com/@ayaanvlogs-w3k,@AYAANVLOGS-w3k,AYAAN VLOGS,67,77,4,"Own mobile repairing shop mentioned but framed as vlog channel, thin evidence pushes to default 4.",mobile repairing,UCIzWFBcRuptJIr66fMzNj6w,hands,phone-repair,rest1,2026-09-14,filter,126
https://www.youtube.com/@ayatenterprise1,@ayatenterprise1,Ayat Enterprise,477,75,4,Titles show back glass laser change and full body/display replacement step-by-step tutorials.,mobile repairing,UCsYqVaS5seOPopxbldz-NcQ,hands,phone-repair,wave1,2026-09-14,filter,76
https://www.youtube.com/@aymanomar,@aymanomar,أيمن عمر Ayman omar,7920,185,4,"Phone repair service centre for iOS and Android, thin evidence but clearly repair-focused.",phone repair,UC3MllMqXdEok1EvEU9cvR7w,hands,phone-repair,gray_v2,2026-09-14,filter,185
https://www.youtube.com/@ayucell,@ayucell,ayu cell,1420,74,4,Indonesian phone repair channel covering OCA lamination glue and LCD spot removal techniques.,servis hp,UCW0_3GhPgfFYLlnizDnV52g,hands,phone-repair,wave1,2026-09-14,filter,74
https://www.youtube.com/@ayushdewan0101,@ayushdewan0101,Ayush Dewan,248,172,4,Mobile repairing center with titles showing glass/touch replacement and motherboard holder tool usage.,mobile repairing,UCQqiuOjV_H3pGpRmTbXGxQQ,hands,phone-repair,gray_v2,2026-09-14,filter,169
https://www.youtube.com/@azadmobileshop1,@Azadmobileshop1,Azad mobile shop ,24000,2613,4,"Repair centre with thin description naming shop and location, no drift signals present.",mobile repairing | मोबाइल रिपेयरिंग,UCWx5S5RWGplVcC-rv-CNlZw,hands,phone-repair,rest1,2026-09-14,filter,2614
https://www.youtube.com/@azamteach7173,@azamteach7173,Azam teach,5280,274,4,"Mobile repairing engineer teaching software/hardware repair, thin evidence but fits topic default.",mobile repairing,UCOLEaeZKrU7Xth071MEZtsg,hands,phone-repair,gray_v2,2026-09-14,filter,274
https://www.youtube.com/@azcellphones,@AzCellphones,AzCellphones.com,2960,784,4,"Dedicated cellphone and smartphone repair shop channel, thin description but clearly on-topic.",phone repair | smartphone repair,UCEj89j9L9qJM5XoUl-kip2Q,hands,phone-repair,rest1,2026-09-14,filter,784
https://www.youtube.com/@azeemshani,@Azeemshani,Azeem Shani,657,59,4,Thin one-line bio naming mobile hardware/software repairing with no drift signals.,phone repair | mobile phone repair,UC73uhzy11e9ulc8d11f0lhA,hands,phone-repair,rest1,2026-09-14,filter,59
https://www.youtube.com/@azharmobilerepairing,@azharmobilerepairing,Azhar Mobile Repairing ,1560,105,4,Mobile repairing channel name with generic tutorial description covering hardware and software repair topics.,phone repair | mobile repairing | mobile phone repair,UCAEN1p-4tJQHbLvj5gTqT8w,hands,phone-repair,rest1,2026-09-14,filter,105
https://www.youtube.com/channel/ucyyji18wtjv74ubzeqlxymw,@AZIZTELECOM18,aziz telecom.DZ18,402,77,4,Shows connector replacement and screen repair titles like Samsung connector change and iPhone wifi fix.,réparation téléphone,UCyYJi18wTJv74UBZeqlXYMw,hands,phone-repair,wave1,2026-09-14,filter,77
https://www.youtube.com/@azkamobilerepairing,@AZKAMOBILEREPAIRING,AZKA MOBILE REPAIRING ,63,76,4,"Mobile repairing shop covering hardware, touch, and iPhone folder change work despite unlocking mention.",mobile repairing,UC0WwfANTbFvAjFOSrrvarHA,hands,phone-repair,gray_v2,2026-09-14,filter,77
https://www.youtube.com/@b_l0642,@B_L0642,Bharatmeena0642,2980,312,4,Channel described as posting mobile repairing videos and solutions in comments.,मोबाइल रिपेयरिंग,UCPtkztDRDUWB2Rh4VrJQ7Gg,hands,phone-repair,gray_v2,2026-09-14,filter,312
https://www.youtube.com/channel/uc9l2z3vda3-nayrhpj5ukiw,@Baba89533, Balaji mobile ripayring mati ,350,186,4,Local mobile shop with a title showing actual display replacement process on a Vivo phone.,मोबाइल रिपेयरिंग,UC9l2z3vDa3-NAyRhpJ5UkIw,hands,phone-repair,wave1,2026-09-14,filter,193
https://www.youtube.com/@babamobileservice786,@babamobileservice786,BABA MOBILE SERVICE,1920,58,4,"Repair channel covering hardware, software, schematics; mentions unboxing/review of tools as minor addition.",mobile repairing,UCVN-ycZgmecCgwo-WmsApnw,hands,phone-repair,gray_v2,2026-09-14,filter,58
https://www.youtube.com/@babucommunication8949,@babucommunication8949,Babu Communication,3360,236,4,Repair/electronics learning channel with thin but plausible mobile repairing focus.,mobile repairing | मोबाइल रिपेयरिंग,UCWEbdHcBS3gBNlP6RvCX4qg,hands,phone-repair,rest1,2026-09-14,filter,236
https://www.youtube.com/channel/ucn7kjrmwxzvizkboxyrkf3g,@Balajiemitarcenterbekri,Shree Balaji emitar Mobile Store & Repairing ,129,189,4,Mobile store repair channel with titles showing display change process and motherboard/camera repair topics listed.,phone repair | iphone repair | motherboard repair,UCN7KjrMWXzVIzkboXyRKF3g,hands,phone-repair,wave1,2026-09-14,filter,203
https://www.youtube.com/@balajimobile04,@BalajiMobile04,Balaji Mobile04,17,79,4,Titles show actual charging/jumper repair work alongside accessories sales.,mobile repairing,UCZCTHNRKHRsWuODkCzutQbg,hands,phone-repair,rest1,2026-09-14,filter,79
https://www.youtube.com/@balajimobilerepairing5281,@balajimobilerepairing5281,बालाजी मोबाइल रीपरीग,75,74,4,Named mobile repairing shop channel with minimal but on-topic description.,mobile repairing,UCMAJ16bbvOqRrxoOnz74ikw,hands,phone-repair,gray_v2,2026-09-14,filter,76
https://www.youtube.com/@balajimobileteach8815,@balajimobileteach8815,balaji mobile teach,392,68,4,"Titles show power IC change, screen repair, though one video drifts to stock trading content.",mobile repairing,UCG3BqyD4TdxXyS7feA4aGQQ,hands,phone-repair,wave1,2026-09-14,filter,69
https://www.youtube.com/@balkansway,@BalkansWay,Balkans Way,5430,344,4,"DIY iPhone repair hobbyist channel covering screen, battery replacement and device modification journey.",phone repair | iphone repair,UChXUKmyjRPNTzU3Sg2gDalw,hands,phone-repair,wave1,2026-09-14,filter,346
https://www.youtube.com/@baluubalram-y9l,@BaluuBalram-y9l,Indore mobile repairing ,204,87,4,"Shop doing iPhone/Samsung body, display and back panel repairs shown in titles with laser tools.",mobile repairing,UCsaTLZVYa6NH_4rS-SdDXRg,hands,phone-repair,gray_v2,2026-09-14,filter,87
https://www.youtube.com/@bangderrytutorial,@BangDERRYTutorial,Bang DERRY Tutorial,79000,2128,4,Indonesian phone repair channel focused on real bench solutions and troubleshooting per description.,servis hp,UC1PgnF0GkWQZneevwn2BafQ,hands,phone-repair,wave1,2026-09-14,filter,2129
https://www.youtube.com/@bantastarr,@bantastarr,Ajay sha,379,56,4,"Titles show real hardware jobs like display, charging connector replacement alongside some FRP/software work.",mobile repairing,UCDLW1uLVTxDrko21quFgx8w,hands,phone-repair,rest1,2026-09-14,filter,56
https://www.youtube.com/@bantimobiletelecom-1,@BantiMobileTelecom-1,Banti Mobile Telecom,67,100,4,"Describes step-by-step mobile disassembly, battery, display and speaker/mic repair content.",मोबाइल रिपेयरिंग,UCMPw2T9iqI_A_NhqrHO5A_Q,hands,phone-repair,gray_v2,2026-09-14,filter,178
https://www.youtube.com/@barnwalrepairingshopgiftstore,@Barnwalrepairingshop,Barnwal repairing shop,133,90,4,"Mobile repairing hub covering IC repair and hardware fixes, with laptop/other device content mixed in.",mobile repairing,UCtQfOzWy1TjF92urRe3Ygxg,hands,phone-repair,gray_v2,2026-09-14,filter,94
https://www.youtube.com/@barochmobiletricks,@BAROCHMOBILETRICKS,BAROCH MOBILE TRICKS,466,97,4,Mobile repair teacher channel with fault-solution style title about voltage error.,mobile repairing,UCaAtB3X0PdvGv_KFR4rVVEg,hands,phone-repair,gray_v2,2026-09-14,filter,97
https://www.youtube.com/@belalahmmed1,@belalahmmed1,BELAL AHMMED,2590,71,4,"Professional phone repair specialist posting live repair updates, plain repair-focused bio.",phone repair,UCb8uHAH-87U4K6q27B1pFEA,hands,phone-repair,gray_v2,2026-09-14,filter,71
https://www.youtube.com/@bengkelhandphone93,@bengkelhandphone93,Tutorial Pemula (Bengkel_Handphone),81,59,4,"Bengkel Handphone (phone repair shop) channel, thin generic description but repair-shop name indicates hands-on work.",phone repair | cellphone repair,UCtttPKJNqTUvCPcscwRogPQ,hands,phone-repair,gray_v2,2026-09-14,filter,66
https://www.youtube.com/@bentotsp7742,@bentotsp7742,bentot sp,1820,505,4,Beginner phone repair tutorial channel with thin but clearly on-topic description.,servis hp,UC-UWzw8e9Osmc-F4tgCG82w,hands,phone-repair,gray_v2,2026-09-14,filter,505
https://www.youtube.com/@bestconsertos,@BestConsertos,Best Consertos,27900,141,4,BGA soldering course and board repair service channel focused on chip-level motherboard work.,reparo de placa,UCawRw7Rq_gp7oS0g_tV4D_w,hands,phone-repair,wave1,2026-09-14,filter,141
https://www.youtube.com/@bhanjeshrimobile,@bhanjeshrimobile,bhanje Shri mobile,634,158,4,"Titles show real repairs: charging solution, assemble solution, LCD blank fix at repair centre.",mobile repairing,UCF9m2JatUREb09Talu6ihzg,hands,phone-repair,rest1,2026-09-14,filter,158
https://www.youtube.com/@bijaymobile7272,@BIJAYMOBILE7272,BIJAYMOBILEREPAIRING ,58,97,4,"Titles show hardware repairs like pin change, lock button repair, CPU repair, battery coil repair on phones.",mobile repairing | मोबाइल रिपेयरिंग,UCB-Ng-LwvIC6XWYR2fvO1mg,hands,phone-repair,wave1,2026-09-14,filter,176
https://www.youtube.com/@bikashrishimobilerepairing,@bikashrishimobilerepairing,BIKASH RISHI MOBILE REPAIRING,5880,1673,4,Channel name and description focus on mobile repairing and IC problem solving videos.,mobile repairing,UCwjMXTw2lqbQgThtMi6FtRw,hands,phone-repair,gray_v2,2026-09-14,filter,1673
https://www.youtube.com/@bilalmobilerepair,@BilalMobileRepair,Bilal Hassan,63,96,4,Mobile repair channel with charging pin repair titles shown as vlog-style hardware fixes.,phone repair | mobile repairing,UCsIGf1nm8zFPmHY9274pkrw,hands,phone-repair,gray_v2,2026-09-14,filter,119
https://www.youtube.com/@binitamobile,@BinitaMobile,binita mobile ,1200,217,4,"Repair center description lists screen, battery, charging port replacement and water damage recovery services.",mobile repairing | emmc,UCZbj03Z-b5BzS1o_dbnbzGg,hands,phone-repair,gray_v2,2026-09-14,filter,217
https://www.youtube.com/@binorimobile,@BINORIMOBILE,BINORI MOBILE,70,117,4,"Titles show display change and FRP bypass mixed, but hardware repair steps clearly documented.",mobile repairing,UCF8pRvWN9vlpNckfQRqcxmA,hands,phone-repair,wave1,2026-09-14,filter,127
https://www.youtube.com/@bjaghouhicham1,@bjaghouhicham1,bjaghou hicham_officiel,4590,88,4,Arabic mobile repair teaching channel covering hardware and software repair skills with structured lessons.,صيانة الهواتف,UCvBZPnT2BrcWT4MSfxTq_Jw,hands,phone-repair,wave1,2026-09-14,filter,88
https://www.youtube.com/@bjakoy86,@bjakoy86,BJ Akoy,134,114,4,"Titles show real screen, fingerprint sensor replacement on Vivo/Realme/Oppo phones with repair hashtags.",servis hp,UClK2S_BNZi_2vNHMfbdLNqw,hands,phone-repair,wave1,2026-09-14,filter,250
https://www.youtube.com/@blacklightrepairs,@blacklightrepairs,BlackLight Repairs,2380,57,4,"Comprehensive repair channel explicitly covering microsoldering, board repairs and screen/battery replacements.",microsoldering,UCBaFIlo1Ukv1unwTZ-U1jtQ,hands,phone-repair,wave1,2026-09-14,filter,57
https://www.youtube.com/@bluestarmobiles,@BLUESTARMOBILES,BLUESTAR MOBILES,6950,181,4,"Software/hardware chip level mobile service channel, thin one-line evidence but clearly repair-focused.",chip level,UC7B7wx574OMK_l9dQ5uh93Q,hands,phone-repair,gray_v2,2026-09-14,filter,181
https://www.youtube.com/@bmcelltutoriais17,@bmcelltutoriais17,BMCELL TUTORIAIS,1720,53,4,"Repair tutorials channel covering phones, notebooks and tablets, thin description but on-topic.",conserto de celular,UCqsbu6bFziuqxCdQ91h-hqw,hands,phone-repair,gray_v2,2026-09-14,filter,53
https://www.youtube.com/@bmhmobilefix,@BMHmobilefix,BMH MOBILE FIX,2120,162,4,Mobile repairing training institute covering hardware to chip-level repair with practical training.,phone repair | mobile repairing | mobile phone repair | motherboard repair,UCKJmGrouQZ79fdEt81EmDNA,hands,phone-repair,gray_v2,2026-09-14,filter,162
https://www.youtube.com/@bmsirepair,@BmsIRepair,Bms I Repair,24,103,4,"iPhone repair specialist shop description, titles are empty/garbled but name and bio point clearly to repair.",phone repair | iphone repair,UCjG_x7rFWYyY7ywgeVcHcAA,hands,phone-repair,rest1,2026-09-14,filter,103
https://www.youtube.com/@boardrepair_,@boardrepair_,BoardRepair,5530,166,4,Portuguese board-level repair course channel covering diagnostics and advanced phone motherboard repair techniques.,reparo de placa,UC3O0d4uln6uswcYY7Net5TA,hands,phone-repair,wave1,2026-09-14,filter,166
https://www.youtube.com/@boltechtraininginstitute,@boltechtraininginstitute,Boltech Training Institute,2410,78,4,Training institute description details a hardware and software mobile phone repair course with hands-on program.,phone repair | mobile phone repair,UC2V-7PG1S7OI1-ozkVobM7g,hands,phone-repair,gray_v2,2026-09-14,filter,78
https://www.youtube.com/@bonsflasherofficial27,@bonsflasherofficial27,Bons Flasher,1300,180,4,"Short description names smartphone repair and tutorial format, thin but on-topic evidence.",phone repair | smartphone repair,UCV2nzNmbNS7ohaOITct4A9Q,hands,phone-repair,gray_v2,2026-09-14,filter,180
https://www.youtube.com/@borneoschematicindia,@BorneoSchematicindia,Borneo Schematic india,261,226,4,Schematic support channel with display/backlight fix videos showing board-level repair steps.,mobile repairing | motherboard repair,UCpcD5Bw51K5d4v8K_Dowf2g,hands,phone-repair,wave1,2026-09-14,filter,378
https://www.youtube.com/@br31bkmobile,@BR31BKmobile,BR31BKmobile,285,98,4,"Shop and repairing centre covering hardware and software mobile repairs, thin evidence.",mobile repairing,UCT6kTd5tHhF--UIkt_Fcowg,hands,phone-repair,gray_v2,2026-09-14,filter,106
https://www.youtube.com/@br_technician,@BR_Technician,BR_Technician,322,114,4,"Titles show real phone repairs: battery replacement, LCD change, water-damage fix with device-level work.",servis hp,UCUbjliISJTgpV5SHBTfgWCg,hands,phone-repair,wave1,2026-09-14,filter,118
https://www.youtube.com/@brand_mobile_skin,@Brand_mobile_skin,BRAND MOBILE CLINIC,1310,579,4,"Mobile clinic channel covering repairing tips, troubleshooting and glass solutions.",mobile repairing,UCilWY9qxuoFloOhwrFSOVLw,hands,phone-repair,rest1,2026-09-14,filter,579
https://www.youtube.com/@brgsmfix,@BRGSMFix,BR GSM Fix,1060,50,4,"Channel focused on eMMC repair, CPU reballing, and short circuit fixes at chip level.",emmc,UCLr0SheiUhyLB8CHTcMV_9A,hands,phone-repair,wave1,2026-09-14,filter,50
https://www.youtube.com/channel/ucnxsn-za9piwd3v-lftuyiw,@Brilhamaiscell2025,B+CELL,48,67,4,Brazilian channel with titles showing actual screen replacement and charging diagnosis on real devices.,manutenção de celular,UCnxSN-ZA9pIwD3v-LFTuYiw,hands,phone-repair,wave1,2026-09-14,filter,67
https://www.youtube.com/@brosalutation,@BroSalutation,D mobile Solutions,588,145,4,Titles show specific charging/moisture/speaker faults with solutions across multiple phone models.,mobile repairing,UCugHatjCB5RXK9due1I2zVg,hands,phone-repair,wave1,2026-09-14,filter,158
https://www.youtube.com/@bskelectronics,@bskelectronics,BSK Electronics,5370,386,4,Thin bio naming mobile repairing solutions for software and hardware with no drift signals.,mobile repairing,UCxbK8Bar1LHVR9YLgx7o9uw,hands,phone-repair,rest1,2026-09-14,filter,394
https://www.youtube.com/@bubaytechrepair,@BubayTechRepair, Bubay Tech Repair,239,77,4,Mobile repair channel covering chip-level work and dead phone solutions in short format.,mobile repairing,UCLSHm23yta-fywe_sakiYVg,hands,phone-repair,gray_v2,2026-09-14,filter,77
https://www.youtube.com/@c-labcellservice9598,@c-labcellservice9598,C-Lab Cell service,209,94,4,"Repair shop description lists specific services like back glass replacement, battery, charging port and motherboard repair.",phone repair | mobile repairing | iphone repair | motherboard repair,UCPr7_N05zsEzsJ1RBFCzN4w,hands,phone-repair,wave1,2026-09-14,filter,94
https://www.youtube.com/@camobilewala0901,@camobilewala0901,C A Mobilewala,716,69,4,Titles show real display replacement and charging solution repairs on specific phone models.,mobile repairing,UC0gbJkXfdk9GNqJdxzOKXUQ,hands,phone-repair,wave1,2026-09-14,filter,69
https://www.youtube.com/@cara_jitu,@cara_jitu,cara jitu,30600,769,4,Dedicated beginner phone-repair learning channel covering common faults like bootloop and LCD damage.,servis hp,UC2r0goHLXbQ2F1ac7HsPffg,hands,phone-repair,gray_v2,2026-09-14,filter,770
https://www.youtube.com/@cartoonvideoaichannal,@cartoonvideoaichannal,cartoon video Ai,126,93,4,"Marathi mobile repairing channel with jugaad-style tutorials on power, charging, display, IC, PMIC, EMMC issues.",mobile repairing | emmc,UC5NDtMeMtJMhN_p3OZIDt1g,hands,phone-repair,gray_v2,2026-09-14,filter,92
https://www.youtube.com/@ce-mom,@CE-MOM,MAA VINDHYAVASINI  MOBILE ,18400,84,4,Hindi mobile repairing tutorial channel promising problem solutions and daily hardware content.,mobile repairing,UCWje5dv_yR33nO17Xtl8WWg,hands,phone-repair,rest1,2026-09-14,filter,84
https://www.youtube.com/@cell_care_pratik,@Cell_care_pratik,Cell_care_pratik,54,51,4,"iPhone glass and display repair shop channel, titles are unreadable but description is clear repair-focused bio.",phone repair | iphone repair,UC4T90aZhZzugugCpe2rkZ3A,hands,phone-repair,gray_v2,2026-09-14,filter,58
https://www.youtube.com/@cellcare1998,@Cellcare1998,Cell care,138,78,4,"Dedicated mobile repairing channel describing hardware, IC-level troubleshooting and real practical repair videos.",mobile repairing,UCuhNb_gDqZShggkNAqVOMwg,hands,phone-repair,rest1,2026-09-14,filter,79
https://www.youtube.com/@cellfixstevebiko,@CellFixSteveBiko,Cell Fix Steve Biko,10600,141,4,Phone repair shop channel demonstrating screen and battery replacement steps for common issues.,phone repair,UCF--MD_vQJeb2qv2PQBYLpQ,hands,phone-repair,wave1,2026-09-14,filter,141
https://www.youtube.com/@cellphone_repairab,@Cellphone_repairAB,Cellphone Repair. AB,1330,655,4,"Apple device repair channel covering hardware and software solutions for iPhone, iPad and Android.",phone repair | cellphone repair,UCN-7rc_po2ioYOrhEUE681Q,hands,phone-repair,gray_v2,2026-09-14,filter,655
https://www.youtube.com/@cellphonepe,@CellPhonePe,Cell Phone Pe,44,67,4,"Channel description details step-by-step smartphone assembly, disassembly and repair tutorials.",phone repair | smartphone repair,UCBXSwMz3p0sGGCbgBddercA,hands,phone-repair,wave1,2026-09-14,filter,67
https://www.youtube.com/@celltechrepair-rwp,@celltechrepair-Rwp,Cell Tech Repair,130,66,4,"Motherboard-level repair shop with CPU reball, PMIC, eMMC/UFS and ISP pinout work, some FRP/software mixed in.",emmc,UCbeHlOfTNQrh93P8VjEh1AQ,hands,phone-repair,wave1,2026-09-14,filter,66
https://www.youtube.com/@celltronicgl8728,@celltronicgl8728,Celltronic GL,2620,57,4,Cell phone repair channel offering microelectronics capacitation and repair tips for beginners.,reparación de celulares,UCYwWih6fclY12OAbaibtmeA,hands,phone-repair,rest1,2026-09-14,filter,57
https://www.youtube.com/@cellzonemobile6630,@cellzonemobile6630,cellzone mobile trainig institute,4410,1339,4,"Mobile training institute description details jumper work, PCB parts and full repairing courses with practical bench focus.",mobile repairing | mobile repairing course | electronics repair course | electronics repairing institute,UC9FDaR9ZiJUYSf2gvOuQjmw,hands,phone-repair,wave1,2026-09-14,filter,1339
https://www.youtube.com/@celso_techvlog,@celso_techvlog,CELSO_TECH VLOG,140,103,4,"Titles show real repairs: LCD reglass, no power fix, Wi-Fi/Bluetooth issue, CPU removal on phones.",phone repair | cellphone repair,UCzm34gIfLwE5pLzMrZrQ-kw,hands,phone-repair,wave1,2026-09-14,filter,103
https://www.youtube.com/@centraldot%c3%a9cnico,@CentraldoT%C3%A9cnico,Central do Técnico,6950,658,4,"Brazilian repair school channel covering screen glass replacement, soldering and board repair with practical classes described.",reparo de placa | manutenção de celular,UC7xU4eznPipzL1YqxFV9EOA,hands,phone-repair,wave1,2026-09-14,filter,658
https://www.youtube.com/@ceylondc,@ceylonDc,ceylon Dc,2480,76,4,"One-line description naming phone repairing tutorial, thin but plausible dedicated repair channel.",phone repair,UCBMhdrOuhDxWJa941xLCStA,hands,phone-repair,gray_v2,2026-09-14,filter,76
https://www.youtube.com/@chamandhariwal6364,@Chamandhariwal6364,ChamanDhariwal,144,76,4,Mobile repairing academy/course channel with titles showing dead phone and touch problem solutions on real devices.,mobile repairing | mobile repairing course,UCOh7a5NmGv8WQ8sk50WZtQw,hands,phone-repair,wave1,2026-09-14,filter,112
https://www.youtube.com/@chamanmaurya5000,@ChamanMaurya5000,Chaman repairing@King,265,162,4,Titles show concrete hardware fixes like battery problem solution and display light jumper repair.,mobile repairing,UCygV4MfGg1KetsSm0fG_bBw,hands,phone-repair,wave1,2026-09-14,filter,190
https://www.youtube.com/@chamseddine-tech,@Chamseddine-Tech,Chams Mobile Tech ,94,123,4,Phone repair channel covering hardware troubleshooting and software fixes with clear repair focus.,phone repair,UCtiJ5drbLCI-CZhLHWxv9Aw,hands,phone-repair,gray_v2,2026-09-14,filter,123
https://www.youtube.com/@chamundamobile4563,@chamundamobile4563,Chamunda mobile,349,144,4,Mobile repair shop channel showing IC/EMMC work and back glass replacement on real devices.,emmc,UCwJr9ZLxhpc8Oa4xM_DXMGQ,hands,phone-repair,gray_v2,2026-09-14,filter,199
https://www.youtube.com/@chamundamobilemanuthakor,@chamundamobilemanuthakor,Chamunda Mobile | Manu Thakor |,66,60,4,Training centre explicitly offering chip-level live and practical repair training.,mobile repairing | chip level,UCx7pnCwxi8qL5SUu3QhoeJQ,hands,phone-repair,wave1,2026-09-14,filter,60
https://www.youtube.com/@chandanmobile404,@chandanmobile404,Touch House Chandravanshi Mobile,452,64,4,Titles show real board-level repairs like charging pin change and PMIC replacement at a mobile repair shop.,mobile repairing,UCTThqWk2VZydBrxuDtV251Q,hands,phone-repair,wave1,2026-09-14,filter,64
https://www.youtube.com/@chandigarhtelecom1784,@chandigarhtelecom1784,CHANDIGARH TELECOM,269,68,4,Mobile repair training channel with titles like iPhone charging problem and dead phone recovery repair by students.,mobile repairing,UC9c9TtKcAXmPr3IHdozzZRA,hands,phone-repair,wave1,2026-09-14,filter,70
https://www.youtube.com/@chanzhen93,@Chanzhen93,Chan Zhen,1100,16909,4,Thin but clear bio: Android and iPhone repair channel with no drift indicators.,phone repair | iphone repair,UC85tvnguJ71ooz1dFngYm_A,hands,phone-repair,gray_v2,2026-09-14,filter,16937
https://www.youtube.com/@charbhujamobile6662,@charbhujamobile6662,Charbhuja mobile,132,75,4,"Titles show real repair work: flashing, connector/display change, main board component replacement.",mobile repairing,UCAWsaxSY60FM4LGNYTiTWXg,hands,phone-repair,gray_v2,2026-09-14,filter,110
https://www.youtube.com/channel/ucs-iiq_ofsvyfpqctkxmxca,@ChargingFix,Charging Fix Solutions,2,311,4,"Description focused on charging IC, motherboard repair, schematics and hardware troubleshooting tutorials.",motherboard repair,UCs-iiq_OFsVyfPqCTkXMXcA,hands,phone-repair,wave1,2026-09-14,filter,812
https://www.youtube.com/@chheangphonefix,@chheangphonefix,Chheang phonefix,855,73,4,Dedicated phone repair and restoration channel promising step-by-step tutorials and behind-the-scenes shop content.,phone repair,UCT5CSBjlX4suvndOHBd5Q1w,hands,phone-repair,wave1,2026-09-14,filter,73
https://www.youtube.com/@chhotabhim-tm6fs,@CHHOTABHIM-tm6fs,Chhotabhim miobile,295,107,4,"Titles show real repair jobs like software brick fixes, network problems, and mobile fitting work.",mobile repairing,UCfmk86SZRXzxUv7D8X0W_-w,hands,phone-repair,wave1,2026-09-14,filter,107
https://www.youtube.com/@chinaphonefix,@chinaphonefix,China Phonefix,6550,499,4,"Phone repair tutorial channel run by a parts/tools wholesaler, mixing real repair videos with sales.",phone repair | mobile phone repair,UCSuSFrPqnrZl67C5E6wg3nw,hands,phone-repair,wave1,2026-09-14,filter,499
https://www.youtube.com/@chomumobilewala,@chomumobilewala,Chomu Mobile Wala,475,218,4,Titles show on/off button repair and no-service solution fixes from a hands-on repair channel.,mobile repairing,UCDWsuw9x3deFTY5deohycRg,hands,phone-repair,rest1,2026-09-14,filter,374
https://www.youtube.com/@chrislongphonerepair,@ChrisLongPhoneRepair,B&C Connection LLC,6890,189,4,"Explicitly a microsoldering channel for consumer electronics, thin but clearly on-topic description.",microsoldering,UCQV0GNk5vK59ict8ZSv5BgQ,hands,phone-repair,rest1,2026-09-14,filter,189
https://www.youtube.com/@chunkbackchannel3558,@chunkbackchannel3558,Chunkback Channel,1430,66,4,"One-line description naming phone repair tutorials, thin but on-topic evidence.",servis hp,UCcBpRjOu098opT37SSRwMRQ,hands,phone-repair,gray_v2,2026-09-14,filter,66
https://www.youtube.com/@cipaytd,@CipayTD,Teknisi Dodorong,805,109,4,"Indonesian repair channel with titles on mic replacement, no display and charging fixes on real phones.",servis hp,UCl20vdzV6z-lPs1esyon2YQ,hands,phone-repair,wave1,2026-09-14,filter,111
https://www.youtube.com/@circuitogsm,@circuitogsm,leo plaza,6840,57,4,Dedicated microsoldering/reballing channel name and handle strongly signal board-level phone repair work.,microsoldadura,UCELGQ_LSMAzqAsKhy-3BqtQ,hands,phone-repair,wave1,2026-09-14,filter,57
https://www.youtube.com/@co.mobile-e6q,@CO.Mobile-e6q,CO. Mobile,225,101,4,"Thai phone repair shop with titles showing battery change, glass lamination and screen replacement work.",ซ่อมมือถือ,UC199q8uL29Fpbyum5OVid5Q,hands,phone-repair,wave1,2026-09-14,filter,104
https://www.youtube.com/channel/uc0uuw6ojf7oe4lnoapdimjw,@CrazyMobilefixar,Crazy Mobile fixar,502,105,4,"Phone repair channel with hardware focus (OCA glass change, touchscreen combo) and step-by-step tutorials.",phone repair | mobile repairing | mobile phone repair,UC0uuW6oJf7OE4lNOapdiMJw,hands,phone-repair,wave1,2026-09-14,filter,105
https://www.youtube.com/@creativeelectronictips,@creativeelectronictips,creative electronic tips🤞,2230,103,4,"Channel dedicated to step-by-step mobile hardware repair tutorials: display, charging, dead phone repair.",phone repair | mobile repairing,UCqAWs2FkU5Aon1SoVcEprPg,hands,phone-repair,wave1,2026-09-14,filter,103
https://www.youtube.com/@ctrlaltcommunications,@ctrlaltcommunications,Ctrl Alt Communications Mobile & Laptop Services,136,79,4,"Mobile & laptop repair shop description, hardware and software repairs, thin evidence but on-topic.",motherboard repair,UCdjzhOmbA0pN9kSivCrTWgQ,hands,phone-repair,gray_v2,2026-09-14,filter,79
https://www.youtube.com/@d.lmobile,@D.LMobile,D.L Mobile,243,114,4,"Chip-level shop listing IC-level board work (power IC, EMMC, CPU) suggesting real bench repairs.",mobile repairing | emmc,UC30vjyaoubjG5g10IqjO91Q,hands,phone-repair,wave1,2026-09-14,filter,114
https://www.youtube.com/@d.r.mobilewala,@D.R.Mobilewala,DR. Mobilewala,101,54,4,"Mobile repair channel with display/combo, battery, back glass lamination and step-by-step real repair videos described.",mobile repairing | watch repair,UCKj30C48J43h9ZnG2xEFPkA,hands,phone-repair,wave1,2026-09-14,filter,54
https://www.youtube.com/@d.rmobilerepairing7140,@d.rmobilerepairing7140,d.r mobile repairing,244,107,4,Titles show clear display and back-glass replacement restorations on multiple phone models.,phone repair | mobile repairing | cell phone repair,UCqVnXdjjAoKrFHh04ltKZlQ,hands,phone-repair,wave1,2026-09-14,filter,106
https://www.youtube.com/@dackselectronicrepair,@dackselectronicrepair,Dack's Electronic Repair,1620,54,4,"One-man cell phone, tablet and computer repair business filming mail-in repairs; likely hands-on bench work.",phone repair | cell phone repair | electronic repair | Elektronik reparieren,UCYHCa49b0yfMerm5w3zlClw,hands,phone-repair,wave1,2026-09-14,filter,54
https://www.youtube.com/@daengtimulabs,@DaengTimuLabs,Daeng Timu Labs,13700,824,4,Indonesian channel dedicated to phone repair tutorials and teardowns for beginners.,servis hp,UCtS3RdR88A2uR8XmcvFqQhw,hands,phone-repair,wave1,2026-09-14,filter,825
https://www.youtube.com/@dafadanis78,@DafaDanis78,Danisofficial,1100,109,4,"Plain phone repair learning channel for beginners, thin but clear description.",servis hp,UCllsMb2Lquuvf3uq6vWiZ5A,hands,phone-repair,rest1,2026-09-14,filter,109
https://www.youtube.com/@dangiustec,@dangiustec,Dan Gius tec,7550,272,4,"Experienced smartphone repair trainer sharing daily practice and course content, business-oriented but repair-focused.",manutenção de celular,UC5D7SyiT2XfaO6VyvudlbNA,hands,phone-repair,wave1,2026-09-14,filter,272
https://www.youtube.com/@danish_tech91,@Danish_tech91,Danish Siddiqui ,215,79,4,"Small shop channel with title showing folder/hinge replacement, real hands-on repair work.",mobile repairing,UC8nQlnr8e9SvwNW3BQvYVrA,hands,phone-repair,rest1,2026-09-14,filter,79
https://www.youtube.com/@danishmobilegyan,@DanishMobileGyan,Danish Mobile Gyan,111,84,4,"Hindi mobile repairing channel covering display, charging jack and mic hardware fixes alongside some software.",mobile repairing | मोबाइल रिपेयरिंग,UCXRdmdbhpmYpf474_TsCjGw,hands,phone-repair,wave1,2026-09-14,filter,95
https://www.youtube.com/channel/ucvokig8uan_enpgwokae4zw,@dansingh6275,Dan Singh,353,212,4,Mobile repairing shop channel with minimal description but clear repair shop focus.,मोबाइल रिपेयरिंग,UCVoKIg8uaN_EnpGwOKAe4zw,hands,phone-repair,rest1,2026-09-14,filter,110
https://www.youtube.com/@darifrikandroid,@Darifrikandroid,Darifrik android,8400,634,4,"Educational channel focused on phone, computer and tablet repair including screen replacement, described as practical.",reparación de celulares,UCz8qIg1UEmSVsTh6qby-t0A,hands,phone-repair,wave1,2026-09-14,filter,634
https://www.youtube.com/@dcmobilereparing3126,@dcmobilereparing3126,Dahiya Communication ,580,85,4,"Titles show real mobile hardware chip-level repairs: camera fix, light problems, dump file reading.",chip level,UCr0lOjUeK7fO6rgRLwPf91Q,hands,phone-repair,rest1,2026-09-14,filter,233
https://www.youtube.com/@dcmobilesolution,@DCMOBILESOLUTION,Dc Mobile Solution,21700,335,4,Dedicated mobile repairing channel covering both hardware and software repair including eMMC work.,emmc,UCzJBajA3bug70fYBNVkzaXg,hands,phone-repair,wave1,2026-09-14,filter,335
https://www.youtube.com/@dcmobilesolution2.0,@DcMobileSolution2.0,Dc Mobile Solution 2.0,4480,131,4,"Describes eMMC repairing and hardware solutions content, thin but on-topic evidence.",mobile repairing | emmc,UC2cwuu9h8LLEULoGfzAJBzw,hands,phone-repair,gray_v2,2026-09-14,filter,131
https://www.youtube.com/@debruprepairing,@debruprepairing,DEBRUP REPAIRING,654,208,4,"Repair shop channel fixing phones, laptops, computers and tabs with hands-on solutions described.",mobile repairing,UCq8ZlAPO1PTTiHhnOeO8B8A,hands,phone-repair,gray_v2,2026-09-14,filter,208
https://www.youtube.com/@dedidino8175,@dedidino8175,Dedi Dino 81,1420,190,4,Thin one-line bio naming phone repair service (jasa servis hp) with no evidence pointing away.,servis hp,UCcZt1tQCwHWrmk4z8ClEyrw,hands,phone-repair,rest1,2026-09-14,filter,190
https://www.youtube.com/@deepeshkumar276,@Deepeshkumar276,Smart Tech Solutions,1430,562,4,"Mobile repairing solutions channel listing battery, folder and charging jack replacement work.",mobile repairing,UCNo8sv_JXtPmMTp_OBl0caw,hands,phone-repair,wave1,2026-09-14,filter,562
https://www.youtube.com/@deeptelecomzira1,@deeptelecomzira1,Deep Telecom Zira,335,70,4,Repair training institute with motherboard disassembly and baseband/wifi repair titles shown.,phone repair | mobile phone repair,UCBFwAHduzKDr66iwNeBHI9g,hands,phone-repair,rest1,2026-09-14,filter,79
https://www.youtube.com/@dekafildari,@DekaFildari,Deka Fildari,18900,271,4,"Channel explicitly about phone repair tutorials, thin description but clearly on-topic.",servis hp,UCu-ZjH_c2t7wpxbafvwKn_A,hands,phone-repair,gray_v2,2026-09-14,filter,271
https://www.youtube.com/@dev_mobilerepairing,@Dev_MobileRepairing,Dev Mobile Repairing,405,62,4,Titles show glass changing and damage repair on real devices like Vivo and Samsung phones.,mobile repairing,UCKIZKjX1jQPFH2l8CeRIhsw,hands,phone-repair,wave1,2026-09-14,filter,62
https://www.youtube.com/@devanand_tech,@Devanand_Tech,Devanand Tech,2000,101,4,Simple description states mobile repairing related videos and shorts as main content.,mobile repairing,UC5Z6j3nWoP3U93FhTRLmAmg,hands,phone-repair,gray_v2,2026-09-14,filter,101
https://www.youtube.com/@devicedoctor-1,@DEVICEDOCTOR-1,DEVICE DOCTOR,5120,478,4,Chip-level iPhone/Android repair shop with Face ID and board solutions plus glass replacement services listed.,chip level,UCELMVnVQvJ2Jrq_WouP0Lxw,hands,phone-repair,wave1,2026-09-14,filter,480
https://www.youtube.com/@dhananjaytelecom4495,@dhananjaytelecom4495,Dhanajay telecom   ,869,89,4,Titles show actual display and connector replacements on phones despite wholesaler description.,mobile repairing,UC0EnkQA-XgjfbtBOkCEWRwg,hands,phone-repair,rest1,2026-09-14,filter,102
https://www.youtube.com/@dhanlaxmimobilebapunagar,@dhanlaxmimobilebapunagar,Dhanlaxmi Mobile,609,81,4,"Shop channel with titles showing back glass and display changes on specific phone models, real repair work visible.",mobile repairing,UC2gDpCdvlTomf8xfcycE8dw,hands,phone-repair,wave1,2026-09-14,filter,115
https://www.youtube.com/@dharamraj7116,@dharamraj7116,Harsh Telecom ,304,93,4,Titles show real hardware repair steps like display sensor and connector replacement on camera.,mobile repairing,UCSmMxqgJEqNtoLt7PSQ0khA,hands,phone-repair,wave1,2026-09-14,filter,120
https://www.youtube.com/@dhruwsitaramobile,@DhruwSitaraMobile,Dhruw Sitara Mobile,1750,156,4,Chip-level repair and EMMC programming description suggests board-level micro-soldering work focus.,mobile repairing | emmc,UCNGVt-047MIM2QbQx7RmWfg,hands,phone-repair,wave1,2026-09-14,filter,156
https://www.youtube.com/@diganm,@DiganM,Digan mobile tech.,111,65,4,"Titles show power button, charging and display fixes on real devices with repair terminology.",mobile repairing,UCPN80058B0t2sJmy20Dnemw,hands,phone-repair,wave1,2026-09-14,filter,64
https://www.youtube.com/@dikhanmobilerepairing,@DIKhanMobileRepairing,DIKhan Mobile Repairing,1610,270,4,Generic but clear mobile repairing channel description with no signals pointing away from repair.,mobile repairing,UC1_2XLdMrJ35P4Pg_CkDWMA,hands,phone-repair,gray_v2,2026-09-14,filter,270
https://www.youtube.com/@dilawar-mobile-zone,@Dilawar-Mobile-Zone,Dilawar Mobile Zone ,627,165,4,"Repair-lab titles show back glass/camera replacement steps, mixed with some FRP/reset software content.",phone repair | mobile repairing | mobile phone repair,UCgm0q7nUmeZgj5WHKo-R3zg,hands,phone-repair,wave1,2026-09-14,filter,186
https://www.youtube.com/@dileeptechrepair-zj7ub,@Dileeptechrepair-zj7ub,Dileep Tech & Repair,160,58,4,"Description details display change, charging socket repair, battery replace and motherboard repair content for phones.",mobile repairing,UCQNTwIJmcBnQk4UxmOBhcAw,hands,phone-repair,wave1,2026-09-14,filter,59
https://www.youtube.com/@dilipmobilerepairing,@dilipMobilerepairing,Dilip Mobile repairing ,1020,118,4,"Mobile repairing and repair tools channel, thin but clear on-topic bio.",मोबाइल रिपेयरिंग,UC2iS4Ua1Ak0ugd6XGzS6vOQ,hands,phone-repair,gray_v2,2026-09-14,filter,118
https://www.youtube.com/@dioableh,@dioableh,dio ableh,1530,226,4,"Handle and name indicate phone repair shop, thin evidence but no counter-signal.",servis hp,UCI0D_pKkf2ql1tOru8Jf0RQ,hands,phone-repair,rest1,2026-09-14,filter,226
https://www.youtube.com/@directorfeng-china,@directorfeng-china,DirectorFeng,135000,165,4,"Self-described mobile phone repair specialist channel with original repair videos, thin but on-topic evidence.",phone repair | mobile phone repair,UCbzzMQ1mNKjAaDwbELsVYcQ,hands,phone-repair,gray_v2,2026-09-14,filter,165
https://www.youtube.com/channel/uci4hw4pm8bwghvir8u6sdfg,@divakarpatel4648,Divakar Patel,390,212,4,"Titles show iPhone back glass and charging board-level solution work, real bench repairs.",mobile repairing,UCI4Hw4PM8bWgHvir8U6SDfg,hands,phone-repair,wave1,2026-09-14,filter,430
https://www.youtube.com/@djbabu84,@djbabu84,DJ babu84,2790,356,4,Very thin bio but plainly names mobile repairing as sole topic.,mobile repairing,UCSoo-hUIqyYO--RIoyEbk0Q,hands,phone-repair,gray_v2,2026-09-14,filter,357
https://www.youtube.com/@dktekhnik,@dktekhnik,DK TEKHNIK,2720,350,4,Phone repair service channel covering Android and iPhone hardware and software.,servis hp,UCtriqImxqtH440pYa6uK7Ew,hands,phone-repair,gray_v2,2026-09-14,filter,350
https://www.youtube.com/@dkvishnoi11,@dkvishnoi11,Dinesh Vishnoi,2640,88,4,"Very thin description simply stating mobile repairing surat, plausible bench channel.",mobile repairing,UCXPAucg8TNYK2yA5tLiFcmQ,hands,phone-repair,gray_v2,2026-09-14,filter,88
https://www.youtube.com/@dmrsolution6293,@dmrsolution6293,DMR Solution,9260,560,4,"Description explicitly promises hardware, software, and schematic-based mobile repair solution videos.",mobile repairing,UCQAycE7hZ6lQbws4FLnHaVQ,hands,phone-repair,wave1,2026-09-14,filter,560
https://www.youtube.com/@doctormobilerepairinglab1042,@doctormobilerepairinglab1042,Doctor Mobile Repairing Lab,7400,286,4,"Channel explicitly dedicated to mobile repairing videos only, strong topical focus per description.",phone repair | mobile repairing | mobile phone repair,UCG8XlB0GfZyG2dhd38SytDw,hands,phone-repair,wave1,2026-09-14,filter,286
https://www.youtube.com/@doctorphone99,@DOCTORPHONE99,DOCTOR PHONE 99,3800,102,4,Straightforward mobile phone repairing channel description covering both software and hardware videos.,phone repair | mobile phone repair,UC7gz90M5aADzlrZpGbLTmVA,hands,phone-repair,gray_v2,2026-09-14,filter,102
https://www.youtube.com/@doctorunlocker,@doctorunlocker,Doctor Movil Madrid,178,53,4,"Titles show real screen replacement, board short-circuit fix, face ID and no-image solutions on phones.",reparación de celulares,UCLWeOhrpOo9hxl0rvB75Q6A,hands,phone-repair,rest1,2026-09-14,filter,53
https://www.youtube.com/@dozeroaosucesso777,@Dozeroaosucesso777,DO ZERO AO SUCESSO ,5890,329,4,"Cell phone repair and electronics tips channel, thin description but clearly repair-focused.",conserto de celular,UCu26w0yyPO4HD3un9C0WsUA,hands,phone-repair,rest1,2026-09-14,filter,329
https://www.youtube.com/@dp_mobilerepairing,@DP_MOBILERepairing,DP_MOBILE Repairing ,108,158,4,"Repair channel with clear titles showing combo/display change for various phone models like Vivo, Oppo, Redmi.",mobile repairing,UCgHewqHJ9VXHf7mZqknrZOA,hands,phone-repair,wave1,2026-09-14,filter,158
https://www.youtube.com/@dr.engineer215,@Dr.Engineer215,Dr.Engineer,682,143,4,"Channel dedicated to teaching mobile repairing, thin evidence but clearly on-topic.",mobile repairing,UCP0dIgSy9c56NAF_z0I1Lqg,hands,phone-repair,gray_v2,2026-09-14,filter,143
https://www.youtube.com/@dr.mobiles2022,@Dr.mobiles2022,Dr.Mobile's,636,104,4,"Titles show real repairs like back glass replacement and smartwatch/earbuds fixes, hands-on device-level work evident.",mobile repairing,UCwt6ktob7T-8yfbNAlS0DWA,hands,phone-repair,wave1,2026-09-14,filter,120
https://www.youtube.com/@dr.researchcenterteam,@dr.researchcenterteam,Dr.Research Center Team,823,113,4,Advanced mobile repairing training channel covering hardware and software across brands and models.,mobile repairing,UCOmYQ7ch-2avJvzlpoUhVLQ,hands,phone-repair,rest1,2026-09-14,filter,113
https://www.youtube.com/@dreambreezy,@Dreambreezy,GadgetFix,285,86,4,Titles show real back glass and battery replacements on iPhone/iPad plus one software tips video mixed in.,phone repair | smartphone repair,UCVgDXyCAtXtJsBCVxWcwFhw,hands,phone-repair,wave1,2026-09-14,filter,102
https://www.youtube.com/@drfixit9619,@drfixit9619,Dr Fixit,4710,411,4,Simple phone repairing channel name/description with minimal but on-topic evidence.,phone repair,UCJtTgnL_VYOAdVMzOjhC1kw,hands,phone-repair,gray_v2,2026-09-14,filter,411
https://www.youtube.com/@dwarkamobilemall,@DwarkaMobileMall,Dwarka Mobile Mall,391,235,4,"Titles show display connector fitting, charging jack replacement, and screen paper cutting, real bench repair work.",mobile repairing,UCRSIvo0peDpfI9DPhfnJ_WQ,hands,phone-repair,wave1,2026-09-14,filter,232
https://www.youtube.com/@easyinfochannel,@easyinfochannel,easy info channel,78,56,4,"Mobile hardware repair tutorials covering charging, display, dead phone repair and soldering basics.",phone repair | mobile repairing | mobile phone repair,UCdPjWDFnsMu0zMh__ECa6yQ,hands,phone-repair,wave1,2026-09-14,filter,63
https://www.youtube.com/@easyphonerepair,@easyphonerepair,Easy phone repair,287,77,4,"Titles show real board-level fixes like mic jumper, auto-restart and dead solutions on specific phone models.",phone repair,UCoUp6ktTTftboU4g2Bqeg7g,hands,phone-repair,wave1,2026-09-14,filter,128
https://www.youtube.com/@eazyfixitacademy,@EazyfixitAcademy,Eazyfixit ,3220,657,4,"iPhone/iPad/MacBook repair training academy with board-level repair focus, description-based evidence.",logic board repair | monitor repair,UCDhqEr8euvB4CJTcHKKw6YA,hands,phone-repair,wave1,2026-09-14,filter,657
https://www.youtube.com/@ecstechnologies,@ecstechnologies,ECS Technology Pvt. Ltd,1510,183,4,"Chip-level training institute for laptop and mobile/iPhone repair with live practicals, strong bench-training fit despite laptop overlap.",chip level,UCxLnDNBFc9cBHVa6OIrZy4g,hands,phone-repair,wave1,2026-09-14,filter,183
https://www.youtube.com/@eddythenoob,@EddyTheNOOB,Eddy Edi,2420,59,4,"German tech enthusiast channel sharing personal experience repairing smartphones, thin but on-topic.",phone repair,UCn3czo8KEXt8uUU4vwSRTMw,hands,phone-repair,gray_v2,2026-09-14,filter,59
https://www.youtube.com/@edgepoint0001,@edgepoint0001,edgeponit0001,414,182,4,"Description lists display change, flex patta change, hardware/software solutions with specific device models mentioned.",phone repair,UCsd0faU5g38OGhz07YAxkfw,hands,phone-repair,wave1,2026-09-14,filter,182
https://www.youtube.com/@edumecdeisel2011,@edumecdeisel2011,Eduardo silva,1210,180,4,Channel posts real cellphone repair jobs done for customers with tips and results shown.,manutenção de celular,UC9ISuJL6WHIsTkoShJX__4w,hands,phone-repair,gray_v2,2026-09-14,filter,180
https://www.youtube.com/@edysentosa,@EdySentosa,Edy Sentosa,7670,122,4,"Beginner phone repair tutorial channel, thin one-line description but clearly on-topic.",servis hp,UCSTivST3BM6gjQuPhKe9ytQ,hands,phone-repair,gray_v2,2026-09-14,filter,122
https://www.youtube.com/@ekapon007,@ekapon007,ช่างต้นซ่อมไอโฟนที่westgate ร้านโฟนเฮ้าท์เซ็นทรัลเวสเกตนนทบุรี,7270,299,4,Detailed technician bio describing board-level and screen repair for iPhone/iPad with experience.,ซ่อมมือถือ,UC_5QJSocjMGei1yKbrPZ_9A,hands,phone-repair,rest1,2026-09-14,filter,299
https://www.youtube.com/@ekramuls786,@Ekramuls786,THE MOBILE DOCTOR ,169,68,4,"Mobile doctor channel providing repairing and industry information, thin but on-topic default score.",mobile repairing,UCPswNUVRTwRW_ghak-qwSnQ,hands,phone-repair,gray_v2,2026-09-14,filter,68
https://www.youtube.com/@electronic.zone.,@Electronic.Zone.,Electronic Zone All Mobile Repair ,192,58,4,Mobile repair channel covering hardware/software and EMMC work with thin but relevant description.,emmc,UCl0qVRHT8TzynyD1NVYznGg,hands,phone-repair,gray_v2,2026-09-14,filter,58
https://www.youtube.com/@electronicfixkp,@Electronicfixkp,Electronic fix,265,71,4,"Title shows charging jumper solution repair, description confirms electronic and mobile repair focus.",mobile repairing,UC_5wAK4EYJmDHH4dM4dFPkg,hands,phone-repair,gray_v2,2026-09-14,filter,71
https://www.youtube.com/@electrowaawich,@electrowaawich,Electro Waawich إليكترو وعويش,14900,605,4,"Educational channel for phone repair beginners, likely practical bench content per description.",صيانة الهواتف,UCmagl_1MAiHRB_-E8UpeCzA,hands,phone-repair,wave1,2026-09-14,filter,605
https://www.youtube.com/@electroyassine4,@ElectroYassine4,yassine allam,2880,250,4,Minimal but direct description naming phone maintenance/repair as sole channel focus.,صيانة الهواتف,UCy_z8P_-jk-QXyQdw5jUsLw,hands,phone-repair,gray_v2,2026-09-14,filter,250
https://www.youtube.com/@emac2299,@emac2299,emac2299,26400,81,4,iPhone screen/LCD replacement and button/speaker repair price list indicates real hands-on repair channel.,phone repair | iphone repair,UCoii5VK_KWzocnFopcchrVQ,hands,phone-repair,wave1,2026-09-14,filter,81
https://www.youtube.com/@emmoproject,@EmmoProject,Emmo Project,3650,522,4,Indonesian repair technician vlog showing disassembly and repair cases at the bench.,servis hp,UCzU5bKgWBAh5pApdvHy2WYA,hands,phone-repair,wave1,2026-09-14,filter,524
https://www.youtube.com/@emr108,@EMR108,EasyMobileRepairing ,318,165,4,Dedicated repair channel with title showing vivo charging problem diagnosis and line-tracing repair work.,mobile repairing,UCuhS9CRmzRsl3xneGjX9PpA,hands,phone-repair,wave1,2026-09-14,filter,224
https://www.youtube.com/@engineeringcomedy,@engineeringcomedy,Sarkey store hatipota bazar ,53,54,4,"Titles show real LCD folder replacements and repairs across brands, step-by-step demonstrations.",mobile repairing,UCTdlx7s48JTWUGpDPwqNypQ,hands,phone-repair,gray_v2,2026-09-14,filter,52
https://www.youtube.com/@eournbunthoeun,@EournBunthoeun,Mr IOS,5910,358,4,"Experienced iPhone repair technician channel sharing repair videos, thin but on-topic description.",phone repair | iphone repair,UCyphZXsEDxqKFuobCNLcWhg,hands,phone-repair,gray_v2,2026-09-14,filter,358
https://www.youtube.com/@erdytechcoza,@erdytechcoza,Erdytech COZA,443,510,4,"Phone repair tutorials covering screens, buttons, speakers, battery and charging issues.",phone repair,UCWsqwaEZgnVWhH3jlRDzhYA,hands,phone-repair,gray_v2,2026-09-14,filter,510
https://www.youtube.com/@erepair-en,@Erepair-en,ER GADGET GURU,40,62,4,"Mobile repair channel description mentions hardware fixes and step-by-step tutorials, thin but positive evidence.",phone repair | smartphone repair,UCEKkhOSKscbj7Oq8xvST2BQ,hands,phone-repair,rest1,2026-09-14,filter,62
https://www.youtube.com/channel/ucru5sjl4sszawz8leyp0j1q,@escolagenesis1537,ESCOLA GÊNESIS,95,156,4,"Cell phone maintenance course/school channel, thin one-line description but clearly repair-training focused.",manutenção de celular,UCRu5SjL4SsZAwz8LEyp0j1Q,hands,phone-repair,rest1,2026-09-14,filter,156
https://www.youtube.com/@eshanmobileguru,@EshanMobileGuru,Eshan Mobile Guru (Eshan Telecom),113000,310,4,"Mobile phone repair centre channel offering help with phone problems, thin evidence but clearly repair-focused.",phone repair | mobile repairing | mobile phone repair,UCxTFQD2pqqILzmFZJ5RoKZA,hands,phone-repair,gray_v2,2026-09-14,filter,310
https://www.youtube.com/@europa3gmadrid,@europa3gmadrid,Europa 3G Madrid,79,66,4,"Repair shop with iPhone/iPad tutorials on screen, battery, board repair plus water damage and courses, some marketing clips.",reparación de móviles,UCz6p7Rr3Pp2Uk7XWMCRn0ig,hands,phone-repair,wave1,2026-09-14,filter,66
https://www.youtube.com/@evolution555,@Evolution555,DAVID D DOMINGUEZ,21900,56,4,Channel dedicated to teaching cellphone repair and technology topics.,reparación de celulares,UCKa5ysQ5JmPtbwucFEs9qOg,hands,phone-repair,gray_v2,2026-09-14,filter,56
https://www.youtube.com/@expertinstitute-in,@expertinstitute-in,EXPERT,10700,5029,4,"Multi-device repair training institute with dedicated mobile, iPhone and laptop repair courses including chip-level hands-on training.",phone repair | mobile repairing | iphone repair | mobile repairing course | AC repair,UCKTDVEzVcSqYf_tT8vuhN3Q,hands,phone-repair,wave1,2026-09-14,filter,5029
https://www.youtube.com/@ez-fixit4044,@ez-fixit4044,EZ-Fixit,11800,464,4,"Dedicated cell phone repair channel spun off from broader repair content, focused solely on phone fixes.",phone repair | cell phone repair,UCyQoAsXw3qVwRvpqT56p59Q,hands,phone-repair,wave1,2026-09-14,filter,464
https://www.youtube.com/@ezrepairs974,@ezrepairs974,Ez Repairs,1230,452,4,Cellphone repair shop channel explicitly showing how electronics repairs are done.,phone repair | cellphone repair,UCeCfULhImrUPf3KyuYG4fEQ,hands,phone-repair,wave1,2026-09-14,filter,452
https://www.youtube.com/@fahimastudio,@FahimaStudio,Fahima Studio,24700,103,4,"Channel explicitly describes mobile repairing videos covering software and hardware problems, thin but relevant evidence.",mobile repairing,UCHD9SYP9TPi2n8aUj0M96SA,hands,phone-repair,rest1,2026-09-14,filter,103
https://www.youtube.com/@fahimmz,@fahimmz,Ilman Service,1550,120,4,"Thin one-line description naming phone repair, no counter-evidence, treated as plain repair channel.",phone repair,UCH2411jkk9dPXtjFtu7_fog,hands,phone-repair,rest1,2026-09-14,filter,120
https://www.youtube.com/@faishalmobile1,@faishalmobile1,Faishal.sheikh,363,154,4,Titles show real iPhone back glass replacement and speaker repair processes without laser machine.,mobile repairing,UCJdqkhHkApuKVHltA1qqWAw,hands,phone-repair,wave1,2026-09-14,filter,177
https://www.youtube.com/@faizan.official01,@Faizan.official01,MA@Mobiletechnician  ,95,73,4,"Step-by-step repair tutorials, glass change and hardware/software solutions described.",mobile repairing,UCu8lCnpUqJVIaOpypvH5FQw,hands,phone-repair,gray_v2,2026-09-14,filter,113
https://www.youtube.com/@faizmobiletech,@FaizmobileTech,Faiz mobile Tech,386,309,4,Titles show multiple full combo/display replacement repair guides across different phone models on camera.,mobile repairing,UClvHfSWXDz1jo0JO2VCTkWg,hands,phone-repair,wave1,2026-09-14,filter,315
https://www.youtube.com/@farhanmobile01,@farhanmobile01,Farhan Mobile ,2450,235,4,Mobile repairing channel with folder replacement and dead/live phone repair content.,mobile repairing,UCvRmci5rltH8t9T9E9xkqbw,hands,phone-repair,gray_v2,2026-09-14,filter,235
https://www.youtube.com/@farmanansari9807,@farmanansari9807,Farman Atr,232,54,4,Experienced technician channel with charging jack replacement repair videos despite some unboxing content mixed in.,mobile repairing,UCtf-Cc8PBrE9DTYn5JhEdlw,hands,phone-repair,gray_v2,2026-09-14,filter,56
https://www.youtube.com/@farooqmalanaofficail,@Farooqmalanaofficail,Farooq Malana official ,1730,1286,4,"Tech repair channel teaching Android/Samsung phone repair, dead device restore, charging and battery fixes.",phone repair,UCSOSwunkQrV3r4g1X8u4ULg,hands,phone-repair,gray_v2,2026-09-14,filter,1286
https://www.youtube.com/@farooqmobilerepairingms,@FarooqMobileRepairingMs,Farooq Mobile Repairing Ms,652,94,4,Titles show real phone repairs like display change and restart-problem fixes across multiple brands.,mobile repairing,UCAcWfFDwWix-rYb3O0bieGw,hands,phone-repair,wave1,2026-09-14,filter,149
https://www.youtube.com/@farukh9179,@Farukh9179,mobile technical,2090,501,4,"Mobile repairing expert channel covering iPhone hardware, touch/display fix, dead phone and water damage repair.",phone repair | mobile repairing | iphone repair,UCyFlIuF9w1pK2HEFPNGW5Hw,hands,phone-repair,wave1,2026-09-14,filter,501
https://www.youtube.com/@farukshaikh07,@FarukShaikh07,Apple Lap,594,125,4,iPhone repair channel with screen solution and hardware fixing titles shown on camera.,emmc,UCEzZgerVlITmXRqdTcZerlg,hands,phone-repair,gray_v2,2026-09-14,filter,132
https://www.youtube.com/@fawadmobilezone-22m_views,@FawadMobileZone-22M_views,Fawad 📲 Repairing Zone ,302,184,4,"Titles show real repairs like touch replacement, charging base and back cover replacement across brands.",phone repair | mobile repairing | mobile phone repair,UCJ1DqT7rdLWb0IBviOamT4g,hands,phone-repair,wave1,2026-09-14,filter,354
https://www.youtube.com/@fayerepairponsel,@fayerepairponsel,Faye Repair Ponsel,2290,591,4,Indonesian phone repair channel description covers diagnosing and fixing damaged phones with practical focus.,servis hp,UCkbLnaIjsTekn4UDg8wswzQ,hands,phone-repair,wave1,2026-09-14,filter,591
https://www.youtube.com/@fenixgadgetscare,@fenixgadgetscare,Fenix Gadgets Care,165,73,4,"Multi-brand repair center specializing in iPhone board-level fixes like camera power IC repair, mixed with some general tech tips.",phone repair | iphone repair,UCX5pSFFltl5KCq23WikkmTg,hands,phone-repair,wave1,2026-09-14,filter,83
https://www.youtube.com/@ff.c2n,@FF.C2N,Fina Flasher,11200,305,4,"Indonesian phone technician channel repairing eMMC, eMCP, UFS with software and hardware trick videos.",emmc,UCULYzznURuxpNPdTRKGyvvQ,hands,phone-repair,gray_v2,2026-09-14,filter,306
https://www.youtube.com/@fgcell-2210,@fgcell-2210,FGCELL ASSISTÊNCIA,5320,466,4,Repair channel description details screen and battery replacement tutorials with practical step-by-step promise.,conserto de celular | manutenção de celular,UC3tgi5_er-Sv8HZo4gLP4BQ,hands,phone-repair,wave1,2026-09-14,filter,466
https://www.youtube.com/@fikcer99,@Fikcer99,Fikcer,269,53,4,"Titles show specific fault diagnosis and repair like power issues, restart problems and IC-related solutions.",phone repair | mobile phone repair,UCGXyP6GO9N7sCW-lowv9ZaQ,hands,phone-repair,wave1,2026-09-14,filter,53
https://www.youtube.com/@fix_it_kurnool,@fix_it_kurnool,FIX IT KURNOOL,2310,244,4,"Repair shop offering chip-level Apple/Android repairs with warranty, thin evidence but plainly a repair business.",chip level,UC_0AT_1SPtfkd8bBdRZKTfw,hands,phone-repair,gray_v2,2026-09-14,filter,244
https://www.youtube.com/@fixbhai_irfan-1m,@Fixbhai_irfan-1M,irfan Mobile 01,1710,265,4,"Chip-level, EMMC, dead boot and display repair topics listed, strong phone repair bench focus.",mobile repairing | emmc,UCbFNHBUgy1oo7SvleN3sD1g,hands,phone-repair,wave1,2026-09-14,filter,265
https://www.youtube.com/@fixitphoneuk,@fixitphoneuk,PHONE FIXIT UK,1350,423,4,"DIY phone repair hub covering battery, screen and everyday tech fixes with hands-on documentation style.",phone repair,UC-c5eIC-W-Vdb3jy3KXAuzQ,hands,phone-repair,gray_v2,2026-09-14,filter,423
https://www.youtube.com/@fixmycell,@FixMyCell,FixMyCell,15600,57,4,"Technician channel covering hardware, EMMC/UFS programming and mobile repair with strong technical focus.",emmc | मोबाइल रिपेयरिंग,UCffCj7oVGPAFIIQjP4uO9fw,hands,phone-repair,wave1,2026-09-14,filter,57
https://www.youtube.com/@fixmymobiletech,@FixMyMobileTech,FixMyMobileTech,995,315,4,"Mobile hardware and board-level IC/CPU repair tutorials described with clear technical focus, no titles seen to verify further.",phone repair,UCdJdzkdlkHXBKVyAQK8vIFg,hands,phone-repair,wave1,2026-09-14,filter,315
https://www.youtube.com/@fixmyphonedev,@FixMyPhoneDev,FixMyPhone Dev,94,94,4,"Hindi description details display, charging, speaker and battery repair content step by step.",phone repair | smartphone repair,UCGJW2DA2dfT6bP49ZlI3NwQ,hands,phone-repair,rest1,2026-09-14,filter,101
https://www.youtube.com/@fixstmaintenancecollege3890,@fixstmaintenancecollege3890,FIXST Maintenance College,15300,99,4,"Mobile phone repair training college channel sharing repair skills, plain on-topic description.",phone repair | mobile phone repair,UCcdNFTXs5o3uqklRZR-8GHw,hands,phone-repair,gray_v2,2026-09-14,filter,99
https://www.youtube.com/@fixtech91,@FixTech91,FixTech91,25,67,4,Titles show real hands-on repairs like charging pin replacement and screen fixes with step-by-step Hindi tutorials.,मोबाइल रिपेयरिंग,UCkPUJNCLYdSdWSDyzCi9Azw,hands,phone-repair,wave1,2026-09-14,filter,73
https://www.youtube.com/@fixurhandset2689,@fixurhandset2689,FIX UR HANDSET,2050,148,4,Channel dedicated to complete mobile repairing hardware and software content for skill building.,mobile repairing,UCNyKaepyMPkxPMbdSdhG5Xg,hands,phone-repair,gray_v2,2026-09-14,filter,148
https://www.youtube.com/@fixwithajju,@FixWithAjju,Ajju iphone solution ,474,186,4,iPhone mobile solution channel focused on hardware/software repair and display replacement.,mobile repairing,UCFWimpVWLACOkTBskIsgm1Q,hands,phone-repair,rest1,2026-09-14,filter,224
https://www.youtube.com/@fixwithrepairzone,@FixWithRepairZone,Fix With Repair Zone,1030,77,4,"Channel plainly states it makes mobile repairing videos, thin but on-topic description.",mobile repairing,UC_mklGNgMPQ4842aCf1RO9g,hands,phone-repair,gray_v2,2026-09-14,filter,77
https://www.youtube.com/@fixwithshakti,@FixWithShakti,FixWithShakti 🔥,54,114,4,"Hindi mobile repairing course channel covering charging, dead phone, battery and display issue solutions step-by-step.",phone repair | mobile repairing,UCaCyDHwFZo7NOgxZJHUHZSA,hands,phone-repair,gray_v2,2026-09-14,filter,214
https://www.youtube.com/@fixyntechnician666,@FIXYNTECHNICIAN666,FIXYN TECHNICIAN666,31,51,4,Mobile repair tutorial channel with titles showing hardware repairs like battery and camera work alongside some flashing.,phone repair | mobile repairing | iphone repair,UC1L1jO7sy7CFV6vZlqNHD9g,hands,phone-repair,gray_v2,2026-09-14,filter,56
https://www.youtube.com/channel/ucjnwcbk7abvquzzt4rbovww,@Flash_TECH_AND_SERVICES,FLASH  MOBILES,337,69,4,Malayalam channel with titles clearly showing display and connector replacement work on phones.,phone repair | smartphone repair,UCjNWCBk7ABvquzzT4rbOVww,hands,phone-repair,wave1,2026-09-14,filter,89
https://www.youtube.com/@fmkafaanyt,@Fmkafaanyt,FM Kafaan YT,1640,395,4,"Description details dead phone repair, IC replacement, jumper tricks, water damage repair - strong hardware repair focus.",phone repair | mobile repairing | smartphone repair,UCS_wQI6_K7EZ9XvEoXu-sNw,hands,phone-repair,wave1,2026-09-14,filter,395
https://www.youtube.com/@foldprofi,@FoldProfi,Фолд Профи,313,131,4,"Specialized foldable phone repair shop describing screen, cable, hinge repair services.",ремонт телефонов,UCqV3BIhWksjnQgslY4MdGCQ,hands,phone-repair,rest1,2026-09-14,filter,136
https://www.youtube.com/@fonefixrepair,@FoneFixRepair,FoneFix By Kush,570,84,4,Apple specialist repair shop with titles showing genuine display replacement and flex repair on camera.,phone repair | mobile phone repair,UCVo1CQjSCwmGZry3R_5FcXw,hands,phone-repair,wave1,2026-09-14,filter,183
https://www.youtube.com/@forrestlambert.2022,@ForrestLambert.2022,Forrest Lambert,265,156,4,"Phone repair channel starting into micro soldering work, clear on-topic hobbyist intent.",phone repair | micro soldering,UChXniVLVVRDQ9svsIrUUPmA,hands,phone-repair,gray_v2,2026-09-14,filter,156
https://www.youtube.com/@frank-mobitech,@frank-mobitech,FRANK MOBITECH,1550,180,4,"Phone repair knowledge and services channel, thin description but clearly repair-oriented.",phone repair,UC3SRtmMbwXD8LoI8buypJ9A,hands,phone-repair,gray_v2,2026-09-14,filter,180
https://www.youtube.com/@furkantechnology,@FurkanTechnology,Furkan Technology ,2020,67,4,"Mobile repairing training channel covering dead phones, network, software and chip-level work.",mobile repairing,UCuUiC-mZv2PHPII5OjaqfZQ,hands,phone-repair,gray_v2,2026-09-14,filter,67
https://www.youtube.com/@furqanmobile,@Furqanmobile,Furqan mobile technical,1400,223,4,"Dedicated mobile repair channel description promising step-by-step screen, charging and water damage tutorials.",mobile repairing,UCSLegUDLJF1EjEEeo-R8Www,hands,phone-repair,wave1,2026-09-14,filter,223
https://www.youtube.com/@futurefonesltd,@futurefonesltd,Future Fones ,3840,160,4,"Explicit microsoldering, board-level repair and troubleshooting shop description fits topic well despite software services mentioned.",microsoldering,UCf-BRmJa6TlwC-y4Wmd3Osw,hands,phone-repair,wave1,2026-09-14,filter,160
https://www.youtube.com/@fzmobile5834,@fzmobile5834,SmArT FiXx,698,313,4,Technician bio describing panel and glass replacement expertise filmed for educational purposes.,mobile repairing,UCkhU7AQkW29YCab9-wwaCiw,hands,phone-repair,rest1,2026-09-14,filter,335
https://www.youtube.com/@g.r.k_solutions,@G.R.K_solutions,G.R.K solutions,634,294,4,"Titles show glass, folder and back-glass replacement repairs on multiple phone models.",mobile repairing,UCLyPZDs9MLBiMw_JEtrAUGw,hands,phone-repair,wave1,2026-09-14,filter,434
https://www.youtube.com/@g_hussain_mobile_,@G_HUSSAIN_MOBILE_,G HUSSAIN MOBILE ,417,81,4,"Titles show real repair work: button repair, SIM tray, charging port replacement on multiple phones.",mobile repairing,UC0INtpfaxgmxuU_qrPJuj9g,hands,phone-repair,wave1,2026-09-14,filter,81
https://www.youtube.com/@gaganmobileclinic,@Gaganmobileclinic,📱Gagan mobile clinic📱,539,71,4,"Mobile repair hub with chip level, back glass, folder repairs and training offered, real bench work implied.",chip level,UCXX_xefHnCDPp3fAfrUWw6Q,hands,phone-repair,wave1,2026-09-14,filter,72
https://www.youtube.com/@gaganmobilehospital,@gaganmobilehospital,gagan mobile hospital,277,229,4,"Chip-level mobile repair channel covering board swapping, shorting solutions and dead phone repairs.",mobile repairing | chip level,UCocz9eTK5H6NT7vrosSnTmg,hands,phone-repair,wave1,2026-09-14,filter,244
https://www.youtube.com/@galaxymobilebhinder,@GalaxyMobilebhinder,Galaxy Mobile Bhinder,163,196,4,"Titles show motherboard cleaning, reballing and CPU/eMMC repair work on real devices, board-level focus.",mobile repairing,UCVUlqRP-PO8MWnZKzuXqzbA,hands,phone-repair,wave1,2026-09-14,filter,247
https://www.youtube.com/@ganapatimobile3514,@ganapatimobile3514,Ganapati mobile,46,79,4,"Titles show mobile repair microscope use, IC reballing tricks and connector replacement work.",phone repair | smartphone repair,UCjA86b2UHB05k58pw0pH91g,hands,phone-repair,rest1,2026-09-14,filter,79
https://www.youtube.com/@gaurav_prajapati_up,@Gaurav_prajapati_up,Gaurav_prajapati_up,2020,130,4,"Named as a mobile repairing shop channel with short-form repair videos, thin evidence but consistent with topic.",mobile repairing,UCOZAS7WOMIda2h152cN_Xzw,hands,phone-repair,gray_v2,2026-09-14,filter,130
https://www.youtube.com/@gauravmobilecareofficial,@gauravmobilecareofficial,Gaurav Mobile Care Official,1070,96,4,Chip-level and EMMC mobile repair channel mixed with software flashing/unlocking and iOS restore content.,mobile repairing | emmc,UC_-xq9iLcV57ZkG84ru6YTA,hands,phone-repair,wave1,2026-09-14,filter,96
https://www.youtube.com/@gazimobilerepair,@gazimobilerepair,EMMC SUPPORT ,1140,386,4,eMMC support channel focused on hardware and dead boot repairing tutorials for mobile devices.,emmc,UCkmvGUNHsnb70wvovncyOQQ,hands,phone-repair,rest1,2026-09-14,filter,386
https://www.youtube.com/@gcmobilesolution,@gcmobilesolution,Gc mobile solution,3070,65,4,"Channel explicitly says it posts mobile repairing videos, thin but on-topic evidence.",mobile repairing,UCpVuGYrVtAiYsoKvkuL4OCQ,hands,phone-repair,gray_v2,2026-09-14,filter,65
https://www.youtube.com/@geruatech4141,@geruatech4141,Gerua Tech,468,232,4,Titles show specific phone fault repairs like charging problems and dead phone recovery with named devices.,mobile repairing,UCgJKciEl67d2YN6NHjZFv6Q,hands,phone-repair,wave1,2026-09-14,filter,243
https://www.youtube.com/@ghenadytec,@ghenadytec,Ghenady Tec,8640,118,4,Experienced smartphone microelectronics technician and instructor with dedicated technical repair lab focus.,manutenção de celular,UCPI4dGGTaBuEEj0j9i887jw,hands,phone-repair,wave1,2026-09-14,filter,118
https://www.youtube.com/@gilanfix,@gilanfix,gilanfix,3400,147,4,Mobile phone repair team focused on CPU/eMMC/UFS chip-level work and circuit analysis training.,phone repair | mobile phone repair | emmc,UCbU1yJiw4Ede_HzznmH1wgw,hands,phone-repair,wave1,2026-09-14,filter,147
https://www.youtube.com/@gilsonportalcelulares,@gilsonportalcelulares,Gil portal celulares 📲📵,432,319,4,Thin description but clearly a cellphone maintenance channel per name and stated focus.,manutenção de celular,UCXsDhCirqVXDSfYxXvwcDQA,hands,phone-repair,gray_v2,2026-09-14,filter,435
https://www.youtube.com/@giridihengineerritesh,@giridihengineerritesh,ritesh mobile repair 1M,324,53,4,"Samsung phone repair channel, thin one-line description but clearly repair-focused.",phone repair,UCGLtQWb55sb22EdAms7xvpw,hands,phone-repair,gray_v2,2026-09-14,filter,53
https://www.youtube.com/@gizmodaddyinstitute,@GizmodaddyInstitute,Gizmodaddy ,21500,843,4,Mobile repairing training institute description emphasizing practical hands-on courses across brands.,mobile repairing,UCmzzztbw-zW8ZbwEyLx_0qg,hands,phone-repair,wave1,2026-09-14,filter,844
https://www.youtube.com/@gkmobilereparing,@Gkmobilereparing,GSM KARTIK ,1810,109,4,Named mobile repairing channel with thin but plausible bio pointing at hands-on repair content.,mobile repairing,UC9AcdBBrMpBMADKn50Lvz2w,hands,phone-repair,gray_v2,2026-09-14,filter,109
https://www.youtube.com/@gkmobilesolution6267,@gkmobilesolution6267,Gk mobicare institute banswara ,62200,373,4,"Mobile repairing institute with practical live training claim, though EMMC/software also emphasized.",mobile repairing | emmc,UC7uKG8vp7lDvC7WAd_SRGAw,hands,phone-repair,rest1,2026-09-14,filter,373
https://www.youtube.com/@glassgone00,@glassgone00,GLASS GONE ,145,132,4,Phone repair service channel with thin description but clearly on-topic naming and focus.,phone repair,UC83EpuxolSf1wvA0dDx1TSw,hands,phone-repair,gray_v2,2026-09-14,filter,146
https://www.youtube.com/@glon,@GLon,G-Lon,54800,245,4,"Mobile phone repair channel with Chinese/English bio, thin but plausible dedicated repair content.",phone repair | mobile phone repair,UCz8wXApIfSms8o_8sGXmO6A,hands,phone-repair,gray_v2,2026-09-14,filter,245
https://www.youtube.com/@gmfflasher1168,@gmfflasher1168,GMF Flasher Tangerang,886,635,4,Phone service shop listing hardware/software repairs including NAND/EMMC replacement and housing swap.,emmc,UCNP8YEXzH3_tr40B4qHoyKg,hands,phone-repair,rest1,2026-09-14,filter,635
https://www.youtube.com/@gmobilerepair,@Gmobilerepair,G mobile reparing 15M,1180,121,4,Mobile repairing solutions channel covering hardware and software with tips format.,mobile repairing,UCrOEm6czJnQictE25Kt9kxg,hands,phone-repair,gray_v2,2026-09-14,filter,121
https://www.youtube.com/@gmtechacademy,@gmtechacademy,GM TECH ACADEMY ,5040,102,4,"Advance mobile repairing training academy name, thin but plainly a repair training channel.",mobile repairing,UC5lvY8mv77WJrtDQ6NRFN-Q,hands,phone-repair,rest1,2026-09-14,filter,102
https://www.youtube.com/@gnmobile2120,@GNmobile2120,GN Mobile ,132,73,4,"Titles show hands-on charging pin repair, speaker fixes and phone hardware fault solutions.",phone repair | mobile phone repair,UCER9bAwTXHWbnGcMb7NTbog,hands,phone-repair,wave1,2026-09-14,filter,75
https://www.youtube.com/@goldenlinegsm,@Goldenlinegsm,Golden line GSM,1050,106,4,"Mobile phone repair channel covering software, hardware and glass replacement work.",phone repair | mobile phone repair,UCUyH1JoWIcKtp0-nteI8Qtw,hands,phone-repair,gray_v2,2026-09-14,filter,106
https://www.youtube.com/@gorikapoor466,@gorikapoor466,Gori Kapoor,31,50,4,Short but clear mobile/iPhone repairing description covering basic to advanced work.,phone repair | iphone repair,UCU3dzPjNkOcVSI2gWWI3sHw,hands,phone-repair,rest1,2026-09-14,filter,51
https://www.youtube.com/@goularttech,@GoulartTech,Goulart Tech,5060,130,4,"Channel with repair tutorials and step-by-step board repair videos, on-topic focus.",reparo de placa,UCtLMmNPxPaE8_TH9neruIMA,hands,phone-repair,gray_v2,2026-09-14,filter,130
https://www.youtube.com/@gphonemedic,@gphonemedic,Gphone Medic,406,59,4,"Mobile phone repair tutorials with titles showing LCD replacement, motherboard work and audio fixes, some FRP content.",phone repair | mobile phone repair,UCxT0pJ_984DHhFx2g-j8ohg,hands,phone-repair,wave1,2026-09-14,filter,68
https://www.youtube.com/@gpj.mobilework_shop,@Gpj.mobilework_shop,Gpj.mobilework_shop ,1830,386,4,Chip-level IC and jumper repair channel with display/charging/dead board fix content described in detail.,mobile repairing,UCndfNrwVLkUd3_FMnLgW6qw,hands,phone-repair,wave1,2026-09-14,filter,386
https://www.youtube.com/@greenchannel.mobiles,@GreenChannel.Mobiles,GREEN CHANNEL MOBILES,210,170,4,Repair tutorial channel promising step-by-step screen and hardware fix guides for phones.,phone repair | mobile phone repair,UCcaUZrU_-vbk1NAIZgZoGfQ,hands,phone-repair,wave1,2026-09-14,filter,171
https://www.youtube.com/@gregoriobatulan,@GregorioBatulan,Eagle Repair TV Official ,103,164,4,Cellphone repair channel with titles showing battery replacement and board repair work on camera.,phone repair | cellphone repair | TV repair | LCD TV repair,UC_EkjYOiizMwM0dips-jGsA,hands,phone-repair,wave1,2026-09-14,filter,179
https://www.youtube.com/@gsmajeet4125,@gsmajeet4125,Gsm Ajeet,2850,262,4,"Hindi mobile repairing channel with tips and tricks framing, thin but plausible bench content.",mobile repairing,UCG_eHZZGwAXTwSzg6x8xVVA,hands,phone-repair,rest1,2026-09-14,filter,262
https://www.youtube.com/@gsmakd,@GSMAKD,GSM AKD,1320,1014,4,Mobile repairing maintenance and servicing center description covering hardware/software teaching and troubleshooting.,mobile repairing,UCF9Hskd665d8oLogB6jMSVg,hands,phone-repair,gray_v2,2026-09-14,filter,1014
https://www.youtube.com/@gsmakhilesh9572,@GSMAkhilesh9572,GSM Akhilesh,89,57,4,Titles show dead phone repair and boot repair work across several phone models with fault-based titles.,phone repair | mobile repairing,UCW-ztBzZRu9O4pQQRhApA7w,hands,phone-repair,wave1,2026-09-14,filter,66
https://www.youtube.com/@gsmbuddy,@GsmBuddy,Gsm Buddy,1090,50,4,Step-by-step mobile repair tutorials channel focused on fixing various devices.,mobile repairing,UCo7ezYC8xFv_HxrG4Je6Stw,hands,phone-repair,gray_v2,2026-09-14,filter,50
https://www.youtube.com/@gsmhospital-0,@GSMHospital-0,GSM Hospital,85,65,4,"Titles show IC reballing and teardown work, description details motherboard-level mobile repair training content.",phone repair | mobile repairing | mobile phone repair | iphone repair,UCmWB8T5KtgXLEbn-h_RJi6A,hands,phone-repair,wave1,2026-09-14,filter,66
https://www.youtube.com/@gsmimranbro,@GSMIMRANBRO,GSM IMRAN BRO,15100,160,4,"Mobile hardware/software repair channel covering IC, charging and network troubleshooting topics.",mobile repairing,UChR4lf2gpxh6DUGPc6QKz6g,hands,phone-repair,rest1,2026-09-14,filter,160
https://www.youtube.com/@gsmmobile8880,@GSMMobile8880,GSM Mobile ,609,60,4,"Detailed mobile repair channel description covering schematics, eMMC repair, CPU repair with titles showing camera cleaning and battery/network fault fixes.",mobile repairing | emmc,UCgwMjyQ9FpMF1-HJB1DGNug,hands,phone-repair,wave1,2026-09-14,filter,60
https://www.youtube.com/@gsmmowdud,@gsmmowdud,GSM MOWDUD,2730,260,4,Bangla channel explicitly dedicated to uploading mobile hardware repair work in clear steps.,mobile repairing,UCPKg6f04YRTmHcxaVwm3bSw,hands,phone-repair,wave1,2026-09-14,filter,261
https://www.youtube.com/@gsmnimroj,@gsmnimroj,Gsm Nimroj,2040,93,4,"Very thin ""mobile repairing"" description but name (GSM) fits repair bench technician norm.",mobile repairing,UCjQgVqf9AcBCdWXfA9NcbRg,hands,phone-repair,gray_v2,2026-09-14,filter,93
https://www.youtube.com/@gsmobilestudio,@gsmobilestudio,G S MOBILE STUDIO,1000,258,4,Titles show real display replacement jobs for Realme and Tecno phones with parts named.,mobile repairing,UCeEDrHz7bZZsrErMYR1-i2A,hands,phone-repair,wave1,2026-09-14,filter,258
https://www.youtube.com/@gsmparamtechgpt,@GsmParamtechGpt,Gsm Param tech (GPT),75,61,4,"Titles show motherboard-level fault solutions like dead phone, charging error, and eMMC change step by step.",motherboard repair,UCeQRgDrTG0R5fwGCzKuUqKg,hands,phone-repair,wave1,2026-09-14,filter,76
https://www.youtube.com/@gsmquicksolution1398,@gsmquicksolution1398,GSM QUICK SOLUTION,13300,2968,4,"Mobile repairing training channel covering hardware/software issues with practical solutions, some UFI software mention.",phone repair | mobile repairing,UCdHWZL_dqOoH7HFJ1XDKxaw,hands,phone-repair,rest1,2026-09-14,filter,2970
https://www.youtube.com/@gsmrepaircenter,@GsmRepairCenter,Gsm Repair Center,673,70,4,Bengali mobile servicing training channel with hardware/eMMC repair titles like display and button fixes.,emmc,UCwynMDg4AR6fNT8ULByliNA,hands,phone-repair,wave1,2026-09-14,filter,70
https://www.youtube.com/@gsmsajib121,@Gsmsajib121,Gsm sajib Technician ,272,58,4,"Mobile repair channel mixing hardware repair with software flashing/unlocking, hardware dominant.",phone repair | mobile repairing | mobile phone repair,UCBzCsmQ2Hc_SS1ZGQJwhx8w,hands,phone-repair,gray_v2,2026-09-14,filter,58
https://www.youtube.com/@gsmsakib,@gsmsakib,GSM SAKIB,1520,78,4,Dedicated mobile hardware repair channel presenting repair work in accessible format per description.,mobile repairing,UCDyPnvTkvtF7NjfDvcpzJJg,hands,phone-repair,wave1,2026-09-14,filter,78
https://www.youtube.com/@gsmsanjoy94,@gsmsanjoy94,GSM SANJOY,25200,5462,4,"Description details jumper wires, component-level repairs, camera and fingerprint fixes typical of hands-on bench work.",mobile repairing,UCM5yGG9g7VDlQqsBplkK4Aw,hands,phone-repair,wave1,2026-09-14,filter,5463
https://www.youtube.com/@gsmshahidmobilesolution,@gsmshahidmobilesolution,Gsm shahid A to Z mobile solutions ,594,128,4,Dead mobile repairing and IC reballing content described with step-by-step live solutions and software mixed in.,mobile repairing,UCfinRG5lHUKzA1Un6CTh1Eg,hands,phone-repair,wave1,2026-09-14,filter,147
https://www.youtube.com/@gsmshoppro,@GSMSHOPPRO,GSM SHOP ,80,57,4,Repair guide channel promising LCD screen and part replacement tutorials with teardown content.,phone repair,UCxJT82_twEhVtaeJn9JBP-A,hands,phone-repair,rest1,2026-09-14,filter,57
https://www.youtube.com/@gsmvermaboy,@GsmVermaBoy,GSM VERMA BOY,6270,374,4,"Mobile repair channel covering dead phone repair, EMMC programming, light/graphic issues with training offered.",phone repair | emmc,UCRh_flCqsoRpFZUKBtPDMuw,hands,phone-repair,gray_v2,2026-09-14,filter,374
https://www.youtube.com/@gtechmobileacademy,@Gtechmobileacademy,Gtechmobileacademy,368,148,4,"Advanced chip-level course covering eMMC/UFS hardware training, practical mobile repair academy focus.",chip level | emmc,UCSV-QOKvKu1LrmdxzaEZ9fQ,hands,phone-repair,wave1,2026-09-14,filter,151
https://www.youtube.com/@gtechmobilerepairing,@GtechMobileRepairing,Gtech Mobile Repairing,2490,185,4,"Dedicated mobile repairing tips and tricks channel for technicians, thin but on-topic.",mobile repairing,UC9ptDtucSRyfaZQSkiGDtKg,hands,phone-repair,rest1,2026-09-14,filter,185
https://www.youtube.com/@guddumobilesolution,@guddumobilesolution,Guddu Mobile Solution,18,88,4,Mobile Solution channel with thin but repair-focused Hindi description.,मोबाइल रिपेयरिंग,UCS1CYy03WBNwvyGfrl9vJdA,hands,phone-repair,gray_v2,2026-09-14,filter,89
https://www.youtube.com/@guptamobile91,@Guptamobile91,Gupta Mobile,137,102,4,"Shop owner bio describing mobile repairing shop, one title shows screen replacement.",mobile repairing,UC4WY4PEdtr3wABvzlPeWDcw,hands,phone-repair,rest1,2026-09-14,filter,102
https://www.youtube.com/@gurtejmobilecare,@Gurtejmobilecare,Gurtej mobile care,430,67,4,"Mobile phone fault-tracing and repair educational channel, plain hands-on repair bio.",phone repair | mobile repairing | mobile phone repair | smartphone repair,UCCZGtxlrhbtCnD61jS3F0jg,hands,phone-repair,gray_v2,2026-09-14,filter,67
https://www.youtube.com/@gurubhai0562,@GuruBhai0562,Shivay Mobile Repairing ,89,51,4,"Repair shop channel explicitly sharing motherboard, eMMC, CPU and glass repair jobs on YouTube.",mobile repairing | emmc,UCMarZACVggMm6q1YajTCdsA,hands,phone-repair,wave1,2026-09-14,filter,58
https://www.youtube.com/@gurucom059,@Gurucom059,GURU COM,71,56,4,Step-by-step mobile hardware and software repair teaching channel with real fault title shown.,mobile repairing,UCnvfOpyUwxC_t-TJcy4zZRQ,hands,phone-repair,gray_v2,2026-09-14,filter,56
https://www.youtube.com/@gvitservices,@gvitservices,gvitservices,519,207,4,"Repair shop with real charging port and hinge repairs shown, though laptop and misc electronics also featured.",phone repair | tablet repair,UC4kjg5j9FIiLit0Y0MPI5Cw,hands,phone-repair,gray_v2,2026-09-14,filter,207
https://www.youtube.com/@habeeb___mobiles,@Habeeb___Mobiles,habeeb shaik,4190,163,4,"Chip-level mobile repair shop, thin description but clearly repair-focused business.",chip level,UCanprwOZ8dPKJBQUB1cS3hA,hands,phone-repair,rest1,2026-09-14,filter,163
https://www.youtube.com/@habibullahsoomromobilerepa6418,@habibullahsoomromobilerepa6418,Habibullah Soomro mobile repairing,3800,286,4,"Channel name and description state only mobile repairing videos, thin but on-topic.",mobile repairing,UC6iOOXFNT7hCYHTOLdaGQyw,hands,phone-repair,gray_v2,2026-09-14,filter,286
https://www.youtube.com/@haerulanam,@HaerulAnam,Haerul Anam,1190,82,4,Simple channel description directly names phone hardware/software repair tutorials with no distracting content.,servis hp,UCwuaZQCMBAq2cOmX-0UaA1A,hands,phone-repair,rest1,2026-09-14,filter,82
https://www.youtube.com/@hafeezcellphonelab,@Hafeezcellphonelab,Hafeez cell phone lab,188,68,4,"Titles show LCD replacements alongside some software bypass/reset content, mostly hardware repair.",phone repair,UCCsMOD5xKowcscgg1EJ1h-A,hands,phone-repair,rest1,2026-09-14,filter,68
https://www.youtube.com/@hajjicelltech-m6l,@HAJJICELLTECH-m6l,HAJJI CELL TECH,118,64,4,"Cellphone repair shop description listing screen, battery, water damage and charging port repairs.",phone repair | cellphone repair | motherboard repair,UCwSjKcn_Yb4wq-ots46VITw,hands,phone-repair,gray_v2,2026-09-14,filter,64
https://www.youtube.com/@hammadmobilerepair,@Hammadmobilerepair,Hammad Mobile Repairing,1320,93,4,Simple name and one-line description pointing straight at mobile repairing.,mobile repairing,UCD_Qcw6V540P5vu4PWKVxNQ,hands,phone-repair,gray_v2,2026-09-14,filter,93
https://www.youtube.com/@hammadmobilerepairing,@Hammadmobilerepairing,Say Something Mobile Repairing,4890,55,4,"Describes CPU removal, cleaning, RAM replacement and dead iPhone diagnostics, solid chip-level repair focus.",mobile repairing,UCln2LdLFXbN5Zw_DDhjXJpQ,hands,phone-repair,wave1,2026-09-14,filter,55
https://www.youtube.com/@hamzaenterprises393,@hamzaenterprises393,hamza enterprises ,942,189,4,"Titles show touch, dead phone and sound fault fixes with technical repair guides.",mobile repairing,UCnU_R-h6sgeGiSxRj5W-ChA,hands,phone-repair,rest1,2026-09-14,filter,187
https://www.youtube.com/@hamzalatifofficial123,@hamzalatifofficial123,Faizan mobile ,727,53,4,"Mobile repairing channel, thin evidence but clearly repair-focused description.",mobile repairing,UCmXVMlxeaacOgFiaR6r14Zg,hands,phone-repair,gray_v2,2026-09-14,filter,54
https://www.youtube.com/@hanshkumar7516,@hanshkumar7516,A1 Hansh kumar,736,116,4,Titles show real folder/display/charging jack replacement across multiple phone brands at a repair shop.,mobile repairing,UCU7s0wn1g0LIE6osnittLng,hands,phone-repair,rest1,2026-09-14,filter,116
https://www.youtube.com/@hanzalamobilecenter,@Hanzalamobilecenter,Hanzala Mobile Center ,95,52,4,"Repair center explicitly describing micro-soldering, chipset-level and screen/battery/charging port repairs.",mobile repairing,UCrD5vJFfJO7NwIONv8sMw1A,hands,phone-repair,wave1,2026-09-14,filter,52
https://www.youtube.com/@hapemete,@hapemete,Hapemete,6020,525,4,Vlog-style tutorial channel focused on learning basic phone repair for multiple brands.,servis hp,UC4Bg1axfw9wUrR-8zjW2Tcg,hands,phone-repair,gray_v2,2026-09-14,filter,525
https://www.youtube.com/@har_har_mahadev_centre,@HAR_HAR_MAHADEV_CENTRE,RK MOBILE CENTER ,176,154,4,"Repair center listing multiple brands with all-mobile-repairing framing, thin but on-topic evidence.",mobile repairing,UC37cGGexnTArihrHSEOdfUw,hands,phone-repair,rest1,2026-09-14,filter,156
https://www.youtube.com/@haraspoint446,@haraspoint446,Haras Point,8370,302,4,"Mobile repairing channel mentioning IC reballing and brand-specific fixes, hands-on bench focus.",mobile repairing,UC5CNu_cNIpODIKj6EPCoBkA,hands,phone-repair,wave1,2026-09-14,filter,304
https://www.youtube.com/@hardwaredoctor1,@HardwareDoctor1,Hardware Doctor,6220,371,4,Description clearly focused on phone repair tutorials from screen replacement to component-level fixes.,phone repair,UCwqQQHP1-o_KkDcPwoYT8xw,hands,phone-repair,wave1,2026-09-14,filter,371
https://www.youtube.com/@hariyantomulti9921,@hariyantomulti9921,HY MULTI,4170,265,4,Counter/shop channel mixing phone repair tutorials with daily counter activities.,servis hp,UCfJJ25h5xK6bnxb50Zujg_w,hands,phone-repair,gray_v2,2026-09-14,filter,265
https://www.youtube.com/@harkeshmobilecare,@harkeshmobilecare,Harkesh Mobile Care 📲📲,16200,219,4,"Mobile repairing videos channel, simple greeting description with no drift signals.",mobile repairing,UCUxaJNw6icPGzEpvtnYKRTA,hands,phone-repair,gray_v2,2026-09-14,filter,219
https://www.youtube.com/@harkeshpriyadarshirepair,@Harkeshpriyadarshirepair,Harkesh Priyadarshi Repair,870,75,4,"Titles show real repair jobs like charging problem solving, UV glass fitting and touch replacement demonstrations.",mobile repairing,UCQTyGMdSkc1IY-tOgms4f7w,hands,phone-repair,wave1,2026-09-14,filter,75
https://www.youtube.com/@harshrajput-8314,@HarshRajput-8314,HarshRajput-8314,261,117,4,DIY mobile repair tutorial channel addressing broken screens and charging issues with weekly repair videos.,phone repair,UCitwLweJPfDneRiaSSDGnCw,hands,phone-repair,rest1,2026-09-14,filter,182
https://www.youtube.com/@hashan-x4y,@Hashan-x4y,HP Master Tech,158,58,4,"Titles show display replacement and motherboard bootloop repair steps, plus a tool unboxing/review video.",phone repair | mobile phone repair | smartphone repair | iphone repair,UCkYAQ7Uo3qApGT00awQY_IA,hands,phone-repair,wave1,2026-09-14,filter,65
https://www.youtube.com/@hassanmobiles8638,@hassanmobiles8638,Hassan mobiles,29000,328,4,"Plain named mobile repair channel covering hardware and software solutions, thin but on-topic description.",mobile repairing,UCsQbrenwNWvNWA0wVx0EuoQ,hands,phone-repair,rest1,2026-09-14,filter,329
https://www.youtube.com/@haykalcell0949,@HAYKALCELL0949,TAJAKCELL,7610,225,4,Beginner phone repair tutorial channel with minimal but clearly on-topic description.,servis hp,UClyTnj7sKv-cooMtoizabbg,hands,phone-repair,gray_v2,2026-09-14,filter,225
https://www.youtube.com/@hbmobile3985,@hbmobile3985,HB Mobile,920,146,4,"Mobile repair center with titles showing iPhone dead recovery, storage upgrade, and microscope camera use, chip-level work.",mobile repairing,UCmj706bAKDGJFBjH6LnxzXQ,hands,phone-repair,wave1,2026-09-14,filter,145
https://www.youtube.com/@hdpassistenciatecnica,@hdpassistenciatecnica,Heli De Paula Madureira,450,95,4,Titles show real screen replacements on Samsung and LG phones alongside general computer maintenance content.,manutenção de celular,UC9Op3StKubmMOJ066-L_7Zg,hands,phone-repair,wave1,2026-09-14,filter,95
https://www.youtube.com/@hediponsel95,@hediponsel95,HEDI PONSEL,1400,51,4,Phone repair knowledge-sharing channel from a self-identified phone technician.,servis hp,UC7Ondl_UkD_gLNmU_bfbFHQ,hands,phone-repair,gray_v2,2026-09-14,filter,51
https://www.youtube.com/@hellomobilefix_07,@HelloMobileFix_07,HELLO MOBILE FIX 07,230,88,4,"Titles show jumper repair for charging and display change, real hands-on hardware repair shorts.",mobile repairing,UCR2e2ZRZXiI3iOR2ZJuehCg,hands,phone-repair,wave1,2026-09-14,filter,110
https://www.youtube.com/@helloshifat,@HelloShifat,Hello Shifat,63800,154,4,"Mobile repairing training center channel, practical hands-on servicing focus implied by name.",mobile repairing,UChy_1qZLjj_VeLDdb2TzdgA,hands,phone-repair,wave1,2026-09-14,filter,154
https://www.youtube.com/@hikmahrepairacademy,@Hikmahrepairacademy,HIKMAH REPAIR ACADEMY ,2350,117,4,"Dedicated iPhone/smartphone repair academy channel with tutorials and troubleshooting, though includes tool reviews and business tips.",phone repair | iphone repair,UCA6SXF3a_ryb-zxSI9gQicA,hands,phone-repair,wave1,2026-09-14,filter,117
https://www.youtube.com/@hitechmobilesolution334,@hitechmobilesolution334,Hi Tech Mobile Solution,1830,124,4,"Describes mobile hardware and software repairing content, thin evidence but aligned with topic.",mobile repairing,UCFZdMyY19IePVd3X0879-mA,hands,phone-repair,gray_v2,2026-09-14,filter,124
https://www.youtube.com/@hkmobilej,@hkmobilej,hkmobile,1480,526,4,"OCA lamination, EMMC programming and motherboard repair course channel with hands-on repair focus.",motherboard repair | emmc,UCqRnGaGJy0pJwopUGJYL6Kg,hands,phone-repair,wave1,2026-09-14,filter,527
https://www.youtube.com/@hmobilerepairing,@hmobilerepairing,Topkhana Mobile repairing ,2470,345,4,"Topkhana Mobile repairing channel name directly states the repair trade, thin one-line evidence.",mobile repairing,UCzZytVOSX1ptHRyC9ao_nUw,hands,phone-repair,gray_v2,2026-09-14,filter,345
https://www.youtube.com/@hmttechofficial,@HmtTechOfficial,HMT TECH,241,55,4,"Titles show battery connector repair, touch fix and screen replacement on real phones plus some unboxing content.",mobile repairing,UCugFacIMLEj-aG1dKJPxa_g,hands,phone-repair,wave1,2026-09-14,filter,95
https://www.youtube.com/@hmuk08,@hmuk08,Verma Ji Technical,60,63,4,"Mobile repair channel with display replacement and LCD fix tutorials, though mixed with tips and unboxing content.",mobile repairing,UCAgVmo477VZ4j4ez90krLFQ,hands,phone-repair,rest1,2026-09-14,filter,65
https://www.youtube.com/@hoisinhienthoai,@HOISINHIENTHOAI,HỒI SINH ĐIỆN THOẠI,2230,145,4,Channel dedicated to sharing personal phone repair knowledge and experience with daily video schedule.,sửa chữa điện thoại,UCv2bEdlYY19RMbpNE-9UaBA,hands,phone-repair,wave1,2026-09-14,filter,145
https://www.youtube.com/@honeymobilerepairing,@HoneyMobileRepairing,Honey Mobile Repairing,337,50,4,Titles show actual repair jobs like jack replacement and dead phone solutions in Hindi mobile repair format.,mobile repairing | मोबाइल रिपेयरिंग,UCgnd-_1uNVVDtHIglObAg3A,hands,phone-repair,wave1,2026-09-14,filter,50
https://www.youtube.com/@hormvantraofficial,@hormvantraOfficial,HormVantra Official,537,84,4,"Khmer phone repairman channel with titles about back cover breakage, IC lifting, glue cleaning showing real bench work.",phone repair,UCHwQleVsQcbKFL88BPN9DdA,hands,phone-repair,wave1,2026-09-14,filter,89
https://www.youtube.com/@hprsx,@hprsx,hprsx,407,63,4,"Indonesian mobile repair tutorial channel for beginners, hardware and software fixes on camera.",servis hp,UCzmchS_hcc0-qEh-fKRoJsg,hands,phone-repair,wave1,2026-09-14,filter,68
https://www.youtube.com/@hr.mobile6119,@Hr.mobile6119,H.r mobile care ,586,219,4,"Titles show CPU repair, glass and back glass replacement across multiple phone models, real bench work.",mobile repairing,UC7sgf9VWGX9Pm3RZmZutzfw,hands,phone-repair,wave1,2026-09-14,filter,243
https://www.youtube.com/@hsmobilerepairing,@HSMobilerepairing,HS Mobile Reparing ,233,59,4,Mobile repairing course channel with titles showing display and back-glass replacement demonstrations.,mobile repairing | mobile repairing course,UCM1_TZHcKGq7cnKZvMj_Opw,hands,phone-repair,wave1,2026-09-14,filter,60
https://www.youtube.com/@hub111,@hub111,Mobile HUB ,753,316,4,Speaker/loudspeaker replacement and charging solution titles show real hands-on phone repair work.,mobile repairing,UCXi1K_zzoXrI4vxhuAp_ivQ,hands,phone-repair,wave1,2026-09-14,filter,316
https://www.youtube.com/@hunartechnical420,@HunarTechnical420,Hunar Technical,189,193,4,"Titles show real hands-on tablet folder replacement, glass change and dead phone repair work.",mobile repairing | mobile repairing course,UCBVv3eJnfvcWHLeo8sRUEjw,hands,phone-repair,wave1,2026-09-14,filter,193
https://www.youtube.com/channel/ucgwfkglurs6mrlz43l8r8za,@HURMAservice,🧡 Хурма 🧡,58,70,4,"Repair shop for phones, tablets, laptops with location and services described, thin evidence.",ремонт телефонов,UCGWfkglUrS6mRLz43L8R8zA,hands,phone-repair,rest1,2026-09-14,filter,70
https://www.youtube.com/@husaintechonline5134,@husaintechonline5134,Husain Tech Online,2480,72,4,"Mobile repairing videos covering hardware and software solutions, thin but plain repair evidence.",mobile repairing,UClcE3jTgsXxdaSjNmXb5U_Q,hands,phone-repair,gray_v2,2026-09-14,filter,72
https://www.youtube.com/@i-fixcenter5053,@i-fixcenter5053,i-Fix Center,6180,142,4,"Dedicated iPhone repair channel focused on repair solutions, though evidence limited to description.",phone repair | iphone repair,UCpMNczQJ61vFADfDS2w6JtA,hands,phone-repair,wave1,2026-09-14,filter,142
https://www.youtube.com/@i.a_communication,@I.A_communication,Talib abbasi,47,50,4,Mobile repairing centre with titles showing full combo/screen replacement processes for multiple phone models.,mobile repairing,UC7gAe1OZRs9xc6NVIzZFokg,hands,phone-repair,wave1,2026-09-14,filter,54
https://www.youtube.com/@i.am.mobileguru,@i.am.mobileguru,I AM MOBILEGURU ,263,67,4,Chip-level EMMC/UFS repair videos with titles showing dead boot and logic hang problem solves.,mobile repairing | emmc,UCG--eMH93xe6C2zWV2aq_2w,hands,phone-repair,wave1,2026-09-14,filter,67
https://www.youtube.com/@i.technix_official,@I.technix_official,I technix,66100,564,4,"Repair shop offering EMMC/UFS programming, CPU rework and screen replacement for phones and laptops.",emmc,UCjtvdX3WVbqOUajRmLxZ7xA,hands,phone-repair,rest1,2026-09-14,filter,564
https://www.youtube.com/@icarefixbd,@icarefixbd,iCareFix BD,2440,488,4,"Repair shop description covering phone, iPad, MacBook repair services including display, battery and motherboard work.",motherboard repair,UCAZ-Tv-XQkKGzaix3qCH0TA,hands,phone-repair,gray_v2,2026-09-14,filter,488
https://www.youtube.com/@idocen,@iDocEN,iDoc Europe EN,12200,148,4,Smartphone repair channel with detailed repair instructions though also promotes a spare parts store.,phone repair | smartphone repair,UCS_mk0O7OmBo15vwyTux3Rg,hands,phone-repair,rest1,2026-09-14,filter,148
https://www.youtube.com/@ifixacademy,@ifixacademy,iFIX ACADEMY,3730,51,4,"iPhone repair academy focused on fault diagnosis, power issues, screen and camera hardware repairs.",phone repair | iphone repair,UCqi0012zDOyrIL7oAKDf3cA,hands,phone-repair,wave1,2026-09-14,filter,51
https://www.youtube.com/@ifixip,@ifixip,Apple Mobile Shop,177,252,4,"Apple repair shop channel promising behind-the-scenes repair lab footage of screens, batteries, water damage.",phone repair | iphone repair,UC0_-fhH9NE7Sf1-y2PwEXbA,hands,phone-repair,wave1,2026-09-14,filter,253
https://www.youtube.com/@ifixitkashmir,@ifixitkashmir,IFIXIT KASHMIR,4020,381,4,"Dedicated iPhone repair channel with step-by-step tutorials on screens, batteries, cameras and charging ports.",phone repair | iphone repair,UCvejPxoj7h_C9EbUEewJRUA,hands,phone-repair,wave1,2026-09-14,filter,381
https://www.youtube.com/@ifixmobile1,@IFixMobile1,I fix mobile ,48,53,4,Mobile repair tutorial channel covering hardware issues like screen damage and charging across major brands.,phone repair | mobile repairing | mobile phone repair,UCbBLaCf2JCDtAz7ZK4HD18Q,hands,phone-repair,gray_v2,2026-09-14,filter,53
https://www.youtube.com/@ifixprousa,@iFixProUSA,iFix Pro USA,1530,234,4,Board-level repair channel with teardown tutorials covering logic board and screen replacement guides.,phone repair | smartphone repair,UCqSCeAmuTzPhGfvswRKyajA,hands,phone-repair,wave1,2026-09-14,filter,234
https://www.youtube.com/@ifixsolution1127,@ifixsolution1127,I fix solution,165,93,4,"Mobile repair institute with job-done titles showing touch, ringer and hardware fault fixes on real devices.",mobile repairing,UCNwCcYiHRTpsMvs7uTO1V4w,hands,phone-repair,rest1,2026-09-14,filter,276
https://www.youtube.com/@igadgetplayboy6705,@igadgetplayboy6705,iGadget playboy,3250,60,4,iPhone repair tutorial channel with step-by-step screen and battery replacement guides described.,phone repair | iphone repair,UCPjxpDIVRdBO0TqcQvXBqZg,hands,phone-repair,wave1,2026-09-14,filter,60
https://www.youtube.com/@igarage-institute,@igarage-institute,I Garage Institute ,7240,113,4,Institute description promises comprehensive iPhone repair service mastery guide with contact info.,phone repair | iphone repair,UC6qmWCUT-suwL18gtX2druQ,hands,phone-repair,gray_v2,2026-09-14,filter,113
https://www.youtube.com/@igbcell,@igbcell,IGBCELL ,30300,1333,4,"Phone repair channel with practical tutorials and tool reviews for technicians, mostly on-topic.",manutenção de celular,UCuuHlG1JXmr0q8o-catKw_A,hands,phone-repair,gray_v2,2026-09-14,filter,1333
https://www.youtube.com/@ijymobile,@ijymobile,ijy mobile repair ,37,54,4,"Mobile repair shop channel describing screen, battery and real repair videos with minor laptop support mention.",phone repair | mobile phone repair,UCX_CEPfhzwWw3x1yGH4nPjw,hands,phone-repair,gray_v2,2026-09-14,filter,54
https://www.youtube.com/@ikramsarwargsm,@ikramsarwargsm,Ikram Sarwar,3400,223,4,"Practical mobile repairing training center bio, thin evidence but on-topic.",mobile repairing,UCxHP84BpOXLiLMBZfKkvz4w,hands,phone-repair,rest1,2026-09-14,filter,223
https://www.youtube.com/@ilyesbeddou,@Ilyesbeddou,Ilyes Beddou - إلياس بدو,28500,151,4,"Simple description stating phone repair channel, thin evidence but no counter-signals.",phone repair,UC14p4AB4PgaOzE1JdafmjTQ,hands,phone-repair,rest1,2026-09-14,filter,151
https://www.youtube.com/@imake97,@imake97,imake iPhone service ,80,59,4,"iPhone/Android chip-level repair channel with titles on error fixes and CPU issues, board-level focus.",chip level,UCeKDoji9JgaU-99QIlbiViQ,hands,phone-repair,wave1,2026-09-14,filter,70
https://www.youtube.com/@imamtechnician,@Imamtechnician,I Tech Repair .,49,79,4,"Titles show real disassembly and back panel replacement work on phones, hands-on repair evident.",mobile repairing,UC9qGNE3SmKh3g4MBg8M0lrQ,hands,phone-repair,wave1,2026-09-14,filter,84
https://www.youtube.com/@imdadroy,@Imdadroy,Imdad X Care,54,53,4,"Dedicated channel describing hardware repairing, fault finding and real-time repair videos for technicians.",mobile repairing,UCTFrCTMRj9Wmr_XtDEWC2Mg,hands,phone-repair,gray_v2,2026-09-14,filter,56
https://www.youtube.com/@imobilesolution123,@Imobilesolution123,I MOBILE SOLUTION,154,91,4,Shop channel with titles showing actual display and body replacement work on tablets and phones.,mobile repairing,UCT5tuPJnKG5kUKBGtjkkWUw,hands,phone-repair,wave1,2026-09-14,filter,142
https://www.youtube.com/@imobsmart,@imobsmart,IMOB SMART-CURSO MANUTENÇÃO DE CELULARES,1300,242,4,Practical and theoretical mobile maintenance course channel targeting technician training in electronics repair.,manutenção de celular,UCt9fA9GebtPHuL5-6WE-OhQ,hands,phone-repair,wave1,2026-09-14,filter,242
https://www.youtube.com/@imranchinamobile,@Imranchinamobile,Is mobile ,610,75,4,"Short titles show real back-glass and LCD replacement work on iPhones, though brief and Shorts-like.",mobile repairing | emmc,UCjXaOYYtTRQZHMdzCtItHcQ,hands,phone-repair,wave1,2026-09-14,filter,75
https://www.youtube.com/@incellmobile2020,@incellmobile2020,INCELL MOBILE REPAIRING 1M,2270,108,4,Mobile repairing channel covering hardware and software solutions with tutorial-style descriptions.,mobile repairing,UCfXLYa2gMk7lA0jr73tSL0g,hands,phone-repair,rest1,2026-09-14,filter,108
https://www.youtube.com/@indermobilerepair,@InderMobileRepair,InderMobileRepair,1390,302,4,"Hindi mobile hardware repair channel with simple explained repair videos, thin evidence but clear focus.",mobile repairing | मोबाइल रिपेयरिंग,UCn2PWkP-Sa_KZcExcVHX3Yg,hands,phone-repair,gray_v2,2026-09-14,filter,302
https://www.youtube.com/@indianengineer4300,@indianengineer4300,Indian Engineer,588,148,4,"Channel explicitly states mobile repairing and restoration videos, thin but relevant evidence.",mobile repairing,UC6rtdTB4vedRTG4nF9hdEjQ,hands,phone-repair,gray_v2,2026-09-14,filter,148
https://www.youtube.com/@indianmobilekatarhakam,@Indianmobilekatarhakam,Indian mobile katar hakam,1490,66,4,"EMMC hardware course covering IC removal, cleaning, placing and schematic knowledge for board-level repair.",emmc,UCbDdjwPLsyDcT46l8QvjEsA,hands,phone-repair,wave1,2026-09-14,filter,66
https://www.youtube.com/@indiantech603,@Indiantech603,Mobile Repairing Tech (MR Tech),2950,310,4,"Hobbyist repairing channel covering hardware, software and mobile repairing topics broadly.",mobile repairing | मोबाइल रिपेयरिंग,UCyKdE__3njgeYqyfgJIt6dA,hands,phone-repair,gray_v2,2026-09-14,filter,310
https://www.youtube.com/@indiatechnology4972,@indiatechnology4972,India Technology,11400,9445,4,Channel focused on mobile hardware/software repair solutions and jumper diagrams.,mobile repairing,UCfynI9cSCaTqNRKuS3nwFjg,hands,phone-repair,gray_v2,2026-09-14,filter,9445
https://www.youtube.com/@indikaservis8349,@indikaservis8349,Indika Servis,4750,95,4,"Phone servicing channel for beginners and professionals, thin but clearly on-topic description.",servis hp,UC5V0HTyb9OkvkwwiGy1gRTg,hands,phone-repair,gray_v2,2026-09-14,filter,95
https://www.youtube.com/@infocelltecnologia,@infoCellTecnologia,InfoCell Tecnologia ,6080,71,4,"Channel dedicated to sharing phone repair knowledge and videos, thin but on-topic description.",conserto de celular,UCP1qVxd9WaYk9_NJkk_SH5Q,hands,phone-repair,gray_v2,2026-09-14,filter,71
https://www.youtube.com/@inforredescelulares,@InforRedesCelulares,TegCell Loja 2,3790,58,4,"Channel sharing tips for aspiring phone, tablet and notebook technicians, thin but repair-focused.",manutenção de celular,UCbAAGjAnD2n2X75hHoTX7NA,hands,phone-repair,gray_v2,2026-09-14,filter,58
https://www.youtube.com/@instituteofmobilerepairing,@instituteofmobilerepairing,ALI SIR,2700,62,4,Mobile repairing institute description advertising courses from basic to advanced level.,mobile repairing,UCEVXkfMTmyzvRpiOh8P2NLw,hands,phone-repair,rest1,2026-09-14,filter,62
https://www.youtube.com/@intajali-lc8ip,@intajali-lc8ip,Intaj Ali 786,49,60,4,"Titles show real hardware repair work like charging jack replacement, dead phone solutions and network fixes.",mobile repairing,UC7s-hrLsxTVH4Fq9blJZxjA,hands,phone-repair,wave1,2026-09-14,filter,60
https://www.youtube.com/@intekhabansary,@IntekhabAnsary,Dijital Mobile riper,280,70,4,Titles show board-level fixes like power IC reball and charging connector solution on feature phones.,mobile repairing,UCwmw-Bctb07RS_IDcsGeENg,hands,phone-repair,wave1,2026-09-14,filter,70
https://www.youtube.com/@internaltechnology,@INTERNALTECHNOLOGY,INTERNAL TECHNOLOGY,7880,123,4,"Channel dedicated to teaching mobile repairing, thin evidence but clearly on-topic.",mobile repairing,UC9JSRThkSqnLRCQH1MZ8R7Q,hands,phone-repair,gray_v2,2026-09-14,filter,123
https://www.youtube.com/channel/uc00vxcwosrnuqes5be5cltg,@io0nzo0n26,Repsure🛠️,129,51,4,"Titles show real screen and battery replacements on iPhone, Oppo, Asus devices at bench.",reparación de celulares,UC00vxcWoSrNUqEs5bE5clTg,hands,phone-repair,rest1,2026-09-14,filter,51
https://www.youtube.com/@iphone_repair.,@IPHONE_REPAIR.,Iphone Fixit ,2110,71,4,"iPhone/Android hardware repair channel listing display, glass and EMMC solutions with laser machine work.",phone repair | iphone repair | emmc,UCi7XSyTbrK5HoTKCTg63deg,hands,phone-repair,rest1,2026-09-14,filter,71
https://www.youtube.com/@iphoneexpertsgaffar,@iPhoneExpertsGaffar,iPhoneExperts,581,60,4,Phone repair shop channel marketing screen and battery fixes with skilled technicians described.,phone repair,UCMd4_dGGSpk77KgOlgXVqCQ,hands,phone-repair,rest1,2026-09-14,filter,60
https://www.youtube.com/@iphonefixed_delhi,@iphonefixed_Delhi,iphonefiXed,1360,405,4,"iPhone/Apple device repair channel with hardware services like battery, display, water damage repair alongside software troubleshooting.",phone repair | iphone repair,UCXAHGSHbA2fN1RIlzNWNCcw,hands,phone-repair,wave1,2026-09-14,filter,405
https://www.youtube.com/@iphoneipadapplewatchmacboo5841,@iphoneipadapplewatchmacboo5841,ซ่อม IPhone IPad by Bird,688,53,4,iPhone/iPad/Apple Watch repair shop channel showing screen glass replacement and storage upgrade titles.,ซ่อมมือถือ,UCNGPDVxpSvZBa6T0RkoT2Mg,hands,phone-repair,wave1,2026-09-14,filter,53
https://www.youtube.com/@iphonemaster2928,@iphonemaster2928,IPHONE MASTER,4410,75,4,"Dedicated iPhone repairing information channel, thin description but clearly on-topic.",phone repair | iphone repair,UCCL-gDnR2oic0vL4RIaovBg,hands,phone-repair,gray_v2,2026-09-14,filter,75
https://www.youtube.com/@iphoneperfectrepairlab,@IPhoneperfectrepairlab,IPhone perfect Repair lab ,4090,469,4,"iPhone repair lab teaching board swap, Face ID and screw damage fixes at chip level.",phone repair | iphone repair,UCdmRFTrhNPVDelUppqv5CXA,hands,phone-repair,wave1,2026-09-14,filter,469
https://www.youtube.com/@iphonerepairdev22,@iphonerepairdev22,Dev 22,2690,472,4,Titles show real iPhone LCD and back glass replacement with detailed screen opening steps.,phone repair | iphone repair | emmc,UCz3vVFjxaMtqjSMJ6bimKPQ,hands,phone-repair,wave1,2026-09-14,filter,472
https://www.youtube.com/@iphonerepairingcourse,@iphonerepairingcourse,iPhonerepairingcourse,11600,3065,4,"Mobile/laptop/TV repair institute with practical chip-level courses, phones are one strand among multiple device types.",phone repair | mobile repairing | iphone repair | chip level | mobile repairing course | TV repair | TV repairing,UCdzdL64-KVe0aeEoYIT6few,hands,phone-repair,wave1,2026-09-14,filter,3065
https://www.youtube.com/@iphonetechnician0,@Iphonetechnician0,Iphone Technician ,756,63,4,"iPhone repair shop description detailing screen, battery, motherboard chip-level and water damage repairs.",phone repair | iphone repair,UCUC2GGPDSuuI_uE0AkWNYlw,hands,phone-repair,wave1,2026-09-14,filter,65
https://www.youtube.com/@ipodjuice,@ipodjuice,ipodjuice,200,100,4,Dedicated iPod/iPhone repair shop with titles showing LCD/digitizer replacement and order-based repair documentation.,phone repair | iphone repair,UCTWBsb6wXJIYqsK9ra3s45g,hands,phone-repair,wave1,2026-09-14,filter,100
https://www.youtube.com/channel/uco5s1pclsahgmt13yij4u4q,@ipower_vizag,ipower_apple_experts_vizag,53,57,4,iPhone/iPad/macbook chip-level repair expert titles showing touch glass change and repair work on camera.,chip level,UCO5S1PCLSaHgmT13yiJ4u4Q,hands,phone-repair,wave1,2026-09-14,filter,59
https://www.youtube.com/@iredutechexpert,@iredutechexpert,IR EDUTECH EXPERT,2180,503,4,"Mobile repairing course channel covering hardware, chip-level, OCA lamination and glass training.",mobile repairing | chip level | emmc | electronics repair course | electronics repairing institute,UCKEc5zbiGvb28z24YhvUj9A,hands,phone-repair,wave1,2026-09-14,filter,503
https://www.youtube.com/@iremplace98,@IRemPlace98,iRemPlace,66,58,4,Phone/tablet/laptop repair channel with thin description but clear repair focus.,ремонт телефонов,UCPXpJgszzRFgGRijxxjgX-A,hands,phone-repair,gray_v2,2026-09-14,filter,81
https://www.youtube.com/@irepair_studio,@iRepair_Studio,iRepair Studio ,162,140,4,"iPhone repair center description mentions board-level repair expertise, but no titles confirm on-camera format.",phone repair | iphone repair,UCyKxya19T5JbARVo6ye4o8w,hands,phone-repair,wave1,2026-09-14,filter,140
https://www.youtube.com/@irepairhubpk,@Irepairhubpk,IRepair Hub pk,79,55,4,"IPhone repairing channel across all models, thin description but clearly on-topic repair focus.",phone repair | iphone repair,UCZW4S0UP9oZQ6LnwGPGszCw,hands,phone-repair,gray_v2,2026-09-14,filter,55
https://www.youtube.com/@irepairman,@irepairman,iRepairMan,240,299,4,"Repair shop description details screen, battery, water damage and camera repairs for iPhone/Samsung/iPad devices.",phone repair | iphone repair,UCd9MHg4ceWm00OP6rXJTOtg,hands,phone-repair,wave1,2026-09-14,filter,299
https://www.youtube.com/@irepairnh,@iRepairNH,iRepair Assistência Técnica,2890,60,4,"Repair shop channel showing real defects and step-by-step board/component repairs for phones, notebooks and macbooks.",manutenção de celular,UCbdP3c6acDwVLyaba8cev4Q,hands,phone-repair,gray_v2,2026-09-14,filter,60
https://www.youtube.com/@irevivecellulare,@Irevivecellulare,I Revive Cellulare,1530,379,4,"Daily live mobile repairing channel covering LCD replacement, charging fixes and glass repairs on camera.",mobile repairing,UCndIqwldQUOg-vao89pbORw,hands,phone-repair,wave1,2026-09-14,filter,379
https://www.youtube.com/@irfanmobi,@irfanmobi,IR mobile repair,3130,248,4,"13-year mobile hardware/software repair technician channel, solid repair-focused description though no titles shown.",mobile repairing,UCLhERkGrH--hCzxYT1_TOTg,hands,phone-repair,wave1,2026-09-14,filter,248
https://www.youtube.com/@irfix,@irfix,irfix_mobile service technology ,957,153,4,"Dedicated smartphone repair channel promising step-by-step battery, screen and board-level repair tutorials.",phone repair | smartphone repair | iphone repair | microsoldering,UCpL1u2uy8_hPF84sd50dLaA,hands,phone-repair,wave1,2026-09-14,filter,160
https://www.youtube.com/@ironmobile2941,@ironmobile2941,iron mobile 02,526,60,4,"Mobile repairing shop channel showing repair videos across brands like Oppo, Vivo, Samsung.",mobile repairing,UCDg-eFcUKxLJHB87HilgiHQ,hands,phone-repair,gray_v2,2026-09-14,filter,62
https://www.youtube.com/@irshadkhan-dk4dk,@irshadkhan-dk4dk,Md mobile ,15,66,4,"Simple mobile repairing channel name and description, thin but clearly on-topic.",mobile repairing,UC7Y5Rhq_Qb3sJa2M9uqhbOg,hands,phone-repair,gray_v2,2026-09-14,filter,66
https://www.youtube.com/@iselectpremium,@iselectpremium,iSelect Premium,1700,94,4,"Technical lab channel on smartphone screen replacement and parts testing, business-flavored but repair-focused.",phone repair | smartphone repair,UCg2A8ahCcLC4wOtpmzLOBZg,hands,phone-repair,rest1,2026-09-14,filter,94
https://www.youtube.com/@ishutechnical25,@ishutechnical25,Ishutechnical,417,81,4,"Hindi mobile repair channel with titles showing back panel opening, charging port replacement, combo change.",mobile repairing | मोबाइल रिपेयरिंग,UC78HE4kfP6N3WmFs-TamTtA,hands,phone-repair,wave1,2026-09-14,filter,95
https://www.youtube.com/@ishwarmobileguruji,@ishwarmobileguruji,Ishwar mobile Guruji,3050,112,4,"Owner's own mobile repairing shop channel focused on repair topics, thin one-line bio evidence.",mobile repairing,UCjTggxy4HeoM9gOV175H93g,hands,phone-repair,gray_v2,2026-09-14,filter,112
https://www.youtube.com/@ismaelnunescursouniverso6803,@ismaelnunescursouniverso6803,Ismael Nunes Curso Universo,3210,231,4,"Founder of mobile repair training courses and technical assistance center, description indicates hands-on teaching content.",manutenção de celular,UCNNYVPAvSXMNFyDUsxwZ-Yg,hands,phone-repair,wave1,2026-09-14,filter,231
https://www.youtube.com/@ismaelzimm,@Ismaelzimm,Ismael Mendes,3040,103,4,"Personal channel about the world of cellphone maintenance and entrepreneurship, thin but on-topic.",manutenção de celular,UCJ54gMFabP84epJ48nHtV0w,hands,phone-repair,gray_v2,2026-09-14,filter,103
https://www.youtube.com/@isolutiontraders,@isolutiontraders,I Solutions Traders,461,91,4,iPhone repair specialist and data recovery focus with hashtags suggesting real hands-on repair videos.,phone repair | iphone repair,UC-OhTL8rA_Wl6-NFb8TDy4w,hands,phone-repair,wave1,2026-09-14,filter,91
https://www.youtube.com/@it-tutorials-,@IT-Tutorials-,IT TUTORIALS,44,78,4,"Phone repair tutorial channel claiming fast, accurate, skilled hardware fixes.",phone repair,UCQZ3b6C6vJGrTjUABwEPv5Q,hands,phone-repair,wave1,2026-09-14,filter,78
https://www.youtube.com/@it_shop_service,@iT_Shop_Service,@iT แอดไอที Shop & Service,445,134,4,Thai repair shop channel titles show actual screen replacements on phones like Samsung and Oppo.,ซ่อมมือถือ,UCvHDrXoaBuWl0MEjAvFow1A,hands,phone-repair,wave1,2026-09-14,filter,134
https://www.youtube.com/@itcelmania1418,@Itcelmania1418,Itcelmania,7100,95,4,Channel dedicated to cellphone repair videos for technicians across countries.,reparación de celulares,UCexYQjLd0wfauV6_vy7F3tQ,hands,phone-repair,gray_v2,2026-09-14,filter,95
https://www.youtube.com/@itechsolution46,@Itechsolution46,Itech solutions ,195,193,4,"Description details display glass, flex repair, chip level work across iPhone/android/ipad, wholesale sales side too.",phone repair | mobile repairing | iphone repair | chip level | watch repair,UCRVPLSJA5_5vy0vWR6uHY3A,hands,phone-repair,wave1,2026-09-14,filter,193
https://www.youtube.com/@itechsolutions9491,@itechsolutions9491,ITech Solutions,108,62,4,"Channel dedicated to sharing technical knowledge about mobile phone repairs, thin but clearly on-topic.",phone repair | mobile phone repair,UCwTPUwosOO_D6dRzdl--PxQ,hands,phone-repair,gray_v2,2026-09-14,filter,76
https://www.youtube.com/@itgyanindore,@ITGyanIndore,IT Gyan Indore,6070,123,4,Institute description explicitly covers chip-level mobile and laptop repair training with practical courses.,mobile repairing | chip level | mobile repairing course | chip level repair | laptop repair course,UCjN5VaRJHqyVAdAMyOLrqUA,hands,phone-repair,wave1,2026-09-14,filter,123
https://www.youtube.com/@itstricksmobile,@itstricksmobile,Tricks Mobile,5190,384,4,"Channel explicitly promises mobile repairing videos covering software and hardware, thin evidence.",mobile repairing,UCq7hrigyj3za54hm329qWuA,hands,phone-repair,gray_v2,2026-09-14,filter,384
https://www.youtube.com/@iuripaixaooficial,@iuripaixaooficial,Iuri Paixão Especialista em Celulares,25500,324,4,Cellphone repair techniques channel mixed with entrepreneurship/marketing advice for repair shop owners.,manutenção de celular,UChQjlG75M_LndMnDtGMcN7w,hands,phone-repair,gray_v2,2026-09-14,filter,324
https://www.youtube.com/@jadhavmobileshop9637,@Jadhavmobile9637,Jadhav mobile,330,193,4,Mobile shop channel with step-by-step hardware repair tutorials including screen and battery replacement.,mobile repairing,UCXRnuzhEEe4r0ALdclW5LRg,hands,phone-repair,gray_v2,2026-09-14,filter,275
https://www.youtube.com/@jagpa123mobile,@JAGPA123MOBILE,JAGPAL MOBAIL TECHNICAL,269,123,4,"Titles show real repair jobs like tablet charging repair, folder/glass replacement across multiple phone models.",mobile repairing,UCe7ZZlGOy6dLmnsPspGvw2A,hands,phone-repair,wave1,2026-09-14,filter,122
https://www.youtube.com/@jahanmobile,@JahanMobile,Jahan Mobile,7260,195,4,"Thin one-line description naming mobile repairing solutions channel, no titles but plausible repair focus.",mobile repairing,UC6xrgWZ3_1Gpxuqgz35NKsQ,hands,phone-repair,rest1,2026-09-14,filter,195
https://www.youtube.com/channel/ucid6veyz0uzxm_envh_rkjw,@JainMobilerepairing-t5p4h,Jain Mobile Repairing,62,59,4,"Shop channel naming display, battery, charging, EMMC and data recovery repair services.",mobile repairing | emmc,UCiD6vEyz0uzxm_EnVh_rKjw,hands,phone-repair,gray_v2,2026-09-14,filter,63
https://www.youtube.com/@jainmobilerepairing2009,@jainmobilerepairing2009,Jain mobile repairing,329,259,4,"Titles show charging port change and microscope cleaning for mobile repair, real bench work evident.",mobile repairing,UCtBtjRClszIIcl-nsBLe4wQ,hands,phone-repair,wave1,2026-09-14,filter,277
https://www.youtube.com/@jamilmobile,@jamilmobile,Jamil Mobile,1480,111,4,"Training-center channel teaching mobile repairing lessons online, fits course/practical bench format.",mobile repairing,UCNyuFE6iENVy8nsj0MeMJPQ,hands,phone-repair,gray_v2,2026-09-14,filter,111
https://www.youtube.com/@jananimmk,@jananiMMK,Janani,2300,119,4,"Mobile phone repair hardware and software training channel, thin but clearly on-topic description.",phone repair | mobile phone repair,UC2G9jzoDK7EoSXt3ixS5qYw,hands,phone-repair,rest1,2026-09-14,filter,119
https://www.youtube.com/@janghelearningtrick,@JanghelEarningTrick,Janghel Earning Trick,687,128,4,"Titles show charging port and hardware fault fixes across multiple phone brands, real repair work.",mobile repairing,UCa9QKVzgRFyS4hC2_0gfxPw,hands,phone-repair,wave1,2026-09-14,filter,128
https://www.youtube.com/@jaspalmobile,@jaspalmobile,Jaspal Mobile Repairing ,7480,742,4,Thin bio naming mobile repairing trade with no distracting signals.,mobile repairing,UCIswX7yZXefCor20sUgr5cw,hands,phone-repair,gray_v2,2026-09-14,filter,742
https://www.youtube.com/@javiersdiy,@JaviersDIY,Javier's DIY,20000,307,4,"Describes screen replacements, battery swaps and DIY electronics tutorials with step-by-step format.",phone repair,UC1rJqqXWGpvYtrbiZXRInbQ,hands,phone-repair,wave1,2026-09-14,filter,307
https://www.youtube.com/@jayservs5323,@jayservs5323,JAY SERV'S,1690,107,4,"Cell phone repair channel covering hardware and software, thin but plainly repair-focused bilingual description.",phone repair | cell phone repair,UCQ5U8-z-35OJ2nhlsV5jUAg,hands,phone-repair,rest1,2026-09-14,filter,107
https://www.youtube.com/@jeenitech,@JEENITECH,JEENI TECH,16200,407,4,"Electronics and mobile phone repair/restoration channel, thin but clearly on-topic description.",phone repair | mobile phone repair,UCIBUXDfBbOa5mauibKvt-FA,hands,phone-repair,gray_v2,2026-09-14,filter,407
https://www.youtube.com/@jhedguan2273,@jhedguan2273,jhed guan,29,57,4,"Cellphone repair channel with charging, LCD, battery and flex cable repair titles, some FRP mixed in.",phone repair | cellphone repair,UCvOS3ccmqYeXijEWG-Tzpfw,hands,phone-repair,gray_v2,2026-09-14,filter,81
https://www.youtube.com/@jigo8090,@jigo8090,Jagdish_kumawat_Vlogs,1850,496,4,"Mobile shop vlogs plus repairing all models, thin evidence but plainly a repair shop.",mobile repairing,UCUrqq9hNwVyLejfBoQmVwFg,hands,phone-repair,rest1,2026-09-14,filter,496
https://www.youtube.com/@jitendramobiles,@jitendramobiles,jitendra mobile & photo studio ,32,74,4,"Mobile repair channel with motherboard repair, IC change, flashing and dead phone solution content.",mobile repairing | motherboard repair,UCsca1fb6xj13yg_BvunSj_g,hands,phone-repair,gray_v2,2026-09-14,filter,74
https://www.youtube.com/@jk7tech,@JK7tech,JK7tech,143,83,4,Owner of mobile repairing shop describing content related to the shop's repair work.,mobile repairing,UCifjunq258y1r0SQGpaAxyg,hands,phone-repair,rest1,2026-09-14,filter,83
https://www.youtube.com/@jk_mobile_007,@jk_mobile_007,jaggi mobile repairing 🪛🔬,287,170,4,Mobile repairing channel handle includes microscope emoji suggesting chip-level bench work.,mobile repairing,UC7vZd2B_1ZmkAKVWoq-fdcg,hands,phone-repair,gray_v2,2026-09-14,filter,170
https://www.youtube.com/@jkhantechnical8231,@jkhantechnical8231,J khan technical,1130,50,4,Technical channel teaching mobile repairing hardware/software and charger repairing.,mobile repairing,UCGCO8cQzJCT5dDpRKeAdCSA,hands,phone-repair,gray_v2,2026-09-14,filter,50
https://www.youtube.com/@jkmobile_repairing_sale26,@JkMobile_repairing_sale26,Jk Mobile,70,62,4,Shop doing glass/screen changes on multiple phone models shown in short repair titles.,mobile repairing,UCl0uS0FBb1tge0Wp-lWwcDA,hands,phone-repair,gray_v2,2026-09-14,filter,62
https://www.youtube.com/@jmjmobilerepairing,@jmjmobilerepairing,jmj mobile repairing ,354,243,4,"Shop repair channel with brief title referencing a Realme model, thin but plain repair evidence.",mobile repairing,UCedNp3nj64RFIdcUZoZf1-A,hands,phone-repair,rest1,2026-09-14,filter,249
https://www.youtube.com/@jmobilemasterkazakhstan6773,@jmobilemasterkazakhstan6773,Jmobile / Masterkazakhstan,482,54,4,"Apple repair lab with micro-soldering and data recovery services, titles show real iPhone board troubleshooting sessions.",micro soldering,UCw3XUA_O8WUD5OennliesXA,hands,phone-repair,rest1,2026-09-14,filter,54
https://www.youtube.com/@joydeb.mobile,@Joydeb.Mobile,꧁Joydeb dey꧂,62,68,4,"Self-described mobile technician channel covering hardware and software repair, thin but on-topic.",mobile repairing,UCzYdY0gAFQfawNC5iM3D8Pg,hands,phone-repair,gray_v2,2026-09-14,filter,68
https://www.youtube.com/@jp.mobile-143,@JP.MOBILE-143,JP Mobile Kalyan,453,180,4,"Repair and service center name, thin evidence but plainly a repair shop channel.",mobile repairing,UCy7NF6OaPMQNmuFfaBdBS3A,hands,phone-repair,rest1,2026-09-14,filter,181
https://www.youtube.com/@jpmobile1331,@Jpmobile1331,Jp Mobile,234,123,4,"Titles show multimeter usage and dead phone diagnosis technique, indicating hands-on repair demonstrations.",mobile repairing,UCQnWKGKrb0ZVT5vnjEAZlWw,hands,phone-repair,rest1,2026-09-14,filter,418
https://www.youtube.com/@jrmobilerepairing,@JRmobilerepairing,JR mobile repairing,3560,200,4,"Mobile problem solution and repairing channel, straightforward on-topic description.",mobile repairing,UC6BAGXikOLhEe1XntO_rWCQ,hands,phone-repair,gray_v2,2026-09-14,filter,200
https://www.youtube.com/@jspmobiletechnician,@JspMobileTechnician,Jsp Mobile Technician,98,99,4,Titles show charging port and screen replacement repairs alongside FRP unlock and software flashing content.,mobile repairing | mobile repairing course,UCM-gzh2meLm-jgAp0uNXV4g,hands,phone-repair,rest1,2026-09-14,filter,122
https://www.youtube.com/@jspmobiletrainingresearchc6773,@jspmobiletrainingresearchc6773,JSP Mobile Training & Research Central,2730,148,4,Mobile training institute specializing in eMMC repairing courses with practical bench-focused curriculum described.,emmc,UCWrFuFrgaIL89mNy_JGyzog,hands,phone-repair,wave1,2026-09-14,filter,148
https://www.youtube.com/@jtech3351,@jtech3351,@j Tech,746,56,4,"Titles show real board-level repairs like EMMC repair, charging IC solution and glass cutting.",mobile repairing,UCbOIPa1o_wHsJVQAQTe_0rQ,hands,phone-repair,wave1,2026-09-14,filter,76
https://www.youtube.com/@jtgrepair,@jtgrepair,JTG Repair,774,206,4,Phone repair/dismantle channel with titles like Fold 4 dismantled and troubleshooting reboot issues on camera.,phone repair,UCOJ3SQc6ON67V-NK_lHflNA,hands,phone-repair,trial100,2026-09-14,filter,247
https://www.youtube.com/@juantamay,@JUANTAMAY,JUAN TAMAY,9920,87,4,"Repair channel for phones, tablets and basic electronics, thin one-line description but on-topic.",reparación de celulares,UC5EHgYkudcvr3wbv8wMSSNA,hands,phone-repair,gray_v2,2026-09-14,filter,87
https://www.youtube.com/@jugnutechnochannel_862k,@jugnutechnochannel_862K,JUGNU Techno Channel,1380,168,4,Mobile repairing and troubleshooting tutorials channel with expert guides on device fixes.,phone repair | mobile repairing | smartphone repair,UCHmqAfGacDvqtuqLJbIfOwg,hands,phone-repair,gray_v2,2026-09-14,filter,168
https://www.youtube.com/@julianocelular,@julianocelular,JCEL Consert. de Celulares e Tablets,323,74,4,"Portuguese channel dedicated to sharing cellphone and tablet maintenance knowledge, description directly on-topic.",manutenção de celular,UCQ-OxHzva4seaCk59KkjpBA,hands,phone-repair,wave1,2026-09-14,filter,76
https://www.youtube.com/@junaidmobilefixer,@JunaidMobileFixer,Junaid Mobile Fixer,3130,349,4,Repair shop channel covering hardware and software mobile issues with straightforward repair focus.,mobile repairing,UCUR6m4rBlxs0enxO7uoqeeA,hands,phone-repair,gray_v2,2026-09-14,filter,349
https://www.youtube.com/@jymskymobile-rk1pu,@Jymskymobile-rk1pu,my experience knowledge ,3090,171,4,Thin bio stating channel teaches all mobile phone repairing education.,phone repair | mobile phone repair,UCQMG-6_Pv0LZbWcK5QBjEJg,hands,phone-repair,gray_v2,2026-09-14,filter,172
https://www.youtube.com/@jysaparts,@JYSAPARTS,JYSAPARTS,12200,54,4,"Component-level soldering and micro-soldering tutorials, though also covers CD/DVD laser mechanisms, not purely phones.",microsoldadura,UCWLSef8E0t4rMZwfDNVHrGg,hands,phone-repair,rest1,2026-09-14,filter,54
https://www.youtube.com/@k.kmobiledoctor8738,@k.kmobiledoctor8738,New Journey With Sandy,3560,163,4,Hindi mobile repairing tutorial channel with daily videos aimed at teaching repair skills.,mobile repairing | मोबाइल रिपेयरिंग,UCs2izM3dB79PjC4VlYV1VJQ,hands,phone-repair,wave1,2026-09-14,filter,163
https://www.youtube.com/@kabonster,@Kabonster,Kabonster,1910000,242,4,Phone repair shop channel founder describes phone repair as core business with tech content.,phone repair,UCFOjsHNR62Bd8z63xv-wMmA,hands,phone-repair,rest1,2026-09-14,filter,242
https://www.youtube.com/@kaisebanaye1,@Kaisebanaye1,kaise banaye,706,745,4,"Detailed description of mobile motherboard, hardware, software repair with parts and IC terminology.",mobile repairing | motherboard repair,UC13nrlnPl4UDhenBNcq3OIA,hands,phone-repair,gray_v2,2026-09-14,filter,744
https://www.youtube.com/@kaishmobile620,@Kaishmobile620,KAISH Mobile ,205,77,4,"Lists specific repair tasks like display change, charging jack, IC reballing and dead solution.",mobile repairing,UClleN4Jq1DaOnH_kI3WKUWQ,hands,phone-repair,gray_v2,2026-09-14,filter,98
https://www.youtube.com/@kamleshshyammobilesarvice847,@kamleshshyammobilesarvice847,Mobile Problume Tech,65,51,4,"Titles show specific hardware repairs like jumper fixes, charging solutions and screen/glass replacement on camera.",mobile repairing,UCSPhd7UkXBqBGZRAGxghEpA,hands,phone-repair,wave1,2026-09-14,filter,50
https://www.youtube.com/@kangmusjb,@KANGMUSJB,KANG MUS JB,28600,1885,4,"Indonesian phone repair tutorial channel covering disassembly, parts replacement and hardware/software fixes.",servis hp,UCdQMYp0tay_eN-mvSc6pCSw,hands,phone-repair,wave1,2026-09-14,filter,1886
https://www.youtube.com/@kanhaiyamobiletec,@kanhaiyamobiletec,Kanhaiya mobile repairing ,26400,76,4,"Mobile and general electronic equipment repair channel, thin evidence but repair-focused.",mobile repairing,UCw0ohKFp8N10uWUDTNBMAjw,hands,phone-repair,gray_v2,2026-09-14,filter,76
https://www.youtube.com/@kanhamobile2003,@KanhaMobile2003,Kanha Mobile,44,52,4,"Titles show battery connector replacement and charging port SMD fixes, real hands-on mobile repair content.",mobile repairing,UChlfGQ_yYxC3-R__5mxnZWQ,hands,phone-repair,wave1,2026-09-14,filter,52
https://www.youtube.com/@kapishcommunication,@Kapishcommunication,Kapish Communication ,220,53,4,Titles show real iPhone housing/body and speaker replacement repairs on camera.,mobile repairing,UCZMA9gKRKipaL3gblI16Mrw,hands,phone-repair,wave1,2026-09-14,filter,53
https://www.youtube.com/@karan-mobile-pimpri,@karan-mobile-pimpri,KARAN MOBILE PIMPRI ,831,230,4,Courier repair shop with titles showing touchpad repair tricks and display separator machine tutorials.,mobile repairing,UCY5dow-iwBlAR5ltzmyFJcA,hands,phone-repair,rest1,2026-09-14,filter,237
https://www.youtube.com/@kareemmobiletechnology,@kareemmobiletechnology,Kareem Mobile Technology,1440,106,4,Mobile repair shop listing display/battery repairs across many brands.,phone repair | mobile repairing | iphone repair,UCCJcg2T9lhFJtV5X67BxjyQ,hands,phone-repair,gray_v2,2026-09-14,filter,106
https://www.youtube.com/c/karimostazmobileshergarh,@kareemSolarAndTeach,Karim Ostaz Solar And Teach,10100,893,4,"Practical mobile hardware training channel covering disassembly, IC reballing and hardware solutions.",phone repair | mobile repairing | mobile phone repair | smartphone repair | mobile repairing course,UCk5-LGhH5WvxQBFAcQ9SO5Q,hands,phone-repair,rest1,2026-09-14,filter,894
https://www.youtube.com/channel/ucoskthxsgva8ajp4kd1jfna,@karthikmobileItariya,Karthik Mobile Itariya ,91,84,4,Thin evidence but name and description clearly indicate a mobile repairing short-video channel.,mobile repairing,UCoSKThXsgvA8AJP4kD1jfNA,hands,phone-repair,rest1,2026-09-14,filter,91
https://www.youtube.com/@kashi_tech_solutions,@Kashi_Tech_Solutions,Kashi Tech Solutions,1220,302,4,Hindi channel dedicated to mobile hardware and software repair solutions with regular upload schedule.,mobile repairing,UClQ7A3CSXTSf55L6zr0zkgQ,hands,phone-repair,wave1,2026-09-14,filter,302
https://www.youtube.com/@katech-techvlogger,@katech-techvlogger,ka tech-tech vlogger,91,72,4,"Titles show concrete phone repairs: jumper wire, charging solution, LCD replacement, battery fuse repair on camera.",phone repair | cellphone repair,UC9QuqNypjqPnxp7Nzx7nnsw,hands,phone-repair,wave1,2026-09-14,filter,72
https://www.youtube.com/@kaushindralodhi.2561,@Kaushindralodhi.2561,KK Mobile technical ,1470,91,4,"Mobile repairing videos channel, minimal but clear evidence of repair content.",mobile repairing,UCp9uFxiBHrX38Tfm4lUnVqw,hands,phone-repair,gray_v2,2026-09-14,filter,91
https://www.youtube.com/@kazmimobilerepairinglab,@KazmiMobileRepairingLab,Kazmi Mobile Repairing Lab,1110,56,4,Thin bio but plainly named mobile repairing lab channel.,mobile repairing,UC0eGoMMrq79Wkun2IXMQ-bg,hands,phone-repair,gray_v2,2026-09-14,filter,56
https://www.youtube.com/@kbmobilerepairing,@KBMobileRepairing,KB Mobile Repairing ,409,64,4,"Titles show display combo change and folder replacement, real hands-on hardware repair work.",mobile repairing,UCQqsx_Pf1jD4ZjGCvMPMaYQ,hands,phone-repair,wave1,2026-09-14,filter,65
https://www.youtube.com/@kccafe4742,@kccafe4742,k mobile point,898,89,4,Thin one-line description naming mobile repairing as the channel's core focus.,mobile repairing,UCghA1mcllZi83jskDKy419Q,hands,phone-repair,rest1,2026-09-14,filter,123
https://www.youtube.com/@kdrtelecomadvancemobilerep8119,@kdrtelecomadvancemobilerep8119,KDR Telecom Advance Mobile repairing,4920,66,4,Advanced mobile repairing course channel with descriptive intent to teach repair techniques.,mobile repairing | mobile repairing course,UCG8f_8s7DlpgOtToLqSz85w,hands,phone-repair,gray_v2,2026-09-14,filter,66
https://www.youtube.com/@kenertouch,@KenerTouch,KenerTouch,1870,60,4,"Dedicated cell phone repair tutorial channel by a mobile technician, Spanish-language repair content.",reparación de celulares,UCS6-poqw_KA-besM5JIS60Q,hands,phone-repair,wave1,2026-09-14,filter,60
https://www.youtube.com/@keralatech,@KeralaTech,Kerala Tech,11000,548,4,"Smartphone service engineer bio mentioning iPhone/Android logic board repair with tutorials, thin but on-topic evidence.",logic board repair,UCM8kgCgFKA6L_qQZorefj_Q,hands,phone-repair,rest1,2026-09-14,filter,548
https://www.youtube.com/@keraxtech,@KeraxTech,KeraxTech,1990,144,4,Cellphone technician channel description details screen and water-damage repair tutorials with hands-on experience.,phone repair | cellphone repair,UCMWk2YInAoW_AxtA_cjjWWQ,hands,phone-repair,wave1,2026-09-14,filter,144
https://www.youtube.com/@kevins_diy,@Kevins_diy,Kevin DIY,379,109,4,"Daily phone repair videos covering screens, batteries, water damage across multiple brands.",phone repair,UCgbReGE0U7HR9nCk30DALRQ,hands,phone-repair,wave1,2026-09-14,filter,109
https://www.youtube.com/@khalidinfotv1273,@khalidinfotv1273,KHALiD info TV,782,58,4,"Titles detail specific charging and restart fault fixes across multiple phone brands, real repair focus.",mobile repairing,UCC1U-NBoQ0B35Ou8A9KSi4Q,hands,phone-repair,rest1,2026-09-14,filter,58
https://www.youtube.com/@khanfarmaankhan,@khanfarmaankhan,Aaman mobile repairing ,678,54,4,"Titles show power IC change and flex jack repair, real hardware bench work on phones.",mobile repairing,UC6_bqTtBBMVtIqoM5MliVkA,hands,phone-repair,wave1,2026-09-14,filter,55
https://www.youtube.com/@khanmobileworld975,@khanmobileworld975,Khan mobile world,240,66,4,Titles show real display and back glass replacement work on multiple phone models.,mobile repairing,UCjMvtgTdsrQ4j4NhDr83MGQ,hands,phone-repair,wave1,2026-09-14,filter,66
https://www.youtube.com/@khayal_creations,@khayal_creations,Khayal Creations ,18400,63,4,"Named as a mobile repairing centre channel, thin evidence but plausible bench repair content.",mobile repairing,UCXHUxbCqeU5_KSz2_MtuFgw,hands,phone-repair,gray_v2,2026-09-14,filter,63
https://www.youtube.com/@kheemsingh2358,@kheemsingh2358,Bohra Technical Mobile Solutions  ,664,73,4,Titles show real hands-on work like tempered glass fitting and charging jack replacement across brands.,मोबाइल रिपेयरिंग,UCZ_ssbSYcWOPb2Msxt7aRZA,hands,phone-repair,rest1,2026-09-14,filter,86
https://www.youtube.com/@khurrammobile434,@khurrammobile434,khurram mobile,477,70,4,"Titles show disassembly, screen and charging port replacement across multiple phone models.",mobile repairing,UCQ2u3ovmfodnG6kEvA1QrVQ,hands,phone-repair,wave1,2026-09-14,filter,70
https://www.youtube.com/@khushbumobilerepair,@Khushbumobilerepair,Khushbu Mobile Repair,2230,86,4,Repair shop channel promising A to Z mobile repairing tutorial videos.,mobile repairing,UC5mj22P92pmi8mJnV8jBv0w,hands,phone-repair,gray_v2,2026-09-14,filter,86
https://www.youtube.com/@khushimobilerepairing,@Khushimobilerepairing,Khushi mobile repairing ,2060,276,4,"Thin one-line description naming mobile repairing videos, no signals pointing away from repair.",mobile repairing,UCS6uKC471X1EmTe81ZDzb3g,hands,phone-repair,rest1,2026-09-14,filter,276
https://www.youtube.com/@kimthengfix2739,@kimthengfix2739,kimtheng fix,815,137,4,"Titles show clear screen and battery replacement repairs across multiple phone brands like Oppo, Samsung, Huawei.",phone repair,UCYsxghwHHqaoJaN3Ffl_igw,hands,phone-repair,wave1,2026-09-14,filter,137
https://www.youtube.com/@kishorecellcare,@Kishorecellcare,kishore cell care ,1610,68,4,"Telugu channel focused on real mobile repair processes: touch/display change, battery, speaker issues shown step by step.",mobile repairing,UC_LI5f9oiauuiXCS1zWJlZw,hands,phone-repair,rest1,2026-09-14,filter,69
https://www.youtube.com/@kktechnicalskills,@kktechnicalskills,KK Technical Skills,309,50,4,"Titles show screen replacement, keypad fix and CPU reballing with clear hands-on repair steps.",mobile repairing,UCGLPKfgDaWxDaNJpyZBP8vA,hands,phone-repair,wave1,2026-09-14,filter,54
https://www.youtube.com/@km_solution_83,@KM_Solution_83,KM Solution,58,114,4,"Titles show real screen replacement and short-circuit checking work, mixed with laptop repair and refurb sales.",phone repair | mobile phone repair,UC5Sj5hxBRuXVh66urfzJpjQ,hands,phone-repair,wave1,2026-09-14,filter,118
https://www.youtube.com/@kmfixxteam3572,@kmfixxteam3572,SALMAN MOBILES ,15400,278,4,EMMC and hardware training channel implying board-level chip work relevant to phone repair.,emmc,UC_prX7jfajRC0KHdLChfqSA,hands,phone-repair,wave1,2026-09-14,filter,278
https://www.youtube.com/@knightz.phone.repair,@knightz.phone.repair,KNIGHTZ,21,119,4,Phone repair service channel name with minimal but directly on-topic description.,phone repair,UC__s1IzCmyuFIX0h4elXy4w,hands,phone-repair,gray_v2,2026-09-14,filter,119
https://www.youtube.com/@knowledgekhamba,@knowledgekhamba,Knowledge Khamba,4140,223,4,Description details mobile hardware and software repairing course content for technicians.,mobile repairing,UCX6xRdU6BJIBWNmdw80XTRg,hands,phone-repair,rest1,2026-09-14,filter,223
https://www.youtube.com/@knowledgeofphonerohit,@KnowledgeofphoneRohit,KNOWLEDGE OF PHONE ROHIT,76,98,4,"Titles show mic replacement and no-power diagnosis with soldering iron, real repair work shown.",mobile repairing,UCxA_DV2cArL3CXew3BmeZjw,hands,phone-repair,gray_v2,2026-09-14,filter,128
https://www.youtube.com/@krathvaofficial,@kRathvaOfficial,@K RATHVA ,1370,81,4,Channel describes step-by-step hardware repair tutorials and dead phone solutions for mobile devices.,mobile repairing,UCol94J9Rq3-c1DDyvJHtTaQ,hands,phone-repair,rest1,2026-09-14,filter,81
https://www.youtube.com/@krcmobile,@KRCMOBILE,KRC MOBILE,2830,148,4,Comprehensive mobile phone repair tutorial channel offering step-by-step troubleshooting and repair guides.,phone repair | mobile phone repair,UCID7GjrHge9DA2b3YsdT-YQ,hands,phone-repair,gray_v2,2026-09-14,filter,148
https://www.youtube.com/@krinformation,@krinformation,KR INFORMATION ,9390,234,4,"Mobile repairing channel with extra tool tips, thin description but clearly repair-focused.",mobile repairing,UCsleyRZ8mFZo62rwieWhddw,hands,phone-repair,rest1,2026-09-14,filter,234
https://www.youtube.com/@krinfotech1,@KRinfotech1,KR Infotech,28200,681,4,Channel description focuses on mobile hardware and software repair tutorials in simple explanatory style.,mobile repairing | मोबाइल रिपेयरिंग,UCUbQ3QxN1FpbQq7AHh7bgbw,hands,phone-repair,gray_v2,2026-09-14,filter,682
https://www.youtube.com/@krishmobile,@krishmobile,KRISH MOBILE,1480,109,4,"Describes display replacement, water damage and short-circuit repair alongside some software/unlock content.",mobile repairing,UCn3ZEmZQbAIIKjiHnY9dy-w,hands,phone-repair,rest1,2026-09-14,filter,109
https://www.youtube.com/@krishna__studio_madpur,@krishna__studio_madpur,Krishna mobile repairing,854,249,4,"Hindi description confirms mobile hardware and software repair video uploads, thin evidence.",mobile repairing | मोबाइल रिपेयरिंग,UCOP-pTbfnWu4rwBJ9N0lBww,hands,phone-repair,gray_v2,2026-09-14,filter,272
https://www.youtube.com/@krishnachannelv.r4288,@krishnachannelv.r4288,Krishna channel V.R,363,61,4,"Description details CPU/eMMC swap, glass change, flex bonding hardware repair work at a shop.",mobile repairing,UC6IksS-fWEmZkZ-Dk2NydTw,hands,phone-repair,rest1,2026-09-14,filter,61
https://www.youtube.com/@krishnacommunication31,@krishnacommunication31,KRISHNA COMMUNICATION,1670,230,4,"Mobile repairing channel description details dead phone repair, charging, hardware repairing with real shop footage.",phone repair | mobile repairing,UCmUfpqDzkrUwqeJDV62bGmQ,hands,phone-repair,gray_v2,2026-09-14,filter,230
https://www.youtube.com/@krishnamobilecare,@Krishnamobilecare,Krishna mobile care,25700,280,4,"Minimal bio 'Mobile repairing' with shop-style name, thin but on-topic.",mobile repairing,UCJRKaXYj3QsKzdX_K25SGoQ,hands,phone-repair,gray_v2,2026-09-14,filter,280
https://www.youtube.com/@krishnamobilefixer,@Krishnamobilefixer,Krishna mobile fixer,679,96,4,Channel bio emphasizes mobile repair hand skill demonstrations for Android and iPhone issues.,mobile repairing,UC-roiH70JYMx-COK7q4FqCg,hands,phone-repair,rest1,2026-09-14,filter,96
https://www.youtube.com/@krishnamobilerepairing98,@krishnamobilerepairing98,Krishna Mobile Repairing,214,63,4,"Repair shop channel covering all-brand hardware/board repair, thin title evidence but clear repair focus.",mobile repairing,UCKEicY1XsDTDThKgMwM0PJg,hands,phone-repair,rest1,2026-09-14,filter,72
https://www.youtube.com/@krishnasahu9064,@krishnasahu9064,ENGINEER BABU (MOBILE REPAIRING)OM MOBILE,213,70,4,Titles show real jumper soldering and speaker fix work alongside tools and accessories content.,mobile repairing,UCcJKydME8GJcfjsyk7l131w,hands,phone-repair,gray_v2,2026-09-14,filter,88
https://www.youtube.com/@krishnmohaninstitute,@krishnmohaninstitute,KRISHN MOHAN INSTITUTE,649,122,4,"Institute channel with titles on display light section, audio IC checking - practical bench repair content.",मोबाइल रिपेयरिंग,UC6a-uo0D2dZz4RSoY-X_C7Q,hands,phone-repair,wave1,2026-09-14,filter,122
https://www.youtube.com/@krmobiles,@krmobiles,KRmobile sevice,136,98,4,Chip level mobile service channel with real repair titles like glass change on Oppo phone.,chip level,UCpNzxGMQW3eRvORQ7T2F14w,hands,phone-repair,wave1,2026-09-14,filter,109
https://www.youtube.com/@kuldeepmobilerepairing,@KuldeepMobileRepairing,Kuldeep Mobile Repairing,16000,459,4,Description focuses specifically on step-by-step mobile repairing guidance for technicians.,mobile repairing,UCaRmUAGBnF1m7q25pfvk0sw,hands,phone-repair,wave1,2026-09-14,filter,459
https://www.youtube.com/@kv2mobile261,@kv2mobile261,kv2 mobile ,1050,269,4,Minimal mobile repairing channel with tool emoji suggesting hands-on work.,mobile repairing,UCepW25UfhaY_wE72IDmGvNQ,hands,phone-repair,gray_v2,2026-09-14,filter,269
https://www.youtube.com/@kyktech,@KYKTECH,KYK mobile technician 5M views_1_ hour ago,695,66,4,Titles show charging port and display replacement repairs alongside some software/news content.,mobile repairing,UCszZi747EeCTIjw-UIGYsGw,hands,phone-repair,rest1,2026-09-14,filter,77
https://www.youtube.com/@labuanbajontt,@LabuanBajoNTT,Pipes Tutorial HP,4830,252,4,Local phone repair shop channel offering screen replacement services plus beginner tutorials.,servis hp,UCkV1j9wvbGe86A0pXkV47fQ,hands,phone-repair,gray_v2,2026-09-14,filter,252
https://www.youtube.com/@lakhpativarma2975,@lakhpativarma2975,lakhpati varma,2160,634,4,"Free training center for mobile repairing, thin but on-topic description.",मोबाइल रिपेयरिंग,UCYPfWYjyJE0shxwP_pMlBpA,hands,phone-repair,gray_v2,2026-09-14,filter,634
https://www.youtube.com/@lalarepairingwala,@lalarepairingwala,LaLa Repairing Wala,1150,100,4,"Repair guide channel explicitly covering mobile repairing, repair guides and how-to content.",mobile repairing,UC80Co_ICXDI-X0ao80Mjshw,hands,phone-repair,rest1,2026-09-14,filter,100
https://www.youtube.com/@lalitmobilecare,@LalitMobileCare,Lalit Mobile Care,4990,51,4,"Description details IC reballing, soldering and fault-finding for board-level mobile phone repair.",phone repair | mobile repairing | cell phone repair,UCJlblcjSvff32SGtC84Z6Rg,hands,phone-repair,wave1,2026-09-14,filter,51
https://www.youtube.com/@lalumobileshop913,@lalumobileshop913,Pramod Lalu mobile shop kant ,590,134,4,Shop bio names mobile repairing service with thin but on-topic evidence.,mobile repairing,UCYASKRkuOozUu5cJuTjfIHA,hands,phone-repair,rest1,2026-09-14,filter,140
https://www.youtube.com/@lasttimesolution,@lasttimesolution,LAST TIME SOLUTION,1400,126,4,"Mobile repair channel with specific fault-based topics like IC reballing, network and water damage repair.",mobile repairing,UCw7H32kPeZE43uj6cOjetMg,hands,phone-repair,wave1,2026-09-14,filter,126
https://www.youtube.com/@laxmandewasi045,@LaxmanDewasi045,Laxman Dewasi,39900,531,4,"Channel promises quick repair tips, dead phone recovery and screen/battery replacement guides.",mobile repairing,UCexYsrZJzcl6F-w4mz9B0Rw,hands,phone-repair,rest1,2026-09-14,filter,534
https://www.youtube.com/@laxmimobile9826,@laxmimobile9826,S K.MOBILE MP,180,64,4,Titles show specific chip-level fault diagnosis and repair work like power IC and charging issues on real phones.,mobile repairing,UCAWrEaeUkRPL9f7nwP38ewA,hands,phone-repair,wave1,2026-09-14,filter,76
https://www.youtube.com/@laxmimobileworld,@laxmimobileworld,Laxmi Mobile world,1690,91,4,Keyword-stuffed description centered entirely on mobile repairing course and training content.,mobile repairing | mobile repairing course,UClSSyW08h-EbjxkSJraVQ1g,hands,phone-repair,gray_v2,2026-09-14,filter,91
https://www.youtube.com/@lazarusgsm-q9x,@LazarusGSM-q9x,LazarusGSM,89,98,4,"Phone repair and restoration channel with religious framing, description centers on device revival work.",phone repair,UCzlU5h37uBAG_vfVYqMMpqg,hands,phone-repair,rest1,2026-09-14,filter,103
https://www.youtube.com/@lcdone3503,@lcdone3503,LCD ONE,53,50,4,"LCD refurbishing company channel with titles showing actual replacement processes for iPhone LCD, speaker, home button parts.",phone repair | mobile phone repair,UCSjtMi5iBn5BE9mAlPvcMrA,hands,phone-repair,wave1,2026-09-14,filter,50
https://www.youtube.com/@leacelulares,@leacelulares,L&A Celulares,551,53,4,"Portuguese phone/tablet repair channel with hands-on titles like board shielding removal, though mixed with course commentary.",manutenção de celular,UC83qAxILhL4RNkEwIrnbRkg,hands,phone-repair,wave1,2026-09-14,filter,53
https://www.youtube.com/@lifeclipspro,@LifeClipsPro,LifeClips Pro,538,54,4,"Real repair videos with titles showing display/recovery fixes, though mixed with tips and accessories reviews.",mobile repairing,UCrJ578Cqzjx8V6nr42FDt0w,hands,phone-repair,gray_v2,2026-09-14,filter,57
https://www.youtube.com/@lifecycleofficial123,@lifecycleofficial123,Life Cycle official,2,349,4,"Thin bio describing mobile phone repairing tutorials, assemble/disassemble content, plausible dedicated repair channel.",phone repair | mobile phone repair,UCOWJTG2rtYZ-bg7KPfmzYtA,hands,phone-repair,gray_v2,2026-09-14,filter,349
https://www.youtube.com/@linhkienip_vn,@Linhkienip_vn,Linhkienip_vn,2160,211,4,Channel description focuses on phone repair knowledge and parts tips for technicians.,sửa chữa điện thoại,UCL61gYHoWM7ImrTmO04j0Gw,hands,phone-repair,gray_v2,2026-09-14,filter,211
https://www.youtube.com/@lotuscomputerandmobile,@lotuscomputerandmobile,Sunil B. Yadav,728,54,4,"Computer and mobile repairing shop name, thin one-line description but plainly repair-focused.",mobile repairing,UCxhEJEnm2O0_qFizdxsr40g,hands,phone-repair,rest1,2026-09-14,filter,54
https://www.youtube.com/@lovemobile9180,@lovemobile9180,Love Mobile,26100,716,4,"Chip-level hardware channel covering EMMC/UFS programming and hardware solutions, clear repair teaching focus.",mobile repairing | chip level | emmc,UCP2Aj-jL7YQHKUftOMjRG4Q,hands,phone-repair,rest1,2026-09-14,filter,716
https://www.youtube.com/@luizmobilerepairing7391,@luizmobilerepairing7391,LUIZ Mobile Repairing,1420,51,4,Mobile repair training center description mentioning basic to chip-level repair alongside software training.,mobile repairing | chip level,UCc9J6mjPq6ycybXTavQ7dHQ,hands,phone-repair,wave1,2026-09-14,filter,51
https://www.youtube.com/@lulumobiles9472,@lulumobiles9472,Lu Lu Mobiles,288,57,4,Chip-level repair shop channel with titles showing real hang-on-logo fixes on Redmi and Samsung phones.,chip level,UCjhQ2Ow_j3ucHkITjxfuTQg,hands,phone-repair,wave1,2026-09-14,filter,59
https://www.youtube.com/@lysetecnologia,@lysetecnologia,Lyse Tecnologia,64400,146,4,Board-level electronics repair channel dedicated to circuit board repair training.,reparo de placa,UCewerjzuXrSayCHRqHBsC8Q,hands,phone-repair,wave1,2026-09-14,filter,146
https://www.youtube.com/@m.ahmad.siddiqui,@M.Ahmad.siddiqui,M.S.Telecom ,1130,116,4,"Training institute channel covering CPU reballing, eMMC, PMIC with practical repair tutorials.",phone repair | mobile repairing | mobile phone repair | mobile repairing course | emmc | electronic repair,UCUTRr85QBo0JZuSbl0k3AaA,hands,phone-repair,wave1,2026-09-14,filter,116
https://www.youtube.com/@m.ahusain06,@m.ahusain06,i Power06,230,52,4,"iPhone repair titles show battery swap, CPU cleaning and screen swap, real bench work with thin extra context.",phone repair | iphone repair,UCsMk7xw_mqtx8yl3Ypu1K6Q,hands,phone-repair,rest1,2026-09-14,filter,88
https://www.youtube.com/@m.nangyal14,@M.nangyal14,Mobile repairing786,466,66,4,"Real device fault-diagnosis titles (dead phone, IC checks, power issues) suggest hands-on repair bench work.",mobile repairing,UCDuWjz4vPSuOukSuu_dAD9Q,hands,phone-repair,wave1,2026-09-14,filter,87
https://www.youtube.com/@m1ngoprek,@m1ngoprek,M1 NGOPREK,14100,211,4,"Cellphone repair channel focused on LCD replacement, water damage and dead phone repairs.",phone repair | cellphone repair,UCFwNCaD7NqhAB33sbyondMQ,hands,phone-repair,wave1,2026-09-14,filter,211
https://www.youtube.com/@m4mobilesstore,@m4mobilesstore,M4 Mobilesstore,208,75,4,Titles show real display replacement and repair jobs on phones like Vivo and Realme.,chip level,UCze7rheuxUG80krGeS6GN0A,hands,phone-repair,wave1,2026-09-14,filter,75
https://www.youtube.com/channel/uc_8ibjjomtazivznpruky-q,@m_repair_zo9,REPAIRING VIEW ,201,166,4,"Advanced hardware repair channel with dead phone diagnosis and PCB tracing, though also covers FRP/unlock software.",phone repair | smartphone repair,UC_8iBjjOMTAzIVZNpRukY-Q,hands,phone-repair,gray_v2,2026-09-14,filter,166
https://www.youtube.com/@m_techrepairhub,@M_TechRepairHub,M_Tech Repair Hub ,79,55,4,"Description details board-level repair including CPU reballing, dead phone recovery and charging issues.",mobile repairing,UCYkJH51XZBxtM1xIe-r2xDg,hands,phone-repair,wave1,2026-09-14,filter,67
https://www.youtube.com/@maakhu,@maakhu,TechWorld with maakha,104,104,4,"Titles show touch glass replace, EMMC recovery, power-on fix, real hardware repair demonstrations.",mobile repairing | emmc,UCYgkR4ZgTNxgoYY0kx65xkw,hands,phone-repair,wave1,2026-09-14,filter,104
https://www.youtube.com/@maashardamobile05,@MaaShardamobile05,Maa Sharda mobile 05,16300,147,4,"Thin evidence mobile repair shop name with contact info, plausible hands-on repair channel.",mobile repairing,UC8K7N57q3xztuPhwyPKOcMA,hands,phone-repair,gray_v2,2026-09-14,filter,147
https://www.youtube.com/@magodoscelularesoficial,@MagodosCelularesOficial,Mago dos Celulares,8590,301,4,Tutorial channel covering screen replacement and battery swap with step-by-step guidance for phone repair.,manutenção de celular,UCYJL-39ceSoVlrQVHLO-ldA,hands,phone-repair,wave1,2026-09-14,filter,301
https://www.youtube.com/@mahadi5031g,@Mahadi5031G,@Dr.Apple-,359,133,4,Titles show clear step-by-step screen and back glass replacement tutorials across multiple phone models.,phone repair,UCDv2H0cpTNJ1MdRStE5ipnA,hands,phone-repair,wave1,2026-09-14,filter,155
https://www.youtube.com/@maheshmobiles.,@MaheshMobiles.,Mahesh Mobiles📲 Eluru,934,91,4,Titles show real glass and camera replacement repairs at chip-level shop.,chip level,UC0cVn59i6kEShXK4Xgn_OKg,hands,phone-repair,wave1,2026-09-14,filter,94
https://www.youtube.com/@maitymobile78,@Maitymobile78,MAITY MOBILE SARVICE ZONE ,1360,123,4,"Mobile repair service zone with live demo repairs, thin description but repair-focused.",mobile repairing,UCAeLsPRQ91o0I0tHYnSXwvQ,hands,phone-repair,rest1,2026-09-14,filter,123
https://www.youtube.com/@majankimobilerepairsentar,@majankimobilerepairsentar,Maa Janki Mobile ,2590,297,4,"Simple mobile repairing centre channel, thin description but plainly repair-focused.",mobile repairing,UCeVotNgUyVS4kD8lAWBAwmQ,hands,phone-repair,gray_v2,2026-09-14,filter,297
https://www.youtube.com/@malikmobile70200,@Malikmobile70200,Malik mobile kamptee ,4430,277,4,"Experienced mobile repair shop bio, thin description but clearly repair-focused.",phone repair,UCEHSk7MTA3Spk__gxdx_kqA,hands,phone-repair,rest1,2026-09-14,filter,277
https://www.youtube.com/@malikmobilecare,@MalikMobileCare,Malik Mobile Care MH,706,245,4,"Titles show real hardware repair work (charging fix, jumper wire, reballing) on phones.",phone repair,UCuF2J0IG5ugg1tnABRCOf2w,hands,phone-repair,wave1,2026-09-14,filter,389
https://www.youtube.com/@malikmokheet,@MalikMokheet,Kashi Mobile Repairing,1120,360,4,"Channel described as all about mobile repairing and electronics, thin but plain repair evidence.",mobile repairing,UCFGOg3aN81rT8oSsHQh3QGg,hands,phone-repair,gray_v2,2026-09-14,filter,360
https://www.youtube.com/@maliksaeed0311,@maliksaeed0311,Al Bariq Repairing lab & institute ,6240,97,4,Repair lab and institute sharing mobile fault diagnosis and solution videos.,phone repair | cell phone repair,UCNZ4OIZIXetus-3HVLR4rJg,hands,phone-repair,wave1,2026-09-14,filter,97
https://www.youtube.com/@malkeettechnition,@MalkeetTechnition,Malkeet  Technition,96,79,4,Repair channel with titles showing charging socket and display replacement across multiple phone models.,mobile repairing | mobile repairing course,UCH8-J8qJRNH3pRL7JTUa8Zw,hands,phone-repair,wave1,2026-09-14,filter,79
https://www.youtube.com/@malviyatech,@MalviyaTech,Malviya Tech,9290,679,4,Channel dedicated to mobile hardware problem-solving repair videos in simple explanatory style.,मोबाइल रिपेयरिंग,UCE_idDTxuHhNm1yxwO3XI5A,hands,phone-repair,rest1,2026-09-14,filter,680
https://www.youtube.com/@manhcuongcit86,@manhcuongcit86,Manh Cuong Cit,418,90,4,Titles show hands-on hot air rework tool calibration and technique tutorials for repair technicians.,sửa chữa điện thoại,UCRFTeLG4KEyk4p5Quzl2lag,hands,phone-repair,rest1,2026-09-14,filter,93
https://www.youtube.com/@manishsahani00,@Manishsahani00,DISPLAYFIXER001,190,116,4,Mobile repairing education channel with chip-level troubleshooting and touch repair titles.,phone repair | mobile repairing | mobile phone repair | iphone repair,UCJ3y7KZmWj4juOwfWb-6joA,hands,phone-repair,gray_v2,2026-09-14,filter,116
https://www.youtube.com/@mannumehra-kw5de,@MannuMehra-kw5de,P2z mobile service centre ,383,185,4,"Mobile service centre covering all major brands' repairing, thin but clear repair-shop evidence.",mobile repairing,UCaWr0z8C8aShwHR9Io1oChA,hands,phone-repair,gray_v2,2026-09-14,filter,197
https://www.youtube.com/@manojrajput4237,@manojrajput4237,MR.MOHIT),718,69,4,"Titles show real dead phone diagnosis and CPU change on Jio/Samsung/Karbonn devices, hardware and eMMC focus.",emmc,UCZzj-nH6aieovKmmnZ0NmXA,hands,phone-repair,wave1,2026-09-14,filter,225
https://www.youtube.com/@manojsharma0578,@Manojsharma0578,Manoj Mobile tech78,182,93,4,"Titles show graphics/charging fault repairs on real phones, a genuine repair-shop channel.",mobile repairing,UCv4vQ1vG1ADfXbq-PdvdXzw,hands,phone-repair,rest1,2026-09-14,filter,179
https://www.youtube.com/@manoranjansahuo8340,@manoranjansahuo8340,Ms Mobile ReWorK station ,260,78,4,Repair shop titles show component-level phone fault fixes like charging ways and LCD light repairs.,mobile repairing,UCm0rh2xlugoHmTwIxAludKw,hands,phone-repair,wave1,2026-09-14,filter,69
https://www.youtube.com/@manpasandmobilerepairinglab,@manpasandmobilerepairinglab,Manpasand Mobile Repairing Lab,14100,104,4,"Description names mobile repairing lab and technical problem-solving, thin but on-topic.",mobile repairing,UCGVGo7jE6hdKytxrtfRZ0Kg,hands,phone-repair,gray_v2,2026-09-14,filter,104
https://www.youtube.com/@markas_otodidak,@markas_otodidak,MARKAS OTODIDAK,2640,159,4,"Mobile phone repair solution channel, thin but on-topic bio despite hiatus note.",phone repair | mobile phone repair,UCM0Bw11i7DaMCrTVbn-eTeA,hands,phone-repair,gray_v2,2026-09-14,filter,159
https://www.youtube.com/@markcellcelulares,@markcellcelulares,MarkCell,9550,176,4,"Channel for new technicians covering phone/tablet/PC repair tips and unlocks, repair-focused overall.",conserto de celular,UC3C1610nKjxoy5Bn4c7qpLQ,hands,phone-repair,gray_v2,2026-09-14,filter,176
https://www.youtube.com/@marlonwireless,@MarlonWireless,Marlon Wireless,391000,363,4,Cell phone store owner sharing self-taught phone repair experience and learning journey since 2014.,phone repair,UC5oG7kYID-To3iWk9EU5puQ,hands,phone-repair,gray_v2,2026-09-14,filter,363
https://www.youtube.com/@mastermobilelab,@mastermobilelab,Master Mobile Lab,3940,98,4,"Describes hardware repairing including reballing, board swiping, and IC/processor work at a shop lab.",mobile repairing,UCNJ0E7wXeclqZALPUm350IA,hands,phone-repair,wave1,2026-09-14,filter,98
https://www.youtube.com/@mastertechnologyinstitute3206,@mastertechnologyinstitute3206,Master Technology Institute,1450,91,4,Institute offering OCA and chip-level mobile repair training course with hardware and software components.,mobile repairing | chip level,UCttvWYj1GtFzKLBscIwXT0A,hands,phone-repair,wave1,2026-09-14,filter,91
https://www.youtube.com/@mastertechrepair108,@mastertechrepair108,Master Tech Repair,51,97,4,"Phone repair channel with tips and tutorials on smartphone fixes, thin but on-topic description.",phone repair,UCjCdLpV8hAKum2Tt2TCoA-Q,hands,phone-repair,rest1,2026-09-14,filter,97
https://www.youtube.com/@masyusuf_tuserhp,@Masyusuf_tuserhp,Mas yusuf ,5230,197,4,"Self-taught phone repair learning channel, thin but clearly on-topic description.",servis hp,UCSOADC74VZObmZ90ic8iTZA,hands,phone-repair,gray_v2,2026-09-14,filter,197
https://www.youtube.com/@mateusassistec,@mateusassistec,Mateus Assistec ,966,52,4,Bench-diary channel showing real cellphone repairs from diagnosis to solution plus tool reviews.,manutenção de celular,UCHZHyIgVyzquZr4MNW6GoiQ,hands,phone-repair,wave1,2026-09-14,filter,57
https://www.youtube.com/@maurya_mobail_shop,@maurya_mobail_shop,maurya mobile repair shop ,17500,409,4,"Shop description clearly lists hands-on repair services: display, battery, charging jack, water damage.",mobile repairing,UC3d7hVP5Afgwnj4qVMBk35g,hands,phone-repair,gray_v2,2026-09-14,filter,409
https://www.youtube.com/@mauryamobile-709,@MauryaMobile-709,The funn ,190,165,4,Mobile repairing centre channel with a glass change short showing hands-on repair work.,mobile repairing,UCPc1QipuPR_xNno1_-lmJkg,hands,phone-repair,gray_v2,2026-09-14,filter,163
https://www.youtube.com/@maxxinfo2476,@maxxinfo2476,Maxx info,272,125,4,Mobile repair training institute focused on hardware/software including EMMC and motherboard repair techniques.,emmc,UCf0OZoLmFC5dL_5VxoDYcww,hands,phone-repair,wave1,2026-09-14,filter,125
https://www.youtube.com/@mayfieldcellphonerepairs,@mayfieldcellphonerepairs,Mayfield Cell Phone Repairs,3,647,4,Repair shop offering phone screen/battery/microsoldering repairs plus some laptop repair services.,phone repair | cell phone repair | tablet repair | microsoldering,UClYnFzXOYaRmCsD9zgKMe4w,hands,phone-repair,wave1,2026-09-14,filter,689
https://www.youtube.com/channel/ucsydhe1fekcs9mws1soel7a,@MB-TECH-kh6ii,MB-TECH,67,57,4,Board-level repair channel with titles showing sub-board conversion/adaptation work on phone boards.,conserto de celular,UCsydHE1FekcS9Mws1SoEl7A,hands,phone-repair,wave1,2026-09-14,filter,57
https://www.youtube.com/@mcphonecare,@MCPhonecare,MC Phonecare,51800,339,4,Cell phone care and repair channel focused on restoration of destroyed cellphones and breakdown solutions.,phone repair | cell phone repair,UCM7-mA7JgsSBMIa56Zh0kcw,hands,phone-repair,gray_v2,2026-09-14,filter,340
https://www.youtube.com/@mdjunaid9409,@mdjunaid9409,Junaid electronics,320,74,4,"Title shows an actual glass change repair job, consistent with thin repair description.",mobile repairing,UC5DoWwzC5N_tDrmZlAUNrMw,hands,phone-repair,rest1,2026-09-14,filter,74
https://www.youtube.com/@mdmobilerepairingmirzaganj,@MdMobileRepairingMirzaganj,MD Mobile Repairing Centre Mirzaganj ,44,176,4,"Titles show real phone hardware fault fixes (auto on/off, charging) typical of a repair-shop channel.",mobile repairing,UCvl9r0OviPv0R_xEg3BiBdw,hands,phone-repair,gray_v2,2026-09-14,filter,179
https://www.youtube.com/channel/ucgoz8mb_aze9tmpfmvqh8lw,@mediosdigitales5944,Medios Digitales,8,113,4,Cellphone repair course channel with numbered lesson titles suggesting practical bench content.,reparación de celulares,UCgoZ8MB_AZE9TMPFMvQH8Lw,hands,phone-repair,gray_v2,2026-09-14,filter,113
https://www.youtube.com/@meltechacademy,@MelTechAcademy,MelTech Academy,3240,465,4,"Academy channel covers display replacement, charging port, CPU reballing and UV masking hardware repairs plus software.",phone repair | mobile phone repair,UCGa_A0aYnAShC_29w2DfPaw,hands,phone-repair,wave1,2026-09-14,filter,467
https://www.youtube.com/@memangpemulachannel1207,@memangpemulachannel1207,MEMANG PEMULA CHANNEL,3060,411,4,Beginner phone repair tutorial channel covering software and hardware fixes.,servis hp,UCENt3pXrNglZhE7bpOl9VXw,hands,phone-repair,gray_v2,2026-09-14,filter,411
https://www.youtube.com/@mi-taller,@Mi-taller,Mi taller by Sp Store,1310,99,4,Cellphone repair channel from a store uploading various repair videos as its core content.,reparación de celulares,UCfrK0DwHZqEa1TLiFhV9yCQ,hands,phone-repair,wave1,2026-09-14,filter,99
https://www.youtube.com/@microfix_mid23,@microfix_mid23,Microfix MID,205,102,4,"Titles show real phone repairs: no-power Samsung, non-booting iPhone X, processor installation.",reparación de celulares,UCxbRIatwYDFpM3-m44VGe0w,hands,phone-repair,rest1,2026-09-14,filter,199
https://www.youtube.com/@microtech-mobile,@MicroTecH-MoBiLe,MiCROTECH MOBILE,695,65,4,Chip-level training channel showing CPU/EMMC live repair work on real phones with hand-skill practical sessions.,emmc,UC1Q4bY_O0_Zxw54MetitpAA,hands,phone-repair,wave1,2026-09-14,filter,65
https://www.youtube.com/@microtech9356,@microtech9356,Micro Tech,3990,256,4,Mobile repairing shop with keyword-stuffed description but plainly focused on phone repair videos.,phone repair | mobile repairing | mobile phone repair | cell phone repair | smartphone repair | iphone repair,UCSE6LyfW_OkaMsKRA_5semQ,hands,phone-repair,gray_v2,2026-09-14,filter,256
https://www.youtube.com/@misterdtekno,@MisterDTekno,Mister D tekno life ,140,73,4,"Phone repair tutorials (battery, LCD replacement) shown on camera alongside general tech tips.",servis hp,UCKEqxPAbgLKKoKai-M800mA,hands,phone-repair,wave1,2026-09-14,filter,87
https://www.youtube.com/@mithun241,@Mithun241,"Hello Friends, Mobile Repairing",816,109,4,Live repairing documentation channel with titles showing camera and screen fault fixes.,mobile repairing,UCBXfGy4u5PVtsGs5kuyPhtA,hands,phone-repair,wave1,2026-09-14,filter,69
https://www.youtube.com/@miu-mobile,@Miu-mobile,Miu Mobile,5950,101,4,"Thin but on-topic bio sharing phone repair experience, no drift signals.",sửa chữa điện thoại,UC7_J5wpiEib0Isx23CfCd9A,hands,phone-repair,gray_v2,2026-09-14,filter,101
https://www.youtube.com/@mixpalace4745,@mixpalace4745,#MIX PALACE#,1060,166,4,"Channel bio explicitly about teaching mobile/iPhone repairing process, parts and tools for viewers.",phone repair | mobile repairing,UC9-TQ4wSMNIJq4p25ijM0kA,hands,phone-repair,gray_v2,2026-09-14,filter,166
https://www.youtube.com/@mjcommunications,@mjcommunications,MJ Communications,4290,76,4,Professional mobile/tablet repair technician promising real repair tutorials and teardown videos.,tablet repair,UCpWMfeeXSFLjmtW1ht7KSSw,hands,phone-repair,wave1,2026-09-14,filter,76
https://www.youtube.com/@mk.service-phone,@mk.service-phone,MK.Service-Phone,4670,236,4,Simple mobile phone repair channel bio emphasizing quality customer repair work.,phone repair | mobile phone repair,UCvUNOuoMXyKYCtB63XVHc2g,hands,phone-repair,gray_v2,2026-09-14,filter,236
https://www.youtube.com/@mkmobiles.,@MKMOBILES.,NAVEEN KUMAR,73,98,4,"Mobile repair service center with titles showing display change and chip-level service center work, mixed with personal vlog clips.",phone repair | mobile phone repair,UCh6WRnfi44Fm8Tft-rO5EsA,hands,phone-repair,wave1,2026-09-14,filter,103
https://www.youtube.com/@mkmobiles1995,@Mkmobiles1995,Mk mobiles ,102,51,4,"Titles show real display replacement repairs on multiple phone models, plus some unrelated stabilizer repair.",chip level,UC6wtKYtiwLknf7uM5kTZJCg,hands,phone-repair,wave1,2026-09-14,filter,56
https://www.youtube.com/@mkmyanmar6441,@mkmyanmar6441,MK Myanmar,9920,109,4,"Thin description naming phone repair videos sharing, plausible dedicated repair channel with low text evidence.",phone repair,UC66lmN75U8AmF1kFpFatDDA,hands,phone-repair,gray_v2,2026-09-14,filter,109
https://www.youtube.com/@mkraj8295,@Mkraj8295,SMC mobile repairing centre,149,107,4,Repair shop channel showing hands-on folder/CC jack replacement and screen work in short-form Hindi videos.,mobile repairing,UCSqbBmONDKBw8hWn257KYsw,hands,phone-repair,wave1,2026-09-14,filter,145
https://www.youtube.com/@mmobilerepairing001,@mmobilerepairing001,M Mobile Repairing ,89,97,4,"Bare 'Mobile repairing' description with repair-shop-style name, thin but plausible fit.",mobile repairing,UCBcj-sDszbL7SPpvPsxCQYA,hands,phone-repair,gray_v2,2026-09-14,filter,97
https://www.youtube.com/@mmtechnical332,@mmtechnical332,Mm technical,1350,132,4,"Plain mobile hardware/software repair channel bio, thin but on-topic description.",mobile repairing,UCi7mD_prnpOSjROhvTLvLFA,hands,phone-repair,rest1,2026-09-14,filter,132
https://www.youtube.com/@mobicare786,@Mobicare786,MOBICARE,1420,132,4,"Personal mobile repair channel with 17 years experience claim, likely hands-on tutorials though no titles shown.",mobile repairing | मोबाइल रिपेयरिंग | laptop repair,UCi7MS5a-i11ZgcOfDrfxAQQ,hands,phone-repair,wave1,2026-09-14,filter,132
https://www.youtube.com/@mobicaresolution,@Mobicaresolution,Mobicare Solution,20100,839,4,"Mobile repair training channel covering IC/jumper work, dead mobile repair with real repairing videos claimed.",mobile repairing,UCzJfEE9Fn2OMPJABOL_y0KQ,hands,phone-repair,wave1,2026-09-14,filter,839
https://www.youtube.com/@mobifixer,@mobifixer,MOBI FIXER,25300,884,4,Plain mobile repairing channel name/handle with thin one-line bio.,मोबाइल रिपेयरिंग,UC0G9M86jVH7tuECADGRDWDQ,hands,phone-repair,gray_v2,2026-09-14,filter,884
https://www.youtube.com/@mobifixpro-p6q,@MobiFixPro-p6q,MobiFixPro,858,140,4,"Focused on charging issues, IC problems, motherboard repairs, soldering and jumper solutions in short tutorials.",phone repair | mobile phone repair | motherboard repair,UC67ZW9mCpzDav7jux9VnYCA,hands,phone-repair,wave1,2026-09-14,filter,140
https://www.youtube.com/@mobiflex2392,@mobiflex2392,Mobi Flex,10000,452,4,Description explicitly promises real battery change and hardware repair content with before/after results.,mobile repairing,UCPvm_A47BKkkOgTptWJ5vAQ,hands,phone-repair,rest1,2026-09-14,filter,453
https://www.youtube.com/@mobile-gyntech,@Mobile-gyntech,Mobile gyn tech,1930,265,4,"Mobile repairing channel describing display, motherboard, dead phone and water damage step-by-step repair videos.",phone repair | mobile repairing,UCdpBZa77m8-0c4iENeFModA,hands,phone-repair,wave1,2026-09-14,filter,265
https://www.youtube.com/@mobile.reparmp10,@mobile.reparMp10,mobile repair world,43,51,4,"Titles show real glass/touch replacement jobs with timestamps, dedicated phone repair channel.",phone repair | mobile phone repair,UC4V6O5w90I8ID0ULQBppV1Q,hands,phone-repair,wave1,2026-09-14,filter,51
https://www.youtube.com/@mobile_blogger___7773,@mobile_blogger___7773,mobile gaming 7773,2130,82,4,"Chip level mobile repairing center description with clear board-level repair focus, though channel name suggests gaming drift.",mobile repairing | chip level,UCwB1ml1-qatM1P9Lptqi5Kg,hands,phone-repair,wave1,2026-09-14,filter,82
https://www.youtube.com/@mobile_clinic_chandni,@MOBILE_CLINIC_CHANDNI,MOBILE CLINIC ,78,102,4,"Shop-named mobile clinic channel focused on repair videos, no titles to verify further.",mobile repairing,UCA97Av0rs0rcbHMOTlYt2iQ,hands,phone-repair,gray_v2,2026-09-14,filter,129
https://www.youtube.com/@mobile_docter_jp,@Mobile_docter_jp,@Mobile_Docter_JP,25,57,4,Simple thin-evidence name/handle claiming to be a mobile phone repair hub.,phone repair | mobile phone repair,UCig7GiJ3vwjGsR3Q8FfeOTQ,hands,phone-repair,gray_v2,2026-09-14,filter,57
https://www.youtube.com/@mobile_fix_with_monco,@Mobile_Fix_with_monco,Mobile Fix with Monco,263,79,4,Sinhala step-by-step mobile repair channel covering display replacement and dead phone fixing.,mobile repairing,UCmcQUVlgydGVPsaCueI8V3Q,hands,phone-repair,rest1,2026-09-14,filter,88
https://www.youtube.com/@mobile_repairing300,@mobile_repairing300,reboling and resembling,105,80,4,"Channel name references reballing/reassembling, phone repairing videos per thin description.",phone repair,UC8GA3P2E5VdCSmy5AiL7ppQ,hands,phone-repair,gray_v2,2026-09-14,filter,80
https://www.youtube.com/@mobile_repairing_official_00,@mobile_repairing_official_00,Mobile repairing,153,96,4,"Titles show specific hardware repairs like charging base jumpers, button changes, mic and touch fixes.",mobile repairing,UCdIuxF6PpfcvX5u9fBcwcaQ,hands,phone-repair,wave1,2026-09-14,filter,92
https://www.youtube.com/@mobile_reparing_danapur,@Mobile_Reparing_danapur,MOBILE REPAIRING DANAPUR ,106,64,4,"Mobile repairing shop channel with clear repair-service description, thin but on-topic.",mobile repairing,UCo4kIox6ctR_khq1M0WFGmw,hands,phone-repair,gray_v2,2026-09-14,filter,64
https://www.youtube.com/@mobile_shop_creator,@Mobile_Shop_Creator,Mobile Shop Creator ,52,89,4,"Self-described mobile repairing shop creator making repair videos, thin but on-topic evidence.",mobile repairing,UCJJGpM6qsdwa26idM8O6N6w,hands,phone-repair,gray_v2,2026-09-14,filter,89
https://www.youtube.com/@mobile_techcare,@Mobile_TechCare,Mobile Tech Care,392,91,4,"Dedicated mobile repair channel listing screen, motherboard, IC and battery replacement work with repair-focused titles.",phone repair | mobile repairing | mobile phone repair | motherboard repair,UCOWbWGp0aCP6E-fA0tzwI_g,hands,phone-repair,wave1,2026-09-14,filter,150
https://www.youtube.com/@mobile_zone_900,@mobile_zone_900,mobile_zone_900,324,71,4,Thin one-line description stating all types of mobile repairing available.,mobile repairing,UCa3g4bbEcQn6zj0wz7SznIQ,hands,phone-repair,rest1,2026-09-14,filter,71
https://www.youtube.com/@mobileandtweencraftajeet,@mobileandtweencraftajeet,ajit mobil Repeyaring 7248,409,119,4,Titles demonstrate phone hardware repairs including board sorting checks and folder/glass replacement techniques.,mobile repairing,UCOhqriP9HjEuhufZftwCwTQ,hands,phone-repair,wave1,2026-09-14,filter,119
https://www.youtube.com/@mobilecare_amir,@Mobilecare_amir,Mobile care communication,296,59,4,"Titles show actual repairs: CPU work, display change, back cover change on real phones.",mobile repairing,UCt0Gifw-Te1XnI-BtVMUzcA,hands,phone-repair,wave1,2026-09-14,filter,59
https://www.youtube.com/@mobilecarelabs,@mobilecarelabs,Mobile Care Lab,12700,466,4,"Chip-level repair training channel covering fault finding, charging and dead boot issues with practical knowledge focus.",chip level,UCHajuvEzdUXl0swScePM6qA,hands,phone-repair,wave1,2026-09-14,filter,466
https://www.youtube.com/@mobilecarezone0000,@MobileCareZone0000,Mobile Care Zone,346,65,4,"Mobile repairing course channel with titles covering charging circuits, mic conversion and component-level lessons like inductors.",mobile repairing,UCpL0NF6NmS_-nFer3DX0lrA,hands,phone-repair,trial100,2026-09-14,filter,68
https://www.youtube.com/@mobilecracker6771,@mobilecracker6771,SK REPAIR MOBILE,159,57,4,"Titles show real dead-phone diagnostic and repair videos (hang problem, baseband, restart fix) for multiple phone models.",mobile repairing,UCK_ghl5W0lYx8tlq2pNk1NA,hands,phone-repair,wave1,2026-09-14,filter,93
https://www.youtube.com/@mobiledeadfix,@MobileDeadfix,DeadMobilefix,395,699,4,"Advanced mobile repairing channel referencing schematic diagrams, water damage and board-level repair topics.",phone repair | mobile repairing,UClIMp77_q8mM5HQWWzbo9_A,hands,phone-repair,gray_v2,2026-09-14,filter,699
https://www.youtube.com/@mobiledoctor4740,@mobiledoctor4740,mobile doctor,1360,60,4,Name and thin description indicate a phone repair shop channel with little else pointing away from repair.,phone repair,UCagIZSTLpKB78_Z2TDzAVlQ,hands,phone-repair,gray_v2,2026-09-14,filter,60
https://www.youtube.com/@mobiledoctor73,@Mobiledoctor73,All mobile & Pc solution,65,50,4,"Mobile hardware/software repair channel with thin one-line bio, no drift signals detected.",मोबाइल रिपेयरिंग,UCXcs94jFi_WMoNs3e4Jf_FQ,hands,phone-repair,gray_v2,2026-09-14,filter,50
https://www.youtube.com/@mobiledoctor7887,@mobiledoctor7887,dikshit mobile shop,641,108,4,Titles show back glass replacement and display change on real phones like Vivo and Samsung.,mobile repairing,UCL4oqX6b-L7J0jKR2pYgVHA,hands,phone-repair,wave1,2026-09-14,filter,165
https://www.youtube.com/@mobiledoctorarmanmalik-b5p,@MobiledoctorArmanMalik-b5p,Mobile doctor Arman Malik,397,93,4,Chip-level hardware repair shop with titles referencing tools for chip-level work.,mobile repairing,UCvd89765kvX8LaOa3JhoPKA,hands,phone-repair,rest1,2026-09-14,filter,104
https://www.youtube.com/@mobiledoctorexperience,@MobiledoctorExperience,Mobile doctor Experience,278,119,4,Titles show real display change repairs on phones like Oppo A38.,mobile repairing,UC-SjCfEgu0cCkOsCEJnFOng,hands,phone-repair,wave1,2026-09-14,filter,118
https://www.youtube.com/@mobiledoctorhardware,@MobileDoctorhardware,Mobile Doctor 2.0,1230,145,4,"Mobile phone repairing training centre description, dedicated hardware/software repair education channel.",phone repair | mobile phone repair,UChNkM3Q8H0baya4ik9zRx6w,hands,phone-repair,gray_v2,2026-09-14,filter,145
https://www.youtube.com/@mobiledoctorlabofficial,@MobileDoctorLabOfficial,MobileDoctorLab,239,55,4,"Dedicated smartphone repair channel promising step-by-step hardware fixes like screen, battery, charging and water damage.",phone repair | smartphone repair | iphone repair,UC-AvIKe6sK_2DRPdIyNn_yA,hands,phone-repair,wave1,2026-09-14,filter,55
https://www.youtube.com/@mayamobilesdr,@mobiledoctorsdr,Mobile Doctor sdr,1200,187,4,"One-line shop bio naming mobile repairing shop, thin but on-topic evidence.",mobile repairing,UCiMnlblkSg4iAdAGTRcX5AQ,hands,phone-repair,gray_v2,2026-09-14,filter,187
https://www.youtube.com/@mobiledoctorsuresh,@MobileDoctorSuresh,Mobile Doctor Suresh,4760,668,4,"Dedicated step-by-step mobile repair channel covering screen, battery and motherboard fixes with full repair videos.",mobile repairing,UCEEwzLS5jt-PW182qxskzOA,hands,phone-repair,rest1,2026-09-14,filter,668
https://www.youtube.com/@mobileexperiment,@mobileexperiment,Mobile Experiment,19200,401,4,Online repairing institute channel offering theory classes basic to advanced mobile repair training.,mobile repairing,UCBWY_CMKyOPZCcgNaoYcjTA,hands,phone-repair,gray_v2,2026-09-14,filter,401
https://www.youtube.com/@mobilefix8534,@mobilefix8534,Alkama Ali,1620,548,4,"Phone repair specialist bio listing screen, battery, water damage and software fixes with experience claims.",phone repair,UCKR2cRbBijSrEicjNdmuelA,hands,phone-repair,gray_v2,2026-09-14,filter,548
https://www.youtube.com/@mobilefix_pro,@Mobilefix_pro,Mobilefix_pro,78,73,4,Titles show real dead phone/board-level fixes like short circuit and radio IC issues in Hindi.,phone repair | mobile phone repair,UCOSpyf5kgPm1JACKZQ9EW1w,hands,phone-repair,wave1,2026-09-14,filter,73
https://www.youtube.com/@mobilefixbykartik,@Mobilefixbykartik, Mobilefixby.kartik,125,58,4,"Mobile repair and service shop, thin description but name and handle clearly point to repair work.",mobile repairing,UC0c7e8OgsY03kca5YRZEgpw,hands,phone-repair,rest1,2026-09-14,filter,68
https://www.youtube.com/@mobilefixer47,@mobilefixer47,mobilefixer47 ,113,52,4,Titles show phone disassembly and display replacement across models though one unrelated app promo appears.,mobile repairing,UCaJ5Uq3T9U2XXFxccRqILbQ,hands,phone-repair,rest1,2026-09-14,filter,65
https://www.youtube.com/@mobilegarage_karaikal,@MOBILEGARAGE_KARAIKAL,Mobile Garage Karaikal,153,65,4,"Shop description lists display, battery, backdoor, chip-level, face ID repair services for Android and iPhone comprehensively.",chip level,UClWHFZqaCrJAKqC6TgTNT-A,hands,phone-repair,wave1,2026-09-14,filter,66
https://www.youtube.com/channel/uc3jqy5wgmjuwvh9emglbahg,@MobileGuru97098,Mobile Guru Rajan,128,104,4,"Small mobile repair shop channel with plain one-line bio naming the trade, thin but on-topic evidence.",मोबाइल रिपेयरिंग,UC3jQy5wGmjuwvh9EmgLBAHg,hands,phone-repair,rest1,2026-09-14,filter,104
https://www.youtube.com/@mobilegurudev,@MobileGurudev,Mobile Gurudev,22800,300,4,"Hardware and software mobile repairing solutions channel in Hindi, thin but clear focus.",mobile repairing | मोबाइल रिपेयरिंग,UCY2fM4DrXCxhX3ec1er6kRQ,hands,phone-repair,gray_v2,2026-09-14,filter,300
https://www.youtube.com/@mobilegurugeekfix,@MobileGuruGeekfix,MobileGuru,661,130,4,Repair shop channel showcasing device repair short-form content in real working environment.,phone repair | mobile phone repair,UCehd31xiz2q3jd8vYFy2nlA,hands,phone-repair,rest1,2026-09-14,filter,139
https://www.youtube.com/@mobileguruji2772,@mobileguruji2772,Mobile Guruji,81500,183,4,"Dedicated to teaching mobile repairing, thin evidence but clearly on-topic.",mobile repairing,UC6LStKcCi-xBJsyyUYF5PyQ,hands,phone-repair,gray_v2,2026-09-14,filter,183
https://www.youtube.com/@mobilehardwaremanish,@Mobilehardwaremanish,manishsatna,159,58,4,"Titles show schematic-based charging and hardware solutions for specific phone models, indicating real repair work.",मोबाइल रिपेयरिंग,UCDkkpCd9GpCBrQCAyt7CVwg,hands,phone-repair,wave1,2026-09-14,filter,58
https://www.youtube.com/@mobileheartbeats,@MobileHeartBeats,MobileHeart,3100,436,4,"Channel dedicated to eMMC, CPU and power IC repair, board-level micro-soldering focus.",emmc,UCtFu2QGgTnA_bpxkX23X-7Q,hands,phone-repair,wave1,2026-09-14,filter,436
https://www.youtube.com/@mobilehospitalwithnaved,@mobilehospitalwithnaved,kalifa display repair ,165,145,4,Glass and display repair channel with specific titles showing touch glass and front glass replacement details.,mobile repairing,UCvmg6p4gqnCEBh2gPZdrRdQ,hands,phone-repair,wave1,2026-09-14,filter,279
https://www.youtube.com/@mobilehut1995,@mobilehut1995,mobile hut,1170,191,4,"Experienced mobile repair tech channel covering screen, battery and microsoldering work on phones and tablets.",microsoldering,UCyxbWGhPQOGYZn0_XUVulyw,hands,phone-repair,wave1,2026-09-14,filter,191
https://www.youtube.com/@mobileke7,@mobileke7,mobile ke7,637,66,4,"Titles show IC identification, reballing tips and headphone jack repair on real motherboards.",mobile repairing | मोबाइल रिपेयरिंग,UCEcy4GTwZCNvzQjILXRzXvA,hands,phone-repair,wave1,2026-09-14,filter,74
https://www.youtube.com/@mobilekida5681,@mobilekida5681,Mobile kida,1140,75,4,Plain mobile repairing channel name and bio with minimal but on-topic description.,mobile repairing,UCSb3odme5uYzvlUVEdA06og,hands,phone-repair,gray_v2,2026-09-14,filter,75
https://www.youtube.com/@mobilekrishnamp0950,@mobilekrishnamp0950,Krishna mobile ,143,113,4,Titles show real board-level charging/schematic solutions and display/touch repairs for various phones.,phone repair | mobile repairing,UCd6I8fGg0wcZ-DQC-6D09_Q,hands,phone-repair,wave1,2026-09-14,filter,115
https://www.youtube.com/@mobilelife-eh3tk,@MobileLife-eh3tk, Md Rubel Blogger ,1990,379,4,"Description mentions CPU reball, broken display, motherboard work — solid board-level repair signals.",mobile repairing,UClmJZ3KGp5QYOy95CG3dERQ,hands,phone-repair,wave1,2026-09-14,filter,380
https://www.youtube.com/channel/uc4icjpua573isfreyeeqdba,@MobileLogicLab,Mobile Logic Lab,30,55,4,"Dedicated mobile hardware repair channel with titles on LCD/charging faults and reballing content, plus some FRP/unlock mentions.",mobile repairing,UC4ICjpua573ISFREyEeQDbA,hands,phone-repair,wave1,2026-09-14,filter,62
https://www.youtube.com/@mobilemachan7017,@mobilemachan7017,Mobile machan by shajeer,2650,188,4,"Mobile technician and shop owner posting mobile repairing tutorials, thin but clear repair evidence.",mobile repairing,UC6mqnHfeBIyOHJzpNQaiBzw,hands,phone-repair,gray_v2,2026-09-14,filter,188
https://www.youtube.com/@mobilemagicking,@mobilemagicking,mobile magic ,587,278,4,"Phone repair channel focused on back glass change, display and battery issue fixes described directly.",phone repair,UC9ZNBvSkw-vvjrGRbFU5xMg,hands,phone-repair,wave1,2026-09-14,filter,261
https://www.youtube.com/@mobilemastertamil,@MobileMasterTamil,Mobile Master Tamil,2190,100,4,"Dedicated mobile phone repair tutorial channel per description, thin but on-topic evidence.",phone repair | mobile phone repair,UCTBW503LKwPvwxb19qhhdLg,hands,phone-repair,rest1,2026-09-14,filter,100
https://www.youtube.com/@mobilemasteryrepair,@Mobilemasteryrepair,Mobile Mastery Repair,721,138,4,"Mobile phone repair and restoration tutorials channel covering screens, water damage and battery replacement.",phone repair | mobile phone repair,UCfBdoXIW8tBn6QYuVfHdfDg,hands,phone-repair,gray_v2,2026-09-14,filter,146
https://www.youtube.com/@mobilemateburdubai,@mobilemateburdubai,MobileMate Burdubai,666,52,4,"Smartphone repair center with titles showing storage upgrade, battery replacement and dead phone fixes plus institute content.",phone repair | smartphone repair,UCl3CuGb1R9gFtM7Fi1nDjww,hands,phone-repair,wave1,2026-09-14,filter,52
https://www.youtube.com/@mobilemedicalstore100,@mobilemedicalstore100,Mr mms100,675,133,4,Title shows a real touch glass replacement job on a Redmi device.,mobile repairing,UCdlesFUt2wbFOnRhOGSSWhw,hands,phone-repair,rest1,2026-09-14,filter,133
https://www.youtube.com/@mobilephonelovers3240,@mobilephonelovers3240,Mobile Phone Lovers,3700,86,4,Mobile phone repair training institute description focused on practical repair courses for students.,phone repair | mobile repairing | mobile phone repair,UCqJE0-yQkuRYkfRLm0wQdiQ,hands,phone-repair,gray_v2,2026-09-14,filter,86
https://www.youtube.com/@mobilepointpawanmarche,@MobilePointPawanMarche,Mobile Point Pawan Marche,1580,100,4,"Mobile repairing shop owner's channel emphasizing genuine proof videos, thin but on-topic.",मोबाइल रिपेयरिंग,UCLhZUVv-t733NU4_ecuIacQ,hands,phone-repair,gray_v2,2026-09-14,filter,100
https://www.youtube.com/@mobilerepair-i9i,@Mobilerepair-i9i,Mobilerapair-i9i,268,127,4,Titles show real repair work like charging connector fix and sound problem troubleshooting on specific phone models.,mobile repairing,UCC1gwtBi3FClgkIcJIRBXCg,hands,phone-repair,gray_v2,2026-09-14,filter,123
https://www.youtube.com/@mobilerepair_tricks,@Mobilerepair_tricks,Mobile repair tricks,2910,186,4,Channel titled 'Mobile repair tricks' with minimal but clearly repair-focused description.,mobile repairing,UCN1zcMw9RBthFtNB7P_jwqQ,hands,phone-repair,gray_v2,2026-09-14,filter,186
https://www.youtube.com/@mobilerepairavdheshtelecom1,@MobileRepairAvdheshTelecom1,Mobile Repair Avdhesh,241,131,4,"Titles show battery repair and display folder replacement work alongside telecom services, solid hands-on repair evidence.",मोबाइल रिपेयरिंग,UCmWR1qsYtbaVFhDNK-FVZeQ,hands,phone-repair,wave1,2026-09-14,filter,137
https://www.youtube.com/@mobilerepairexperts7,@mobilerepairexperts7,Mobile Repair Experts ,98,57,4,"Titles show iPhone battery BMS swipe, display green problem fixes with soldering iron, hands-on repair evident.",phone repair,UCWSjjDp2pJv8Ly4wTVlRcgw,hands,phone-repair,wave1,2026-09-14,filter,133
https://www.youtube.com/@mobilerepairfamily,@mobilerepairfamily,Mobile Repair Family,530,100,4,"Titles show dead phone and charging solution repairs, technical fault-based content.",मोबाइल रिपेयरिंग,UCt7MDcC03o7mfJRUkufXIBA,hands,phone-repair,wave1,2026-09-14,filter,106
https://www.youtube.com/@mobilerepairguru0980,@MobileRepairGuru0980,@Ashu vlog,264,93,4,Desi-style mobile repair channel promising step-by-step charging/display/battery fixes on camera.,phone repair,UCXSrHyxWEmTBJIo_-v8QNxA,hands,phone-repair,gray_v2,2026-09-14,filter,72
https://www.youtube.com/@mobilerepairindia1,@Mobilerepairindia1,Mobile repair india,3330,364,4,"Channel doing mobile repairing videos and jumper solutions, on-topic technician content.",mobile repairing,UC1g6A7lUQnURWMadRnN84kg,hands,phone-repair,gray_v2,2026-09-14,filter,364
https://www.youtube.com/@mobilerepairing304,@mobilerepairing304,Mobile Repairing,343,68,4,Titles show hands-on jack/battery replacement repairs across multiple phone models.,mobile repairing,UC0MwcxY36sNRws26XEBK_iw,hands,phone-repair,wave1,2026-09-14,filter,68
https://www.youtube.com/@mobilerepairing3730,@mobilerepairing3730,mobile researcher ,112,91,4,"Titles show IC reballing, dead phone solutions and CPU rework on real devices.",mobile repairing,UCXTIXTRTOT891QjiX-1R4CQ,hands,phone-repair,wave1,2026-09-14,filter,91
https://www.youtube.com/@mobilerepairingbeawar2455,@mobilerepairingbeawar2455,MOBILE REPAIRING BEAWAR,432,184,4,"Bare-name mobile repairing shop channel with no drift signals, thin but on-topic.",mobile repairing,UCCl3lxeg1VgWn9lE5JknWaQ,hands,phone-repair,gray_v2,2026-09-14,filter,190
https://www.youtube.com/@mobilerepairingdhanbad,@MobileRepairingDhanbad,Mobile Repairing Shop Dhanbad,128,71,4,Shop channel with titles showing real jobs like display flicker fixes and dead phone repairs.,mobile repairing,UCUL54VORe3qSNEd012P3EFQ,hands,phone-repair,wave1,2026-09-14,filter,140
https://www.youtube.com/@mobilerepairinggyan2094,@mobilerepairinggyan2094,MOBILE REPAIRING GYAN,2150,468,4,"Channel explicitly dedicated to mobile repairing video content, thin but on-topic evidence.",mobile repairing,UCBW6lfO8tjrWcMfjQ5upVmw,hands,phone-repair,gray_v2,2026-09-14,filter,467
https://www.youtube.com/@mobilerepairingmanishankar3996,@mobilerepairingmanishankar3996,Mobile Repairing MSD. ,554,102,4,"Simple 'Mobile Repairing' channel name/description, thin but repair-focused evidence.",mobile repairing,UCp0YCMqksnkgddOoLPu7xmg,hands,phone-repair,gray_v2,2026-09-14,filter,123
https://www.youtube.com/@mobilerepairingpoint,@MobileRepairingPoint,Mobile Repairing Point,17300,470,4,"Bangla mobile repairing channel name and description, thin evidence but on-topic.",mobile repairing,UC03cuiiUWUZDb6p4VKb6Mvg,hands,phone-repair,gray_v2,2026-09-14,filter,470
https://www.youtube.com/@mobilerepairingsolution..s,@MobileRepairingSolution..S,Mobile Repairing Solution..S,70,52,4,"Titles show mic replacement and charging connect/disconnect fixes, real hands-on mobile hardware repair shorts.",mobile repairing,UCBk5it6XSoSNSf89E3cmn-g,hands,phone-repair,wave1,2026-09-14,filter,52
https://www.youtube.com/@mobilerepairingwala,@mobilerepairingwala,Mobile Repairing wala,4,448,4,Name and hashtags explicitly reference disassembly and display replacement videos.,mobile repairing,UC9S_DI0jwEkAkCml5V5euXw,hands,phone-repair,gray_v2,2026-09-14,filter,448
https://www.youtube.com/@mobilerepairjunction,@Mobilerepairjunction,Mobile repair junction ,1100,101,4,"Mobile repairing centre channel covering hardware and software, thin but on-topic bio.",mobile repairing,UCARXFejrwewO_qaRG6gAYQQ,hands,phone-repair,gray_v2,2026-09-14,filter,101
https://www.youtube.com/@mobilerepairlearntoday7254,@mobilerepairlearntoday7254, Mobile repair learn Today,54,63,4,"Mobile repair learning channel with touch glass replacement and FRP titles, mostly hardware-focused.",phone repair | mobile phone repair,UCxCo1LXE_7FGw2-YoPMS8IA,hands,phone-repair,gray_v2,2026-09-14,filter,63
https://www.youtube.com/@mobilerepairtips4599,@mobilerepairtips4599,Mobile Repair Tips,7620,403,4,"Generic but repeated mobile repair tips focus, plainly on-topic.",mobile repairing,UCS62u9lIBaPRk92mbkJfQJg,hands,phone-repair,gray_v2,2026-09-14,filter,403
https://www.youtube.com/@mobilesoluionsbd9027,@mobilesoluionsbd9027,Mobile Fixed Pro BD,5480,84,4,Bengali tutorial channel dedicated to mobile technological repair issues with clear repair focus.,mobile repairing,UCfRF15hed8ODSEmsnFYpJFA,hands,phone-repair,rest1,2026-09-14,filter,84
https://www.youtube.com/@mobilesolution07,@MobileSolution07,Mobile Solution,3220,73,4,Claims to be a complete lab for all mobile repairing with advanced tools.,mobile repairing,UC88RV2kvBMrBtidR1DA1aPQ,hands,phone-repair,gray_v2,2026-09-14,filter,73
https://www.youtube.com/@mobilesolution9,@mobilesolution9,Mobile solution Care,4940,87,4,"Mobile repair and software solution channel, thin evidence but clearly repair-focused.",mobile repairing,UCrocnQrLU40ckeBaSJxmcrg,hands,phone-repair,gray_v2,2026-09-14,filter,87
https://www.youtube.com/@mobilesolutions1890,@mobilesolutions1890,mobile solutions,1110,128,4,"Hindi chip-level mobile repair learning channel, on-topic description with technical focus.",chip level,UCHZ5K1dyQ9x1nifBaoduPpQ,hands,phone-repair,wave1,2026-09-14,filter,128
https://www.youtube.com/@mobilesolutions623,@mobilesolutions623,Mobile Solutions,1330,89,4,"Professional mobile repairing channel covering IC repair, charging and network issue troubleshooting.",phone repair | mobile repairing | mobile phone repair,UCuJfTGWCkeSJmCtNncgCpdA,hands,phone-repair,gray_v2,2026-09-14,filter,89
https://www.youtube.com/@mobilesuccess07,@Mobilesuccess07,Mobile Success ,24200,410,4,Mobile repair troubleshooting channel with screen and battery replacement step-by-step content described.,phone repair | mobile phone repair,UCkBkQnVV4zN5qLz7plRZhIg,hands,phone-repair,gray_v2,2026-09-14,filter,412
https://www.youtube.com/@mobilesupport564,@Mobilesupport564,Mobile Support,2730,131,4,"Channel dedicated to screen, battery and charging-port repair tutorials across multiple phone brands.",phone repair | mobile phone repair,UCjBwUjMSorSIvhRkiJp81Xw,hands,phone-repair,wave1,2026-09-14,filter,131
https://www.youtube.com/@mobilesurgeon,@MOBILESURGEON,MOBILE SURGEON ,1200,405,4,"Chip-level repair training channel covering IC replacement, motherboard repairs, power section fixes alongside software solutions.",motherboard repair,UCOoZDPn0BXtkr4-fH1VtwrQ,hands,phone-repair,wave1,2026-09-14,filter,405
https://www.youtube.com/@mobilesurgeon2072,@mobilesurgeon2072,mobile Surgeon,64,58,4,"Thin one-line description naming mobile hardware/software repairing shop, no drift signals.",mobile repairing,UCy6iKcZ2Gedl9Ppapsb4VxA,hands,phone-repair,rest1,2026-09-14,filter,58
https://www.youtube.com/@mobilesurgeonaziz1362,@mobilesurgeonaziz1362,Mobile Surgeon Aziz,1020,65,4,"Mobile repairing hardware and software videos channel, thin but clearly on-topic description.",mobile repairing,UCJTmXAqX8gWOxcNtu9Ef9lQ,hands,phone-repair,gray_v2,2026-09-14,filter,65
https://www.youtube.com/@mobiletech-world,@mobiletech-world,MOBILE TECH,1110,167,4,"Mobile repairing and hardware solution channel, thin plain bio.",mobile repairing,UCuZYc53I1xfCZk14AMI-bUw,hands,phone-repair,gray_v2,2026-09-14,filter,167
https://www.youtube.com/@mobiletechdeep,@Mobiletechdeep,Mobile Tech Deep,8720,462,4,"Channel promises hardware/software mobile repairing tips and schematic diagrams, thin but on-topic.",mobile repairing,UCueoU_cCpQmBL8GhrDYHhFw,hands,phone-repair,gray_v2,2026-09-14,filter,462
https://www.youtube.com/@mobiletechdude,@Mobiletechdude,Mobile tech Dude,47200,2156,4,"Channel dedicated to mobile repairing videos, disassembly and repairing solutions.",mobile repairing,UCiytzhxdZ3r0dLL7TNhjVhw,hands,phone-repair,wave1,2026-09-14,filter,2157
https://www.youtube.com/@mobiletechnicalguru1176,@mobiletechnicalguru1176,Mobile Technical Guru,276,112,4,"Titles show battery change, network problem fixes and hardware solutions across multiple phone brands.",mobile repairing,UCc-tgn_kBkgq8VFPIs-eItA,hands,phone-repair,wave1,2026-09-14,filter,117
https://www.youtube.com/@mobiletechnician02,@mobileTechnician02,mobile Technician ,96,132,4,Mobile technician channel focused on teaching mobile repairing skills daily.,mobile repairing,UCx-zuG2c3vJcAi-nbpR1P0Q,hands,phone-repair,gray_v2,2026-09-14,filter,224
https://www.youtube.com/@mobiletechnician5517,@mobiletechnician5517,Mobile technician,2860,244,4,"Experienced technician channel covering hardware, software and EMMC repair with detailed personal repair background description.",mobile repairing | emmc,UCrsso-J1LYaguzm-ydWkB7g,hands,phone-repair,wave1,2026-09-14,filter,244
https://www.youtube.com/@mobiletechnology423,@mobiletechnology423,Mobile Technology,112,55,4,Thin one-line description naming mobile repairing and technology as focus.,mobile repairing,UCiVn41g4Y4_h4O0QWiuvYRg,hands,phone-repair,rest1,2026-09-14,filter,55
https://www.youtube.com/@mobiletechshorts,@mobiletechshorts,mobile tech shorts,342,248,4,"Single title shows dead mobile repairing work, consistent with stated topic focus.",mobile repairing,UCPPEhxUD_IG4mE4pnRT79tw,hands,phone-repair,gray_v2,2026-09-14,filter,261
https://www.youtube.com/@mobiletechu7d,@MobileTechu7d, Mobile Tech,237,78,4,"Named mobile repairing shop with address, thin but plausible evidence of on-camera repair.",mobile repairing,UC0P_Ct99-hE3Km7HmOHP0NA,hands,phone-repair,gray_v2,2026-09-14,filter,78
https://www.youtube.com/@mobiletechvikas,@MobiletechVikas,Mobile tech Vikas,127,114,4,Practical mobile repair channel with schematic diagram titles pointing to chip-level board repair content.,mobile repairing,UCKJ_B_Nz32WK2k0kV7cF3Gw,hands,phone-repair,trial100,2026-09-14,filter,180
https://www.youtube.com/@mobiletipesd.c,@Mobiletipesd.c,Deepak communication mobile shop ,87,55,4,"Titles show battery replacement, folder connector, glass punching and charging pin replacement work on camera.",mobile repairing,UC7K-FYFzYX2m8Zr6T6n6tiw,hands,phone-repair,wave1,2026-09-14,filter,66
https://www.youtube.com/@mobiletips3736,@mobiletips3736,Mobile Tips786,224,59,4,Titles show specific hardware fault fixes like battery temperature and hang-on-logo solutions in Hindi.,मोबाइल रिपेयरिंग,UCb2CGdhBosh-bs32SzNOVDQ,hands,phone-repair,wave1,2026-09-14,filter,59
https://www.youtube.com/@mobiletricks199,@mobiletricks199,mobile tricks 199,338,66,4,"Titles detail specific phone fault fixes like button and charging problems, real repair troubleshooting.",mobile repairing,UCba1KXjr8VCcp8jhV4LXc1g,hands,phone-repair,gray_v2,2026-09-14,filter,66
https://www.youtube.com/@mobiletricsbymanish8496,@mobiletricsbymanish8496,Mobile trics by manish,1620,265,4,"Short bio names mobile repairing channel with a welcoming tone, thin but on-topic evidence.",mobile repairing,UChhJnksRk-OHmKpjlGwXuTw,hands,phone-repair,gray_v2,2026-09-14,filter,265
https://www.youtube.com/@mobiletwin,@MobileTwin,แฝดโมบาย บางปะกง,161,160,4,"Titles show detailed board reassembly, soldering temperature testing and BGA/board work under microscope for phones.",ซ่อมมือถือ,UCnDhFZo1lLxkogNIdUkqD-g,hands,phone-repair,wave1,2026-09-14,filter,193
https://www.youtube.com/@mobileuniverse72,@mobileuniverse72,mobile universe,364,67,4,Titles show back glass and screen glass replacement work on multiple phone models.,phone repair,UCCwOD7UZqfq6f07BqLsBrfQ,hands,phone-repair,wave1,2026-09-14,filter,70
https://www.youtube.com/@mobilewalebhaiyaa,@mobilewalebhaiyaa,Mobile Wale Bhaiya,137,108,4,"Titles show real dead-boot and repair jobs on Samsung phones, a mobile repairing focused channel with expo vlog mixed in.",mobile repairing,UCYxAio2eOcma6ZL2CcbZQJg,hands,phone-repair,wave1,2026-09-14,filter,118
https://www.youtube.com/@mobileworldkakinada16,@mobileworldkakinada16,MOBILEWORLD KAKINADA,2390,214,4,"Chip-level repair shop description mentions dead/hang/restart problems and touch glass replacement, business-focused.",chip level,UCsXoaehs-qxmKhe1bVGUAfw,hands,phone-repair,wave1,2026-09-14,filter,214
https://www.youtube.com/@mobilexpert_786,@mobilexpert_786,mobile xpert 786..,4630,452,4,Shop description emphasizes hardware repair solutions like glass and touch replacement across brands.,mobile repairing,UCFmUGS5tBk6PfEMhoSTOVTg,hands,phone-repair,gray_v2,2026-09-14,filter,454
https://www.youtube.com/@mobilezone8880,@Mobilezone8880,Mobile_zone,36,74,4,"Simple bio: mobile repairing hardware and software, thin but on-topic evidence.",mobile repairing,UCxEAJKQanqUpqORzO6ldkSg,hands,phone-repair,gray_v2,2026-09-14,filter,86
https://www.youtube.com/@mobiserviciotecnicoespecia9258,@mobiserviciotecnicoespecia9258,Mobi Servicio Tecnico Especializado,25000,60,4,"Repair shop offering hardware/software repair courses for cell phones and laptops, phones dominant.",reparación de celulares,UC-MkaBEW4bP_Uvk0ZyCw0gg,hands,phone-repair,gray_v2,2026-09-14,filter,60
https://www.youtube.com/@mobitechinstitute786,@mobitechinstitute786,Mobitech Institute,23300,146,4,Institute channel dedicated to teaching mobile repairing and software practically.,mobile repairing,UCJUw7qo-MZa7VXLeToucN6w,hands,phone-repair,gray_v2,2026-09-14,filter,146
https://www.youtube.com/@mobrepair24,@MobRepair24,На ремонте у Дини,68,97,4,"Titles show display module and battery replacement on phones/tablets, direct hands-on repair evidence.",ремонт телефонов,UCNhFDZtqbVrwUeUuGtaIgWg,hands,phone-repair,wave1,2026-09-14,filter,97
https://www.youtube.com/@mobxindia,@MobXIndia,MobX,496,257,4,"iPhone repair hub with titles showing logic board teardown, back panel replacement and network diagnostics.",phone repair | iphone repair,UCSZ6kPmfBR4YUD6vaT5vwcg,hands,phone-repair,wave1,2026-09-14,filter,627
https://www.youtube.com/@modal-os,@Modal-OS,Modal mobile Expert,349,89,4,Titles show real hardware fixes like face ID/camera changing and dead phone diagnostics.,mobile repairing,UCDbLctuh_UPPOQrxG5uSoDw,hands,phone-repair,rest1,2026-09-14,filter,89
https://www.youtube.com/@mofaxeinstitutemumbai,@mofaxeinstitutemumbai,Mofaxe Institute,410,59,4,"Mobile repairing institute with CPU reballing and lab setup videos, mixed with some FRP bypass content.",mobile repairing | electronics repair course,UCYxfqPBhoPU9T1Ji2xgRCuA,hands,phone-repair,wave1,2026-09-14,filter,60
https://www.youtube.com/@mofixacademy,@Mofixacademy,Mofix academy,20200,102,4,"Mobile repair academy channel teaching smartphone repair and programming, thin but on-topic description.",صيانة الهواتف,UChZ6fGgbh6CvU19pni8BTFw,hands,phone-repair,rest1,2026-09-14,filter,102
https://www.youtube.com/channel/ucnzxmoe4q0b1raiecg_ffzg,@mohammadshahid786ws,Mohammad Shahid,663,78,4,Thin one-line bio naming mobile repairing with no evidence pointing away from hands-on work.,mobile repairing,UCnzXMoE4Q0B1RAieCg_FFZg,hands,phone-repair,rest1,2026-09-14,filter,79
https://www.youtube.com/@mohidul961,@mohidul961,MOHIDUL MOBILE REPAIRING,3280,346,4,Repair and restoration channel description emphasizing full phone repair across multiple brands.,phone repair | mobile repairing | mobile phone repair,UC0ALPwJ-Oghy1L90BkjgC6Q,hands,phone-repair,rest1,2026-09-14,filter,348
https://www.youtube.com/@mohit.singh-155,@mohit.singh-155,Mohit Mobile Repair ,460,50,4,"IC level mobile repair channel, thin but clearly on-topic name/description.",mobile repairing,UCygMKRNG1B3QFWUqfAPC6JQ,hands,phone-repair,gray_v2,2026-09-14,filter,50
https://www.youtube.com/@mohitbrothersmobilesolution,@mohitbrothersmobilesolution,Mohit & Brothers Mobile solution,3520,134,4,Dedicated mobile repairing channel sharing hardware and software repair ideas and techniques.,mobile repairing,UC5GND_9P85oLu5jkh38npfg,hands,phone-repair,wave1,2026-09-14,filter,135
https://www.youtube.com/@mohmandgsm,@MohmandGsm,Mohmand Gsm,6890,236,4,"Mobile GSM repair channel uploading repair videos and tips, thin but on-topic description.",mobile repairing,UCI9EiucyqBKk9xhtA_OA6NA,hands,phone-repair,gray_v2,2026-09-14,filter,236
https://www.youtube.com/@mohsin_official_4fx7lv7w,@Mohsin_official_4fx7lv7w,Mohsin Mojumder 7899,1370,563,4,Description details chip-level and motherboard repair work including CPU reballing and eMMC repair.,phone repair | motherboard repair | emmc,UC5MwljTqu3dXw5ik6JGOL4A,hands,phone-repair,wave1,2026-09-14,filter,563
https://www.youtube.com/@mordern_mobile,@mordern_mobile,Modern mobile institute,181,94,4,Mobile repairing institute offering basic to advanced training courses with practical bench sessions implied.,mobile repairing | mobile repairing course | emmc,UCbOM-qKnrkM4ESPJkBkkDiA,hands,phone-repair,wave1,2026-09-14,filter,118
https://www.youtube.com/@motaphone,@motaphone,Mota Phone,3190,80,4,"Dedicated cellphone maintenance channel, thin generic welcome description but clearly repair-focused.",manutenção de celular,UCD9DNq25gJ36Iu7NSOoFfrw,hands,phone-repair,gray_v2,2026-09-14,filter,80
https://www.youtube.com/@motorola2s,@Motorola2026s,Surajmobile56s ,168,366,4,"Titles show hands-on phone repair steps like folder removal, charging jack fitting, and display replacement.",mobile repairing,UCTBKhnVmDRdBzDX46cbd6VA,hands,phone-repair,wave1,2026-09-14,filter,374
https://www.youtube.com/@mousephone39,@mousephone39,เม้าส์โฟน 39,1830,135,4,Thin description directly about phone repair guidance with no distracting signals.,ซ่อมมือถือ,UCXIDrB-_fvqA9c1xfg6AVtg,hands,phone-repair,gray_v2,2026-09-14,filter,135
https://www.youtube.com/@mowdudmobilerepair,@mowdudmobilerepair,Mowdud Mobile Repair,3020,217,4,Bengali channel dedicated to uploading mobile hardware repair work presented step by step.,mobile repairing,UC7Lfpm-XUfvM0K1I4jGN5gg,hands,phone-repair,rest1,2026-09-14,filter,217
https://www.youtube.com/@mozammel.official,@mozammel.official,Mozammel Hossain,65,56,4,"Mobile repair shop channel with charging pin repair and disassembly titles, some software content mixed in.",phone repair | mobile phone repair,UC9oWdKBj8LnpVqC6wrQ5gKw,hands,phone-repair,gray_v2,2026-09-14,filter,56
https://www.youtube.com/@mp-minhphong81,@MP-minhphong81,Minh Phong 81,86,58,4,"Shop plainly doing phone buy/sell/repair, thin one-line description with no counter-signal.",sửa chữa điện thoại,UC54LJ1XrTPwxfp8sWqEIYRg,hands,phone-repair,rest1,2026-09-14,filter,109
https://www.youtube.com/@mpointmobile11,@Mpointmobile11,M point mobile training center,185,88,4,"Mobile training center with EMMC/UFS chip-level course, titles show motherboard shorting and unlock tool topics.",mobile repairing | chip level | emmc,UCiLg0CGjVFKq5efg2EiE3Kw,hands,phone-repair,rest1,2026-09-14,filter,88
https://www.youtube.com/@mpsshekharjpt,@mpsShekharjpt,mps,181,79,4,Titles show real motherboard IC seal cutting and chip-level tablet repair work with 12 years experience claimed.,mobile repairing | chip level,UCJBsvLgfh5Dc_IBjEGNz5-g,hands,phone-repair,wave1,2026-09-14,filter,84
https://www.youtube.com/@mqtech786,@mqtech786,MQ TECH ,329,89,4,Small dedicated phone repair channel with titles showing display and charging port fault fixes.,phone repair,UCrSyqK6n6dgaDOy2XHLCZ2Q,hands,phone-repair,wave1,2026-09-14,filter,166
https://www.youtube.com/@mr-rock2978,@mr-rock2978,MR-ROCK  946k view• 1day ago,734,86,4,"Mobile-only repair channel with liquid damage and troubleshooting titles, thin but on-topic evidence.",mobile repairing,UCHqwD6-67sXVW1F6TLZ4oUA,hands,phone-repair,gray_v2,2026-09-14,filter,101
https://www.youtube.com/@mr.deepakmobile2,@Mr.deepakmobile2,Mr. Rocky Deepak,239,71,4,Titles show specific repairs: charging pin solution and water damage display fix on real phones.,mobile repairing,UCHAi4x8bJqZnr92JjOg7Zug,hands,phone-repair,wave1,2026-09-14,filter,71
https://www.youtube.com/@mr.phonefixer_official,@Mr.PhoneFixer_Official,Mr.PhoneFixer,196,98,4,"Mobile repair shop listing display, battery, charging port replacements and chip-level service.",chip level,UCu3RibytQxSxfZEWA7maWAQ,hands,phone-repair,rest1,2026-09-14,filter,98
https://www.youtube.com/@mr.prajapati75,@mr.prajapati75,MR. PRAJAPATI 75,1060,118,4,"Simple mobile repairing video channel name, thin but plausible bench-repair evidence.",mobile repairing,UC0hjLneIaVu5qNEXPV8s9Sw,hands,phone-repair,gray_v2,2026-09-14,filter,118
https://www.youtube.com/@mr_irsad_dk,@mr_irsad_Dk,Dk mobile Repairing ,19,52,4,"Mobile repairing shorts channel covering hardware fixes across brands, thin but on-topic description.",mobile repairing,UC1RHihrdfRPf20V54oFS3sA,hands,phone-repair,rest1,2026-09-14,filter,107
https://www.youtube.com/@mrallin-one,@Mrallin-one,Mr.অল ইন ওয়ান,1330,139,4,Bengali channel focused on hardware/software mobile repair discussing eMMC and dead boot issues.,emmc,UCiQdSHCjuAuT731g_3VEacw,hands,phone-repair,wave1,2026-09-14,filter,139
https://www.youtube.com/@mrfixer02,@Mrfixer02,Mrfixer,402,171,4,"Mobile repair shop with glass replacement and laser machine work, both software and hardware repair.",phone repair | iphone repair,UCPpAyrVrXbsRvz9goj2NnIA,hands,phone-repair,gray_v2,2026-09-14,filter,171
https://www.youtube.com/@mrfixfast,@mrfixfast,mr. fixfast,627,53,4,Titles show teardown and disassembly of Redmi and Oppo phones for back panel replacement work.,mobile repairing,UCSr202RSsGmd8vfAhAP3zBg,hands,phone-repair,wave1,2026-09-14,filter,53
https://www.youtube.com/@mrfixmobilephoneuae,@MrFixMobilePhoneUAE,Mr Fix Mobile Phone UAE,2650,155,4,"Mobile repair channel with tutorials on hardware/software fixes, tools and repair methods, plainly repair-focused.",phone repair | mobile phone repair,UCbQGYwqWMEl-kiBStJClqJQ,hands,phone-repair,gray_v2,2026-09-14,filter,155
https://www.youtube.com/@mriphone5871,@MRIPHONE5871,MR IPHONE,453,188,4,"iPhone/OnePlus repair specialist shop name, no titles but strong repair-focused description.",mobile repairing,UC7_26I1Xt3ljGiA0ufiqhsQ,hands,phone-repair,wave1,2026-09-14,filter,197
https://www.youtube.com/@mriphoneiran,@mriphoneiran,مستر آیفون | تعمیرکارتخضصی آیفون,790,139,4,Specialized iPhone micro-soldering board-level repair channel with fault diagnosis titles and technical terminology.,micro soldering,UCEdwiSqCJMzmb7NNE-E4HFA,hands,phone-repair,wave1,2026-09-14,filter,182
https://www.youtube.com/@mrkarantech90,@mrkarantech90,Mr Karan Tech,1230,110,4,"Describes teaching screen/battery replacement, charging port repair, dead phone fixes in Hindi.",मोबाइल रिपेयरिंग,UCG9h9po-noP17kQYmps2PpA,hands,phone-repair,gray_v2,2026-09-14,filter,110
https://www.youtube.com/@mrlilar25,@Mrlilar25,MR Lilar,588,131,4,"Titles show real repairs: glass change, folder change, charging jack replacement across multiple phone models.",mobile repairing,UCuL4kQJzGGxl4e4Dxi1Dh4w,hands,phone-repair,gray_v2,2026-09-14,filter,124
https://www.youtube.com/@mrmechanicmobilerepairing,@mrmechanicmobilerepairing,Mr Mechanic Mobile Repairing,10600,207,4,"Mobile repairing channel detailing hardware/software tutorials including motherboard, battery and screen replacement steps.",phone repair | mobile repairing | मोबाइल रिपेयरिंग,UCHhdl_9LCQ5KPMGAcwcPtYA,hands,phone-repair,wave1,2026-09-14,filter,207
https://www.youtube.com/@mrmobiii,@mrmobiii,Mrmobi,170,66,4,"Mobile repairing channel covering hardware, display, charging and dead phone repair tutorials.",phone repair | mobile repairing,UCFdEBqYNULpmSHeaPpZkv2w,hands,phone-repair,gray_v2,2026-09-14,filter,66
https://www.youtube.com/@mrmobile-1994,@MRMOBILE-1994,MRMOBILES ,330,132,4,"Smartphone repair and research lab channel, thin but clearly on-topic naming.",phone repair | smartphone repair,UC82XezLoer1Gg3Jh7MJIe0Q,hands,phone-repair,gray_v2,2026-09-14,filter,132
https://www.youtube.com/@mrphone_tech,@MrPhone_Tech,Mr Phone Tech,611,118,4,"Covers chip-level repair, display, battery, charging and water damage solutions for phones with tutorial focus.",phone repair | mobile phone repair,UCNwkU9JclZ-wVYcWuKCuxJQ,hands,phone-repair,wave1,2026-09-14,filter,118
https://www.youtube.com/@mrphonehub,@mrphonehub,MR PHONE HUB ,88,133,4,Titles show real screen replacement repairs though mixed with FRP bypass software content.,mobile repairing,UCRrOxzplBHXa4iid0kIeYMQ,hands,phone-repair,wave1,2026-09-14,filter,136
https://www.youtube.com/@mrrazaaatishmobilerepair,@MrRazaaatishmobilerepair,Razaaatish,1260,92,4,Repair channel sharing mobile faults and solutions with clear focus on hands-on hardware fixes.,phone repair | mobile repairing | cell phone repair,UC2aEijaa1xv7WDNIP0qXnZg,hands,phone-repair,rest1,2026-09-14,filter,92
https://www.youtube.com/@mrthanhservice,@MrThanhService,Mr Thành Apple,8260,307,4,iPhone/iPad/MacBook repair shop and training center with technician skill focus described.,sửa chữa điện thoại,UCwM0b8l_ublAA8nIJQw4xdg,hands,phone-repair,wave1,2026-09-14,filter,307
https://www.youtube.com/@ms-pg7gb,@ms-pg7gb,ms9012,1400,592,4,Name and one-line description point to mobile repairing with no signals against it.,mobile repairing,UCsBjAGvqPvD27lg-87C3pCw,hands,phone-repair,rest1,2026-09-14,filter,592
https://www.youtube.com/@ms.mobile-point,@MS.Mobile-Point,Ms.Mobile Point ,516,111,4,"Phone repair shop channel including screen lamination services, thin but clear repair bio.",phone repair,UCHcoR3wq9kKEQqWJJBPy3xQ,hands,phone-repair,gray_v2,2026-09-14,filter,118
https://www.youtube.com/@ms_mobilesmoizvlog,@Ms_mobilesmoizvlog,MS MOBILE Repair and Tips ,355,89,4,"Technician-described channel covering display replacement, motherboard work and step-by-step fixing videos.",phone repair,UCYDxbJX0fFJNR2VEpgq8ADQ,hands,phone-repair,rest1,2026-09-14,filter,89
https://www.youtube.com/@ms_techpro,@MS_TechPro,Mobile Solutions Tech Pro,4460,316,4,"Advanced L3 board-level repair training channel mentioning CPU reballing, EMMC/NAND, PMIC faults explicitly.",phone repair | mobile phone repair | emmc,UCl3U7Loo_V_peX5I5i-DKNw,hands,phone-repair,wave1,2026-09-14,filter,316
https://www.youtube.com/@msimobilerestoration,@MSImobileRestoration,MSI mobile Restoration,22300,584,4,Chip-level mobile repair shop channel covering multiple brands with hardware focus.,mobile repairing | chip level,UCZ9D6P10um7sONy8dpgkvbA,hands,phone-repair,wave1,2026-09-14,filter,584
https://www.youtube.com/@msmobilerepairingcenter,@msmobilerepairingcenter,Ms Mobile Repairing Center,2240,141,4,"Mobile repairing and software center, thin description but clearly repair-focused.",mobile repairing,UCCbU2l3-68OFHdz8KXh4whg,hands,phone-repair,gray_v2,2026-09-14,filter,141
https://www.youtube.com/channel/ucabrbs8xdw5wncy0jrz_9uw,@MTechForid,MTech Forid,421,258,4,Short-form mobile repair videos showing LCD combo fitting and charging port replacement processes.,phone repair | mobile phone repair,UCaBrBS8xDW5wNcY0jrz_9Uw,hands,phone-repair,wave1,2026-09-14,filter,290
https://www.youtube.com/@mtlastsolution,@mtlastsolution,MT Last Solution ,24300,648,4,"Mobile repairing tips and tricks channel in Hindi, thin but on-topic evidence.",मोबाइल रिपेयरिंग,UCZT_rMYM0eZES7SWi93smXg,hands,phone-repair,gray_v2,2026-09-14,filter,648
https://www.youtube.com/@mubindanawala,@MubinDanawala,Mubin Danawala,11400,179,4,"LCD/glass screen replacement shop channel using automatic machines, shows repair process on camera.",mobile repairing,UCnNI8lxZuzp_pIqCIE1CUtA,hands,phone-repair,wave1,2026-09-14,filter,179
https://www.youtube.com/@mueedurrehman,@mueedurrehman,Mueed ur Rehman,757,233,4,"Real repair titles: jack replacement, glass cutting, display IC replacement on multiple phones.",phone repair | mobile phone repair,UCwLObfHf4t0MAj_bX3FX4TA,hands,phone-repair,wave1,2026-09-14,filter,233
https://www.youtube.com/@muhamadandry-sn6pk,@MuhamadAndry-sn6pk,Andry Beginner ,89,53,4,"Titles show real board-level repairs (network, backlight, keypad button fixes) on Techno, Xiaomi, Realme, Infinix phones.",phone repair | mobile phone repair,UCrv1UTbICls7xuOEKLFBEKw,hands,phone-repair,gray_v2,2026-09-14,filter,53
https://www.youtube.com/@muhammadabdullah-gc8ss,@MuhammadAbdullah-gc8ss,Abdullah technique  4m,3170,107,4,"Mobile repairing center channel with disclaimer about repair videos, thin but on-topic.",mobile repairing,UCT_n1awm7IQdqyg-J30yojg,hands,phone-repair,rest1,2026-09-14,filter,107
https://www.youtube.com/@mukeshgaming2,@MukeshGaming2,Mukesh Gaming,1380,90,4,Mobile repairing and software channel despite unrelated gaming channel name.,mobile repairing,UCvxk4ZeYibSsvyfb-E3UCxQ,hands,phone-repair,gray_v2,2026-09-14,filter,90
https://www.youtube.com/@mumbai.telecom,@Mumbai.Telecom,@mumbai.telecom,1690,144,4,Thin description naming mobile repairing and software as channel focus.,mobile repairing,UCZqDn2anbIqa-YlVgKCjWaA,hands,phone-repair,rest1,2026-09-14,filter,144
https://www.youtube.com/@musikprojeck3371,@musikprojeck3371,Musik pro jeck,486,59,4,Indonesian channel with titles showing real screen and LCD replacement jobs on phones.,servis hp,UCe4_YNc5Rui2XVByOn5mCPg,hands,phone-repair,wave1,2026-09-14,filter,185
https://www.youtube.com/@muskangsm,@muskangsm,Muskan GSM,3040,125,4,"Description covers mobile hardware, software, spare parts and IC-related repair content, chip-level focus implied.",mobile repairing,UCHeQTGEzGBhTmd6V1CxSSSw,hands,phone-repair,wave1,2026-09-14,filter,125
https://www.youtube.com/@mxp55,@mxp55,mobile@expertise,353,103,4,Mobile repair channel emphasizing foldable device restoration and premium spare parts with practical repair focus.,phone repair,UCisIaNWIBHflLc8k0PTtA9w,hands,phone-repair,wave1,2026-09-14,filter,103
https://www.youtube.com/@myjunaid,@myjunaid,JD Repairs,1390,67,4,Board-level micro-soldering repair shop channel covering iPhone iPad Samsung though also includes firmware flashing tutorials.,mobile repairing | micro soldering,UCYRXpNlU2sLyyQnySPUniMg,hands,phone-repair,wave1,2026-09-14,filter,67
https://www.youtube.com/@mymobifix,@MyMobifix,My Mobifix,2280,558,4,"Doorstep mobile repair service channel, thin evidence but plainly phone-repair focused.",phone repair | mobile repairing,UCJrfsG_llKEMu3rok7jC7rA,hands,phone-repair,rest1,2026-09-14,filter,558
https://www.youtube.com/@mynetworkmobiledotcom,@mynetworkmobiledotcom,MY NETWORK MOBILE REPAIRING CENTRE ,1750,124,4,Thin evidence but name and description point directly to an advanced mobile repairing centre.,mobile repairing,UC6rREWgCm9e7ZIVYeIoAHaA,hands,phone-repair,rest1,2026-09-14,filter,124
https://www.youtube.com/@myphonemd1048,@myphonemd1048,Moldisplay,104,54,4,"Titles show real display replacements and battery changes on Samsung/Xiaomi phones, though one car-washing video appears.",ремонт телефонов,UCspZRO-NUikNY19RG1H8peA,hands,phone-repair,wave1,2026-09-14,filter,54
https://www.youtube.com/@mzmalikmobile6999,@mzmalikmobile6999,MZ Malik Mobile,342,91,4,"Titles show real power IC repair and network IC replacement on Nokia, Huawei and Samsung devices.",mobile repairing,UCKXd1mysJk9SQzjWxo9K9_w,hands,phone-repair,wave1,2026-09-14,filter,91
https://www.youtube.com/@n8stechservices683,@n8stechservices683,N8's Tech Services,2070,67,4,"Microsoldering iPhone repair channel run by hobbyist learner, directly on-topic bench work.",phone repair | iphone repair | microsoldering,UCc67cQSbcLXyie_tHflR03g,hands,phone-repair,wave1,2026-09-14,filter,67
https://www.youtube.com/@nadeemrepairzone,@NadeemRepairzone,Nadeem Repair zone,394,125,4,"Shorts-style repair channel showing folder change, network IC change and display work titles.",mobile repairing,UChXA62-sGflAWZSshcxA0aA,hands,phone-repair,gray_v2,2026-09-14,filter,339
https://www.youtube.com/@nageshmobilesolutions,@nageshmobilesolutions,Nagesh mobile solutions ,1870,411,4,Channel dedicated to mobile repairing solutions and teaching repair skills.,mobile repairing,UCMyGhsJTsT5zzdMKzCzwILQ,hands,phone-repair,gray_v2,2026-09-14,filter,411
https://www.youtube.com/@naimmia-i2k,@NaimMia-i2k,Professional Mobile Training Institute 01,153,62,4,Mobile repair training institute covering iPhone and Android hardware repair with hands-on focus.,phone repair | mobile repairing | iphone repair,UCR1qQ7cdn1u44bCUlnip6xQ,hands,phone-repair,wave1,2026-09-14,filter,62
https://www.youtube.com/channel/ucfr5jgyu_sknajosq7xt7pw,@najeebtech72,najeeb tech,220,57,4,"Samsung and iPhone repair service channel, thin description but clear repair focus.",phone repair,UCfr5jgYU_sknaJoSq7xt7Pw,hands,phone-repair,gray_v2,2026-09-14,filter,72
https://www.youtube.com/@namanmobilecare,@Namanmobilecare,Naman Mobile Care,1590,75,4,"Dedicated mobile repairing teaching channel from basic to advanced, thin but clear evidence.",मोबाइल रिपेयरिंग,UCCfkfikIqCJ1S0HC4gWUFNQ,hands,phone-repair,gray_v2,2026-09-14,filter,75
https://www.youtube.com/@namo_mobile_clinic,@Namo_Mobile_clinic,Namo Mobile clinic,291,146,4,"Mobile clinic channel solving hardware problems daily, thin title evidence but clearly repair-focused.",mobile repairing,UCIm2imgYhw5AadbwldSxVgA,hands,phone-repair,rest1,2026-09-14,filter,180
https://www.youtube.com/@namobilelab,@Namobilelab,Namobilelab,111,97,4,"Titles show real jumper solutions and charging point repairs on specific phone models, hands-on hardware fixes.",mobile repairing,UCDFv6A9Ou5VbDhG-LS-JZaw,hands,phone-repair,wave1,2026-09-14,filter,97
https://www.youtube.com/@nancy.mobile.2m,@Nancy.Mobile.2M,NANCY MOBILE  2M,2850,648,4,"Simple bio stating channel uploads mobile repairing related videos, thin but on-topic evidence.",मोबाइल रिपेयरिंग,UCCGVzIlwhJ3IDy2RcKzjlSw,hands,phone-repair,rest1,2026-09-14,filter,648
https://www.youtube.com/@nandanimobilebestservice6315,@nandanimobilebestservice6315,Nandani mobile best service,1170,51,4,"Mobile hardware and software engineer sharing repairing videos, thin but on-topic description.",mobile repairing,UCYaxHh5wkqUTBdPqix_Bx8g,hands,phone-repair,gray_v2,2026-09-14,filter,51
https://www.youtube.com/@nanip129,@nanip129,Ncare Vijayawada ,408,54,4,Mobile repairing institute with titles showing real board-level fixes like RAM reball and dead phone repairs.,mobile repairing,UCsmjFYjiNVS2ZtfylRmR64g,hands,phone-repair,wave1,2026-09-14,filter,66
https://www.youtube.com/@naseermobileguidance7814,@naseermobileguidance7814,Naseer mobile guidance,138,58,4,"Titles show hands-on LCD, battery and charging IC replacement on Nokia phones, real repair steps.",mobile repairing,UCA31UJBDaallQChbyXDbgsg,hands,phone-repair,wave1,2026-09-14,filter,58
https://www.youtube.com/@nasinfotech,@Nasinfotech,Nas Info Tech,132,69,4,"Chip-level and eMMC training/repairing channel with hardware and software combined, practical bench training implied.",chip level | emmc,UC6Ed2DAjFew5a9eyL8HIhEQ,hands,phone-repair,wave1,2026-09-14,filter,73
https://www.youtube.com/@naskarbaburepairing,@Naskarbaburepairing,Naskar Telecom,238,58,4,"Mobile repairing channel titles show power button, battery connector, CPU removal and stencil tool demos.",mobile repairing,UCL0JpArvgyJ1BxZl8Lgs9dg,hands,phone-repair,wave1,2026-09-14,filter,58
https://www.youtube.com/@nassertominaman,@nassertominaman,"Phonetricks,",1080,225,4,"Cellphone repair vlog covering charging, network and hardware/software troubleshooting tutorials.",phone repair | cellphone repair,UCBqdal5YJRqXW1hIBiaX8UA,hands,phone-repair,gray_v2,2026-09-14,filter,225
https://www.youtube.com/@nateyoutube,@nateyoutube,Hindustan Mobile Care,1020,61,4,"Thin one-line description naming mobile repairing as the channel's focus, no drift signals.",mobile repairing,UCqLsM1S1fn8QrFZjiITMzpw,hands,phone-repair,rest1,2026-09-14,filter,61
https://www.youtube.com/@nationalmobilecare,@Nationalmobilecare,National mobile care ,420,170,4,Titles show real screen and charging pin replacements alongside accessories mention.,mobile repairing,UCyWXZ1iPzNoyj7M88St4-Vg,hands,phone-repair,rest1,2026-09-14,filter,170
https://www.youtube.com/@natore95kviews,@Natore95kviews,TM Ashik vai music club ,10500,377,4,"Describes micro-soldering, IC replacement, screen swaps as a repair course despite odd music-club channel name.",phone repair | mobile phone repair | cell phone repair,UCkY7joRR7KoTMkijT5GTkMA,hands,phone-repair,wave1,2026-09-14,filter,377
https://www.youtube.com/@naveedmobilerepairinglab,@naveedmobilerepairinglab,NAVEED MOBILE REPAIRING LAB ,559,125,4,Mobile repairing lab with course/training titles mentioning masters level repairing sessions.,mobile repairing,UCrsGIb7wtOaOjONZP_sUTbQ,hands,phone-repair,gray_v2,2026-09-14,filter,136
https://www.youtube.com/@navkarmobiledk,@Navkarmobiledk,Navkar Mobile ,1650,136,4,"Shop-experience based channel describing charging, display, motherboard repair content, practical repair logic emphasized.",phone repair | mobile repairing | mobile phone repair,UCldtWQhXRzBH0BYkpV--LMQ,hands,phone-repair,wave1,2026-09-14,filter,136
https://www.youtube.com/@navneetlife3495,@navneetlife3495,Lifestyle ,82,67,4,Hindi mobile repairing and electronics learning hub covering hardware/software repair.,phone repair | mobile repairing | mobile repairing course | मोबाइल रिपेयरिंग,UCjmCX3b4jSO1rBBjrUbeR1g,hands,phone-repair,gray_v2,2026-09-14,filter,69
https://www.youtube.com/@nayak_ryder,@Nayak_ryder,Nayak Mobile Repair,198,66,4,"Simple named mobile repair channel, thin one-line bio pointing to genuine repair work.",mobile repairing,UCOB31mIgHBq3kszcZAmC6Fw,hands,phone-repair,rest1,2026-09-14,filter,86
https://www.youtube.com/@nazanuma,@NazaNuma,Nazalea Cell,4260,77,4,Beginner-focused phone repair tutorial channel with thin but on-topic bio.,servis hp,UC9J68jXu16B8bnzSIAYUrcg,hands,phone-repair,rest1,2026-09-14,filter,77
https://www.youtube.com/@nazimcomunication,@NazimComunication,Nazim Communication,162,88,4,"Mobile repairing channel covering display, charging, hardware and chip level solutions with some software unlock mixed in.",mobile repairing | chip level | मोबाइल रिपेयरिंग,UCqS4TmrDUA6NjohWzMeC2uA,hands,phone-repair,gray_v2,2026-09-14,filter,118
https://www.youtube.com/@ndmobile123,@NDMobile123,mobilewala,257,59,4,Repair shop channel with titles showing display replacement and dead phone repair on camera.,mobile repairing | मोबाइल रिपेयरिंग,UCJbgothVCYJ8eUREfQBsI0w,hands,phone-repair,rest1,2026-09-14,filter,59
https://www.youtube.com/@neelammobilezone1,@neelammobilezone1,𝙉𝙚𝙚𝙡𝙖𝙢 𝙈𝙤𝙗𝙞𝙡𝙚 𝙯𝙤𝙣𝙚,171,57,4,"Description details hardware and software mobile repair skills like eMMC, UFS programming and schematics, strong repair-shop signals.",mobile repairing | emmc,UC9baVbq7JqBCQqn0LEHfHBQ,hands,phone-repair,wave1,2026-09-14,filter,57
https://www.youtube.com/channel/ucbc1vafhye8fj4xjkgzkenq,@neerajhardwork1,Neeraj Hardwork,332,178,4,Titles show real hardware repair steps like power button and charging jack replacement with clear how-to format.,mobile repairing,UCBC1Vafhye8fJ4XJKgzKEnQ,hands,phone-repair,wave1,2026-09-14,filter,193
https://www.youtube.com/@nepaligsmteam,@nepaligsmteam,Nepali GSM Team,151,61,4,"Smartphone repair training channel with practical titles like multimeter use, resistor checking and display repair protocols.",phone repair | smartphone repair,UCq3ged5iMyXneeMDcRAdzeg,hands,phone-repair,wave1,2026-09-14,filter,67
https://www.youtube.com/@newheeramobilerepairing,@Newheeramobilerepairing,New heera mobile repairing ,95,86,4,"Titles show charging socket replacement on android phones, direct hands-on repair demonstration.",mobile repairing,UCMYbXheu0P-PlSMBTdmRqZg,hands,phone-repair,wave1,2026-09-14,filter,86
https://www.youtube.com/@newjaygajananmobileshop,@NewJayGajananMobileShop,New Jay Gajanan Mobile Shop ,2140,460,4,"Plain mobile repair shop name with minimal description, thin evidence but plausible bench work.",mobile repairing,UCbh-TpZCvYa8iQKFt8Y-TvQ,hands,phone-repair,rest1,2026-09-14,filter,460
https://www.youtube.com/@ng_mobile_care1255,@ng_mobile_care1255,NG  Mobile Shop ,536,94,4,"Titles show charging jumper solutions and button/jack repairs across multiple phone brands, hands-on bench work.",phone repair | mobile repairing,UCyAEoWjgnbW9OEf2a7V-34w,hands,phone-repair,wave1,2026-09-14,filter,105
https://www.youtube.com/@nhatnamservice-suachuaient6622,@nhatnamservice-suachuaient6622,Nhật Nam Service - Sửa Chữa Điện Thoại Uy Tín,221,91,4,"Shop channel with titles showing housing, charging port and screen replacement demos.",sửa chữa điện thoại,UCbZHfqFyPQrom9iPLp_fhtg,hands,phone-repair,wave1,2026-09-14,filter,91
https://www.youtube.com/channel/ucocjykepusse5xdc8kp65rq,@NiceMobileService,Nice Mobile Service,40,127,4,"Thai repair shop with titles showing screen and body replacement for Oppo and Redmi phones, some laptop work too.",ซ่อมมือถือ,UCOCJyKepUSse5xdc8kP65rQ,hands,phone-repair,wave1,2026-09-14,filter,130
https://www.youtube.com/@nicetechassam,@NicetechAssam,Nicetech Assam,11400,171,4,"Mobile repairing education channel with practical tutorials, though mixes laptop/CCTV/electronics content.",mobile repairing | mobile repairing course,UC96hBO_kIUUqyK5OgRmabaQ,hands,phone-repair,gray_v2,2026-09-14,filter,171
https://www.youtube.com/@nilaymobilecare,@NilayMobilecare,Nilay Mobile Care,847,152,4,"Titles show disassembly, folder replacement and charging issue fixes on real phones with clear repair steps.",mobile repairing,UCq5ARWqHEPS_-jFGeeos0Pg,hands,phone-repair,wave1,2026-09-14,filter,152
https://www.youtube.com/@nileshraitechnical123,@Nileshraitechnical123,Nilesh rai technical,801,110,4,Phone repair channel with teardown and charging supply/combo replacement titles showing hands-on hardware repair work.,phone repair,UCWTE_yVYg6m7H4eb1GYMXWg,hands,phone-repair,gray_v2,2026-09-14,filter,110
https://www.youtube.com/@nilmartreinamentos,@nilmartreinamentos,nilmartreinamentos,889,59,4,Electronics training channel with titles showing charging port replacement and board work alongside cable/course content.,manutenção de celular,UCot6DwKoDI1Xj1Xr_WfaHNA,hands,phone-repair,wave1,2026-09-14,filter,59
https://www.youtube.com/@nirajd.mobile.repair,@NirajD.mobile.repair,NirajD mobile repair,771,293,4,Titles show specific fault diagnosis and repair solutions for various Samsung and Redmi phones.,mobile repairing,UCQt_oGFuHI8Vu_rpzhoLPTQ,hands,phone-repair,wave1,2026-09-14,filter,302
https://www.youtube.com/@nishadmobilecare999,@nishadmobilecare999,Nishad Mobile Care,1860,105,4,"Simple bio stating A to Z mobile repairing, thin but clearly on-topic.",mobile repairing,UC-X8T7ySCRcs_gMXddEgaRw,hands,phone-repair,gray_v2,2026-09-14,filter,105
https://www.youtube.com/@noloveyt2170,@noloveyt2170, Android repairing all model,20100,931,4,"Hindi description of a mobile repair shop covering screen, battery, water damage and software fixes.",phone repair | mobile repairing | mobile phone repair | motherboard repair,UCeFCMl1WS0E5GRnjtOGKzSA,hands,phone-repair,gray_v2,2026-09-14,filter,931
https://www.youtube.com/@noormobilerepairing5062,@noormobilerepairing5062,Noor Mobile repairing ,2020,299,4,"Keypad and android mobile repairing shop channel, thin description but clearly repair-focused.",mobile repairing,UCpxN64lD0OADT1Dw1z1Q2sA,hands,phone-repair,gray_v2,2026-09-14,filter,299
https://www.youtube.com/@novecel-ellentechnologycha8836,@novecel-ellentechnologycha8836,Novecel-Ellen Technology Channel,31,55,4,Phone parts supplier channel with titles showing actual glass and battery replacement demonstrations on iPhones.,phone repair,UCJWuEVhZ5t6vDS0rOlhmgEQ,hands,phone-repair,wave1,2026-09-14,filter,55
https://www.youtube.com/@nremobile,@nremobile,NRE Mobile ,7550,142,4,Channel explicitly teaches mobile repairing techniques daily to technicians and learners.,mobile repairing | मोबाइल रिपेयरिंग,UCtPVjD1rnESiu3NrNY2Dh_g,hands,phone-repair,wave1,2026-09-14,filter,143
https://www.youtube.com/@nspoint9049,@nspoint9049,nspoint,2530,213,4,Mobile repairing channel focused on display screen replacement across phone models.,mobile repairing,UCXRG6Rsn6zOWTDWgEoEZzAA,hands,phone-repair,wave1,2026-09-14,filter,213
https://www.youtube.com/@nusrat-electronic786,@nusrat-electronic786,nusrat electronic and phone repairing ,375,161,4,"Titles show real charging connector replacement videos with duration, indicating hands-on repair content.",mobile repairing | electronic repairing,UC6n-8hhQ0MeK1cGZFNZTkJw,hands,phone-repair,wave1,2026-09-14,filter,194
https://www.youtube.com/@odox_institute,@odox_institute,Odox,1560,101,4,Chip-level and deep-level smartphone/tablet repair training institute with practical course focus.,chip level,UCi32g4OnlsW10cKUkPUVtQw,hands,phone-repair,wave1,2026-09-14,filter,101
https://www.youtube.com/@officialakashprajapati0.0,@OfficialAkashprajapati0.0,Prajapati mobile hospital 143,51,112,4,"Named mobile repairing/hospital shop with plain address contact info, thin but repair-focused evidence.",mobile repairing,UCKwHeUsLsSBt_55LmoIAG9w,hands,phone-repair,gray_v2,2026-09-14,filter,111
https://www.youtube.com/@officialmobile10m,@officialmobile10m,Official Mobile 10M,53200,681,4,"Channel dedicated to mobile hardware/software solutions and repairing tips, thin but on-topic description.",mobile repairing,UC2B7Nie_Gj9xFKPqHb-BvDw,hands,phone-repair,gray_v2,2026-09-14,filter,681
https://www.youtube.com/@ofrestro,@ofrestro,ออฟเซอร์วิส ลอกกระจกมือถือ,192,58,4,"Thai channel showing glass peeling/replacement on iPhone, iPad, Apple Watch screens, hands-on repair format.",ซ่อมมือถือ,UC2iQDu-gKhgs2Ktgc5CNoBA,hands,phone-repair,wave1,2026-09-14,filter,58
https://www.youtube.com/@om_mobile_solution,@Om_Mobile_solution,Om Mobile Solution,157,67,4,CPU IC cleaning and charging jack replacement titles show chip-level and hardware repair work.,mobile repairing | chip level | mobile repairing course,UCzVl7CVBf1ogDl7sW_T9Mhw,hands,phone-repair,wave1,2026-09-14,filter,100
https://www.youtube.com/channel/uczbtu9xpuyyhyq-my0b8qyw,@OmarReparando,Omar Reparando,889,59,4,"Personal brand dedicated to cellphone repair with passion-driven description, thin but clear.",reparación de celulares,UCZbtu9XpuyyHyq-my0B8Qyw,hands,phone-repair,gray_v2,2026-09-14,filter,59
https://www.youtube.com/@ommobile1439,@Ommobile1439,Om Mobile,406,181,4,"Mobile repairing channel with practical solutions for touch, display, charging and battery issues in Hindi.",phone repair | mobile repairing,UCtxSYfYcwtps0Buet7R3Bpg,hands,phone-repair,gray_v2,2026-09-14,filter,182
https://www.youtube.com/@ommobileindia,@ommobileIndia,Om mobile India,136,68,4,Android and iPhone repairing center covering hardware and software troubleshooting.,mobile repairing,UCJ-WdNo1DB3-2ikhF6vzR7A,hands,phone-repair,gray_v2,2026-09-14,filter,68
https://www.youtube.com/@ommobilereapering,@ommobilereapering,Om Mobile Reapreing ,1680,695,4,Channel focused on mobile hardware repairing with schematic diagrams and section-level fault solving content.,chip level,UC8NXjPzKDNB5-aai94friOQ,hands,phone-repair,wave1,2026-09-14,filter,695
https://www.youtube.com/@omtelecom209,@Omtelecom209,Om Telecom repair tricks ,1790,265,4,"Description details charging, display/touch, speaker, battery and dead phone repair tips with regular repair video uploads.",phone repair | mobile repairing,UCwUPRX-d8C9pJXGIOZHIH4g,hands,phone-repair,wave1,2026-09-14,filter,265
https://www.youtube.com/@only_mobile_repair,@Only_mobile_Repair,Only Mobile Repair ,2690,772,4,"Description centers on IC-level and all-type phone repair for technicians, thin but on-topic.",phone repair | mobile repairing | smartphone repair,UCWpVmY7vGgV0xq6W9PaAEyw,hands,phone-repair,gray_v2,2026-09-14,filter,772
https://www.youtube.com/@onlyicmaster,@Onlyicmaster,only ic master,8210,3029,4,Name and description point to mobile repairing hardware/software solutions channel.,mobile repairing,UCwnee6CkWVAQMzfiDfzikRw,hands,phone-repair,rest1,2026-09-14,filter,3034
https://www.youtube.com/@opmobiletechnician,@opmobiletechnician,Op mobile technician ,7220,560,4,Mobile technician channel listing battery exchange and hardware/software repair across multiple brands.,phone repair,UCuswKnuGxA8k91uwG5wwACw,hands,phone-repair,gray_v2,2026-09-14,filter,560
https://www.youtube.com/@osmanmobile7,@osmanmobile7,Osman Mobile,4660,1389,4,"Mobile repairing channel covering hardware and touch repair, including CPU reballing work.",mobile repairing,UC3Aso-Fw8UrsPSHfL-2SKYA,hands,phone-repair,gray_v2,2026-09-14,filter,1389
https://www.youtube.com/@oujdarep,@OujdaRep,Oujda Rep,2730,183,4,"Channel dedicated to phone repair methods for old and new devices, beginner to professional level.",صيانة الهواتف,UCKmaID_0B6cb6NBnBSALVSg,hands,phone-repair,gray_v2,2026-09-14,filter,183
https://www.youtube.com/@p.kmobilerepair,@P.KMobileRepair,Pk phone repair ,329,59,4,"Display/touch replacement, charging jack repair, back glass change titles show real hands-on phone repair work.",phone repair | mobile repairing,UCHqM47fkcqtPP7mlr4YyCOQ,hands,phone-repair,wave1,2026-09-14,filter,59
https://www.youtube.com/@parmanandtech,@P2GSM,P2Gsm ,1460,176,4,"Chip-level mobile repair channel covering IC/CPU/eMMC reballing, power and network faults with hands-on hardware focus.",mobile repairing | chip level | emmc,UCBA5qKMtgKhK5URYVtJMZ9w,hands,phone-repair,wave1,2026-09-14,filter,176
https://www.youtube.com/@p2selectro,@p2selectro,Mobile Clinic Hisar,6530,619,4,Board-level mobile repair channel explicitly stating focus on board-level content for multiple brands.,mobile repairing,UCOU3vAWQ5LJ_0e5fRLqL1Lg,hands,phone-repair,wave1,2026-09-14,filter,619
https://www.youtube.com/@pahtan_tech_videos,@Pahtan_tech_videos,Pathan-Teach,1150,145,4,"Dedicated mobile repairing tutorial channel description, step-by-step troubleshooting focus, no drift signals.",mobile repairing,UCW6bjioJIXaRDsk1lFUgvKA,hands,phone-repair,gray_v2,2026-09-14,filter,145
https://www.youtube.com/@pakphones,@pakphones,Pak Phones,397,268,4,Repair lab with real repair titles like battery connector and iPhone battery replacement alongside phone sales/unboxings.,mobile repairing,UCR1R8a16vBBanXEV96UQDEA,hands,phone-repair,wave1,2026-09-14,filter,268
https://www.youtube.com/@parmeniongougousis,@ParmenionGougousis,Parmen Repair,819,85,4,Repair channel showing phone screen and back glass replacements but mixes in PC and console repair.,phone repair | mobile phone repair,UCKuGB1IV4xJGT-r9rIB82Xw,hands,phone-repair,wave1,2026-09-14,filter,85
https://www.youtube.com/@parveentechmobile,@ParveenTechMobile,Parveen Tech Mobile,15700,1727,4,"Detailed description of combo replacement, charging port, water damage repair across many brands, hands-on repair focus.",mobile repairing,UCj0yQXlY23jPqwebD6xoUXg,hands,phone-repair,wave1,2026-09-14,filter,1727
https://www.youtube.com/@paul_gadgets,@Paul_Gadgets,Paul Gadgets,1220,114,4,"Mobile repairing channel with IC-level repair content and shop visit info, business-tinged but repair focused.",phone repair | mobile repairing | smartphone repair,UCYiDEiW-vQBwFMzHtLpZgNg,hands,phone-repair,gray_v2,2026-09-14,filter,114
https://www.youtube.com/@paul_gadgets001,@Paul_gadgets001,Paul Gadgets,307,144,4,"Describes hand-to-hand mobile repairing including CPU/RAM IC reballing, screen, battery replacement work.",phone repair | mobile repairing | smartphone repair,UCPerm60H0tx9Th-pyAnb4GQ,hands,phone-repair,wave1,2026-09-14,filter,144
https://www.youtube.com/@pcsawmtea,@pcsawmtea,PC MOBILE REPAIRING,1990,115,4,Simple mobile repairing channel name with minimal but clear on-topic description.,mobile repairing,UCRuXpPnK7XZLz1oI8fFVWeQ,hands,phone-repair,rest1,2026-09-14,filter,115
https://www.youtube.com/@pcvbymithlesh,@PCVbyMITHLESH,Jh by MITHLESH ,233,121,4,"New channel description promises mobile and circuit repair videos coming soon, thin but on-topic.",mobile repairing,UC5JtjMe6phS9KXo51fRg-fA,hands,phone-repair,rest1,2026-09-14,filter,122
https://www.youtube.com/@perfectaperinthalmanna1518,@perfectaperinthalmanna1518,Perfecta Perinthalmanna,425,160,4,"Chip-level smartphone repair institute with practical bench course content, some vlog-style titles.",phone repair | smartphone repair | chip level,UCJvi8RpNYMT0IMHfgQTKJOA,hands,phone-repair,gray_v2,2026-09-14,filter,215
https://www.youtube.com/@perfectmobail,@PERFECTMOBAIL,PERFECTMOBAIL ,102,64,4,"Shop description details specific chip-level faults (lite ic, water damage, MMMC) indicating hands-on repair work.",mobile repairing,UCcPQjNgmWO7alSCHlsc_zdg,hands,phone-repair,gray_v2,2026-09-14,filter,64
https://www.youtube.com/@philiangjaya_ponsel,@philiangjaya_ponsel,PHILIANG JAYA Phone Cell,246,88,4,"Titles show EMMC change, charging line tracing, softbrick fix, real board-level phone repair work.",phone repair | cellphone repair,UCYTfYY0QHU5dnSlZt7RzZUQ,hands,phone-repair,wave1,2026-09-14,filter,91
https://www.youtube.com/@phone-z1q,@Phone-z1q,Phone doctor ,459,95,4,"Simple phone repair channel bio, thin evidence but clearly repair-focused with no distracting signals.",phone repair,UClwLrSjesbW3Denv9YQaLRQ,hands,phone-repair,rest1,2026-09-14,filter,95
https://www.youtube.com/@phone_fix_nikk_lab,@phone_fix_nikk_lab,Phone fix nikk lab,227,116,4,Titles show real device-specific display/charging repairs with step-by-step guide format and tools shown.,phone repair,UCaxheSUOTyukrgAju6Q9pbA,hands,phone-repair,wave1,2026-09-14,filter,116
https://www.youtube.com/@phone_fix_thiruppathur,@phone_fix_thiruppathur,Unlike ajmeer,107,144,4,Repair shop channel with display replacement and microscope for chip-level work shown on camera.,chip level,UC-ojSzTpQcTtMX5wtUAVwSw,hands,phone-repair,wave1,2026-09-14,filter,207
https://www.youtube.com/@phone_wala_baba5270,@Phone_wala_baba5270,Mobile doctor ,92,58,4,"Short description lists folder, touch and glass replacement work typical of phone repair.",mobile repairing,UCG3vg5F7194G30GrT3R4oAg,hands,phone-repair,gray_v2,2026-09-14,filter,55
https://www.youtube.com/@phonebazzar,@phonebazzar,Phonebazzar,1220,585,4,Short description states mobile repairing tips as the channel's main content.,mobile repairing,UC88e63O_vezjhm6PHlBtWHw,hands,phone-repair,gray_v2,2026-09-14,filter,585
https://www.youtube.com/@phonedoctorxyz,@Phonedoctorxyz,phone doctor xyz,178,77,4,"Touch screen replacement, mic repair without SMD machine, charging port change - real hands-on mobile repair demos.",mobile repairing,UCa3g_kDzKjqzIPlak5MHe3Q,hands,phone-repair,wave1,2026-09-14,filter,78
https://www.youtube.com/@phonefixbd-k2z,@Phonefixbd-k2z, Phone Fix Bd,234,85,4,"Titles show real charging port, water damage and no-display repair jobs on phones.",phone repair | mobile phone repair,UCaC_VK-zp3iAQiqFpdJAKMw,hands,phone-repair,wave1,2026-09-14,filter,103
https://www.youtube.com/@phonefixbellin,@Phonefixbellin,Phonefix Bellin,12600,1549,4,"China Phonefix Team shares phone repair videos and tool demos for microscopes, BGA rework, soldering stations.",phone repair | mobile phone repair,UCCrXyee1Y4Z4JVGNFB-iZEg,hands,phone-repair,gray_v2,2026-09-14,filter,1549
https://www.youtube.com/@phonefixer3497,@phonefixer3497,Phone Fixer,463,81,4,"Chip-level repair channel with EMMC tools, charging short and CPU glue removal titles, mixed with unboxing reviews.",mobile repairing | chip level,UCOdXDCDa2f-TLzboOcHo5jg,hands,phone-repair,wave1,2026-09-14,filter,81
https://www.youtube.com/@phonefixergsm,@Phonefixergsm,Phone Fixer gsm team,4160,138,4,"Mobile servicing trainer offering hardware/software and EMMC training, thin but relevant evidence.",emmc,UCvFb67L9hWc4sMlXaAEsUpg,hands,phone-repair,gray_v2,2026-09-14,filter,138
https://www.youtube.com/@phonefixerranjan,@PhoneFixerRANJAN,Mobile Repairing,12800,1287,4,"Dedicated mobile repairing course channel listing major phone brands, thin text evidence.",mobile repairing | mobile repairing course,UCggJ9_cdYrZAQcG2PyXXZsg,hands,phone-repair,gray_v2,2026-09-14,filter,1287
https://www.youtube.com/@phonefixersupaul,@PhoneFixerSupaul,Phone Fixer ,169,97,4,Named Phone Fixer channel with thin bio stating mobile repairing service and technical videos.,mobile repairing,UC5fKBHbjvmpGr4znQ96pcKw,hands,phone-repair,rest1,2026-09-14,filter,98
https://www.youtube.com/@phonefixlab-fi4nr,@PhoneFixLab-fi4nr,smz&ztc peshawar ,3490,115,4,Advanced mobile repairing course with hands-on hardware and software diagnosis training described.,mobile repairing | mobile repairing course,UCgekAtHLrK8cOQnNsmEVKRg,hands,phone-repair,gray_v2,2026-09-14,filter,116
https://www.youtube.com/@phonefixzonee,@PhoneFixZonee,PhoneFixZone,4470,58,4,"Description details connector rework, soldering, IC-level troubleshooting and real customer repair videos.",phone repair | mobile repairing,UC7fmOg3VU4aeG9rHraE1BCQ,hands,phone-repair,wave1,2026-09-14,filter,58
https://www.youtube.com/@phoneguru1,@Phoneguru1,PHONE GURU 1,165,96,4,"Titles show real display/LCD change and keypad repair work, phone-focused hands-on channel.",mobile repairing,UCrE5OoRSyaTwA121sWTThYQ,hands,phone-repair,wave1,2026-09-14,filter,115
https://www.youtube.com/@phoneking-d1x,@PhoneKing-d1x,Phone King,161,80,4,"Describes teaching display, charging jack and hardware repair step-by-step, fitting the repair format.",mobile repairing,UCkqOb-asbuTbRopyBFuH0Sg,hands,phone-repair,gray_v2,2026-09-14,filter,85
https://www.youtube.com/@phonelab2,@Phonelab2,Phonelab,3820,200,4,Mobile repairing tutorial channel covering hardware and software with parts/tools sharing.,phone repair | mobile repairing | mobile phone repair,UCY1vHRSNHR_q0BzXUuYtORQ,hands,phone-repair,rest1,2026-09-14,filter,200
https://www.youtube.com/@phonemedics1,@phonemedics1,Phone Medics,150,65,4,"Phone repair tutorial channel covering screens, batteries and software glitches with step-by-step format claimed.",phone repair,UCZxpRiRhWmC0Nh06rT4SEhg,hands,phone-repair,wave1,2026-09-14,filter,65
https://www.youtube.com/@phonepulsefix,@phonepulsefix,phone pulse fix,1470,86,4,"Description covers soldering, IC reballing, multimeter use and mobile repairing tools, hands-on bench focus.",mobile repairing,UC6Kt9Yefp0FbiYEW53SjmjQ,hands,phone-repair,gray_v2,2026-09-14,filter,86
https://www.youtube.com/@phonerepairbd,@PhoneRepairBD,Phone Repair BD,230,177,4,"Dedicated phone repair channel covering display, battery, glass, camera and IC/CPU reballing across multiple brands.",phone repair,UCRMs_z7sLa7mFZ7RdVE_HLQ,hands,phone-repair,wave1,2026-09-14,filter,177
https://www.youtube.com/@phonerepairbd8439,@phonerepairbd8439,Kaowsar Vlog BD,1280,253,4,Phone repair shop channel name and description directly indicate mobile servicing content.,phone repair,UCfkTBgCim_KQV2GfVvbdYQw,hands,phone-repair,gray_v2,2026-09-14,filter,253
https://www.youtube.com/@phonerepairguru001,@PhoneRepairGuru001,Phone Repair Guru001,30,54,4,"Shorts-based repair channel covering IC removal, pin change, glass/touch replacement, on-topic hardware work.",phone repair,UCwrgIHSP6MULJJBXiDwZSOA,hands,phone-repair,rest1,2026-09-14,filter,53
https://www.youtube.com/@phonerepairro,@PhoneRepairRO,Phone Repair RO,4350,65,4,Microsoldering-focused phone repair channel name with concise electronics repair description.,microsoldering,UCxEQU9iUjjbnW_L55AdhrJg,hands,phone-repair,wave1,2026-09-14,filter,65
https://www.youtube.com/@phonetechnician-e8j,@Phonetechnician-e8j,Phone Technician,4130,147,4,"Free mobile repair course covering micro-soldering, IC replacement, screen swaps and diagnostics across brands.",phone repair | mobile phone repair | cell phone repair | electronics repair course,UCqJW3bSzoDaqsDxB89_l0fg,hands,phone-repair,wave1,2026-09-14,filter,147
https://www.youtube.com/channel/ucslc89eg-2taebyjkm5nq7q,@phonetoppky,PHONETOP PKY MOBILE SERVICE,176,58,4,"Smartphone repair solutions channel description, thin text but plainly repair-shop focused.",phone repair | smartphone repair,UCSlC89eg-2TaebyJkM5nQ7Q,hands,phone-repair,rest1,2026-09-14,filter,59
https://www.youtube.com/@phoneway_technical,@Phoneway_Technical,Phoneway Technical Institute ,95600,723,4,Technical institute focused on eMMC/UFS hardware and schematic-based practical repair training.,emmc,UCKiDwuZUOsKz-Gw1o4NVVHQ,hands,phone-repair,wave1,2026-09-14,filter,723
https://www.youtube.com/@pikam7019,@PIKAM7019,PIKAM TECH,851,237,4,Titles show folder LCD replacement and charging connector change work on real devices.,mobile repairing,UC2its7OaRZBIqIIQahgKjFQ,hands,phone-repair,rest1,2026-09-14,filter,284
https://www.youtube.com/@pintumobile21,@PintuMobile21,Pintu Mobile 21,102,91,4,"Titles show real display and charging port repair jumper work across various phone models, hands-on format.",mobile repairing,UC28XQGPxNuB5OXuCpmAqseQ,hands,phone-repair,wave1,2026-09-14,filter,219
https://www.youtube.com/@piphophone,@PiphoPhone,Pipho Phone,3290,181,4,Indonesian phone repair and restoration channel with self-taught framing suggesting genuine hands-on bench content.,servis hp,UCPQq-YMTqCTDlzXUpgDpkYA,hands,phone-repair,trial100,2026-09-14,filter,181
https://www.youtube.com/@piyushmobilerepair,@piyushmobilerepair,Piyush Mobile ,161,127,4,"Mobile doctor channel description lists specific hardware faults: charging, display, touch, camera repair.",मोबाइल रिपेयरिंग,UCX0lgXAxa5acC67SXDIBnOQ,hands,phone-repair,gray_v2,2026-09-14,filter,131
https://www.youtube.com/@pj7tech,@PJ7Tech,PJ7TECH,76800,2027,4,"Mobile repairing institute with chip-level, motherboard, and IC repair training content described in detail.",mobile repairing | chip level | motherboard repair | microsoldering | mobile repairing course | emmc,UCNA6NP7QVvz7-Bz05jPbKdQ,hands,phone-repair,wave1,2026-09-14,filter,2028
https://www.youtube.com/@pk.mobile.repair,@PK.Mobile.repair,Pravesh.Mobile.Repairing ,534,96,4,Dedicated mobile repairing channel with step-by-step videos and dead phone repair solutions described.,phone repair | mobile repairing,UCdy_DI8selmTEc0mRPJBRrg,hands,phone-repair,wave1,2026-09-14,filter,96
https://www.youtube.com/@pkmobilecare,@Pkmobilecare,PK Mobile repair (tips and tricks),403,144,4,"Simple mobile repairing tips and tricks channel description, thin but clearly on-topic.",mobile repairing,UC-HyH1Yx_hKHWlDUPnDdNIQ,hands,phone-repair,gray_v2,2026-09-14,filter,181
https://www.youtube.com/@pkmobileknr,@pkmobileknr,PK MOBILE,4100,188,4,Describes step-by-step mobile repair tutorials including screen replacement and troubleshooting.,mobile repairing,UCYirVru5CIRU2f2UX5HFbrw,hands,phone-repair,gray_v2,2026-09-14,filter,188
https://www.youtube.com/@pkmobiletechnical3257,@pkmobiletechnical3257,Pk mobile technical,1680,389,4,"Mobile technical channel for all types of mobile repairing videos, thin one-line evidence.",mobile repairing,UCj7XHiXufdiq3Utd_R9aHZg,hands,phone-repair,gray_v2,2026-09-14,filter,389
https://www.youtube.com/@pkphone4175,@pkphone4175,pk phone,87500,808,4,"Mobile phone repair videos covering software and hardware content, plainly repair-focused channel.",phone repair | mobile phone repair,UCOERqfHndWbuKUusrfVvn9g,hands,phone-repair,gray_v2,2026-09-14,filter,808
https://www.youtube.com/@pluskor,@Pluskor,Михаил Плюско,222000,815,4,"Repair service channel for phones, laptops and tablets with hands-on troubleshooting focus.",ремонт телефонов,UCHTmsYkPWasd-9BrCcPNUBA,hands,phone-repair,wave1,2026-09-14,filter,815
https://www.youtube.com/@pluspoint999,@Pluspoint999,PLUS POINT,1220,71,4,"Plain mobile repairing tutorial channel with thin but relevant description, no drift signals.",mobile repairing,UC8zPBhhtf76lLcxPAKWBD0A,hands,phone-repair,gray_v2,2026-09-14,filter,71
https://www.youtube.com/@pokhariyamobilerepair,@pokhariyamobilerepair,pokhariya mobile repair,403,115,4,"Hindi description lists specific hardware repairs (charging jack, battery, folder change) shown on channel.",मोबाइल रिपेयरिंग,UC22YN-leJeYycP068ULg3Sw,hands,phone-repair,wave1,2026-09-14,filter,187
https://www.youtube.com/@polartechonline,@polartechonline,Polar Tech Online,2290,154,4,Phone and tablet disassembly guides and repair tutorials mixed with tech reviews/news.,tablet repair,UCQhXZiYAiZKBtVbFpP4pXLA,hands,phone-repair,wave1,2026-09-14,filter,154
https://www.youtube.com/@poojamobilerepringshop,@Poojamobilerepringshop,pooja mobile repairing shop,1250,151,4,Thin evidence but plainly named mobile repairing shop with nothing pointing away from repair.,mobile repairing,UC28eSmGoPMvaiThXqDqUTBQ,hands,phone-repair,rest1,2026-09-14,filter,151
https://www.youtube.com/@poweroftechnical125,@poweroftechnical125,power of technical,1300,61,4,"Mobile repairing tips and training channel, thin evidence but clearly on-topic name/desc.",mobile repairing,UCq1genjPs8pUlv4R2_Dp4Wg,hands,phone-repair,gray_v2,2026-09-14,filter,61
https://www.youtube.com/@prajapati_075,@prajapati_075,@prajapati_075,316,55,4,"Mobile repairing center with thin one-line description, treated as plain repair channel default.",mobile repairing,UC4K4m0P4GtdX9nb82bSzw9g,hands,phone-repair,gray_v2,2026-09-14,filter,56
https://www.youtube.com/@pramodmobilerepairing1420,@pramodmobilerepairing1420,Pramod mobile repairing,6470,70,4,"A to z mobile repairing plus eMMC work, clearly on-topic technician channel.",mobile repairing | emmc,UCTtmC_1dezXZh9OV0mvJhZw,hands,phone-repair,gray_v2,2026-09-14,filter,70
https://www.youtube.com/@pranujummidiappletech,@PranuJummidiAppleTech,Pranu Jummidi  Apple Tech,1190,117,4,"Experienced technician channel covering disassembly, LCD replacement and chip-level repair courses.",mobile repairing | chip level,UCmKwEESFO_3bkQ3i46Ua-GA,hands,phone-repair,wave1,2026-09-14,filter,117
https://www.youtube.com/@prashantprabhakarrpppromotion,@PrashantPrabhakarRppPromotion,Prashant Prabhakar Rpp  Promotion ,7210,196,4,"Mobile repairing course channel with chip-level, IC reballing, shorting and schematic diagram content.",phone repair | mobile repairing | iphone repair | chip level | mobile repairing course,UC787eOydkYqmE7H61y-162w,hands,phone-repair,wave1,2026-09-14,filter,196
https://www.youtube.com/@prgclips,@PRGClips,PRG CLIPS,89000,425,4,"Clips channel repurposing Phone Repair Guru's long-form repair videos, authorized derivative content.",phone repair,UCvdWmAe3PwSp7C2J5_xzr0Q,hands,phone-repair,wave1,2026-09-14,filter,425
https://www.youtube.com/@princekumar-ci3mn,@PrinceKumar-ci3mn,Prince Mobile hub 95@,260,144,4,"Titles show camera lens replacement, back panel work, eMMC/CPU removal and reballing techniques on camera.",मोबाइल रिपेयरिंग,UC4e0prD53eYk0T923xr0Nmg,hands,phone-repair,wave1,2026-09-14,filter,161
https://www.youtube.com/@prishamobilerepairing,@Prishamobilerepairing,Prisha Mobile Repairing,313,59,4,"Titles show display change, back panel and battery replacement across several phone models.",mobile repairing,UCWNJoLntr7kq5KV4ckKWs8A,hands,phone-repair,rest1,2026-09-14,filter,59
https://www.youtube.com/@priyamobilerajkot,@priyamobilerajkot,PRIYA MOBILE RAJKOT,15800,324,4,"Repair shop channel describing screen restoration, housing DIY and crack screen repair with tools mentioned.",phone repair | mobile repairing | mobile phone repair | mobile repairing course,UC_pw3vxHjqAJPU4WElE_Z-w,hands,phone-repair,wave1,2026-09-14,filter,324
https://www.youtube.com/@profelvesalmeida,@ProfElvesAlmeida,Prof. Elves Almeida,1380,59,4,"Phone repair training channel focused on building income via cellphone maintenance, thin but on-topic description.",manutenção de celular,UCqfC8SHAa1HpZxlTz0gGn3A,hands,phone-repair,gray_v2,2026-09-14,filter,59
https://www.youtube.com/@professionalmobiledoctor,@ProfessionalMobileDoctor,Professional Mobile Doctor,366,56,4,"Mobile repairing tips channel, thin description but clearly named for the trade.",mobile repairing,UCLI1spg6In3I8a4dtIvcPAw,hands,phone-repair,gray_v2,2026-09-14,filter,56
https://www.youtube.com/@profix9911,@profix9911,Profix99,201000,129,4,"Spanish phone/tablet repair shop, thin one-line description naming the trade with experience claim.",reparación de móviles,UCkKxKgZBYCV7fhlAEWDST2A,hands,phone-repair,rest1,2026-09-14,filter,129
https://www.youtube.com/@puchkimobile,@Puchkimobile,Puchki Mobile repairing ,3300,225,4,"CPU reballing and hardware/software mobile repairing channel, thin description but on-topic.",mobile repairing,UCgK9Hkl_oNk2WFCLL-C-fHw,hands,phone-repair,rest1,2026-09-14,filter,225
https://www.youtube.com/@punjabmobilerepair,@Punjabmobilerepair,Punjab Mobile Repair,3980,119,4,Mobile repair channel promising step-by-step repair guides for technicians and students.,mobile repairing,UCiovPfV-xWCwEmOFU9JKZmQ,hands,phone-repair,gray_v2,2026-09-14,filter,119
https://www.youtube.com/@punzak123,@punzak123,DOKTOR PUNZAK,11300,847,4,Indonesian beginner phone repair learning channel (servis HP) with hands-on bench focus described directly.,servis hp,UCyp1RSeGTUTTZ4vbp30pdow,hands,phone-repair,wave1,2026-09-14,filter,847
https://www.youtube.com/@purabmobile264,@Purabmobile264,PURAB.MOBILE,167,72,4,Titles show real LCD replacement and phone restoration work on cracked/damaged devices.,phone repair,UCMSVi_ZO-Gvp8QTJt0co4ag,hands,phone-repair,wave1,2026-09-14,filter,217
https://www.youtube.com/@qamarmobile,@qamarmobile,FixNow ,541,183,4,Titles show actual device fault fixes like charging and LCD problems on Nokia and Infinix phones.,mobile repairing,UCVhYZoiMkhXFByj2Rwj8YBg,hands,phone-repair,rest1,2026-09-14,filter,190
https://www.youtube.com/@qmcrepairing,@qmcrepairing,QMC Repairing,419,113,4,Titles show real screen/panel replacement repairs on multiple phone models with clear fault-to-fix format.,mobile repairing,UCq680ebZA7earpnfuTRb3lw,hands,phone-repair,wave1,2026-09-14,filter,113
https://www.youtube.com/@qsmobileexperts4683,@qsmobileexperts4683,Q S Mobile Experts,1130,335,4,"Repair-focused description naming Android and glass changing expertise, thin but on-topic evidence.",phone repair,UCt-dl0OABVmknTatg205-FA,hands,phone-repair,gray_v2,2026-09-14,filter,335
https://www.youtube.com/@qsmobilenwl,@QsMobilenwl,Q's Mobile Repairing Zone,2040,287,4,"Named mobile repairing shop channel, thin description but plainly repair-focused.",mobile repairing,UCnCFqNoyMYwRUeLz4YCgDUw,hands,phone-repair,gray_v2,2026-09-14,filter,288
https://www.youtube.com/@quickfix24,@QuickFix24,Quick Fix ,1230,195,4,iPhone/MacBook/Android repair shop showing real customer repairs including screen and battery work.,phone repair | smartphone repair | watch crystal replacement,UCCnwpFQB1dVd1jPpgd--4fw,hands,phone-repair,wave1,2026-09-14,filter,195
https://www.youtube.com/@quickrepair_official,@QuickRepair_official,Quick Repair,311,394,4,Repair shop channel showing real screen and backshell replacement transformations on iPhones and Samsungs.,phone repair | smartphone repair,UCTaDK2KNiDt9cq-rpCAYskw,hands,phone-repair,wave1,2026-09-14,filter,603
https://www.youtube.com/@quisitechph,@QuisiTechPH,QuisiTech,3550,269,4,Dedicated phone restoration channel covering cracked screens and full restorations across many brands.,phone repair | mobile phone repair,UChY2ggfj8bLcLUF3vLwRZqQ,hands,phone-repair,wave1,2026-09-14,filter,269
https://www.youtube.com/@r.pmobiles,@R.PMobiles,R.P Mobile Technician,529,77,4,"Self-described mobile phone repair technician replacing batteries, LCDs and components.",phone repair | mobile phone repair,UCM3WOsS9cl2y0Saj025_J-g,hands,phone-repair,gray_v2,2026-09-14,filter,77
https://www.youtube.com/@raaz_mobile_fix_vlogs,@raaz_mobile_fix_vlogs,Bhai Mobile fix vlogs,125,53,4,Titles show charging pin and port replacement on Samsung and Jio phones with soldering mentioned.,mobile repairing,UCS-lCxe4ua8BjtHmvvChkxA,hands,phone-repair,wave1,2026-09-14,filter,58
https://www.youtube.com/@rachitmobile,@Rachitmobile,Rachit Communication,744,212,4,"Mobile repairing training channel with concrete titles on water damage LCD connector, boot sequence, reballing showing bench work.",mobile repairing | emmc,UCkh0rn_1bYR-5t0g4kvZMrg,hands,phone-repair,wave1,2026-09-14,filter,222
https://www.youtube.com/@rahul_communication,@Rahul_Communication,Rahul Communication ,1510,389,4,"Simple bio naming mobile repairing and glass/touch change service, thin but on-topic evidence.",mobile repairing,UCqE53x_awEeUKhH4ntUWa7g,hands,phone-repair,gray_v2,2026-09-14,filter,389
https://www.youtube.com/@rahulmobile8271,@rahulmobile8271,Rahul Mobile,411,51,4,"Channel description covers hardware, IC repair and display repair videos posted regularly.",mobile repairing | chip level,UCbo4z0EwcAiUVbeEvCdtd5A,hands,phone-repair,trial100,2026-09-14,filter,51
https://www.youtube.com/@raichurtech,@RaichurTech,Raichur Tech,479,254,4,Titles show real hardware fault repairs like charging and dead phone solutions with schematic diagrams referenced.,phone repair | smartphone repair,UCwlJjw685ItRkQKqxRDvHmA,hands,phone-repair,wave1,2026-09-14,filter,271
https://www.youtube.com/@raj_mobile1,@Raj_Mobile1,Raj Mobile ,80,58,4,"Simple bio: mobile repairing hardware and software, thin but on-topic.",mobile repairing,UCKwNJzY_tenVxUKOPMtR-rg,hands,phone-repair,gray_v2,2026-09-14,filter,59
https://www.youtube.com/@rajamobileksj,@Rajamobileksj,Raja mobile kasganj,80,52,4,"Screen and glass repair shop channel with clear repair-focused description, thin title evidence.",phone repair | mobile phone repair,UCy-x8UupvNsMLu8Quq-OwkA,hands,phone-repair,gray_v2,2026-09-14,filter,66
https://www.youtube.com/@rajanmobaialripotig,@RajanMobaialRipotig,Rajan Mobile Repairing 2025,1380,112,4,Named and clearly focused mobile repairing channel despite extremely minimal description.,mobile repairing,UCW4bZntzV4jDf1CiKA1UNSQ,hands,phone-repair,gray_v2,2026-09-14,filter,112
https://www.youtube.com/@rajanmobilehelp363,@rajanmobilehelp363,Rajan Mobile Help,4480,51,4,"Channel created to help with mobile phone repairing problems, thin but clearly on-topic description.",phone repair | mobile phone repair,UCLoqWvT6vkOz3FPHJKmtuqg,hands,phone-repair,rest1,2026-09-14,filter,51
https://www.youtube.com/@rajmobile2m,@rajmobile2m,Raj Mobile 2M,12700,1515,4,"Description mentions motherboard tracing, network IC replacement, water damage and screen restoration step-by-step tutorials, strong repair signals.",mobile repairing,UCuohBah7eKC64Iu_UY9JEsA,hands,phone-repair,wave1,2026-09-14,filter,1516
https://www.youtube.com/@rajmobilecare,@rajmobilecare,Raj Mobile Care,10200,294,4,"Dedicated mobile repairing and technical courses channel per description, likely bench-based content.",mobile repairing,UCcUwilRH0ZklrMUB9xN1zCA,hands,phone-repair,wave1,2026-09-14,filter,294
https://www.youtube.com/@rajmobilerepar0786,@Rajmobilerepar0786,Android mobile solution,157,77,4,"Titles show dead phone repair and CPU reball solutions for specific models, real bench fault-fix format.",phone repair,UCQFG-63jW7E1nM0uPANy4yQ,hands,phone-repair,wave1,2026-09-14,filter,77
https://www.youtube.com/@rajpradhantech,@RajPradhanTech,Raj Pradhan Tech,9070,69,4,Practical phone repairing channel promising hands-on technical demonstrations.,phone repair,UC1tDxLgnRWW2gGgejRA15AA,hands,phone-repair,rest1,2026-09-14,filter,69
https://www.youtube.com/@raju_communication_uk06,@Raju_communication_uk06,Raju.communication,3830,630,4,"Description simply states mobile repairing videos, thin evidence but on-topic.",mobile repairing,UCzsFQsbt7pfXQ2s26_Q8XXw,hands,phone-repair,gray_v2,2026-09-14,filter,630
https://www.youtube.com/@rakesh_patel_9165,@Rakesh_patel_9165,Rakesh Mobile Repairing 01,226,168,4,Titles show real charging error fixes and part changes at a phone repair shop.,मोबाइल रिपेयरिंग,UCWOYPEj2zI6Vjz5NS0WdSLQ,hands,phone-repair,rest1,2026-09-14,filter,234
https://www.youtube.com/@rakeshpareek57,@rakeshpareek57,Technical Dev,1960,123,4,"Dead mobile fault solutions and hardware repair content per description, technician-style channel.",mobile repairing,UCRYNJl4c-M1rn3QITWFSlHg,hands,phone-repair,gray_v2,2026-09-14,filter,123
https://www.youtube.com/@ramankumaryt,@RamanKumaryt,Official Himachali mobile ,1380,103,4,"One-line bio naming hardware/software repair with battery, display, body work mentioned.",phone repair,UCMwIhtSwk9s_QgS0wZKH5LQ,hands,phone-repair,rest1,2026-09-14,filter,103
https://www.youtube.com/@ramaphixtechnologies,@ramaphixtechnologies,Ramaphix Technologies,3160,96,4,"Comprehensive phone repair channel covering charging, screen and water damage fixes, thin but clear repair focus.",phone repair,UC6JWtqepi7UuzwpOJk0f2yQ,hands,phone-repair,rest1,2026-09-14,filter,96
https://www.youtube.com/@rambir120,@Rambir120,Rambir Mobile Solutions ,330,145,4,Motherboard/EMMC and LCD combo repair videos mixed with FRP/software unlock content.,mobile repairing | motherboard repair,UCfbwzN7VJyUbQTPnl28o4FQ,hands,phone-repair,wave1,2026-09-14,filter,144
https://www.youtube.com/@ranamobilecare-c8r,@Ranamobilecare-c8r,Rmc team ,170,70,4,Titles show display connector change and dead phone CPU reboot solutions from a repair training institute.,mobile repairing,UCf2PhjGkpPSDIuJBjP2KX8w,hands,phone-repair,rest1,2026-09-14,filter,91
https://www.youtube.com/@ranjeetmobileguru,@Ranjeetmobileguru,Ranjeet mobile guru,1110,127,4,"Named mobile repairing channel, thin evidence but plausible bench repair content.",mobile repairing,UCdUCHP745aSCP6r5noCg8dA,hands,phone-repair,gray_v2,2026-09-14,filter,127
https://www.youtube.com/channel/ucgwlsn3pzbqtr0prbj3ftsq,@RapSharmamobile,Rap Sharmamobile,150,73,4,Titles show real fault diagnosis and dead-phone/charging solutions across multiple phone models.,mobile repairing,UCGWLSN3PzbQtR0prBJ3fTSQ,hands,phone-repair,wave1,2026-09-14,filter,80
https://www.youtube.com/@raselmobileheart,@RaselMobileHeart,Rasel Mobile Heart,96,95,4,"Description details screen and battery replacement tutorials with step-by-step format, strong topical alignment.",phone repair | mobile phone repair | smartphone repair,UCRg7kjhTdBveLvpmeyJJXTw,hands,phone-repair,wave1,2026-09-14,filter,95
https://www.youtube.com/@rashidfix,@RashidFix,Rashid Fix📱,5420,75,4,Repair-focused bio listing hardware and software specialist services for multiple phone brands with dead phone solutions.,mobile repairing,UCouhv6NdfycFiRyfETloltA,hands,phone-repair,gray_v2,2026-09-14,filter,75
https://www.youtube.com/@raulchulia,@raulchulia,Raúl Chuliá,5610,75,4,"Microsoldering and data recovery service with courses, strong topic fit though limited evidence of titles.",microsoldering,UCf6Cp-l-MElY0da6ZWoKbLQ,hands,phone-repair,trial100,2026-09-14,filter,75
https://www.youtube.com/channel/ucxqd13syrhsh1mipvfqkg2a,@RavendraMobilerepairing,RK Mobile repair H/W solution,346,63,4,"Titles show display change, battery change and charger repair with hands-on demonstrations.",mobile repairing,UCxqd13syrHSh1MIPvfQKG2A,hands,phone-repair,wave1,2026-09-14,filter,86
https://www.youtube.com/@ravimobile11,@ravimobile11,Ravi Mobile,560,105,4,Titles show charging port pin replacement and IC-level charging solutions with clear repair focus.,मोबाइल रिपेयरिंग,UCLmHhM8684EmFtUzbW3c4Sg,hands,phone-repair,wave1,2026-09-14,filter,114
https://www.youtube.com/@ravimobiletech,@ravimobiletech,ravi mobile tech,233,131,4,"Titles show real hardware fault diagnosis and repair (touch, baseband, network, power) on specific phone models.",मोबाइल रिपेयरिंग,UC-5sjDA1Rkhzm-85ctLURPQ,hands,phone-repair,wave1,2026-09-14,filter,131
https://www.youtube.com/@razzmobile2.1,@Razzmobile2.1,Razzmobile2.1,318,144,4,"Mobile repairing solutions channel repairing all types of phones, thin evidence but on-topic.",mobile repairing,UC7U_cEe0Jc7l_43iK6_yFxw,hands,phone-repair,gray_v2,2026-09-14,filter,200
https://www.youtube.com/@rdxreactionvideo,@RDXReactionvideo,Maurya ji mobile repairing ,24500,378,4,"Repair center channel covering hardware/software repair, display, charging, network issues.",मोबाइल रिपेयरिंग,UC0PNU7NgpThggT3R92DaaAA,hands,phone-repair,gray_v2,2026-09-14,filter,378
https://www.youtube.com/@recreated392,@recreated392,re created,180,106,4,"Titles show OCA glass replacement, dead phone solutions and network problem fixes on real devices.",mobile repairing,UCUQKQkMTSMM41fboDwVKFyA,hands,phone-repair,wave1,2026-09-14,filter,107
https://www.youtube.com/@rehmatmobilecenter1,@rehmatmobilecenter1,Rehmat mobile center,2550,112,4,Thin one-line bio naming mobile repairing and software as the shop's trade.,mobile repairing,UCtUGbWV3CuHFVPHDyh5q48A,hands,phone-repair,gray_v2,2026-09-14,filter,112
https://www.youtube.com/@repair_6500,@repair_6500,MOBILE REPAIR 6500,60,66,4,"Chip-level phone repair channel description mentions eMMC, power IC, charging IC repair work.",emmc,UCb-P0u0Hrk_aYKu7w4lPOVQ,hands,phone-repair,wave1,2026-09-14,filter,66
https://www.youtube.com/@repaired_by_vaibhav,@repaired_by_vaibhav,repaired by Vaibhav,251,104,4,"Titles show LCD replacement and eMMC reballing repair work, though one unrelated LED bulb video.",mobile repairing,UCkGvvlChjiM-KQvSGu7h2Lg,hands,phone-repair,gray_v2,2026-09-14,filter,110
https://www.youtube.com/@repairgyan,@RepairGyan,Repair Gyan,1300,289,4,"Named mobile repairing technical channel, thin description but clearly on-topic.",mobile repairing,UC9WSivDfBxTuwH_aXvsZoFQ,hands,phone-repair,gray_v2,2026-09-14,filter,289
https://www.youtube.com/@repairinghelp24,@RepairingHelp24,Repairing Help 24,209,177,4,"Description lists hardware faults, display repairing, PCB repairing tutorials alongside software flashing.",mobile repairing,UC_lzpmyy4lKoUHjui7Vw2TQ,hands,phone-repair,gray_v2,2026-09-14,filter,301
https://www.youtube.com/@repairingmobile-u5b,@RepairingMobile-u5b,itech Gaurav,117,66,4,"Titles show glass and folder replacement work on phones, genuine repair content despite promotional tone.",mobile repairing,UCVFwHhMZsACUAjm0WTav3vQ,hands,phone-repair,rest1,2026-09-14,filter,123
https://www.youtube.com/@repairingshorts2421.,@RepairingShorts2421.,Mobile Repairing Solution 2421.,1170,173,4,Dedicated mobile repairing shorts channel focused on repair content.,mobile repairing,UCjulTNDrwAqy2hXj6vm_wTQ,hands,phone-repair,gray_v2,2026-09-14,filter,173
https://www.youtube.com/@repairingtips56,@Repairingtips56,its maani ,629,132,4,"Titles show disassembly, body replacement, and charging port replacement on real phones.",mobile repairing,UCVtgW-JP6vrlzedjpLgAXQw,hands,phone-repair,wave1,2026-09-14,filter,147
https://www.youtube.com/@repairme1987,@repairme1987,Repair Me,167,244,4,"Channel promises to teach mobile repairing with problems and solutions, thin but on-topic evidence.",mobile repairing,UCof8dwd7gH1y2nxxaD9KPnA,hands,phone-repair,gray_v2,2026-09-14,filter,252
https://www.youtube.com/@repairourmobile2082,@repairourmobile2082,Repair Our Mobile,3590,51,4,Repair shop channel focused on mobile hardware and software repair tips and tricks with clear repair intent.,mobile repairing,UCeazE-3bvt3gYlRYaf3ETuQ,hands,phone-repair,gray_v2,2026-09-14,filter,51
https://www.youtube.com/@repairphoneinhome,@Repairphoneinhome,Repair Phone In Home,79,51,4,Home mobile repair channel with title showing iPhone back glass replacement full repair guide.,phone repair | mobile repairing | mobile phone repair | iphone repair,UC0UmVOI97n2Pl0m4KXP-ERA,hands,phone-repair,wave1,2026-09-14,filter,51
https://www.youtube.com/@repairtechchala,@repairtechchala,Repair tech chala,1450,270,4,"Channel explicitly teaches mobile repairing with hands-on lessons, good topical fit despite low evidence.",mobile repairing | मोबाइल रिपेयरिंग,UCkJE4taoNGwuNafQBC_YIzg,hands,phone-repair,wave1,2026-09-14,filter,270
https://www.youtube.com/@repairtechctg,@repairtechctg,REPAIR TECH CTG,1700,386,4,Repair shop channel mentioning CPU reballing and mobile phone repair alongside some review content.,phone repair | mobile phone repair,UCx3SoxeFRu7IGiWfOGSF8gQ,hands,phone-repair,wave1,2026-09-14,filter,386
https://www.youtube.com/@repairwalaofficial,@RepairWalaOfficial,Repair Wala,1620,57,4,"Repair shop channel covering screen, battery, eMMC data recovery and CPU/chipset repairs, mixed with software fixes.",emmc,UCkp-v2xxMGMzn3UkLNy9_og,hands,phone-repair,wave1,2026-09-14,filter,57
https://www.youtube.com/@repairwithus01,@repairwithus01,repair with us01,79,111,4,Thin generic description but name and phrasing point to general mobile repairing content.,mobile repairing,UCQIhr5cp3vEsaeT4Yi_ezTA,hands,phone-repair,gray_v2,2026-09-14,filter,121
https://www.youtube.com/@repairyourmobiles,@RepairYourMobiles,Repair Your Mobile's,26800,319,4,Personal channel teaching mobile and computer repairing in Hindi with technician background described.,mobile repairing,UCSJSTypJJo1Fguwt2WZo1vg,hands,phone-repair,gray_v2,2026-09-14,filter,320
https://www.youtube.com/@repairzone0001,@repairzone0001,RepairZone0001,500,129,4,Channel focused on mobile repair tutorials including screen and battery replacement with DIY guide format.,phone repair | mobile phone repair,UCwoKfjlMdRzBY3wjXkB0Sug,hands,phone-repair,wave1,2026-09-14,filter,129
https://www.youtube.com/@rexwaltechcare,@rexwaltechcare,Rexwal TechCare,45900,464,4,"Phone repairing channel covering both hardware and software topics, plain technician bio.",phone repair,UCisE9zfeR_0Kh_stgfWNAzg,hands,phone-repair,gray_v2,2026-09-14,filter,464
https://www.youtube.com/@riddhimobilab,@Riddhimobilab,Riddhi Mobi Lab,1330,61,4,Chip-level mobile repair shop listing detailed board-level services like IC work and board swapping.,phone repair,UCzWuWBWH0_P8TlVLBdSsCbw,hands,phone-repair,wave1,2026-09-14,filter,61
https://www.youtube.com/@rinjanicell7984,@rinjanicell7984,Rinjani Cell,2910,62,4,Simple phone repair learning channel with thin but clear on-topic description.,servis hp,UCWjBbjmfJGgOo90EqFcJN5g,hands,phone-repair,gray_v2,2026-09-14,filter,62
https://www.youtube.com/@riparazione,@RIPARAZIONE,ZXR TECH,1350,130,4,"Self-described mobile phone repairman offering to record repair videos on request, dedicated repair channel.",phone repair | mobile phone repair,UCZRF3-ZS2iSgqR8N6V2ZoUQ,hands,phone-repair,wave1,2026-09-14,filter,130
https://www.youtube.com/@rishu7654,@Rishu7654,𝑹𝑰𝑺𝑯𝑼 𝑴𝑶𝑩𝑰𝑳𝑬 𝑹𝑬𝑷𝑨𝑹𝑰𝑵𝑮,130,58,4,"Hindi mobile repairing channel with titles showing diode testing, coil testing and short circuit repair work.",मोबाइल रिपेयरिंग,UCFz9c7u7n8En4wvBtf6AZ2w,hands,phone-repair,wave1,2026-09-14,filter,58
https://www.youtube.com/@rismacellmanagement,@rismacellmanagement,Risma cell management,3060,278,4,"Cell service business with personal experience narrative, plainly a phone repair channel with minimal detail.",servis hp,UCmySZhwciH1nnBBWr1s4DYQ,hands,phone-repair,rest1,2026-09-14,filter,278
https://www.youtube.com/@ritik41447,@Ritik41447,@.RiTiK.@,519,184,4,"Personal channel bio stating phone repairing work with WhatsApp contact, thin but on-topic.",phone repair,UCWZ6a6uImdkXqTaiNCHWztQ,hands,phone-repair,gray_v2,2026-09-14,filter,187
https://www.youtube.com/@rj_mobile_0001,@Rj_mobile_0001,Ak_mobile01,143,74,4,"Mobile repairing channel covering combo fitting, mic, charging, speaker repair with software tips.",mobile repairing,UCD906Ywk2FDPlAN2k_gkdEQ,hands,phone-repair,wave1,2026-09-14,filter,74
https://www.youtube.com/@rjcell9219,@rjcell9219,Rozino Almeida RJ CELL Assistec,591,291,4,"Repair channel and academy covering bench techniques for phone maintenance, tutorial and training focus.",manutenção de celular,UCtO8bKPqb6Zy2552UVITsgA,hands,phone-repair,wave1,2026-09-14,filter,296
https://www.youtube.com/@rjtechbloger,@Rjtechbloger,Rj Tech Bloger,328,132,4,Titles show real display and charging jack replacement repairs across multiple phone models.,mobile repairing,UCH59TK22vb0WWWJPm-zJpUw,hands,phone-repair,rest1,2026-09-14,filter,139
https://www.youtube.com/@rkmobilenagod2383,@Rkmobilenagod2383,Rk mobile nagod,333,102,4,"Simple mobile repairing shop bio, thin but clearly on-topic evidence.",mobile repairing,UC0s8DvAolgPqgIJYspll3HA,hands,phone-repair,gray_v2,2026-09-14,filter,136
https://www.youtube.com/@rkmobileservice,@rkmobileservice,Rk Mobile Service,239,61,4,Titles show real combo/charging port replacement and water-damage repair jobs across brands.,mobile repairing,UCjC0YgWpEyfjEURQa31hSZA,hands,phone-repair,wave1,2026-09-14,filter,77
https://www.youtube.com/@rkrepairing2007,@Rkrepairing2007,Rk mobile repairing ,124,90,4,Titles show display change and charging repair across multiple phone models with clear repair focus.,mobile repairing,UCiqnninBuRKWC0UD98g92SA,hands,phone-repair,wave1,2026-09-14,filter,142
https://www.youtube.com/@rkstudios1220,@rkstudios1220,RK Studio’s,15600,507,4,"Professional mobile technician studying Android phone repair content, thin but clearly on-topic description.",phone repair,UCx_-BVj5W9J94VMOL4vCETw,hands,phone-repair,gray_v2,2026-09-14,filter,507
https://www.youtube.com/@rmcelloficial,@rmcelloficial,RM CELL OFICIAL ESPECIALIZADA EM IPHONES E CURSOS,3170,404,4,iPhone repair course channel focused on board-level (placas) repair training.,manutenção de celular,UC-7KsUPIkSCnI6_REBKAX2Q,hands,phone-repair,wave1,2026-09-14,filter,404
https://www.youtube.com/@rmcmobile1,@RMCMOBILE1,RMC MOBILE 1,1280,156,4,Plain mobile repairing channel description with thin but clearly on-topic content.,mobile repairing,UCLSIlxSSE-8xN18fPHEwHmQ,hands,phone-repair,rest1,2026-09-14,filter,156
https://www.youtube.com/@rmobilehospital,@Rmobilehospital,R MOBILE HOSPITAL,5570,638,4,"Bengali mobile repair channel bio stating repair videos are the content, thin but plausible evidence.",mobile repairing,UC1aEk8zOwZMEH6CJ5RbVejw,hands,phone-repair,rest1,2026-09-14,filter,638
https://www.youtube.com/@robimo_samostiyno,@Robimo_Samostiyno,Doing It Independently,3250,584,4,"Component-level repair channel showing real diagnostics and restoration, though electronics scope broader than just phones.",motherboard repair | microsoldering,UC6GwIG1uOhiYr43XRn_yQZg,hands,phone-repair,gray_v2,2026-09-14,filter,584
https://www.youtube.com/@robindutta0,@Robindutta0,robin dutta ,8950,233,4,Educational mobile repairing channel covering keypad to iPhone repair with instructional intent.,mobile repairing,UCLR0eX96fSKupnh07xoElNQ,hands,phone-repair,wave1,2026-09-14,filter,233
https://www.youtube.com/@roboticastur807,@roboticastur807,ROBOTICASTUR,975,56,4,Titles show real screen and battery replacements on Samsung and iPhone models with clear repair demonstrations.,reparación de móviles,UCSX3_qLG6aOw3nrJBjCSTPw,hands,phone-repair,rest1,2026-09-14,filter,56
https://www.youtube.com/channel/uc9tqy6s8ndoe7xarlsmtaew,@Rohanmobiletech,RohanMobiletech,167,152,4,"Mobile repair channel listing IC-level work (power IC, eMMC, network IC) with titles showing actual charging/display fixes.",mobile repairing | emmc,UC9Tqy6S8Ndoe7xARLsMtaEw,hands,phone-repair,wave1,2026-09-14,filter,162
https://www.youtube.com/@rohitagupta-f5r,@rohitagupta-f5r,Rohit Agupta,245,84,4,"Mobile repairing center channel emphasizing hand-skill repair demonstrations, thin title evidence.",mobile repairing,UCyELEZZo6f1AMvteKzczikQ,hands,phone-repair,gray_v2,2026-09-14,filter,101
https://www.youtube.com/@rohitapplerepair22chd,@rohitapplerepair22chd,Rohit Apple Repair & Research ,1630,246,4,"Apple repair and training channel emphasizing genuine repair skills, aligns well with topic.",mobile repairing,UCQc6hlP8Nf3bd4hhYUSXQnw,hands,phone-repair,wave1,2026-09-14,filter,248
https://www.youtube.com/@romantech1362,@romantech1362,Roman Tech,108,67,4,"Titles show real repair jobs like speaker repair, signal problem fix, display solution on Nokia phones.",mobile repairing,UCJEv3jZwav_WfaPew__NQdg,hands,phone-repair,gray_v2,2026-09-14,filter,67
https://www.youtube.com/@roshanmobile.,@roshanmobile.,Roshan Mobile point.,731,65,4,"Titles show charging port replacement, CPU reballing, and power dead solutions, dedicated repair-shop content.",mobile repairing,UCPswYADJiNWO3fo0LE5Elqw,hands,phone-repair,wave1,2026-09-14,filter,81
https://www.youtube.com/@roshanmobilevadodara,@roshanmobilevadodara,ROSHAN MOBILE VADODARA,624,122,4,"Titles show real chip-level fixes like CPU reball avoidance, charging connector change, backlight solutions.",mobile repairing,UC3wRZq0M63Ksl7H8LyKdV4g,hands,phone-repair,wave1,2026-09-14,filter,128
https://www.youtube.com/@roshannath681,@roshannath681,RP mobile repairing,1000,89,4,Minimal name-only mobile repairing channel with no drift signals present.,mobile repairing,UCmyRR_IGF3HV5DgSMJQusPQ,hands,phone-repair,gray_v2,2026-09-14,filter,88
https://www.youtube.com/@rsguptamobilerepair,@RsguptaMobilerepair,Rsgupta Mobile Repair,846,107,4,Hindi mobile repair channel with titles showing camera and display replacement work on real devices.,mobile repairing,UC0m4frGx0yQaGDa2KvBeUzA,hands,phone-repair,wave1,2026-09-14,filter,105
https://www.youtube.com/channel/ucvxzvet-6byordx07kya5bg,@RsMobile49,RsMobile49,68,103,4,"Titles show specific hardware repair tricks like touch fix, charging jack replace and mic repair.",phone repair | mobile repairing,UCvxzVET-6BYOrDX07kYA5Bg,hands,phone-repair,rest1,2026-09-14,filter,167
https://www.youtube.com/@rsmobilestore4670,@RSMobileStore4670,RS Mobile Store,156,107,4,"Description details EMMC repair methods, component replacement guides and troubleshooting series suggesting real repair education content.",emmc,UCXHvBJ5tDKSVIc-XpunPeLQ,hands,phone-repair,wave1,2026-09-14,filter,107
https://www.youtube.com/@rudramobilerepairing7,@RudraMobileRepairing7,Rudra Mobile Repairing,774,141,4,"Titles show battery connector, back glass, LCD combo replacement repair work.",mobile repairing,UCXZ864v12YqVD-dF86t6Qyg,hands,phone-repair,rest1,2026-09-14,filter,279
https://www.youtube.com/@rustyhands,@RustyHands,RustyHands,1550000,495,4,Cell phone restoration channel focused on rebuilding damaged/abandoned phones on camera.,phone repair | cellphone repair,UCDPY7224c7rqRD1z6Rqi3mw,hands,phone-repair,wave1,2026-09-14,filter,495
https://www.youtube.com/@rvmobileknowledge4091,@rvmobileknowledge4091,RV Mobile knowledge,1700,77,4,"Hindi description of a mobile phone repairing knowledge channel, thin but clearly on-topic.",phone repair,UCWFNbvgSCUqEK17Jqq4UIcw,hands,phone-repair,gray_v2,2026-09-14,filter,77
https://www.youtube.com/@rworldtech-d5v,@RworldTech-d5v,R world Tech,20,56,4,"Channel explicitly described as cell phone repair videos, thin but on-topic evidence.",reparación de celulares,UC0rwuuDUyQGX2M0wmiPDxUg,hands,phone-repair,rest1,2026-09-14,filter,71
https://www.youtube.com/@s.amobilehub4690,@s.amobilehub4690,S.A Mobile hub,616,87,4,Mobile repairing skills channel with charging pin and jumper soldering titles showing hands-on hardware work.,mobile repairing,UCQvvgzKrATAK_U6AS9D2vvw,hands,phone-repair,wave1,2026-09-14,filter,105
https://www.youtube.com/@s.d.mobile,@s.d.mobile,S.D. Mobile,2720,104,4,"Technician-run channel explicitly created to teach mobile repair to new technicians, strong topical fit.",mobile repairing,UCZnKZyRj22Wbw_h3lOwn2zA,hands,phone-repair,wave1,2026-09-14,filter,104
https://www.youtube.com/@s.gmobilesolutions,@S.GMobileSolutions,S.G Mobile Solutions ,510,53,4,"Titles show display change, power IC replacement, water damage repair — real hands-on repair shorts.",mobile repairing,UCrV5IhttZExbsCfvXJM40Fw,hands,phone-repair,wave1,2026-09-14,filter,54
https://www.youtube.com/@s.m.techmukeshshivam1209,@s.m.techmukeshshivam1209,S.M. Tech Mukesh                                         (1.2 k subscribers),219,59,4,"Titles show real repair jobs like ringer replacement and Type-C jack change, though a TV remote repair also appears.",phone repair | mobile phone repair,UCGEqD66-cm5pNMmQtZvsQ9w,hands,phone-repair,gray_v2,2026-09-14,filter,61
https://www.youtube.com/@s.s.p9995,@S.S.P9995,SSP MO REPAIR,705,198,4,"Mobile repair channel with jumper, IC reball, water damage and display fault-based titles.",mobile repairing,UCFH9uVFv8JX3_YdHmD4VFuA,hands,phone-repair,rest1,2026-09-14,filter,198
https://www.youtube.com/@sadamerani,@sadamerani,SadamErani,849,115,4,"Titles show eMMC replacement, network and restart problem solutions, real board-level repair work shown.",mobile repairing,UCKS21-BH9j6s4X84g41XfpQ,hands,phone-repair,wave1,2026-09-14,filter,124
https://www.youtube.com/channel/ucfwlq3rwnrb9unopuqq3ykq,@Saddamraza05,Saddamraza05,873,78,4,"Titles show iPhone repair, type-C connector work and CPU reball mixed with unboxing content.",mobile repairing,UCfWLq3RWNrB9UNOpuQQ3YkQ,hands,phone-repair,rest1,2026-09-14,filter,81
https://www.youtube.com/@sagiramobilelalbandi-hp4rf,@SagiraMobileLalbandi-hp4rf,Sagira Mobile Lalbandi,89,59,4,Titles show real flex cable and charging port repairs plus tablet disassembly at a Nepal repair shop.,mobile repairing,UCuYHZXYciYfCqqZQfoula_w,hands,phone-repair,wave1,2026-09-14,filter,95
https://www.youtube.com/@sahilcommunicationagra,@sahilcommunicationagra,Sahil Communication ,885,496,4,Titles show explicit Mobile Repairing Course days with free training sessions.,मोबाइल रिपेयरिंग,UCkIA4RCflFsIbHyn5BXQTGQ,hands,phone-repair,gray_v2,2026-09-14,filter,589
https://www.youtube.com/@sahrojalam7088,@sahrojalam7088,sahroj alam,181,86,4,"iPhone and android mobile repair videos channel, thin description but plainly repair-focused.",phone repair | iphone repair,UCjw0CcnmQzwNfHMYob75EyA,hands,phone-repair,gray_v2,2026-09-14,filter,86
https://www.youtube.com/@sai_techr9v,@sai_techr9v,Sai G mobiles official,104,299,4,"Chip-level mobile repair shop selling and servicing phones, thin but clear repair evidence.",chip level,UC6Y_dSGMToCBT2eV7vV-K7g,hands,phone-repair,rest1,2026-09-14,filter,370
https://www.youtube.com/@saikat2uul,@Saikat2uul,Saikat ,344,99,4,"Description strongly signals micro-soldering, reballing, multimeter and motherboard repair training content.",phone repair | mobile repairing | mobile phone repair | motherboard repair | mobile repairing course,UCOMA9fz8oIKibzNOrIY7JGw,hands,phone-repair,wave1,2026-09-14,filter,99
https://www.youtube.com/@saikrupamobilecenter,@saikrupamobilecenter,Sai krupa Mobile Center,6540,158,4,"Android and iPhone repairing centre, thin one-line description but clearly on-topic.",phone repair | iphone repair,UChaU0ar7PndpG2abEur_7YQ,hands,phone-repair,gray_v2,2026-09-14,filter,158
https://www.youtube.com/@saimobilecare1,@SaiMobilecare1,Sai Mobile Care ,820,87,4,Titles show display replacement and jack repair jobs across various phone models on camera.,mobile repairing,UCluWj9lnm3Ho7RjhaclapXA,hands,phone-repair,rest1,2026-09-14,filter,99
https://www.youtube.com/@sairammobilerepairingkodad,@sairammobilerepairingkodad,i phone & android mobile repairing Kodad,33,51,4,Titles show frame change and display change repairs at a mobile shop.,mobile repairing,UCXZ5X7D2XNbYhf4vqVyh0jQ,hands,phone-repair,rest1,2026-09-14,filter,59
https://www.youtube.com/channel/ucpudmnusj0en-4pv_jvtnxw,@sajibhasan8312,GSM SOJIB,229,180,4,"Repair shop channel with LCD replacement videos, though mixed with promotional shop-address content.",mobile repairing,UCpUDmNUsJ0en-4pV_jvTnXw,hands,phone-repair,wave1,2026-09-14,filter,247
https://www.youtube.com/@sajid.mobile,@Sajid.Mobile,Sajid Mobile,1970,98,4,"Simple channel dedicated to mobile repairing help videos, thin but clearly on-topic.",mobile repairing,UCbyQGAh-NCgVB4LLIppEmwg,hands,phone-repair,gray_v2,2026-09-14,filter,98
https://www.youtube.com/@sajidapplemaster,@SajidApplemaster,Sajid Apple Master,145,121,4,"iPhone repair shop with screen, battery and water damage fixes, described as behind-the-scenes fixes.",phone repair | iphone repair,UCYYFMg7Dd6IAXYyFscjr-Zg,hands,phone-repair,wave1,2026-09-14,filter,121
https://www.youtube.com/@sajidtech4510,@sajidtech4510,Sajid Tech 4,1460,179,4,"Describes hardware and software problem diagnosis and solutions for mobiles, thin but on-topic evidence.",mobile repairing,UC22ub0-QmeUlXUO28Npw2sw,hands,phone-repair,gray_v2,2026-09-14,filter,179
https://www.youtube.com/@sakibmobilerepairing,@sakibmobilerepairing,Sakib Mobile Repairing Tips,5280,249,4,Channel name and bio indicate mobile repairing tips content.,mobile repairing,UCFCv9J68p5Tlri6oEZ2jFQg,hands,phone-repair,gray_v2,2026-09-14,filter,249
https://www.youtube.com/@salalakart,@salalakart,SALALAKART,183,100,4,"Short description naming mobile phone repairing solutions, thin but clear evidence of the topic.",phone repair | mobile phone repair,UC8XuIXOFpCat8qAmtp2CDbg,hands,phone-repair,gray_v2,2026-09-14,filter,107
https://www.youtube.com/@salmanindiamobile8550,@salmanindiamobile8550,salman india mobile,1420,256,4,"Shop description details chip-level and glass replacement work for phones, strong repair signal.",mobile repairing | chip level,UCNy2uTpeAlWY2neCDkQDHkA,hands,phone-repair,wave1,2026-09-14,filter,256
https://www.youtube.com/@salmanit6357,@salmanit6357,salman IT,8110,210,4,"Kurdish channel for mobile phone repair tutorials, thin but clear evidence of the topic.",phone repair | mobile phone repair,UC-oPfm0ckx1jYCr6fZYq2Sw,hands,phone-repair,gray_v2,2026-09-14,filter,210
https://www.youtube.com/@salmanphonerepar,@salmanphonerepar, broken glass change ,49,123,4,Titles consistently show glass replacement repairs on various specific phone models.,phone repair,UCAYHI9lGUvZPgxeoMDQRQPQ,hands,phone-repair,rest1,2026-09-14,filter,220
https://www.youtube.com/@salvandovidastecnologicas4932,@salvandovidastecnologicas4932,salvando vidas tecnológicas,1260,50,4,Cellphone repair technician sharing knowledge and repair experience with colleagues.,reparación de celulares,UCSwkGhVvo3FKvmuwIlglw5g,hands,phone-repair,gray_v2,2026-09-14,filter,50
https://www.youtube.com/@sameermobilerepairsolution,@sameermobilerepairsolution,Sameer Mobile Repair Solution,1050,88,4,"Channel explicitly teaches mobile repairing basics through video lessons, good topical alignment.",मोबाइल रिपेयरिंग,UC5us1nRxKXVX5yq6lnNapJw,hands,phone-repair,wave1,2026-09-14,filter,88
https://www.youtube.com/@sameernahm,@SameerNahm,SameerN,67,65,4,"Channel described as an online cellphone repairing course, directly on-topic though thin evidence.",phone repair | cellphone repair,UCIN2X_ElOknicNJqebN2weA,hands,phone-repair,gray_v2,2026-09-14,filter,67
https://www.youtube.com/@sampathtelecom,@sampathtelecom,Sampath Telecom සම්පත් ටෙලිකොම්,428,126,4,Sri Lankan channel with titles showing display change repairs for Samsung and Vivo phones.,phone repair | mobile phone repair,UCH6aKw46Rf619ZTRowrwQxg,hands,phone-repair,wave1,2026-09-14,filter,185
https://www.youtube.com/@samuelejaidu,@SamuelEjaidu,phone repair TV,66,62,4,"Titles show broken screen fix and charging port repair tutorials, small channel with direct repair focus.",phone repair,UC_-g-hGBmuA4Tim2N1vMB6w,hands,phone-repair,wave1,2026-09-14,filter,125
https://www.youtube.com/@sanauwar_407,@sanauwar_407,MD MAX_407,311,84,4,Mobile repair shop bio covering hardware and software repair across multiple device types.,phone repair,UCThCCvL2aeOS_Fsr8Ie-kuA,hands,phone-repair,gray_v2,2026-09-14,filter,84
https://www.youtube.com/@sandeepdronzertechnical,@SandeepDronzerTechnical,Sandeep Dronzer Technical,1430,133,4,Technical channel describing mobile hardware and software repair tutorials in an easy-to-understand format.,mobile repairing,UCFm4oUqTiMHQ2T4JIpO5sTw,hands,phone-repair,rest1,2026-09-14,filter,133
https://www.youtube.com/@sandeepnishad-3,@SandeepNishad-3,Mobile aria,52,65,4,"Hindi channel with folder replacement and combo display replacement installation guide titles, real repair demos.",मोबाइल रिपेयरिंग,UCFKcjpcQo1A78VSapEogDBw,hands,phone-repair,wave1,2026-09-14,filter,65
https://www.youtube.com/@sandipmobileshop,@SandipmobileShop,Sandip mobile Shop,1280,109,4,"Mobile shop channel focused on repairing videos, thin one-line description.",मोबाइल रिपेयरिंग,UCOO4Y-iaiiRB-xjzQuKY9Cg,hands,phone-repair,gray_v2,2026-09-14,filter,109
https://www.youtube.com/@sanimobilerepa.,@sanimobilerepa.,sani mobile repair 🇮🇳,1150,219,4,Hardware and software mobile repairing tutorial channel teaching viewers at home.,mobile repairing,UCIjTv-ZOsnJB9bntdsJIuDA,hands,phone-repair,gray_v2,2026-09-14,filter,219
https://www.youtube.com/@sanjay_kr_kushwaha,@sanjay_kr_kushwaha,Sanjay Mobile ,691,131,4,"Mobile repairing videos from a repair shop, thin but on-topic description.",mobile repairing,UCq8Nf7HeBVgPj1hl7pYZeXA,hands,phone-repair,gray_v2,2026-09-14,filter,131
https://www.youtube.com/@sanjumobilecare3644,@sanjumobilecare3644,sanju mobile care,3050,235,4,Hindi channel explicitly dedicated to showing mobile repairing videos with thin but on-topic description.,mobile repairing,UCg10nw5qL839eR50uDCBPeQ,hands,phone-repair,rest1,2026-09-14,filter,235
https://www.youtube.com/@santiagoimpactos7223,@santiagoimpactos7223,Santiago Impactos,2190,650,4,"One-line description stating cell phone repair, thin evidence but plainly on-topic.",conserto de celular,UCk_IUH2e88uuH0grWzE0IEA,hands,phone-repair,rest1,2026-09-14,filter,650
https://www.youtube.com/@saqlainkhan2959,@saqlainkhan2959,Saqlain khan,72,76,4,"Titles show dead phone solution, LCD panel change, and short circuit repair with clear technical focus.",mobile repairing,UCqE-k-fWKvAGcaCzVuqb5sw,hands,phone-repair,wave1,2026-09-14,filter,76
https://www.youtube.com/@saranyamobileservices85,@saranyamobileservices85,Saranya Mobile 9,2060,126,4,"IC problem, eMMC change, dead boot repair and display glass replacement service description, chip-level focus.",emmc,UCwxmillutvjrohEYMqmWF5w,hands,phone-repair,wave1,2026-09-14,filter,126
https://www.youtube.com/@sarveshmobail,@sarveshmobail,radhe krishna mobile,469,73,4,"Hindi mobile repairing channel with titles showing body/folder change and display reflector replacement, hands-on hardware work.",mobile repairing | motherboard repair,UC1OsvRXqRMhaDNIBHkctE_Q,hands,phone-repair,wave1,2026-09-14,filter,80
https://www.youtube.com/@sarwajit_phone_repair_dehradun,@sarwajit_phone_repair_dehradun,Sarwajit iPhone Repair Dehradun,167,123,4,Live iPhone/Android repair videos with soldering techniques and step-by-step process described.,mobile repairing,UCnNbvlG3WWZIn3MijXMyO5g,hands,phone-repair,wave1,2026-09-14,filter,123
https://www.youtube.com/@satishmobilerepairing7563,@satishmobilerepairing7563,SATISH MOBILE REPAIRING,2570,111,4,"One-line description naming software and hardware mobile repairing, thin but on-topic.",mobile repairing,UCBc25CuuRaVyKBNtuHGEkbA,hands,phone-repair,gray_v2,2026-09-14,filter,111
https://www.youtube.com/@satishmobilework-1,@Satishmobilework-1,Satish mobile work,6260,333,4,"Self-described mobile repairing video channel filmed by phone camera, plain repair bio.",मोबाइल रिपेयरिंग,UCpggMqqIAZdVQp7QdpVDyMQ,hands,phone-repair,rest1,2026-09-14,filter,333
https://www.youtube.com/@saurabhkvideoss,@saurabhkvideoss,Saurabh k videoss,307,74,4,"Titles show real IC, charging pin, and mic repair jobs across multiple phone brands.",mobile repairing,UCV1dYaKbMwY8_AEYjFlF54g,hands,phone-repair,rest1,2026-09-14,filter,76
https://www.youtube.com/@sayanmobilereparingcenter,@SayanMobilereparingcenter,sayan mobile reparing center,4400,275,4,"Mobile repair center channel covering IC repair, microsoldering, motherboard repair and water damage across major brands.",phone repair | mobile repairing | smartphone repair | iphone repair | motherboard repair | microsoldering,UCE2Xk0zMc6SUPGKmPMnezCA,hands,phone-repair,wave1,2026-09-14,filter,275
https://www.youtube.com/@sazzadcreation50,@Sazzadcreation50,Sazzad Creation,1520,190,4,"Channel self-described as PCB motherboard repair creator, matching board-level micro-soldering focus.",motherboard repair,UCJ1zwCJP_FmuGAObk0FXluQ,hands,phone-repair,wave1,2026-09-14,filter,190
https://www.youtube.com/@sbstudio3.0,@sbstudio3.0,SBstudio3.0,749,443,4,"Mobile studio channel focused on teaching home mobile repair, thin but clear evidence.",मोबाइल रिपेयरिंग,UCiTvK0YhD14NtRy2weR7S4A,hands,phone-repair,gray_v2,2026-09-14,filter,443
https://www.youtube.com/@scoopof3d,@scoopof3d,ScoopOf3D,15100,55,4,iPhone logic board repair channel description directly matches board-level micro-soldering topic.,phone repair | iphone repair | logic board repair,UCJnS-xxGok5Vg9zm_CBIYLA,hands,phone-repair,wave1,2026-09-14,filter,55
https://www.youtube.com/@screensolution545,@Screensolution545,The screenfixer,1480,284,4,Screenfixer channel focused on glass/screen replacement repair services.,मोबाइल रिपेयरिंग,UCMs9ou3v5SSPAXPPuRQeIHw,hands,phone-repair,gray_v2,2026-09-14,filter,284
https://www.youtube.com/@semestaelektronik,@Semestaelektronik,Gadget repair,286,92,4,Titles show real charging port connector replacement across multiple phone models with hands-on process.,phone repair,UCIXoNJGzMrM-GbZVrqBPacg,hands,phone-repair,wave1,2026-09-14,filter,91
https://www.youtube.com/@service.iphone.balipro,@service.iphone.balipro,Service iPhone Bali | iPhone Repair Bali | BaliPro,159,360,4,"Professional iPhone/iPad/MacBook repair shop listing screen, battery, charging port repairs with technician service.",phone repair | iphone repair,UCOvYWMOyFWlbaege1UrrmUA,hands,phone-repair,wave1,2026-09-14,filter,364
https://www.youtube.com/@servicehpjogja,@servicehpjogja,Service Hp Jogja,658,126,4,"Phone service shop listing hardware and software repairs including LCD, battery, connector and IC replacement.",emmc,UC-eNMKCP6DRPQYvAX25JZ4Q,hands,phone-repair,rest1,2026-09-14,filter,126
https://www.youtube.com/@servicellmilagro,@servicellmilagro,SERVICELL- MILAGRO,42600,1217,4,"Repair shop with virtual/in-person repair courses for smartphones and tablets, thin but on-topic description.",reparación de celulares,UCqCLFlFcHMkoNizjYNppfFw,hands,phone-repair,gray_v2,2026-09-14,filter,1217
https://www.youtube.com/@servicerepairs,@servicerepairs,service -repairs,8100,64,4,"Channel specialized in mobile phone repair and troubleshooting, thin description but on-topic.",صيانة الهواتف,UCbcsnD2uBR0UOXfuV93Zp_g,hands,phone-repair,rest1,2026-09-14,filter,64
https://www.youtube.com/@servishpofficial,@servishpofficial,Servis Hp Official,3000,168,4,"Beginner phone repair tutorial channel, thin description but clearly on-topic.",servis hp,UCCzAc_rZeJtGAKWvl4cO-Kw,hands,phone-repair,gray_v2,2026-09-14,filter,168
https://www.youtube.com/@servishprumahan,@servishprumahan,SERVIS HP RUMAHAN,3890,88,4,"Indonesian phone-repair tutorial channel for beginners with mixed hobby content, thin but on-topic evidence.",servis hp,UCpX4A6Rvrrq43W4RU62j6Pg,hands,phone-repair,gray_v2,2026-09-14,filter,88
https://www.youtube.com/@sgpdiscover1608,@sgpdiscover1608,SGP Discover,33100,365,4,"Owner-operated mobile repair shop channel uploading repair videos, low detail but clear repair focus.",mobile repairing,UCmGnmfb6AzGe-9lLtlUjWrQ,hands,phone-repair,wave1,2026-09-14,filter,365
https://www.youtube.com/@shaanmobile1,@shaanmobile1,shaan mobile,1300,65,4,"Mobile repair shop covering chip level, IC, display work, but also wholesale accessories mentioned.",mobile repairing | chip level,UCx9cs2ucGgwu3e-i6P3VjIA,hands,phone-repair,gray_v2,2026-09-14,filter,65
https://www.youtube.com/@shaarangrez,@shaarangrez,SHAAN RANGREZ ,5580,248,4,"Named mobile repairing channel with contact info, thin description but plainly repair-focused.",mobile repairing,UCQNKLRLYzEGvQxVBO-vCh-w,hands,phone-repair,rest1,2026-09-14,filter,248
https://www.youtube.com/@shabanali07869,@ShabanAli07869,Shaban Ali,399,50,4,Advance mobile repairing shop with hardware/software/accessories description; titles are blank/unusable for judgment.,mobile repairing,UC9IjqQHJmgPwCYvOSrgs7XA,hands,phone-repair,rest1,2026-09-14,filter,58
https://www.youtube.com/@shahanwajansari2962,@shahanwajansari2962, Star mobile reparing godda,324,69,4,"Local mobile repairing shop channel, thin one-line description naming the trade.",mobile repairing,UC8vTfE9gpc1GN6IR4GcDLiQ,hands,phone-repair,rest1,2026-09-14,filter,132
https://www.youtube.com/@shaheenrepairing-cx2mv,@ShaheenRepairing-cx2mv,SHAHEEN ANDRIOD FIXER MULTAN,692,106,4,"EMMC dead repair channel with titles showing CPU short solutions, camera/audio fixes and dead phone repair.",emmc,UC3VzVgyKCpACLjlaBYn8l2Q,hands,phone-repair,wave1,2026-09-14,filter,114
https://www.youtube.com/@shahgtech,@shahgtech,Shah G Tech,1330,59,4,"Channel explicitly states all mobile repairing videos, thin but clear repair focus.",mobile repairing,UC8Lr47AhbtnNf6taBxII5SQ,hands,phone-repair,gray_v2,2026-09-14,filter,59
https://www.youtube.com/@shahidhussain010,@shahidhussain010,shahidhussain,112,105,4,"Titles show battery replacement, mic change and repair tips alongside accessories sales.",mobile repairing,UCInNIKyd-lrnBUHVXm1CglQ,hands,phone-repair,rest1,2026-09-14,filter,115
https://www.youtube.com/@shahidmobiles4276,@shahidmobiles4276,Shahid mobiles,3220,78,4,"Description details technician tasks like screen, battery, keypad replacement, thin but repair-focused evidence.",phone repair | mobile phone repair,UCOr38sDwQVQoL-vz9g-lsJg,hands,phone-repair,gray_v2,2026-09-14,filter,78
https://www.youtube.com/@shaikhsaipan-j4j,@ShaikhSaipan-j4j,Shaikh Saipan,233,132,4,"Titles show back panel opening and charging jack cleaning, real hands-on repair demonstrations.",mobile repairing,UCvodWoKDGMZpnu4lI2DTBtg,hands,phone-repair,rest1,2026-09-14,filter,138
https://www.youtube.com/@shamsadaliblog1888,@shamsadaliblog1888,Shamsad Ali Blog,39,66,4,"Named as a mobile repairing shop with contact info, thin evidence but on-topic.",mobile repairing,UCMaxqoBJm-kUCaQqbh0v2-w,hands,phone-repair,gray_v2,2026-09-14,filter,66
https://www.youtube.com/@shanivarman,@ShaniVarman,Omg mobile repair,6680,415,4,"Hindi channel detailing battery, charging, motherboard component-level repair tips and techniques.",मोबाइल रिपेयरिंग,UCIDMlTOGFC1lHRoe2x6T5KQ,hands,phone-repair,wave1,2026-09-14,filter,415
https://www.youtube.com/@shanmobile2,@shanmobile2,Shan Mobile,189,77,4,Real bench repair titles with device/fault/solution format (mic change) showing hands-on phone repair work.,phone repair | mobile phone repair,UC-FyPWAc2ZpGVn8stqy639A,hands,phone-repair,wave1,2026-09-14,filter,83
https://www.youtube.com/channel/uc619ozjkmqsbldveyjuui-q,@sharmagt8902,Sharma GT,579,52,4,Hardware solution titles for charger/camera/touch issues alongside some FRP bypass content on phones.,mobile repairing | मोबाइल रिपेयरिंग,UC619OZJkmqsBLdvEyJUUI-Q,hands,phone-repair,wave1,2026-09-14,filter,53
https://www.youtube.com/@shawaal_tech,@ShawaaL_Tech,AsaD ShawaaL,185,112,4,"Titles show CPU reball, glass replacement and restoration work on real phones.",mobile repairing,UCMb45xRFljKCJxej36ue3og,hands,phone-repair,wave1,2026-09-14,filter,113
https://www.youtube.com/@sheikhjanta,@Sheikhjanta,mobile repairing Shop Gulnar telecom 🔥,178,132,4,"Mobile repairing shop named channel, thin titles but clearly repair doctor branding.",mobile repairing,UCYeih3DOydx3dcoPT8LXe6g,hands,phone-repair,gray_v2,2026-09-14,filter,143
https://www.youtube.com/@shenzhenwantongphonerepair6015,@shenzhenwantongphonerepair6015,Shenzhen Wantong Phone Repair Training School,13600,488,4,Dedicated phone repair training school in Shenzhen with hands-on technical repair curriculum described.,phone repair | mobile phone repair,UCLCQRIZLWDzzzhgKwSWBoRg,hands,phone-repair,wave1,2026-09-14,filter,488
https://www.youtube.com/@shihorimobileshop,@shihorimobileshop, Shihori Mobile Shop V.K.JOGRANA ,1710,89,4,Gujarati-language mobile repairing shop channel teaching techniques step by step.,mobile repairing | chip level,UCBBpUKCJMRhac8ZWvHvElhA,hands,phone-repair,gray_v2,2026-09-14,filter,89
https://www.youtube.com/@shine_mobtech,@Shine_MobTech,Shine MobileTech,7620,70,4,"Mobile repairing channel emphasizing hardware, software, eMMC and UFS programming work.",mobile repairing | emmc,UCXarECG0oThS6vj5RlbZgUQ,hands,phone-repair,wave1,2026-09-14,filter,70
https://www.youtube.com/@shiva.mobile.service,@shiva.mobile.service,shiva mobile service,1760,325,4,Thin one-line bio clearly describing mobile repairing video content with no distracting signals.,mobile repairing,UCHnYGXX5bD4ltBANXF_2kwg,hands,phone-repair,gray_v2,2026-09-14,filter,325
https://www.youtube.com/@shivamkumar84136,@Shivamkumar84136,Shivam  100k views 2house ,390,418,4,Titles show glass and back panel replacement work despite wholesale shop framing.,mobile repairing,UCjd-vRXj4SW9Seh_Z2XIu4A,hands,phone-repair,gray_v2,2026-09-14,filter,378
https://www.youtube.com/@shivaphonefixer,@shivaphonefixer,shivaphonefixer,5040,974,4,"Thin one-line bio naming phone repairing solution channel, plausible dedicated repair channel.",phone repair,UCU3OQWtn44Yvjm9AWoo9ygg,hands,phone-repair,gray_v2,2026-09-14,filter,974
https://www.youtube.com/@shivjeechoudhury911,@shivjeechoudhury911,Shivjee mobile repairing balasore ,499,72,4,"Shop titles show display and light IC repair on Samsung and iPhone devices, real bench work.",mobile repairing,UCGPBxax5x66vDd_803gSlwg,hands,phone-repair,wave1,2026-09-14,filter,76
https://www.youtube.com/@shivkumar-oq1el,@ShivKumar-oq1el,Shiv communication ,78,88,4,Titles show real repair jobs like speaker and charging folder combo replacement on phones.,mobile repairing,UCo99ulLuhT5czDd7wXWo_cQ,hands,phone-repair,wave1,2026-09-14,filter,96
https://www.youtube.com/@shivmobile-0,@SHIVMOBILE-0,SHIV MOBILE,476,179,4,Titles show real display change and back lamination work on mobile phones at a repair shop.,mobile repairing,UC-LNVcDyBXyZ2rtbtsNflTw,hands,phone-repair,wave1,2026-09-14,filter,185
https://www.youtube.com/@shmw83,@SHMW83,SHMW (Solusi Hardware Mas Wahid),10700,208,4,Phone hardware repair channel sharing daily servis HP experience and solutions from a technician.,servis hp,UC5SM9JIhC6zdQDm6_XLLmIw,hands,phone-repair,gray_v2,2026-09-14,filter,208
https://www.youtube.com/@sho_za_master,@Sho_za_master,Шо за Мастер,1200,245,4,Thin but clear description naming phone/laptop/tablet repair as the channel's trade.,ремонт телефонов,UCM9rpY29pL1Y2yCrrijtUcA,hands,phone-repair,gray_v2,2026-09-14,filter,245
https://www.youtube.com/@shortmobileinfo,@shortmobileinfo,Short mobile Info,299,66,4,Titles show real charging port replacement and disassembly work on multiple phone models.,mobile repairing,UClcg4PcOjMIYoyGDlcaDXgA,hands,phone-repair,wave1,2026-09-14,filter,66
https://www.youtube.com/@shouibkhan_299,@ShouibKhan_299,Display Master ,189,226,4,Display and glass replacement tutorials with step-by-step repair guides despite some live/reel content.,mobile repairing,UCWXkGwicyU55HEURIQNme3A,hands,phone-repair,gray_v2,2026-09-14,filter,257
https://www.youtube.com/@shreeharimobilerepairing,@ShreeHariMobileRepairing,Shree Hari Mobile Repairing,1020,62,4,Repair shop channel uploading mobile and electrical equipment repairing videos with fault solutions.,mobile repairing,UC95J2r4S9XrUa4nTNHOpBeg,hands,phone-repair,gray_v2,2026-09-14,filter,62
https://www.youtube.com/@shreejiapplefix,@shreejiapplefix,Shreeji Apple Fix ,974,111,4,Hindi mobile repair learning channel with detailed titles on boot logo fixes and crashdump mode solutions.,मोबाइल रिपेयरिंग,UCx3ES9ox7JzXHikZiSb84fA,hands,phone-repair,wave1,2026-09-14,filter,112
https://www.youtube.com/@shreemohanphotostudio8098,@shreemohanphotostudio8098,Shree mohan Photo studio,215,233,4,"Titles show real display and charge board repairs on Vivo, Redmi, Infinix phones step by step.",मोबाइल रिपेयरिंग,UCXokWqktK80wA15mC-Xqq-A,hands,phone-repair,wave1,2026-09-14,filter,233
https://www.youtube.com/@shrikrishnacommunicatio037,@ShrikrishnaCommunicatio037,Shri Krishna Communication,641,86,4,"Titles show specific fault-based repair solutions (restart, charging, not charging) for various phone models.",mobile repairing,UC9K8hzqMZWnEp1pcYL-qAdQ,hands,phone-repair,wave1,2026-09-14,filter,86
https://www.youtube.com/@shrirammobile2749,@shrirammobile2749,Shri Ram Mobile,1860,96,4,"Simple description of mobile repairing tips and knowledge sharing, thin but on-topic.",mobile repairing,UCqW16j9dpTK8BQFakn-HP2g,hands,phone-repair,gray_v2,2026-09-14,filter,96
https://www.youtube.com/@shubham-mobile-gaya,@Shubham-Mobile-Gaya,Shubham Mobile Gaya,4290,200,4,"Shop channel covering hardware/software mobile repair with parts sold alongside, plausible repair evidence.",mobile repairing,UCHjt-Rco8CKFxDdoJIXMPWQ,hands,phone-repair,gray_v2,2026-09-14,filter,200
https://www.youtube.com/@shubhsg,@shubhsg,gupta mobile repairing,2390,232,4,"Simple repair shop bio, all mobile repair content stated directly.",mobile repairing,UCYQ_FLbNcIJ_Sid7S29mCzA,hands,phone-repair,gray_v2,2026-09-14,filter,232
https://www.youtube.com/@shuheduddin-xf9fx,@ShuhedUddin-xf9fx,Mobile solution ,286,150,4,"Titles show real repair work: camera/lens change, logo/hang fixes, charging issues on phones.",mobile repairing,UCCIaU9wc_QfAFa08VemYiCQ,hands,phone-repair,rest1,2026-09-14,filter,155
https://www.youtube.com/@shyammobilerepairing,@SHYAMMOBILEREPAIRING,SHYAM MOBILE REPAIRING,20200,84,4,"Titles show dead phone solutions, CPU repair, and back glass changes across multiple brands, clear repair bench work.",mobile repairing,UCKydRdwfjWfxq0_J6CWNj-Q,hands,phone-repair,wave1,2026-09-14,filter,84
https://www.youtube.com/@shyammobilereparingandtech9140,@Shyammobilereparingandtech9140,Shyam mobile repairing and tech help,67,148,4,"Channel description plainly focused on mobile repairing knowledge sharing, thin but clear evidence.",mobile repairing,UCMTCLN_7EP1jLnF4pmnSE9w,hands,phone-repair,gray_v2,2026-09-14,filter,163
https://www.youtube.com/@siattechchipsolution,@SiatTechChipsolution,Siat Tech Chipsolution,4950,81,4,"Mobile/laptop/AC PCB chip-level repair training institute, phone repair is a core practical component.",mobile repairing | chip level,UCp5SkeaTjX-Mxh9kcrlbrew,hands,phone-repair,wave1,2026-09-14,filter,81
https://www.youtube.com/@sibghatmobileengineer,@sibghatmobileengineer,Sibghat mobile engineer,1100,259,4,"Mobile engineer teaching repairing and software, thin but on-topic bio.",mobile repairing,UCewylw4BXaHOKRT0WHK3riQ,hands,phone-repair,gray_v2,2026-09-14,filter,259
https://www.youtube.com/@simobicare99,@SiMobiCare99,Si MobiCare,9500,113,4,"Advanced chip-level training center covering CPU, EMMC, power IC and micro jumper techniques.",chip level | emmc,UClUH5Z-SvzsgbLAoZFqzrWA,hands,phone-repair,wave1,2026-09-14,filter,114
https://www.youtube.com/@singh95110,@singh95110,mobile repairing,487,97,4,Titles show back panel opening on real phones like Oppo A54 at a repair shop.,mobile repairing,UCiJ6bCc8-CA9hJ9DkCapdAw,hands,phone-repair,wave1,2026-09-14,filter,228
https://www.youtube.com/@singhrepair,@SinghRepair,SinghRepair,1200,346,4,Mobile repair channel mixing hardware repairs with software fixes and troubleshooting guides from experienced technician.,phone repair | mobile phone repair,UC-upgaJrPBLbmulLr5KnjJw,hands,phone-repair,wave1,2026-09-14,filter,346
https://www.youtube.com/@siwamobilerepairing,@siwamobilerepairing,Siwa Mobile Repairing,3790,438,4,"Named mobile repairing channel promising repair-related video uploads, thin but on-topic evidence.",mobile repairing,UCIZTfKwekFI3VZHzkQilWcw,hands,phone-repair,gray_v2,2026-09-14,filter,438
https://www.youtube.com/@sk_mobile_11,@sk_mobile_11,sk_mobile_11,90,50,4,Titles show real phone disassembly/opening steps across multiple brands at a repair shop.,mobile repairing | मोबाइल रिपेयरिंग,UCziDYHdEp-qQqBK79tavEMw,hands,phone-repair,wave1,2026-09-14,filter,58
https://www.youtube.com/@skillfultechnician,@SkillfulTechnician,Skillful Technician,300,63,4,"Titles show board-level teaching content: graphics section class, IC cleaning, motherboard repair tutorials.",motherboard repair,UC_yuDt3yc6VLqJobm_jvdIA,hands,phone-repair,wave1,2026-09-14,filter,63
https://www.youtube.com/@skinfobd,@SKINFOBD,SK info BD,4690,645,4,"Mobile servicing course channel teaching IC-level chip work including EMMC, CPU and power IC repairs.",emmc,UCroq_axkQ--Gm3tyciSQaGA,hands,phone-repair,gray_v2,2026-09-14,filter,645
https://www.youtube.com/@skippytube,@SkippyTube,SkippyTube,1850,151,4,"Mobile repair course channel covering hardware repair, schematics and troubleshooting for beginners.",phone repair | mobile phone repair | electronics repair course,UCSXpiJtzcAIMSX6ci-eugog,hands,phone-repair,wave1,2026-09-14,filter,151
https://www.youtube.com/@skjewel8,@skjewel8,Jewel Offical ,585,84,4,"Titles show real display replacement, connector replacement and IC reballing work on phones with soldering tools.",phone repair | mobile repairing | mobile phone repair | motherboard repair,UCn4qHqJJB7qYSj8i89zXd7A,hands,phone-repair,wave1,2026-09-14,filter,101
https://www.youtube.com/@skjkashyapmobileskj5881,@skjkashyapmobileskj5881,S K J Kashyap mobile SKJ कश्यप मोबाइल।,474,111,4,Titles show jumper wire fixes and specific phone model repair solutions with hands-on demonstrations.,मोबाइल रिपेयरिंग,UCKHeXOv4ES3ALs6FWes6AhQ,hands,phone-repair,wave1,2026-09-14,filter,114
https://www.youtube.com/@skmobilearmaan,@skmobilearmaan,Sk mobile ajmer ,203,92,4,"Titles show real device work like touch, combo, and back panel changes on phones.",mobile repairing,UCpD1nuKZiqsDUPRjIEUiyuw,hands,phone-repair,gray_v2,2026-09-14,filter,92
https://www.youtube.com/@skmobilerepairing-skp,@SkMobileRepairing-SKP,S.K Mobile Repairing Solutions ,173,52,4,Titles show speaker replacement and chip-level repair work with mobile hardware and software fixes.,phone repair | mobile repairing | iphone repair | मोबाइल रिपेयरिंग,UCYVU9iNpA43y20mXNpC91Rw,hands,phone-repair,rest1,2026-09-14,filter,52
https://www.youtube.com/@skmobiskill,@SkMobiSkill,Sk Mobile Skills ,419,129,4,"Mobile repairing training channel with display, battery, charging repair tutorials and step-by-step practical content.",mobile repairing,UCWHUXt2NIvxRoWxpAnfNvBQ,hands,phone-repair,gray_v2,2026-09-14,filter,128
https://www.youtube.com/@sktechnical679,@SKTechnical679,SK@Technical Mobile Repair ,142,67,4,"Mobile repair channel with real practical solutions covering dead phone, charging, display and eMMC issues.",emmc,UCaopd3TaoRHSkT8wsdLHmzg,hands,phone-repair,gray_v2,2026-09-14,filter,67
https://www.youtube.com/@skumarvlog,@skumarvlog,S KUMAR VLOG,4380,838,4,"Dedicated mobile repairing/shop vlog channel covering display, charging, water damage repairs with shop vlogs mixed in.",phone repair | mobile repairing | smartphone repair,UCnCe7U1bNcTiOLC0QUvmrBw,hands,phone-repair,wave1,2026-09-14,filter,838
https://www.youtube.com/@sm.mobile.mangalwad,@sm.mobile.mangalwad,sawariya mobile mangalwad,208,171,4,Titles show actual charging port and thermal line hardware repairs despite unboxing mention.,mobile repairing,UCY2G5IZ3UaXPE8PrXe9q-qQ,hands,phone-repair,rest1,2026-09-14,filter,180
https://www.youtube.com/@smadilshahtv,@smadilshahtv,Bukhari Mobile 📱 ,1000,380,4,"Repair-shop channel with mic fix, housing and charger repair titles alongside unrelated naats content.",mobile repairing,UCO_BY8Ttv_QYfBucxLr8QlQ,hands,phone-repair,rest1,2026-09-14,filter,380
https://www.youtube.com/@smart-techgsmteam6466,@smart-techgsmteam6466,SMART-TECH GSM TEAM,1040,64,4,"Cellphone repair and training centre, thin one-line business description but plainly repair-focused.",phone repair | cellphone repair,UCHMosw-vqbwPu2Umx2WkZAA,hands,phone-repair,gray_v2,2026-09-14,filter,64
https://www.youtube.com/@smart_telecom,@smart_telecom,Smart telecom,47300,2671,4,Advance Mobile Repairing Institute channel teaching hardware repair with practical training focus.,mobile repairing,UCMpdIOduwpZoCYGedT8Lkew,hands,phone-repair,rest1,2026-09-14,filter,2672
https://www.youtube.com/@smartalirepair,@SmartAliRepair,Smart Ali Repair,2890,72,4,Mobile repairing training channel covering hardware and software repair with step-by-step tutorials.,mobile repairing,UCEnS9-Vw0xYHTCpxILIFPmg,hands,phone-repair,gray_v2,2026-09-14,filter,72
https://www.youtube.com/@smartcellrepairingart2211,@smartcellrepairingart2211,SMART CELL REPAIRING ART,2230,153,4,"Mobile phone repairing methods channel, thin description but clearly on-topic.",phone repair | mobile phone repair,UCid4aoSR9gg2jEK9KVeERUg,hands,phone-repair,gray_v2,2026-09-14,filter,153
https://www.youtube.com/@smartfixexpert,@SMARTFIXEXPERT,SMART FIX EXPERT,212,69,4,"Mobile repairing training institute name, thin but clearly repair-focused evidence.",mobile repairing,UCEohNSRH1UdpFTanwNQpdxw,hands,phone-repair,gray_v2,2026-09-14,filter,68
https://www.youtube.com/@smartphone04,@smartphone04,smart phone,1530,78,4,"Long-time smartphone repair instructor covering hardware, software, and glass replacement with educational focus.",phone repair | cell phone repair,UCB10FiP-XXpGugMHuhkRZDw,hands,phone-repair,wave1,2026-09-14,filter,78
https://www.youtube.com/@smartphonekinggoa,@SmartphoneKingGoa,Smartphone King | Goa,178,82,4,"Titles show iPhone screen damage recovery, flex cable replacement and motherboard repair videos alongside reviews.",phone repair | mobile repairing | iphone repair,UCW5WI1iqSNg4augi93JlSAA,hands,phone-repair,wave1,2026-09-14,filter,86
https://www.youtube.com/@smartsolution2.0,@Smartsolution2.0,Smart Solution 2.0,1110,126,4,"Android mobile repairing solutions channel, thin one-line repair-focused description.",mobile repairing,UCHB6jFu03LDegi0fY63lYZg,hands,phone-repair,gray_v2,2026-09-14,filter,126
https://www.youtube.com/@smobilerepair81,@smobilerepair81,S Mobile Repair,1990,180,4,"Mobile repair channel covering hardware, software solutions and repair tools/tips.",mobile repairing,UCyELF-FqLhmotZmNUdE6gsA,hands,phone-repair,gray_v2,2026-09-14,filter,180
https://www.youtube.com/@smpnamana,@smpnamana,SMP NAMANA (Sandeep mobile point Namana),4530,148,4,Local mobile repair shop channel mentioning display replacement and dead phone repair with real work claims.,phone repair | mobile repairing,UCIpHXm_gQdTYp7Eao3V5dGg,hands,phone-repair,gray_v2,2026-09-14,filter,148
https://www.youtube.com/@smr_institute,@SMR_Institute,SMR Lab & Institute ,1100,52,4,"Cell phone repair training institute description with fault-solution framing, no titles but thin repair-focused text.",phone repair | cell phone repair,UCedCU4lmWxYAdT9ANn3Wb7w,hands,phone-repair,rest1,2026-09-14,filter,52
https://www.youtube.com/@smtvijayawada,@SMTvijayawada,SMART MOBILE TRAINING VIJAYAWADA,2070,185,4,Mobile repairing training institute offering advanced iPhone/Android chip level course with hardware and software curriculum.,mobile repairing | chip level | mobile repairing course,UCw6WInFGK9YhvlfJlDZ0LbA,hands,phone-repair,wave1,2026-09-14,filter,185
https://www.youtube.com/@sndphone,@SnDPhone,SnD Phone,23200,366,4,"Dedicated smartphone repair and maintenance channel per description, though titles unavailable to confirm depth.",phone repair | smartphone repair,UC-mOXMkNgYwIto2pq_ubsnQ,hands,phone-repair,wave1,2026-09-14,filter,367
https://www.youtube.com/@snfocuss,@SnFocuss,SN FOCUS,1400,112,4,Minimal but clear bio stating channel is just for phone repair.,phone repair,UCFs3Paxb5GbZf6tWERwe3Ng,hands,phone-repair,gray_v2,2026-09-14,filter,112
https://www.youtube.com/@sninfo2247,@sninfo2247,SN info,35400,282,4,"Smartphone and basic phone repairing channel covering hardware and software solutions, thin but repair-focused evidence.",phone repair | smartphone repair,UCjFuiQOtB-GLJLoI5t87Lxg,hands,phone-repair,gray_v2,2026-09-14,filter,282
https://www.youtube.com/@snmobilecentre,@snmobilecentre,S N MOBILE CENTRE,67,140,4,Authorized service center channel covering mobile repair work and motherboard repair across multiple brands.,mobile repairing | motherboard repair,UCcYl7_4w_eMClg42241-HkQ,hands,phone-repair,wave1,2026-09-14,filter,216
https://www.youtube.com/@sohanlamamobilerepairing,@Sohanlamamobilerepairing,Lama mobile repairing,131,51,4,"Titles show specific repairs like battery replacement, IC replacement, and LCD replacement on real devices.",mobile repairing,UCCiiwp9nrIkTPMC4pxH6dNw,hands,phone-repair,wave1,2026-09-14,filter,51
https://www.youtube.com/@solomobilerepairtelugu,@SoloMobileRepairtelugu,$olo men,75,274,4,"Telugu mobile repair shop description details screen, battery and motherboard repair services with genuine parts.",motherboard repair,UCEbKDiPpVz-C54r3h_gQqag,hands,phone-repair,wave1,2026-09-14,filter,274
https://www.youtube.com/@somieshorts787,@Somieshorts787,Somie Shorts,627,63,4,Short-form but shows actual screen glass replacement process for Samsung phone on camera.,phone repair | mobile phone repair,UCD9Fp1mH1eK8dxmB7Pd1hAg,hands,phone-repair,wave1,2026-09-14,filter,63
https://www.youtube.com/@somveerhitech,@somveerhitech,Somveer hitech mobile,1820,552,4,"Straightforward channel promising all mobile repairing videos, thin but on-topic evidence.",mobile repairing,UC1vDHkEcBbNQfJb8-WItmVw,hands,phone-repair,gray_v2,2026-09-14,filter,552
https://www.youtube.com/@sonugflash,@sonugflash,SONU G FLASH,469,180,4,"Multiple concrete repair titles: display change, battery change, folder change on real phone models.",phone repair | mobile phone repair,UCviMe8xQdc4Yvv6QjI0EgyA,hands,phone-repair,wave1,2026-09-14,filter,178
https://www.youtube.com/@sonumobile-m1t,@SonuMobile-m1t,Sonu Mobile6870,2150,424,4,"Mobile shop channel listing hardware, software, and panel changing repair services for phones.",mobile repairing,UC7yIlzXMWfg8fqFEss00bgg,hands,phone-repair,wave1,2026-09-14,filter,424
https://www.youtube.com/@sonumobilepuchharibazar,@SonuMobilePuchhariBazar,Sonu Mobile Puchhari Bazar,803,205,4,"Repair shop description mentions hardware and IC repair, titles show touch/display fault-fix content.",mobile repairing,UCAyQcUgD8DKSwhEyZhq2u_A,hands,phone-repair,gray_v2,2026-09-14,filter,226
https://www.youtube.com/@sonumobiletech,@sonumobiletech,Sonu Mobile Tech,6740,377,4,"Hindi repair shop channel stating all kinds of phone repairs done, thin but clearly on-topic.",phone repair,UCTq-cLCKcI7dqJJM72NudEA,hands,phone-repair,rest1,2026-09-14,filter,377
https://www.youtube.com/channel/ucnxsvqidwrx65me225lqhkq,@SONUTECHPRO5,SONU TECH PRO,70,102,4,Dead mobile repair and reballing titles in Hindi with fault-based content.,mobile repairing | मोबाइल रिपेयरिंग,UCNxSvqiDwrx65mE225LQhKQ,hands,phone-repair,wave1,2026-09-14,filter,187
https://www.youtube.com/@soscelular66,@soscelular66,Sos Celular,6960,89,4,"Dedicated smartphone repair channel with screen replacement, button fixes and step-by-step guides described.",manutenção de celular,UCv2OXNjgG3LMTZRnFS5od4w,hands,phone-repair,gray_v2,2026-09-14,filter,89
https://www.youtube.com/@spacemobilegsm,@spacemobilegsm,spacemobilegsm,4220,315,4,"Phone repair service centre description for multiple brands, thin evidence but clearly repair-focused.",phone repair,UC7IOKJjnKmtz3Nxe12Ynzvg,hands,phone-repair,gray_v2,2026-09-14,filter,315
https://www.youtube.com/@sqmobileshop,@SQmobileShop,S.Q mobile repairing,76,59,4,"Titles show back glass and camera replacement, touch glass change on real devices at a repair shop.",mobile repairing,UCt2NuBIZ1Rw8PlvPLPOosFg,hands,phone-repair,wave1,2026-09-14,filter,58
https://www.youtube.com/@srilakshmimobiles-zq9dk,@SriLakshmiMobiles-zq9dk,Sri Lakshmi Mobiles,1410,106,4,"Mobile shop listing screen, battery, network IC and chip-level IC repair services, thin but repair-focused evidence.",chip level,UCvKjDh8G7obBcr__efbdutg,hands,phone-repair,gray_v2,2026-09-14,filter,106
https://www.youtube.com/@srimanikantamobilechiplevel,@SriManikantaMobileChipLevel,Sri Manikanta Mobiles ,1500,256,4,"Chip level repairing centre description with hardware and software repair focus, plausible bench videos.",mobile repairing | chip level,UCgK2yIRpssgqQPw5XhWLOBQ,hands,phone-repair,wave1,2026-09-14,filter,256
https://www.youtube.com/@srtelecom9574,@srtelecom9574,S R Telecom ,431,77,4,Institute channel with hardware/software/EMMC training and titles showing board diagnosis and screen fixes.,mobile repairing | emmc,UCf_lHwcfTc9uzAf2fQhtrVg,hands,phone-repair,wave1,2026-09-14,filter,94
https://www.youtube.com/@ss.folder,@ss.folder,S.S FOLDER,75,100,4,"Display and spare parts shop with glass replacement and chip level work, titles show comparison of parts and glass changes.",chip level,UCWgXBmzVKSgR8m6PYKeLD3w,hands,phone-repair,gray_v2,2026-09-14,filter,102
https://www.youtube.com/@ss_mobile_tech79,@SS_Mobile_tech79,SS tech79,527,126,4,"Titles show CPU/board-level repair steps like IC cleaning, combo change and water damage work.",mobile repairing,UCxJFad1h0FnCMOYIVqDx0jg,hands,phone-repair,wave1,2026-09-14,filter,150
https://www.youtube.com/@ss_mobilecare,@ss_mobilecare,SS MOBILE TECH,71,71,4,Chip-level repair service plus hands-on mobile repairing training course with practical bench skills listed.,chip level | watch repairing course,UCVxJMHdMh-c8gsd2l31xcTw,hands,phone-repair,wave1,2026-09-14,filter,71
https://www.youtube.com/channel/uc8y0q5zkfynvwso6la3o-8w,@SSTELECOM9821,S S telecom ,94,51,4,Dedicated mobile repairing channel with title showing actual Redmi display replacement job.,mobile repairing,UC8y0Q5zkfYNvWsO6lA3o-8w,hands,phone-repair,wave1,2026-09-14,filter,54
https://www.youtube.com/@a1motivationtoyou,@sstelecomm,mobile repairing ,56,52,4,"Mobile repairing hardware and software channel with daily challenge format, thin but on-topic.",mobile repairing,UCm0eDUPspErRTEgX___YYOw,hands,phone-repair,gray_v2,2026-09-14,filter,67
https://www.youtube.com/@stattechllc,@stattechllc,StatTech,747,1047,4,"Board-level repair shop showcasing micro soldering, HDMI, liquid damage, and phone screens mixed with retail highlights.",micro soldering | electronics repair,UC7uFl3wlc-jb5L86qImOZqw,hands,phone-repair,wave1,2026-09-14,filter,1047
https://www.youtube.com/@stay0301,@stay0301,STAY03,1050,108,4,"Self-taught phone service tutorial channel, thin description but clearly repair-focused.",servis hp,UC3NNrYqx5XsBRhos4u5XTEw,hands,phone-repair,gray_v2,2026-09-14,filter,108
https://www.youtube.com/@stevefixitbestrepair,@SteveFixitbestrepair,MojiKay Fixit Institute ,24600,554,4,Institute-style channel teaching mobile phone repair hardware and software with training courses offered.,phone repair | mobile phone repair,UCxlcz5GPM80m7E7T5rvGEhw,hands,phone-repair,gray_v2,2026-09-14,filter,554
https://www.youtube.com/@str.14,@STR.14,Sahil technical repairing,1310,369,4,"Hindi description details real phone repair work including glass, back panel and combo changes on-camera.",phone repair,UCSQtYrf70NGPB5WC1EpCQJQ,hands,phone-repair,gray_v2,2026-09-14,filter,369
https://www.youtube.com/@strugglemylife,@StruggleMylife,Struggle My life,340,171,4,Explicitly describes hardware and software mobile repairing with real repairing process content.,mobile repairing,UC_DSGuC-Owv9uOJyk6gvfGQ,hands,phone-repair,gray_v2,2026-09-14,filter,184
https://www.youtube.com/@subhanwahid71,@Subhanwahid71,Mr mobile & pcb board technician ,131,63,4,Mobile repair channel with titles showing panel changes on real phones like Realme and Itel.,mobile repairing,UCggqkvR44wEjJR6XfIc0SFQ,hands,phone-repair,wave1,2026-09-14,filter,65
https://www.youtube.com/@sudhir.kumartechnical,@Sudhir.Kumartechnical,Sudhir Kumar technical ,10200,289,4,"Technician bio stating channel uploads mobile repairing related videos, thin but clearly repair-topic.",मोबाइल रिपेयरिंग,UC31_oVFCs28by6StPZZPZzg,hands,phone-repair,rest1,2026-09-14,filter,289
https://www.youtube.com/@sudipmobilesolutions,@sudipmobilesolutions,Sudip Mobile solutions,599,95,4,"Advanced mobile repairing shop with software/hardware/EMMC work, titles show real hands-on network and charging fault fixes.",mobile repairing | emmc,UC78ThI4YesoYIhHvuv9pc5w,hands,phone-repair,gray_v2,2026-09-14,filter,95
https://www.youtube.com/@sufimobilerepairinginstitu626,@sufimobilerepairinginstitu626,Sufi Mobile Repairing Institute,28500,219,4,Mobile repairing institute description covering IC reballing and hardware/software repair training with hands-on focus.,phone repair | mobile repairing | iphone repair | emmc | electronic repairing | electronics repair course | mobile charger repair | electronics repairing institute,UCF8bxulwNRS-za09ovLPJZQ,hands,phone-repair,wave1,2026-09-14,filter,219
https://www.youtube.com/@sukaotacatic286,@sukaotacatic286,SUKA OTACATIC,1050,66,4,Personal phone repair tutorial channel sharing tips and tricks from technician experience.,servis hp,UCJbqpIrReGlEkkdzK1AZ_Aw,hands,phone-repair,gray_v2,2026-09-14,filter,66
https://www.youtube.com/@suman97488,@suman97488,SUMAN MANDAL,676,53,4,Mobile repair training channel with clear CPU reballing and camera/sound problem fixing videos shown.,mobile repairing,UCvQL_sPDtx3BgoVAwDpLZAA,hands,phone-repair,wave1,2026-09-14,filter,126
https://www.youtube.com/@suman_telecom,@suman_telecom,SUMAN TELECOM,392,127,4,"Titles show charging voltage solutions, touch not working fix, and screen replacement on real phones.",mobile repairing,UCdpT8mcmO928OZpyAxzlyoA,hands,phone-repair,wave1,2026-09-14,filter,127
https://www.youtube.com/@sumitmobilerepairtiloi5858,@sumitmobilerepairtiloi5858,Sumit mobile repair tiloi,2150,199,4,Thin but clear one-line description naming mobile repairing tricks and information as sole content.,mobile repairing,UCFNGlaw0ApVdk3YTBwP7p0w,hands,phone-repair,rest1,2026-09-14,filter,199
https://www.youtube.com/@sumitmobitechx,@sumitmobitechx,sumit mobiteac x,56,68,4,Titles show display/touch repair jobs framed as full mobile repairing content.,mobile repairing,UCB7VyASbd8qT2jvEVUS6kkw,hands,phone-repair,wave1,2026-09-14,filter,68
https://www.youtube.com/@sunny.enterprises,@sunny.enterprises,Sunny enterprises,5560,222,4,"Name and description state dedicated mobile repairing videos, thin evidence but on-topic.",mobile repairing,UCqai2rY9oygbWndoYRCIbiQ,hands,phone-repair,gray_v2,2026-09-14,filter,222
https://www.youtube.com/@surajdas1432,@surajdas1432,Suraj Das 1432,596,85,4,"Titles show specific phone fault diagnoses and repairs (dead condition, changing problems) suggesting real bench work.",phone repair,UC7FPOERJCt_KQ73RMSw845Q,hands,phone-repair,wave1,2026-09-14,filter,91
https://www.youtube.com/@surajmobile_kurud,@Surajmobile_kurud,Suraj Mobile,139,136,4,Titles show real repair jobs like charging IC faults and dead phone repairs at a repair shop.,mobile repairing,UCrEmm4bU1usnMLSEvgTt5Jw,hands,phone-repair,wave1,2026-09-14,filter,212
https://www.youtube.com/@surajtelecom,@SurajTelecom,Suraj Telecom,366,76,4,"Mobile repair training channel covering hardware sections and eMMC level work, description details bench-level content.",emmc | मोबाइल रिपेयरिंग,UCiWvKOc0GBTRRqsmIBAfJ6g,hands,phone-repair,wave1,2026-09-14,filter,76
https://www.youtube.com/channel/ucm5n1f2nhfa9idp6yg2j3gq,@suryatechnosoft7665,Surya Technosoft,68,116,4,"Titles show glass/display changing on Moto G8 Plus, Vivo V5+ and general phone display glass replacement demonstrated.",mobile repairing,UCM5N1f2nHfA9iDP6Yg2J3gQ,hands,phone-repair,wave1,2026-09-14,filter,117
https://www.youtube.com/@syedimrangsm,@SyedimranGSM,Syed imran GSM,545,155,4,"Titles show iPad charging-port flex replacement and iPhone screen replacement, solid device-level repair evidence.",phone repair,UCuPsjyWH53gnSGNcEiY_0Mw,hands,phone-repair,wave1,2026-09-14,filter,155
https://www.youtube.com/@t.meldabba,@t.meldabba,صيانة المحمول ( هردوير),84700,204,4,"Arabic course covering screen change, charging socket, IC replacement and circuit troubleshooting for phones.",emmc,UCk_eYZUD3VDzyrCY4-K-3Rg,hands,phone-repair,wave1,2026-09-14,filter,204
https://www.youtube.com/@t4technology-mr2fo,@t4technology-mr2fo,T4 Technology ,3230,255,4,"Generic mobile repairing channel bio with no drift indicators, thin evidence but plausible fit.",mobile repairing,UC6DeSXFtJp4nf5woYt2Qi_Q,hands,phone-repair,gray_v2,2026-09-14,filter,255
https://www.youtube.com/@t_tech_786,@T_tech_786,T tech . Patna,155,101,4,iPhone specialist shop with titles showing back glass and receiver replacement processes on camera.,mobile repairing,UCDCtzCd313g6FKnoi95UqpA,hands,phone-repair,wave1,2026-09-14,filter,184
https://www.youtube.com/@tachparveenofficialpk2244,@tachParveenofficialpk2244,Tach Parveen 22,627,217,4,Titles show real fault fixes like power button and battery issues on specific phone models.,mobile repairing,UCHj2npwM-q0cORIQJfOiMLQ,hands,phone-repair,rest1,2026-09-14,filter,218
https://www.youtube.com/@tahaamobile,@tahaamobile,TG Mobile,58,58,4,"Thin one-line bio naming mobile repairing shop, no titles to contradict.",mobile repairing,UCk9s6UVpfvE2-Kpuz3dX3sQ,hands,phone-repair,rest1,2026-09-14,filter,58
https://www.youtube.com/@tahirmobile0.1,@TahirMobile0.1,Tahir Mobile 0.1,2560,93,4,"Mobile repairing videos channel, thin one-line bio with clear on-topic focus.",मोबाइल रिपेयरिंग,UCEVZ4QtTnI9AD_nLVWMTZxw,hands,phone-repair,gray_v2,2026-09-14,filter,93
https://www.youtube.com/@tahirmobilefixer,@TahirMobileFixer,Tahir Mobile Fixer,3270,174,4,"Mobile repair training/institute channel covering CPU reballing, motherboard swaps, but also flashing/FRP mixed in.",mobile repairing,UCcDqUeuaPDic5PexJo3WZig,hands,phone-repair,wave1,2026-09-14,filter,174
https://www.youtube.com/@tahirsk-m1j,@TahirSk-m1j,TSK Mobile Service,494,217,4,"Mobile repair shop channel with titles showing display jumper solution and step-by-step disassembly, some off-topic RC car content.",mobile repairing,UCmFMrwhPRrQfS-a12Wkqb6A,hands,phone-repair,gray_v2,2026-09-14,filter,253
https://www.youtube.com/@tajmobilereparing,@Tajmobilereparing,Taj Mobile Reparing,145,103,4,Titles show real charging connector removal and back skin fixing on multiple phone models.,mobile repairing,UCPmp4rvfc_zhBaHE554snuQ,hands,phone-repair,wave1,2026-09-14,filter,103
https://www.youtube.com/@takhitelecom,@takhitelecom,takhi telecom,530,114,4,"Titles show real display replacement repairs across multiple phone brands (Redmi, Vivo, Realme, Samsung) demonstrating on-camera work.",phone repair,UCfKU4FECOSYPsnulFer6bww,hands,phone-repair,wave1,2026-09-14,filter,119
https://www.youtube.com/@talharaza74,@talharaza74,TechTalha Repairs ,6970,62,4,Repair-focused channel covering multiple phone brands and electronic board work with short-format solution videos.,mobile repairing,UC7yAipTRj1QRJSBdtRz11Lw,hands,phone-repair,wave1,2026-09-14,filter,62
https://www.youtube.com/channel/ucs9r9u0kcztlca2ze3gi5ta,@TanveerTech-j2s,Tanveer Tech📲,571,299,4,"Titles show real repairs: charging port, LCD panel replacement, memory card jacket with step-by-step process.",mobile repairing | motherboard repair,UCS9R9u0KCZTLCA2Ze3GI5tA,hands,phone-repair,wave1,2026-09-14,filter,324
https://www.youtube.com/@tarifxyz966,@tarifxyz966,Tarif xyz,4500,315,4,Experienced technician channel with mobile phone repairing tips based on years of hands-on work.,phone repair | mobile phone repair,UCGLNc9vxlBkXNDWxsULnpOw,hands,phone-repair,rest1,2026-09-14,filter,315
https://www.youtube.com/@tariqmobileuniverse-tmu,@TariqMobileUniverse-tmu,Tariq Mobile Universe ,2030,179,4,"Hindi/Urdu channel described as step-by-step hardware repair: display, battery, charging, IC-level basics.",mobile repairing,UCwK8G34YDKMg9mW0lvuNpUw,hands,phone-repair,wave1,2026-09-14,filter,179
https://www.youtube.com/@tattootech,@tattootech,TATTOO TECH (Justin Case),1680,104,4,Cellphone repair channel described as in-depth step-by-step DIY tutorials for smartphone repair skill levels.,phone repair | cellphone repair,UCN-IxJixGL-J5TElPnN4ymg,hands,phone-repair,wave1,2026-09-14,filter,104
https://www.youtube.com/@tauseefbabu199,@tauseefbabu199,Mobile quick repair ,109,73,4,Dedicated mobile repair tutorial channel emphasizing hardware/software troubleshooting and tool guides.,mobile repairing,UCV9WQHImf2p9prOdekUkQYw,hands,phone-repair,wave1,2026-09-14,filter,90
https://www.youtube.com/@tawakallab,@TAWAKALLAB,TAWAKAL LAB,179,75,4,"Mobile repair channel covering schematics, board work, and hardware/software solutions with technical depth.",mobile repairing,UC_vJWGO8LRQ1dLdMq-DK7mw,hands,phone-repair,wave1,2026-09-14,filter,75
https://www.youtube.com/@tc_phonehospital1824,@tc_phonehospital1824,tc_phonehospital,1520,268,4,"Phone hospital channel listing dead mobile repair, display and touch replacement services.",mobile repairing,UCegX3zQMRde721jBCOuHcLQ,hands,phone-repair,rest1,2026-09-14,filter,268
https://www.youtube.com/@teachmobile86,@Teachmobile86,Teach Mobile ,1340,251,4,Mobile repairing channel with hardware and software fixing tutorials in Urdu.,mobile repairing,UCJumkhuUJaN4TDVBPbEK56g,hands,phone-repair,gray_v2,2026-09-14,filter,251
https://www.youtube.com/@teamifixit,@TEAMIFIXIT,TEAM IFIXIT ,271,64,4,"Mobile repairing channel with real hardware titles like EMMC change and back glass replacement, some unlock content too.",mobile repairing,UCvDotZjjPuLarXW_AzDbHug,hands,phone-repair,wave1,2026-09-14,filter,64
https://www.youtube.com/@teammrtibalagarh,@teammrtibalagarh,Team mrti Balagarh,1180,123,4,Mobile repairing training channel covering chip level hardware and EMMC reprogramming with course details.,mobile repairing | chip level | emmc,UCeqrORCM1Ip0_tM05shOpjA,hands,phone-repair,gray_v2,2026-09-14,filter,123
https://www.youtube.com/@techabrar5529,@techabrar5529,Tech Abrar,638,90,4,Titles show step-by-step battery and display replacement live repairs on real phones.,phone repair,UCp4OAA36rrvsTtFIXv68R7Q,hands,phone-repair,wave1,2026-09-14,filter,137
https://www.youtube.com/@techandgadgets7,@techandgadgets7,Tech And Gadgets,363,163,4,Titles show real phone repair fixes like charging port and power button issues on various brands.,mobile repairing,UCtswRPgZq16Wp0z83ZYMZPA,hands,phone-repair,wave1,2026-09-14,filter,171
https://www.youtube.com/@techandroidfixer5405,@techandroidfixer5405,Tech Android fixer,311,55,4,"Chip-level fault-and-fix titles (black screen, blue display, hang on logo) show real bench repair work.",chip level,UCPpdLHZGM8b5zDKOXpdTzdg,hands,phone-repair,wave1,2026-09-14,filter,55
https://www.youtube.com/@techawdhesh,@TechAwdhesh,TechAwdhesh,194,193,4,Mobile technician channel with motherboard/IC-level repair tutorials plus some tips and gadget review drift.,mobile repairing,UC5KjwhV-GB3gvyPW93kh-GA,hands,phone-repair,gray_v2,2026-09-14,filter,200
https://www.youtube.com/@techbhaiya849,@techbhaiya849,Tech bhaiya,248,91,4,"Description emphasizes chip-level fault solving, soldering and multimeter tricks, strong repair signals.",mobile repairing | chip level,UCcwGITh7Kv43T-TiYnWJX5w,hands,phone-repair,gray_v2,2026-09-14,filter,91
https://www.youtube.com/@techbitsummundodetecnologi4580,@techbitsummundodetecnologi4580,TECHBITS UM MUNDO DE TECNOLÓGIA,12600,395,4,"Technology channel focused on cellphone, tablet and desktop maintenance/technical assistance content.",manutenção de celular,UCxCYDTGsqyMLT3pJgdC4LGQ,hands,phone-repair,gray_v2,2026-09-14,filter,395
https://www.youtube.com/@techgurunortheast,@Techgurunortheast,Tech Guru North East,15700,339,4,"Advanced mobile repairing training channel covering reballing, eMMC, BGA rework, with some business vlogs mixed in.",phone repair | mobile repairing | iphone repair | emmc,UCPU2kDheB9KWMr8odaUMnMA,hands,phone-repair,wave1,2026-09-14,filter,339
https://www.youtube.com/@techhelpmobilerepair,@techhelpmobilerepair,Tech help mobile repair,1520,105,4,"Plain mobile repairing teaching channel, thin description but no drift signals.",मोबाइल रिपेयरिंग,UCeLhm8j5HC6ARelELamNj9w,hands,phone-repair,gray_v2,2026-09-14,filter,105
https://www.youtube.com/@techjay-k,@techjay-k,TECH JAY,5110,188,4,"Dedicated phone repair channel with DIY tutorials on screens, batteries and troubleshooting.",phone repair,UCwI_vKs_P7_OvjAr1w-wKfQ,hands,phone-repair,wave1,2026-09-14,filter,188
https://www.youtube.com/@techman._,@techman._,techman,3430,244,4,"Mobile phone repairing and training channel across major brands, thin but on-topic description.",phone repair | mobile phone repair,UCocGg4KafrnXBE6L1D0Dimw,hands,phone-repair,rest1,2026-09-14,filter,244
https://www.youtube.com/@techmechsupport,@techmechsupport,MOBITECH SURGEON ,483,54,4,"Titles show real screen and charging repairs on phones with clear step-by-step guides, mostly hardware focused.",मोबाइल रिपेयरिंग,UCyEh-o0LuogQNqTPCZQG3-Q,hands,phone-repair,wave1,2026-09-14,filter,61
https://www.youtube.com/@technical_heet007,@Technical_Heet007,Technical Heet,19800,397,4,"Mobile repair center offering chip-level EMMC/UFS, NAND repair and glass replacement across Android/iPhone.",chip level | emmc,UCjpNwUNN4AsQ-33iKfbTJJg,hands,phone-repair,wave1,2026-09-14,filter,397
https://www.youtube.com/@technical_sumitz,@Technical_Sumitz,Sumitz Sir Solutions ,6510,65,4,"Chip-level training channel focused on eMMC/UFS programming, dead boot repair and data recovery, strong board-level fit.",chip level | emmc,UCWUv5ghJBsVm9H3d8OF76yw,hands,phone-repair,wave1,2026-09-14,filter,65
https://www.youtube.com/@technicalajaypalsinghmobil9778,@technicalajaypalsinghmobil9778,Ajay Mobile 📲 Repair hardware and software,157,78,4,Hindi mobile repair channel with practical hardware titles like charging port and display replacement.,मोबाइल रिपेयरिंग,UC2g2qYF4zA5v6E1HTzUYUSQ,hands,phone-repair,wave1,2026-09-14,filter,77
https://www.youtube.com/@technicalamir4015,@technicalamir4015,technical amir,4720,400,4,"Describes step-by-step mobile repairing covering dead phone, display, charging and speaker fixes.",mobile repairing,UCTDV8WJuOpTENqh7-4gJ4YA,hands,phone-repair,gray_v2,2026-09-14,filter,400
https://www.youtube.com/@technicalansarinoorul,@TechnicalAnsariNoorul,Technical Ansari Noorul,11100,241,4,"Plain technician bio uploading mobile repairing related videos, thin but clearly repair-focused.",मोबाइल रिपेयरिंग,UCmfcst0HaCM-5u31YN_oIlg,hands,phone-repair,rest1,2026-09-14,filter,241
https://www.youtube.com/@technicalazhar53,@technicalazhar53,technical Azhar,1720,60,4,Advanced-level channel description emphasizes component-level repair and troubleshooting tutorials for smartphones.,mobile repairing,UCkyoFTfVELlicKNEAVKbG9w,hands,phone-repair,wave1,2026-09-14,filter,60
https://www.youtube.com/@technicaldil2004,@technicaldil2004,Technical Dil,563,53,4,"Hindi mobile repairing channel bio describing hardware/software fault fixing, no titles but clear focus.",mobile repairing | मोबाइल रिपेयरिंग,UClsyZjyQofGXV3M-IUqmg_w,hands,phone-repair,gray_v2,2026-09-14,filter,53
https://www.youtube.com/@technicalfaimmobilesale,@Technicalfaimmobilesale,faim Mobile repair shop ,467,170,4,"Professional mobile repairer channel teaching repair skills, though titles are just pipe symbols with no info.",mobile repairing,UCMjdU_SO1g2M-0FiDoHz26Q,hands,phone-repair,gray_v2,2026-09-14,filter,229
https://www.youtube.com/@technicalhub001,@TechnicalHub001,Technical Hub,131,141,4,"Titles show iPhone screen and back glass replacement, real hands-on repair despite some short-format bias.",phone repair | mobile phone repair | motherboard repair,UCK1HgYDT5_tJ4oMIEOlNlcA,hands,phone-repair,wave1,2026-09-14,filter,143
https://www.youtube.com/@technicalmilan-x4t,@TechnicalMilan-x4t,Technical Milan,6,213,4,"IC/eMMC-level repair institute channel with titles on RAM change, UFS chip errors and charging faults.",mobile repairing,UCba_uw18vSkjMt7w4YbnhOg,hands,phone-repair,wave1,2026-09-14,filter,213
https://www.youtube.com/@technicalmobiledoctor6549,@technicalmobiledoctor6549,Technical Mobile Doctor,227,73,4,"Titles show display change and charging jumper repairs, real hardware bench work with some software mix.",mobile repairing,UC3xfiF-mqJYImHhyZd6xUpw,hands,phone-repair,wave1,2026-09-14,filter,73
https://www.youtube.com/@technicalmobilerepairing9930,@technicalmobilerepairing9930,technical mobile repairing,1530,277,4,Name and description simply state technical mobile repairing focus.,mobile repairing,UCDGb4xPDK4bAhBsJ3ClhWAw,hands,phone-repair,gray_v2,2026-09-14,filter,278
https://www.youtube.com/@technicalmom818,@technicalmom818,Technical mom and dad 🥰,3300,650,4,"Mobile repairing channel covering charging, display, mic, speaker issues, casual tone.",मोबाइल रिपेयरिंग,UCaJjn9gzCRaKXwrDgBp2zBA,hands,phone-repair,gray_v2,2026-09-14,filter,651
https://www.youtube.com/@technicalnathtn,@technicalnathtn,Technical Nath,17000,538,4,Describes an established mobile repairing shop uploading daily mobile problem-solving videos.,mobile repairing,UC_K2KD27XEHPVb1jPIXMHVw,hands,phone-repair,gray_v2,2026-09-14,filter,538
https://www.youtube.com/@technicalniteshrathore9,@technicalniteshrathore9,Technical Nitesh R@thore9,1150,75,4,"Mobile repair shop channel focused on chip-level IC, CPU, EMMC programming work.",chip level | emmc,UCGuxRVzA857WUWWYFgPNK8w,hands,phone-repair,rest1,2026-09-14,filter,75
https://www.youtube.com/channel/uchf5murx5zwuvcczvtbmtqq,@technicalrampalr.p,Technical Rampal R.P,172,88,4,Short mobile repair clips with titles referencing power tool and hardware issues on specific phones.,mobile repairing,UCHF5muRX5zWUVcCZVTbmTQQ,hands,phone-repair,gray_v2,2026-09-14,filter,88
https://www.youtube.com/@technicalreapring,@TechnicalReapring,technical repairing,108,118,4,New channel description focused purely on mobile repairing video uploads.,mobile repairing,UCNfwdef1aWuu94WANY65Idg,hands,phone-repair,gray_v2,2026-09-14,filter,119
https://www.youtube.com/@technicalsalman6,@technicalsalman6,TechnicalSalman,1280,147,4,"Hindi mobile repair tips/tricks channel, thin evidence but plainly repair-focused.",मोबाइल रिपेयरिंग,UCdXwFEFeyrD5rqHrxc6KXEQ,hands,phone-repair,gray_v2,2026-09-14,filter,147
https://www.youtube.com/@technicaltry774,@technicaltry774,TeChNiCaL TrY,1400,224,4,"Mobile repairing and accessories repair videos channel, thin evidence but on-topic.",मोबाइल रिपेयरिंग,UCQd5RI1Ph8txkPcB0h8IQ5w,hands,phone-repair,gray_v2,2026-09-14,filter,225
https://www.youtube.com/@technicalworld7167,@technicalworld7167,Technical World,1860,79,4,Thin bio but plainly states mobile repair content focus.,mobile repairing,UCnFbAiq3rrgcz6SeKEVcAoA,hands,phone-repair,gray_v2,2026-09-14,filter,79
https://www.youtube.com/@technicianjaani-t2u,@TechnicianJaani-t2u,Technician Jaani,32,73,4,"Mobile hardware repairing channel with jumper ways and IC solutions, some software/unlock content mixed in.",phone repair | mobile repairing,UCoT3oUyiJc8FYdBdbpF-2-w,hands,phone-repair,rest1,2026-09-14,filter,122
https://www.youtube.com/@technicianpappuchauhan,@technicianpappuchauhan,Pappu chauhan technician ,48,112,4,"Hindi mobile repairing channel description mentions live repairing, dead phone solution, and CPU reballing bench work.",mobile repairing,UCH6wNsDNrGhTfeKnv7smjOQ,hands,phone-repair,wave1,2026-09-14,filter,133
https://www.youtube.com/@technoakbar,@technoakbar,TECHNO AKBAR,73900,132,4,"Repair zone claiming to fix all phone brands, thin one-line description but plainly repair-focused.",mobile repairing,UCdbUCjauaaC2ulVAFPKBOGg,hands,phone-repair,rest1,2026-09-14,filter,132
https://www.youtube.com/@technosujit6418,@technosujit6418,Technosujit ,3590,129,4,"Mobile repairing course channel advertising chip and micro level training, practical bench sessions implied.",mobile repairing | mobile repairing course,UCrnNlCbKlfHmJQaiPWaYtoQ,hands,phone-repair,wave1,2026-09-14,filter,130
https://www.youtube.com/@technoteinf,@technoteinf,Technote Informática | Tássio Blank,1150,88,4,"Board-level repair training and consultancy channel, thin description but clearly repair-focused.",reparo de placa,UCSyfcUrBpkQDwL-MzrI_HcA,hands,phone-repair,gray_v2,2026-09-14,filter,88
https://www.youtube.com/@techpoint7088,@techpoint7088,Tech Point,220,81,4,"Mobile repair channel with hands-on titles like display fixes, charging jack changes and jumper solutions.",mobile repairing,UClDuVedY9RY6qLEOmHN5TGQ,hands,phone-repair,wave1,2026-09-14,filter,81
https://www.youtube.com/@techprosajjad,@TechProSajjad,TechProSajjad,2230,67,4,"Tech channel focused on mobile repairing tutorials in Hindi, thin but on-topic description.",mobile repairing,UC_jL6sS8e1dvvN9GojzxtGw,hands,phone-repair,gray_v2,2026-09-14,filter,67
https://www.youtube.com/@techrepairguru,@techrepairguru,Tech Repair Guru,156,259,4,"iPhone restoration/repair channel with titles on display swaps and full device restorations, some PC content.",phone repair | cell phone repair,UC_7u9wCWvywY1-aPqe0b2DA,hands,phone-repair,gray_v2,2026-09-14,filter,259
https://www.youtube.com/@techsafic5240,@techsafic5240,tech safic,509,73,4,"Titles show specific fault-and-fix content (mic problem, charging problem, display issue) typical of hands-on repair channel.",mobile repairing,UC6ugWsiZB8qLqZV5h0YGFjw,hands,phone-repair,wave1,2026-09-14,filter,73
https://www.youtube.com/@techtm001,@Techtm001,TechTm,569,87,4,"Titles show soldering, cleaning solder residue, and installing charging connectors—clear board-level repair work.",phone repair | cellphone repair,UCfRZeGTJM-z0fy3d0gQAB1A,hands,phone-repair,wave1,2026-09-14,filter,123
https://www.youtube.com/@techversetechnology,@TechVersetechnology,TechVerse technology,72,83,4,Dedicated mobile repair channel description focused on charging port and troubleshooting fixes for Android/iPhone.,phone repair | iphone repair,UCjWXvykxK6HUxSFtV1gld5A,hands,phone-repair,wave1,2026-09-14,filter,106
https://www.youtube.com/@techvikasmodinagar,@techvikasmodinagar,Tech vikas Modinagar ,235,87,4,Mobile repairing/lamination shop with titles on charging jack change and dead phone repair.,मोबाइल रिपेयरिंग,UCan3928srT8N9W_FHp96ftg,hands,phone-repair,wave1,2026-09-14,filter,112
https://www.youtube.com/@techworldbk,@Techworldbk,Tech World bk,112,71,4,Dedicated mobile repairing tutorials channel covering techniques and troubleshooting per description.,phone repair | mobile repairing | mobile phone repair,UCPuJNEvX0rtIMjoz8uI4Yxg,hands,phone-repair,wave1,2026-09-14,filter,79
https://www.youtube.com/@tecnicaldisplay,@TecnicalDisplay,TechnicalDisplay,82,51,4,Mobile repair training channel description mentions step-by-step practical demonstrations of dead phone and charging repairs.,phone repair | mobile repairing,UCvtr81Pu47lThtrTdpDReZQ,hands,phone-repair,wave1,2026-09-14,filter,51
https://www.youtube.com/@tecnoserviaj,@TecnoserviAJ,TecnoServiAJ,93,56,4,"Phone repair shop offering screen, battery and back cover replacements, likely showing repair work.",reparación de celulares,UCs-cf8SwNtq5dNs5eEzbCcg,hands,phone-repair,wave1,2026-09-14,filter,62
https://www.youtube.com/@teerawatlaor,@teerawatlaor,Teerawat laor (kai),14500,117,4,Channel explicitly says it shows repair methods for phones to customers online.,ซ่อมมือถือ,UCR_BN-dDU86j_Qvrt0WuOXQ,hands,phone-repair,rest1,2026-09-14,filter,117
https://www.youtube.com/@tekcell8062,@tekcell8062,tekcell,2810,103,4,"Cellphone repair technical assistance channel, thin one-line description naming the trade.",manutenção de celular,UC6IBygTUouN_oVZYHmcjALg,hands,phone-repair,gray_v2,2026-09-14,filter,103
https://www.youtube.com/@tekmecpankaj,@tekmecpankaj,TekmecPankaj,484,175,4,"Titles show display/connector replacement and diagnosis work, though mixed with unrelated entertainment clips.",mobile repairing,UC4skYYG6xpH-vXLO-JWkO1g,hands,phone-repair,wave1,2026-09-14,filter,188
https://www.youtube.com/@teknisi_kshphone,@TEKNISI_KSHPHONE,KSH PHONE,17600,928,4,"Technician channel focused on diagnosing EMMC, CPU, power and short circuit issues on phones.",emmc,UCFwQE-SLc1S09NAyHPaE2Jw,hands,phone-repair,rest1,2026-09-14,filter,928
https://www.youtube.com/@teknisi_nias,@Teknisi_Nias,Alinskye Cell,1380,190,4,"Indonesian channel description lists concrete repair procedures like LCD, touchscreen, EMMC replacement tutorials.",emmc,UC3Zf5uTjTz4GvyJfzzvIUBA,hands,phone-repair,wave1,2026-09-14,filter,190
https://www.youtube.com/@teknisibertopeng,@TeknisiBertopeng,Teknisi Bertopeng,3710,140,4,"Repair/service teaching channel with WA contact for repairs and courses, thin but on-topic evidence.",servis hp,UCAWcT9TxMxAo4ybJQUwU7Sg,hands,phone-repair,gray_v2,2026-09-14,filter,140
https://www.youtube.com/@teknisicibolang,@TeknisiCibolang,Teknisi Cibolang,5900,302,4,"Beginner phone repair tutorial channel sharing personal repair experience, thin but on-topic description.",servis hp,UC6zHhT4sdKWYKd_dzOGPbeA,hands,phone-repair,rest1,2026-09-14,filter,305
https://www.youtube.com/@teknisicungkring,@Teknisicungkring,Teknisi Cungkring,175000,154,4,Self-taught phone repair channel filmed at a service location in Indonesian.,servis hp,UCZbCeJg74DecGVR3v_F8oEA,hands,phone-repair,wave1,2026-09-14,filter,154
https://www.youtube.com/@teknisidoson,@Teknisidoson,TEKNISI DOSON,1610,54,4,"Beginner phone repair tutorial channel, thin description but clearly on-topic name and focus.",servis hp,UCl29Zi_QtCgf-nRZUwaSabw,hands,phone-repair,gray_v2,2026-09-14,filter,54
https://www.youtube.com/@teknisihandphone497,@teknisihandphone497,Teknisi Handphone,1290,76,4,"Named repair technician offering all-brand phone service with parts, thin but relevant description.",servis hp,UCF2gzBrlFEYcZlVMN7gNigQ,hands,phone-repair,gray_v2,2026-09-14,filter,76
https://www.youtube.com/@teknisiidola,@teknisiidola,TEKNISI IDOLA,32200,594,4,Counter technician sharing beginner phone repair tips and experience from customer complaints.,servis hp,UCZFVOHZLn0_c6zM41Yamo5Q,hands,phone-repair,gray_v2,2026-09-14,filter,594
https://www.youtube.com/channel/ucfrislysrz5j5emuhsrdpoa,@teknisilegendaris,Teknisi Legendaris,170,58,4,Phone repair tutorial channel with titles showing LCD replacement and troubleshooting on real devices.,servis hp,UCfriSLYsRz5j5EmUHSRdpOA,hands,phone-repair,wave1,2026-09-14,filter,61
https://www.youtube.com/@teknisimusafir,@TEKNISIMUSAFIR,TEKNISI MUSAFIR,97500,632,4,"Beginner-focused phone servicing tutorial channel, thin business-contact description but on-topic.",servis hp,UC7Jsr9OyAkq_81G5g02VyPw,hands,phone-repair,gray_v2,2026-09-14,filter,632
https://www.youtube.com/@teknisinekadjepara,@teknisinekadjepara,TEKNISI NEKAD JEPARA,23300,685,4,Indonesian phone repair tutorial channel covering hardware and software fixes.,servis hp,UCsB296SnX_Q_JtwCtlfPhOQ,hands,phone-repair,wave1,2026-09-14,filter,685
https://www.youtube.com/@teknisingopi-v7b,@teknisingopi-v7b,TEKNISI NGOPI,542,105,4,"Indonesian repair channel with step-by-step LCD replacement, troubleshooting and tablet repair titles despite some FRP content.",servis hp,UC6x28Cb7EHYzzzlK7U7l62w,hands,phone-repair,wave1,2026-09-14,filter,120
https://www.youtube.com/@teknisipky8531,@teknisipky8531,TEKNISI PKY,14700,740,4,"Phone service technician channel sharing repair knowledge, thin but on-topic description.",servis hp,UCoxAE0znXcp5WYDY58REmoQ,hands,phone-repair,gray_v2,2026-09-14,filter,740
https://www.youtube.com/@teknisirumahan2016,@teknisirumahan2016,Teknisi Rumahan,1120,138,4,"Phone repair tutorial channel covering hardware and software, though sound system content is a minor side topic.",servis hp,UC3W4fQZlpk6893sJFJ-OCRA,hands,phone-repair,gray_v2,2026-09-14,filter,138
https://www.youtube.com/@telecombd,@TelecomBD,Telecom BD,6090,84,4,Dedicated mobile repairing channel presenting hardware problem solutions in a straightforward shop format.,mobile repairing,UCt0Rgsyi4Cty5Fn_bHI4KPg,hands,phone-repair,wave1,2026-09-14,filter,84
https://www.youtube.com/channel/uc8bgc0wcvo2b--rs22w7qvw,@telecomtrisha,telecom trisha,110,76,4,"Charging jack replacement repairs on real phones shown across models, real bench work titles.",mobile repairing,UC8BGC0Wcvo2B--rs22W7QVw,hands,phone-repair,wave1,2026-09-14,filter,76
https://www.youtube.com/@texnorub,@texnorub,Техноруб,1450,108,4,"Russian repair shop channel doing teardowns and microsoldering across phones, laptops and tablets.",microsoldering | ремонт телефонов,UCrI_dLn7-iX4_IOIw0TVyLA,hands,phone-repair,wave1,2026-09-14,filter,108
https://www.youtube.com/@thedevicetechnician,@TheDeviceTechnician, The Device Technician Hub,122,100,4,"Channel explicitly dedicated to real mobile repair work with step-by-step actual repair videos, no fluff.",mobile repairing,UCpyxcHU_O3LEqAzuDn62srw,hands,phone-repair,wave1,2026-09-14,filter,126
https://www.youtube.com/@thefixhub07,@thefixhub07,thefixhub07,965,76,4,"Dedicated phone repair tutorial channel covering screen fixes, battery swaps, charging repairs and water damage.",mobile repairing,UC9bdwKM0-W-wmWjP37urWNg,hands,phone-repair,wave1,2026-09-14,filter,121
https://www.youtube.com/@thelifeofmobile,@thelifeofmobile,The Life Of Mobile,7950,1012,4,"Description explicitly lists hardware repair categories (display, battery, motherboard, charging) suggesting real repair guide content.",phone repair,UCiogS7r6bP3Xctnf0JpB51g,hands,phone-repair,wave1,2026-09-14,filter,1012
https://www.youtube.com/@themobilefixer8574,@themobilefixer8574,The Mobile Fixer,1290,76,4,"IC-level, data recovery, eMMC/UFS and glass replacement services described, real technical repair work implied.",emmc,UCL72ZjlSGhRD2zjru_SRkrA,hands,phone-repair,wave1,2026-09-14,filter,76
https://www.youtube.com/@themobileking474,@themobileking474,The Mobile King,860,75,4,Titles show real charging/dead-phone repair diagnostics and fixes across multiple phone models.,mobile repairing,UCsB2ynEkr1HTQ3rJGGk3ocQ,hands,phone-repair,wave1,2026-09-14,filter,75
https://www.youtube.com/@theni_smart_mobiles_doctor,@THENI_SMART_MOBILES_DOCTOR,THENI SMART MOBILES DOCTOR,151,68,4,"Dedicated mobile repair service channel with multi-brand repairs, genuine parts and clear repair-shop framing.",phone repair | mobile phone repair,UCNmAlbg_CGgZEgjyoZ0EG4w,hands,phone-repair,trial100,2026-09-14,filter,76
https://www.youtube.com/@thephonelab3,@thephonelab3,The Phone Lab,2410,265,4,Description explicitly covers screen replacements and charging port repairs with step-by-step DIY tutorials.,phone repair | mobile phone repair,UCxwphYbKAat_ETzXYBp1_eg,hands,phone-repair,wave1,2026-09-14,filter,265
https://www.youtube.com/@therepairinghub99,@therepairinghub99,the reparing hub 99,935,54,4,"Titles show real phone repairs like screen and back replacements, folder change, power button fix.",phone repair,UCAlUrwplkCsOBXLPV4Hc7MQ,hands,phone-repair,wave1,2026-09-14,filter,64
https://www.youtube.com/@therepairtherapy,@therepairtherapy,The Repair Therapy ,558,57,4,"Repair shop channel with tutorials on cracked screens, battery issues, and technical problems shown on camera.",phone repair | cell phone repair,UCY1epddGCinE2TOW_DdCOgA,hands,phone-repair,wave1,2026-09-14,filter,67
https://www.youtube.com/@therothfocus9772,@therothfocus9772,The Roth Focus,3190,110,4,"Smartphone repair shop with long experience, description centers on repair service rather than sales.",phone repair | smartphone repair,UCY5015Mu_STCZfNJVZe8Dyg,hands,phone-repair,gray_v2,2026-09-14,filter,110
https://www.youtube.com/@theuniversalrepair,@theuniversalrepair,The Universal Repairing,155,52,4,"Titles show real hardware repairs: speaker fix, charging jack change, back glass replacement on real phones.",मोबाइल रिपेयरिंग,UC8a3HmU3mFVYNWGGR8B0pHA,hands,phone-repair,wave1,2026-09-14,filter,52
https://www.youtube.com/@timemobilesteach,@timemobilesteach,TIME MOBILES TEACH,4070,205,4,"Short bio indicating mobile repairing tips and training, thin but on-topic evidence.",mobile repairing,UCIZAm0xpbz1nDfjrAIZFDnA,hands,phone-repair,rest1,2026-09-14,filter,205
https://www.youtube.com/@tinkumobileworld007,@Tinkumobileworld007,Tinku Mobile World ,477,129,4,"Titles show charging solution, water damage repair and jumper wire fix demonstrating real hands-on bench work.",mobile repairing,UC-5JSP-BYHo-WhZ5KUJCqJw,hands,phone-repair,wave1,2026-09-14,filter,132
https://www.youtube.com/@tirathmobilerepair,@Tirathmobilerepair,Tech Repair Guru,94,54,4,Titles show display change and charging pin replacement steps for multiple phone models.,mobile repairing,UCajdJAcbsLMY2i35iEy0jXg,hands,phone-repair,rest1,2026-09-14,filter,55
https://www.youtube.com/@tiwariankit1170,@tiwariankit1170,DK mobile repairing,676,72,4,Titles show specific hardware faults like charging and LCD light problems in simple hands-on repair format.,mobile repairing | मोबाइल रिपेयरिंग,UCqsmG10Xo3Xa-nEzNTTMrsA,hands,phone-repair,wave1,2026-09-14,filter,72
https://www.youtube.com/@tiwarimobilerepairing,@tiwarimobilerepairing, Tiwari mobile repairing,1090,311,4,"Simple mobile repairing channel description promising repairing information videos, thin but on-topic.",mobile repairing,UCtgsxmOfF89PpxqGM2GpfQA,hands,phone-repair,gray_v2,2026-09-14,filter,311
https://www.youtube.com/@tmstechproduction,@TMSTechProduction,TMS Tech Production ,64,50,4,"Mobile repair education channel with IC reballing and micro soldering guides, though includes reviews/unboxings too.",micro soldering,UCQlJKvbCiKjOUl5T3na6QBQ,hands,phone-repair,gray_v2,2026-09-14,filter,51
https://www.youtube.com/@tocno_shop_302,@Tocno_Shop_302,Technical Promotion 302,8690,1995,4,"Mobile repairing channel with step-by-step screen replacement, battery and charging problem tutorials.",phone repair | mobile repairing | smartphone repair,UClO7gqOqQh-8dcCe7v0pN7A,hands,phone-repair,wave1,2026-09-14,filter,1999
https://www.youtube.com/@tosu_mobile_repairing,@tosu_mobile_repairing,Tosu mobile Repairing ,458,73,4,Short bio and title referencing light solution fix suggest genuine bench repair shorts.,mobile repairing,UCrjNr3TvF4RMbKUrSvnOQTA,hands,phone-repair,gray_v2,2026-09-14,filter,75
https://www.youtube.com/@totaliphonefix,@Totaliphonefix,Total Iphone Fix ,137,95,4,iPhone display replacement and lamination work titles show real hands-on repair alongside training offers.,mobile repairing,UCQ7MBVdrut7G3HddpDG_bRQ,hands,phone-repair,wave1,2026-09-14,filter,96
https://www.youtube.com/@trilokmobilesolution,@Trilokmobilesolution,technical_trilok,437,142,4,"Mobile repairing channel covering hardware, IC/jumper/PCB work alongside some software flashing/unlock content.",मोबाइल रिपेयरिंग,UCZUpZfoH7xwq4gEFoUPt4CA,hands,phone-repair,gray_v2,2026-09-14,filter,219
https://www.youtube.com/@trspecialtech,@trspecialtech,T.R Special Tech,2150,468,4,"Hindi mobile repair training channel covering hardware repair (display, battery, charging port) plus software fixes.",मोबाइल रिपेयरिंग,UCmxrG5UPI7sRO4EShVyDsVA,hands,phone-repair,wave1,2026-09-14,filter,469
https://www.youtube.com/@truerepair11,@TRUEREPAIR11,TRUE REPAIR,20200,374,4,Dedicated mobile repairing channel with real repair and technical videos per description.,mobile repairing,UClb-B8sjMBY5tccNN9rcHYQ,hands,phone-repair,wave1,2026-09-14,filter,374
https://www.youtube.com/@truongmobi96,@truongmobi96,Trường Mobi,3770,70,4,"Repair service description covering glass, battery replacement and software alongside hardware work.",sửa chữa điện thoại,UCZRMQCfG3aXSnl4PU1OCdQg,hands,phone-repair,gray_v2,2026-09-14,filter,70
https://www.youtube.com/@tsgsm,@TSGSM,TS-GSM salaheddin,5480,77,4,Channel explicitly specialized in phone repair with thin but clear evidence.,صيانة الهواتف,UCqOqdkXlCo4NcBs3xOAhmQQ,hands,phone-repair,gray_v2,2026-09-14,filter,77
https://www.youtube.com/@tsmobitechnical,@TSMobitechnical,TS Mobi technical,462,151,4,Titles show real display and glass replacement work on phones and tablets across multiple brands.,phone repair | mobile repairing | mobile phone repair,UCgVViQNk-ShPcGNKk3pIY7g,hands,phone-repair,wave1,2026-09-14,filter,194
https://www.youtube.com/@tsrmobilesolutions,@tsrmobilesolutions,TSR MOBILE SOLUTIONS ,10100,498,4,"Mobile repairing solutions channel covering IC repair, display, charging and dead phone fixes across brands.",mobile repairing,UCszlFBJt40Buzf1hhlrwmqw,hands,phone-repair,wave1,2026-09-14,filter,500
https://www.youtube.com/@tst.master,@tst.master,TST.Master,2290,138,4,"GSM phone repairs channel, thin one-line description but plainly a repair-focused name and handle.",phone repair,UCR3ZBw_CS11V6m0CgjvCTFg,hands,phone-repair,gray_v2,2026-09-14,filter,138
https://www.youtube.com/@tulsismartphonesolution,@tulsismartphonesolution,TULSI TELECOM,3580,82,4,Detailed EMMC/BGA chip-level Android repair course content covering board-level micro-soldering topics.,emmc,UCigAy0T_7tTM6VSTilmZqJA,hands,phone-repair,wave1,2026-09-14,filter,82
https://www.youtube.com/channel/uc1n9n-vyhvohjeh12scajsw,@tyagimobilerepair,TYAGI MOBILE ,274,75,4,Titles show real hardware dead-phone repairs with CPU EMMC reboll and reballing work shown.,mobile repairing | emmc,UC1n9n-VYHVohJeH12SCaJsw,hands,phone-repair,wave1,2026-09-14,filter,83
https://www.youtube.com/@uandersts,@Uandersts,Uander Santos,6550,1576,4,"Phone repair tips channel for bench technicians and end users, description points to repair content with quote/service link.",manutenção de celular,UCWoRKa7vbF79qd0iZp794wQ,hands,phone-repair,gray_v2,2026-09-14,filter,1582
https://www.youtube.com/@ubreakifixdallasfortworth706,@ubreakifixdallasfortworth706,uBreakiFix Dallas Fort Worth,2,55,4,"Repair chain channel with titles on iPhone/Samsung screen and phone repairs, also services other devices.",phone repair | iphone repair,UCYHJKQ97K7wJsVWlD7o3d6Q,hands,phone-repair,wave1,2026-09-14,filter,55
https://www.youtube.com/@ujjwalbalurghat,@UjjwalBalurghat,Ujjwal Mondal,177,129,4,"Titles show real LCD change, motherboard flash and repair service work on camera.",mobile repairing,UC3fUXJjd2cFcwxp3j-wMMzw,hands,phone-repair,gray_v2,2026-09-14,filter,163
https://www.youtube.com/@ukmobilerepair720,@Ukmobilerepair720,UK Mobile,281,91,4,Mobile repairing channel with thin evidence but repair-focused description despite tech news mix.,mobile repairing,UCamPGboFrZ7qbeY3Xq_bIRA,hands,phone-repair,rest1,2026-09-14,filter,92
https://www.youtube.com/@ukphonecareofficial,@UKPhoneCareofficial,UK Phone Care,35,59,4,"Titles show real board-level fault diagnosis and repair (WiFi issue, power IC short) with hands-on framing.",mobile repairing,UCcg3eubjn1hWmhnloD5fqAA,hands,phone-repair,wave1,2026-09-14,filter,58
https://www.youtube.com/@umarthephonemaster,@umarthephonemaster,Umar The Phone Master,429,53,4,"Covers screen fixes, charging jack replacement, speaker changes with step-by-step repair guides.",mobile repairing | motherboard repair,UC7iOkCG6KgO79VU96_uJwgA,hands,phone-repair,wave1,2026-09-14,filter,53
https://www.youtube.com/@umeshmobilerepairing510,@Umeshmobilerepairing510,umesh mobile repairing,711,120,4,"Titles show real touch/display/backlight fault fixes on specific phone models, dedicated repair channel.",mobile repairing,UCu2dPCaKOwflfGKw3otiayg,hands,phone-repair,wave1,2026-09-14,filter,120
https://www.youtube.com/@unionrepairctg4361,@unionrepairctg4361,Union Repair ctg,212,79,4,iPhone/Android repair center with titles showing touch and sound problem fixes as completed repair jobs.,phone repair | smartphone repair,UCaQa-ZpWi3TeuSw5-dakCCQ,hands,phone-repair,wave1,2026-09-14,filter,79
https://www.youtube.com/@unique2.0mobile,@Unique2.0Mobile,Unique2.0Mobile,341,465,4,"Thin but clear mobile repairing channel bio, shorts format likely, no drift signals.",mobile repairing,UCAJjyqHRvBMRiAA1mqj0vmA,hands,phone-repair,gray_v2,2026-09-14,filter,475
https://www.youtube.com/@uniquemobile95,@UniqueMobile95,Unique Mobile 95,762,111,4,Titles show charging and dead-phone fault fixes with fault-based naming typical of bench repair channels.,mobile repairing | emmc,UCWUqtCqBt4UtBvNswq9Bm9w,hands,phone-repair,wave1,2026-09-14,filter,111
https://www.youtube.com/@urs__sopon__mobile,@urs__sopon__mobile,urs sopon mobile ,58,57,4,Mobile repair channel promising real repairing videos from dead phone to display change with 10 years experience.,phone repair | mobile repairing,UClNvdkz6Ny6KqDYMBp1aCew,hands,phone-repair,wave1,2026-09-14,filter,75
https://www.youtube.com/@usamakhan-it9if,@UsamaKhan-it9if,mobile mastermind ,80,54,4,"Titles show glass changes, unit swaps, LCD light jumper and power IC fixes on multiple phone models.",mobile repairing,UCPggthwGBpnQD3KLQMu5yNg,hands,phone-repair,wave1,2026-09-14,filter,83
https://www.youtube.com/@usmanmobile786,@Usmanmobile786,US Mobi Tech,1340,218,4,"Channel dedicated to android mobile hardware basics like SMD components, PMIC, eMMC and CPU.",emmc,UCGRx22B06p_jk_ujKBx0WFw,hands,phone-repair,rest1,2026-09-14,filter,218
https://www.youtube.com/@utechallmodelglasschange,@UTechAllModelGlassChange,U tech,426,296,4,"Specialist mobile display glass and OCA lamination shop across many brands, clear repair-shop focus.",mobile repairing,UCvQtk4xFUTSO6JA9rv80Nkg,hands,phone-repair,wave1,2026-09-14,filter,296
https://www.youtube.com/c/v%c5%a8thanhmobile,@V%C5%A8THANHMOBILE,VŨ THANH MOBILE,2370,79,4,"Vietnamese phone repair shop specializing in hardware, software and deep eMMC work.",emmc,UCW4y9VnqQQ5MTHMtCh437IA,hands,phone-repair,wave1,2026-09-14,filter,79
https://www.youtube.com/@v2mobileshop,@V2MOBILESHOP,V2 MOBILE SHOP ,87,130,4,"Title shows CPU/RAM reballing for hang-on-logo issue, a clear board-level micro-soldering repair.",mobile repairing | emmc,UCh28y9PPtbC5zwQFkERNvEg,hands,phone-repair,wave1,2026-09-14,filter,142
https://www.youtube.com/@v4umobile,@V4UMobile,V 4 U Mobile,1710,232,4,Mobile repairing channel covering both software and hardware problems in accessible tutorials.,mobile repairing,UCWMh_UWM-cYd_8iCkY3ZeHQ,hands,phone-repair,gray_v2,2026-09-14,filter,232
https://www.youtube.com/@vaibhavmobileandaccessorie1174,@vaibhavmobileandaccessorie1174,Vaibhav Mobile repair ,1640,749,4,"Mobile repair shop description lists charging port, display, PCB work with no drift indicators.",mobile repairing,UCB_XHAaBvw9FKv9Mi1A0wDw,hands,phone-repair,gray_v2,2026-09-14,filter,749
https://www.youtube.com/@vanderleioliota,@vanderleioliota,Vanderlei Oliota - Viva de Manutenção,17100,213,4,Cellphone maintenance tips and solutions channel aimed at building income through repair skills.,manutenção de celular,UCkooIWMoqKvBdaM5RNT0I0g,hands,phone-repair,gray_v2,2026-09-14,filter,213
https://www.youtube.com/@vchannelsubang,@VChannelSubang,Teknisi Pinggir jalan,1540,76,4,Street-side technician channel documenting phone repair activities alongside vlog content.,servis hp,UCmd3nK5RsJ85gS8A4V-ztlg,hands,phone-repair,gray_v2,2026-09-14,filter,76
https://www.youtube.com/@vickymobilerepair9990,@Vickymobilerepair9990,Vicky_mobilerepair💯,423,127,4,Titles show real display change repair jobs with technician performing hands-on work.,mobile repairing,UCd9IbxaVuXFZVwwqIS0shfA,hands,phone-repair,wave1,2026-09-14,filter,127
https://www.youtube.com/@vickynayakmobilerepair2762,@vickynayakmobilerepair2762,Vicky  Mobile Repairing ,322,143,4,"Titles show real hardware fixes (mic problem solution, charging jack change) at a mobile repair shop.",mobile repairing,UC6Yhs36mXnq5mV6OTOfxUJg,hands,phone-repair,wave1,2026-09-14,filter,188
https://www.youtube.com/@vidalcardozo4784,@vidalcardozo4784,Vidal Cardozo,1660,91,4,"Thin bio sharing phone repair experience, no signals pointing away from repair.",sửa chữa điện thoại,UCFet4vhU65heIEMZNpNFJlg,hands,phone-repair,gray_v2,2026-09-14,filter,91
https://www.youtube.com/@vigneswaramobiles,@vigneswaramobiles,Vigneswara Mobiles,4,159,4,"Mobile repair shop channel sharing knowledge, thin evidence but named for repair work.",chip level,UCqZeIRunpZAtaJItkJuTSrQ,hands,phone-repair,rest1,2026-09-14,filter,167
https://www.youtube.com/@vijaybhaivadodiya6570,@vijaybhaivadodiya6570,vijayvd490,732,265,4,"Mobile repair shop with titles on display change, socket change, combo fitting, and board work.",phone repair | mobile repairing | motherboard repair,UCZ1A8QMoVOKbOvzh1YLasAA,hands,phone-repair,wave1,2026-09-14,filter,305
https://www.youtube.com/@vikashsonkar-p5q,@VikashSonkar-p5q,vikash__sonkar__king__up__51,198,168,4,"Personal channel stating videos are about creating mobile repairing content, thin but plain evidence.",mobile repairing,UC2lwfLR77AVCkASIyI6X7ew,hands,phone-repair,rest1,2026-09-14,filter,215
https://www.youtube.com/@vikashtechmobileguru2307,@vikashtechmobileguru2307,VIKASH TECH MOBILE GURU ,5390,205,4,"Mobile repairing course channel covering schematic diagrams, fault tracing alongside unlock tool software content.",mobile repairing | mobile repairing course,UCmVzd569tkrgwvNtYN4RJ4Q,hands,phone-repair,wave1,2026-09-14,filter,205
https://www.youtube.com/@vikashtechnology,@VIKASHTECHNOLOGY,All Technology Gyan,1610,208,4,"Mobile repairing course and accessories repairing channel, thin but plainly repair-oriented.",mobile repairing | mobile repairing course,UCT1K67XYJZpmMr4clvUQ1LA,hands,phone-repair,gray_v2,2026-09-14,filter,208
https://www.youtube.com/channel/uczyeut0lx8etjnunzyyan-g,@vikrantvlogs882,vikrantGSM,545,62,4,Titles show real glass change repair jobs on iPhone and Samsung devices.,mobile repairing,UCzyEUT0lx8EtjnUNzyyAn-g,hands,phone-repair,rest1,2026-09-14,filter,62
https://www.youtube.com/@vinayakbhatsagar,@VinayakBhatSagar,Vinayak Bhat Sagar,5800,155,4,Long-time mobile repair technician uploading repairing videos mixed with unrelated nature content.,mobile repairing,UCCGt3caRWENEfTtX564JQQg,hands,phone-repair,gray_v2,2026-09-14,filter,155
https://www.youtube.com/@vipnesh.mobile.repaire,@Vipnesh.Mobile.repaire,Vipnesh Mobile repaire,248,122,4,"Titles show hands-on hardware fixes like touch/display connector replacement and diode soldering, solid bench work.",mobile repairing,UCnhWRf8L0q2ttwQg4bkz6xA,hands,phone-repair,wave1,2026-09-14,filter,120
https://www.youtube.com/channel/ucobsh_gz3zhyahn62s1ygkg,@Virendra-r4t6j,VIRENDRA KUMAR,90,188,4,"Titles show CPU rebuilding, EMMC, charging port fixes on real devices at repair bench.",mobile repairing,UCobSh_gz3ZhYAhN62s1ygkg,hands,phone-repair,trial100,2026-09-14,filter,285
https://www.youtube.com/@vishalkumar-mq6vk,@vishalkumar-mq6vk,Vk world mobile,1150,402,4,"Mobile lamination and repairing channel, likely OCA screen refurbishing work shown.",mobile repairing,UC4GTnbMOcGy0DigihAAflnw,hands,phone-repair,gray_v2,2026-09-14,filter,402
https://www.youtube.com/@vivektechnician5767,@vivektechnician5767,Vivek Technician,521,150,4,"Hindi channel explicitly covering IC reballing, dead phone repair, charging issues alongside laptop fixes.",phone repair,UCTzLK1vT58sySy9L5dL7A5g,hands,phone-repair,wave1,2026-09-14,filter,150
https://www.youtube.com/@vkaymobiles,@vkaymobiles,Vkay Mobiles,8490,215,4,Experienced technician channel explicitly teaching hands-on mobile repairing skills to beginners.,mobile repairing,UCqO_EIDZ84zJQX4FsZbkatw,hands,phone-repair,wave1,2026-09-14,filter,215
https://www.youtube.com/@vktm-mobile-repairing,@VKTM-Mobile-Repairing,VKTM MOBILE,829,52,4,Shows real display/combo replacement videos for Realme and Vivo phones at a repair shop.,mobile repairing,UCk1s6T2jaojIHnKVdnBl-QA,hands,phone-repair,gray_v2,2026-09-14,filter,52
https://www.youtube.com/@vlogsmobile907,@Vlogsmobile907,Choudhary mobile centre ,10800,134,4,"Repair shop description lists iPhone specialist services including display, glass, backlight, IC and software repair.",phone repair | mobile repairing | iphone repair,UCB-v0Mgfw1THFiPHSWSru4w,hands,phone-repair,wave1,2026-09-14,filter,135
https://www.youtube.com/@vpsbabatechnical,@vpsbabatechnical,Vps baba technical Guru,716,84,4,"Channel bio promises practical hardware/software mobile repairing content, thin but repair-focused evidence.",मोबाइल रिपेयरिंग,UCcA0b-uox66QEwnclvVEw8A,hands,phone-repair,rest1,2026-09-14,filter,84
https://www.youtube.com/@waqasmobilesialkot4216,@waqasmobilesialkot4216,Waqas Mobile Sialkot,1940,169,4,Thin one-line bio naming mobile repairing information with no signals pointing away from hands-on work.,mobile repairing,UCbeoQG7Hr_hl91AdGT9b_yQ,hands,phone-repair,rest1,2026-09-14,filter,169
https://www.youtube.com/@warismobile262,@warismobile262,waris mobile ,801,178,4,"Channel created for mobile repairing tips and tricks, thin but on-topic.",mobile repairing,UCB0hO60zMUpl3l62YotdwKg,hands,phone-repair,gray_v2,2026-09-14,filter,178
https://www.youtube.com/@waseemahmad-8,@WaseemAhmad-8,Gadget fixer,144,71,4,"Mobile repairing videos across many brands, hardware and software specialist per description.",mobile repairing,UCH8NltaRNyYJsydHdECNiPg,hands,phone-repair,gray_v2,2026-09-14,filter,102
https://www.youtube.com/@wasim_alfiya_mobile,@wasim_alfiya_mobile,Wasim Alfiya Mobile ,4420,584,4,"Advanced chip-level repairing hub focused on eMMC, ISP, SPI flash work, board-level repair signals.",mobile repairing | emmc,UCzb9LLTA_sq28tneS6NtsJQ,hands,phone-repair,gray_v2,2026-09-14,filter,584
https://www.youtube.com/@watman3761,@watman3761,Watman,1040,70,4,"Russian channel explicitly about phone/tablet display replacement, soldering and BGA repair techniques.",ремонт телефонов,UCJnB72zQUf__CihdyDQE15w,hands,phone-repair,wave1,2026-09-14,filter,70
https://www.youtube.com/@way2repair,@Way2Repair,Way2Repair,2260,85,4,Mobile repair tutorial channel covering screen replacement and hardware/software fixes on camera.,phone repair | mobile repairing | mobile phone repair,UCMfllap6qoihu6mSlQ09cGA,hands,phone-repair,wave1,2026-09-14,filter,85
https://www.youtube.com/@wazahat0055,@Wazahat0055,WAZ📱AHAT,1900,262,4,"Detailed repair channel listing specific hardware jobs: screen/back glass replacement, True Tone repair, Face ID repair.",phone repair | mobile repairing,UCZwNkkuDKBEeUxbVWhadlEg,hands,phone-repair,trial100,2026-09-14,filter,262
https://www.youtube.com/@wb_gsm,@wb_gsm,WB GSM OFFICIAL(SJE),529,97,4,"Titles show CPU reballing, jumper wire work, and IC-level repairs, chip-level bench content despite some software mentions.",mobile repairing,UCUGk_qQubp68Z9GVYm8WMmg,hands,phone-repair,wave1,2026-09-14,filter,101
https://www.youtube.com/channel/ucnksk4j6mk_e8n4wnz3uxqg,@welcomemobile360,welcome Mobile ,248,85,4,"Titles show charging jack and track repair without SMD, real hands-on hardware fixes.",mobile repairing,UCnKsk4J6mk_E8n4wnz3uXQg,hands,phone-repair,wave1,2026-09-14,filter,85
https://www.youtube.com/@welcomemobilerepairing_123k,@welcomemobilerepairing_123k,welcome mobile repairing shop,82,52,4,"Named mobile repairing shop channel with casual greeting, thin but on-topic evidence.",mobile repairing,UC_YPRrDDhAQoWhJvjRZs5oA,hands,phone-repair,gray_v2,2026-09-14,filter,58
https://www.youtube.com/@wilitronic,@Wilitronic,Wilitronic,2130,208,4,"Dedicated microsoldering channel specializing in Mac repair, board-level work shown from various angles.",microsoldering,UCA45NfyX7QO-gDVUmykcUzw,hands,phone-repair,wave1,2026-09-14,filter,208
https://www.youtube.com/@winteslaknok8560,@winteslaknok8560,Wintesla Knok,20100,1044,4,Thai mobile repair technique channel focused on measurement tools and hardware repair knowledge for smartphones.,ซ่อมมือถือ,UC0-bKCJucx7rQqenQF_RK2w,hands,phone-repair,wave1,2026-09-14,filter,1044
https://www.youtube.com/@wmrepairinglab,@WmrepairingLab,Waseem Mobile Repairing Lab ,11700,298,4,Thin bio naming a mobile repairing lab with no signals away from hands-on repair.,mobile repairing,UCEE_8wVqpeGYU9KGRjBxy-w,hands,phone-repair,gray_v2,2026-09-14,filter,298
https://www.youtube.com/@wonganane-k3k,@WongAnane-k3k,Wong Anane,56,72,4,"Indonesian phone repair channel with LCD replacement video shown, self-taught service (servis hp otodidak).",servis hp,UCroeiWLGmADTgfuUAgtDCrw,hands,phone-repair,wave1,2026-09-14,filter,77
https://www.youtube.com/@worldmobilerepairingcenter,@worldmobilerepairingcenter,Kashif iPhone Expert,4130,1345,4,"Mobile repairing shop channel offering display, water damage repairs with business branding but real repair focus.",phone repair | mobile repairing,UCoKBG-657Cjf7d7w9uEMF7g,hands,phone-repair,wave1,2026-09-14,filter,1345
https://www.youtube.com/@worldtechnology33,@WorldTechnology33,World Technology,796,144,4,"Electronics repair channel specializing in micro soldering, motherboard and PCB trace repair tutorials.",mobile repairing | motherboard repair | micro soldering,UCPcHU-opmnUh-hidcbDOx6Q,hands,phone-repair,wave1,2026-09-14,filter,144
https://www.youtube.com/@woworrepair,@woworrepair,Wowor Repair,48300,1465,4,"Indonesian repair tutorial channel covering LCD, charging, battery, water damage and dead phone fixes.",servis hp,UCSNMw4HnK3LMAPc30zgNcyQ,hands,phone-repair,wave1,2026-09-14,filter,1467
https://www.youtube.com/@xfdcellphoneaccessories8506,@xfdcellphoneaccessories8506,XFD Cellphone & Accessories,724,62,4,Battery and digitizer installation videos across multiple phone brands show clear disassembly/install steps.,phone repair,UC95v7tb9vmJWEiF0XaC8iMw,hands,phone-repair,wave1,2026-09-14,filter,62
https://www.youtube.com/@xlwirelesselectronicrepair,@xlwirelesselectronicrepair,XL wireless Electronic repair,1870,386,4,"iPhone and console repair channel with live repair videos, phones are prominent among mixed devices.",phone repair | iphone repair,UCi21NUpcTKiozqvkDxWOTCQ,hands,phone-repair,wave1,2026-09-14,filter,387
https://www.youtube.com/@xpert__mobile__sarangpur,@xpert__mobile__Sarangpur,Mo. Juned ,67,55,4,"Repair shop channel with titles on EMMC reballing, dead phone recovery and chip-level fixes.",emmc,UCkETvbAGNRXSQ2O0rkntF7g,hands,phone-repair,wave1,2026-09-14,filter,75
https://www.youtube.com/@xrestore,@xRestore,xRestore,13100,80,4,"Dedicated cell phone repair channel documenting daily repairman life, strong topical fit from name and description.",phone repair | cell phone repair,UC9N_RiPjCvPNeclBoMLKPJg,hands,phone-repair,wave1,2026-09-14,filter,80
https://www.youtube.com/@yatabgamestore,@YatabGameStore,Yatab Game Store,98,114,4,"Screen and back glass replacement videos shown for iPhone and Pixel, though gaming console news also appears.",phone repair,UCMRqRHnc2FHa9iHI8udYBXg,hands,phone-repair,rest1,2026-09-14,filter,117
https://www.youtube.com/@yayacellular,@YayaCellular,Yaya Cellular,6000,1081,4,Dedicated phone service channel covering hardware and software repair cases and solutions.,servis hp,UCowAteSc45KFCiNNyY_pihQ,hands,phone-repair,rest1,2026-09-14,filter,1081
https://www.youtube.com/@ybschanel,@YBSCHANEL,YBS CHANEL,3910,212,4,"Indonesian channel description explicitly covers screen, LCD, touchscreen and charging repair tutorials at home.",phone repair | cellphone repair,UCAS9Ky7mA6R_iE5KLwOwGdw,hands,phone-repair,wave1,2026-09-14,filter,212
https://www.youtube.com/@yifound,@YIFound,Y IFound ,72,89,4,Channel description promises step-by-step mobile repair tutorials and part replacement guides.,mobile repairing,UCWMHWR0msnSwPIvvaYG8Jvg,hands,phone-repair,gray_v2,2026-09-14,filter,90
https://www.youtube.com/@yogitech1m,@YogiTech1M,YogiTech1M,7970,338,4,"Self-described mobile repairing channel, thin bio with business enquiry note.",mobile repairing,UCckQv4GeIylr8MOlFrVJcag,hands,phone-repair,gray_v2,2026-09-14,filter,338
https://www.youtube.com/@yoonusmobiles4889,@yoonusmobiles4889,Yoonus Mobiles,359,53,4,"Titles show real hardware repairs: charging pin change, touch glass change, charging port replacement.",mobile repairing,UCQ-AZTaR8wLbqAUW5H3mMoA,hands,phone-repair,wave1,2026-09-14,filter,59
https://www.youtube.com/@ysstore,@YSSTORE,YS STORE,855,806,4,Apple product service channel for iPhone/iPad/Macbook repairs aimed at teaching viewers via videos.,phone repair | iphone repair,UCLxxeHgyx8wqgzNo8__gYKA,hands,phone-repair,gray_v2,2026-09-14,filter,812
https://www.youtube.com/channel/ucndr9rh44ik_bbxfxb1ufzg,@YT-SUMIT00,@YT-SUMIT,82,112,4,Personal phone repairing channel with a charging jack replacement tutorial title showing hands-on work.,phone repair,UCnDR9Rh44Ik_BbXfXb1ufzg,hands,phone-repair,rest1,2026-09-14,filter,218
https://www.youtube.com/@ytroshanraj,@ytroshanraj,ytmobilesolution ,1420,281,4,"iPhone edge glass replacement institute channel with repair and software solutions, hands-on training focus.",mobile repairing,UCfQbb-Elt73KHV_KdxJeiQg,hands,phone-repair,wave1,2026-09-14,filter,281
https://www.youtube.com/@yucraivanglass,@yucraivanglass,Yucra Ivan Glass- Official ,3670,365,4,"Phone repair service channel in Bolivia, thin description but clearly repair-shop oriented.",reparación de celulares,UCzkzDC3SpUxHIrhNa9O_diQ,hands,phone-repair,gray_v2,2026-09-14,filter,365
https://www.youtube.com/@yuvrajtelecom-mtr,@yuvrajtelecom-mtr,YUVRAJTELECOM mtr🙏,453,226,4,"Phone repair shop channel with titles showing glass/touch replacement and camera fixes, short-form style.",phone repair,UCXwJcQEDFrVT9Ey_DtqhQBQ,hands,phone-repair,wave1,2026-09-14,filter,297
https://www.youtube.com/@zafeer-khan8080,@Zafeer-Khan8080,Z-KING MOBILE CARE AMETHI UP36,227,117,4,"Mobile care shop naming repairing and accessories, thin one-line evidence but repair-focused.",mobile repairing,UClV68-FdpQzGIFhLArHDVLA,hands,phone-repair,gray_v2,2026-09-14,filter,137
https://www.youtube.com/@zaizam_flasher,@zaizam_flasher,ZAIZAM FLASHER,8100,754,4,"Covers dead phone repair, CPU/eMMC reballing and IC replacement but also includes flashing/unlocking/FRP software content.",phone repair | emmc,UCYS5eFgD7dv9ireYIGR-_5Q,hands,phone-repair,wave1,2026-09-14,filter,756
https://www.youtube.com/@zam.zam-19,@zam.zam-19,ZamZam mobiles. Mysore,147,65,4,"Minimal bio 'mobile repairing' with shop-style name, thin but on-topic.",mobile repairing,UC4ZTZ7KJq78hFTLXzfDI8rw,hands,phone-repair,gray_v2,2026-09-14,filter,69
https://www.youtube.com/@zamanmobilesolutiondhaka,@zamanmobilesolutiondhaka,জামান মোবাইল সলিউশন,485,81,4,"Titles show battery removal, glass and display change across iPhone and Samsung models, real repairs.",phone repair | mobile phone repair,UCKwJfocyfp2HWv2QWlNm2hQ,hands,phone-repair,wave1,2026-09-14,filter,82
https://www.youtube.com/channel/uc6z2yeczbx8rr1xjedznxpw,@Zamzammobileguru,Zam zam mobile guru,94,102,4,Titles show real display replacement and hardware repair steps despite one unrelated LED bulb repair video.,phone repair | mobile repairing | mobile phone repair,UC6z2yeczbx8rr1xJeDznXpw,hands,phone-repair,gray_v2,2026-09-14,filter,148
https://www.youtube.com/@zavedpawar,@ZavedPawar,Zaved Pawar,488,56,4,"Mobile repairing center name, thin one-line description, no evidence of drift away from repair.",phone repair | mobile phone repair,UC1ZcT6hgTuvTsjKeNw37qAA,hands,phone-repair,gray_v2,2026-09-14,filter,56
https://www.youtube.com/@zayoonitech,@ZayooniTech,Zayooni Tech – Mobile & Laptop Repair Dubai,11,61,4,"Mobile and laptop repair shop describing real repair videos including screen, battery and motherboard work.",phone repair | iphone repair,UCQK7sLgoheMBlgsVrCYXx8g,hands,phone-repair,wave1,2026-09-14,filter,61
https://www.youtube.com/@zeekfixit,@Zeekfixit,iZeek Repair,3040,50,4,"Phone repair content channel, described as entertaining but focused on repairs.",phone repair,UCqLOf-P0dGzXQv1rJwqpiXA,hands,phone-repair,gray_v2,2026-09-14,filter,50
https://www.youtube.com/@zeemobiles056,@Zeemobiles056,ZMR ,760,455,4,"Repair tutorial channel with titles on combo/display replacement, motherboard IC/short repair, though includes flashing/unlocking content.",phone repair | mobile repairing | mobile phone repair | motherboard repair,UCk-l0t9Bxf36m-sbH29LCPQ,hands,phone-repair,wave1,2026-09-14,filter,547
https://www.youtube.com/@zerotoadvance,@ZerotoAdvance,ZTA MOBILE INSTITUTE,6050,165,4,"Mobile repair institute channel covering CPU level, UFS rebelling and JTAG training.",phone repair | mobile phone repair,UCBrbRMgVvZroMlCP12Y0NTg,hands,phone-repair,rest1,2026-09-14,filter,166
https://www.youtube.com/@zimmobile1,@ZIMMOBiLE1,ZIMmobile,111,88,4,"Titles show speaker, charging base, and network fix repairs performed on mobile devices.",mobile repairing,UCPVPu48ls0ZoS_VN405z69g,hands,phone-repair,gray_v2,2026-09-14,filter,88
https://www.youtube.com/@zinhogomess,@ZinhoGomess,U.T.I Cell,5920,304,4,"Board-level repair training channel covering diagnostics, multimeter/oscilloscope use and real circuit faults.",reparo de placa,UC8kHBFk5slRueqw4r5254ww,hands,phone-repair,wave1,2026-09-14,filter,306
https://www.youtube.com/channel/uctig1ownwwyzbybmnwua4cq,@zkteknisihp1001,ZK TEKNISI,693,57,4,"Titles show screen replacement, battery replacement and charging fixes with step-by-step framing.",servis hp,UCTIg1OwnWwyZBYBmNwUA4cQ,hands,phone-repair,wave1,2026-09-14,filter,57
https://www.youtube.com/@zohaibhaider-jd6my,@ZohaibHaider-jd6my,Zohaib Haider Mobile repring solution ,235,113,4,"Description emphasizes CPU removal, IC fixing, motherboard work and real workshop repair shorts.",mobile repairing,UCi_mFjBQJRFsVMU3BelJQ4Q,hands,phone-repair,wave1,2026-09-14,filter,113
https://www.youtube.com/@zonarepair_,@ZONAREPAIR_,ZONAREPAIR,702,102,4,"iPhone repair shop channel with titles on battery replacement, screen change, and charging port repairs.",microsoldering,UCBBYco3HDFIgxArI1uHOt9g,hands,phone-repair,wave1,2026-09-14,filter,178
https://www.youtube.com/@zphonerestore89,@zphonerestore89,ZPhone Restore,3950,116,4,Cellphone restoration channel description focused on rebuilding damaged and abandoned phones on camera.,phone repair | cellphone repair,UCcbXv-wbbqP-W907vDfy_MQ,hands,phone-repair,gray_v2,2026-09-14,filter,116
https://www.youtube.com/@zubbytechs,@zubbytechs,Zubby Techs,94,89,4,"Titles show screen replacement and full shot repairs on real phones, hands-on repair focus.",phone repair,UC0SzMqdNEAGSrvcpaOgoIdQ,hands,phone-repair,wave1,2026-09-14,filter,92
https://www.youtube.com/channel/ucg6sxk99xbjpmmvqzx0ghpa,@ZubiMobile12,Zubi Mobile,37,73,4,"Description details LCD/touch replacement, charging jumper, dead phone and motherboard repair with step-by-step videos.",mobile repairing,UCG6SXK99xBJpmmVQzX0GhPA,hands,phone-repair,wave1,2026-09-14,filter,77
https://www.youtube.com/@zxasif7771,@zxasif7771,zx asif 7771,315,111,4,"Focused on fold/flip flex and edge glass replacement, clear phone repair specialization.",mobile repairing,UCEgIFZT8VnBbWcoWgxTk2Mg,hands,phone-repair,gray_v2,2026-09-14,filter,111
