topic,video_url,user1 decision,user1 decision date,user2,user3 decision date,user3,user3 decision date
Appliance repair,https://raw.githubusercontent.com/ariel-at-brightdata/labeling/main/appliance-repair_channels/mp4/UC--Jtb1ap0GSZoMUlBSrk7w-score-4.mp4,,,,,,
Appliance repair,https://raw.githubusercontent.com/ariel-at-brightdata/labeling/main/appliance-repair_channels/mp4/UC-5olx1StwgSPewo9CIj7GQ-score-4.mp4,,,,,,
Appliance repair,https://raw.githubusercontent.com/ariel-at-brightdata/labeling/main/appliance-repair_channels/mp4/UC-9wI_-5ts0bwqlCjkznv5g-score-4.mp4,,,,,,
Appliance repair,https://raw.githubusercontent.com/ariel-at-brightdata/labeling/main/appliance-repair_channels/mp4/UC-IWJf4-IEb7mpQ9I_1uvgQ-score-4.mp4,,,,,,
Appliance repair,https://raw.githubusercontent.com/ariel-at-brightdata/labeling/main/appliance-repair_channels/mp4/UC-LFaphUW_4tyw03nUihwfg-score-4.mp4,,,,,,
Appliance repair,https://raw.githubusercontent.com/ariel-at-brightdata/labeling/main/appliance-repair_channels/mp4/UC-Nb0E9a45Tj4-HKoZIT_tA-score-4.mp4,,,,,,
Appliance repair,https://raw.githubusercontent.com/ariel-at-brightdata/labeling/main/appliance-repair_channels/mp4/UC-SwSjGqecvtD-SXw4abmaQ-score-4.mp4,,,,,,
Appliance repair,https://raw.githubusercontent.com/ariel-at-brightdata/labeling/main/appliance-repair_channels/mp4/UC-UTh6FtorhFui5gpC9Ep6g-score-4.mp4,,,,,,
Appliance repair,https://raw.githubusercontent.com/ariel-at-brightdata/labeling/main/appliance-repair_channels/mp4/UC-WVjWW-MiSdGZVLtHh7sKQ-score-4.mp4,,,,,,
Appliance repair,https://raw.githubusercontent.com/ariel-at-brightdata/labeling/main/appliance-repair_channels/mp4/UC-Xe25p5f4fqSsIJKfMaD1Q-score-4.mp4,,,,,,
Appliance repair,https://raw.githubusercontent.com/ariel-at-brightdata/labeling/main/appliance-repair_channels/mp4/UC-XhzwiWTYzz77ITZYEmnow-score-4.mp4,,,,,,
Appliance repair,https://raw.githubusercontent.com/ariel-at-brightdata/labeling/main/appliance-repair_channels/mp4/UC-YXA9dbW2cvvc12ifQNqxw-score-5.mp4,,,,,,
Appliance repair,https://raw.githubusercontent.com/ariel-at-brightdata/labeling/main/appliance-repair_channels/mp4/UC-_wHhSJKRqXCnVI2C7yq8A-score-4.mp4,,,,,,
Appliance repair,https://raw.githubusercontent.com/ariel-at-brightdata/labeling/main/appliance-repair_channels/mp4/UC-fQAOskw42is28DCUxf13A-score-4.mp4,,,,,,
Appliance repair,https://raw.githubusercontent.com/ariel-at-brightdata/labeling/main/appliance-repair_channels/mp4/UC-go4tmBar3qqqW9SJZzgFA-score-4.mp4,,,,,,
Appliance repair,https://raw.githubusercontent.com/ariel-at-brightdata/labeling/main/appliance-repair_channels/mp4/UC-o-rzkP6Ix07Xu6oO_icIA-score-4.mp4,,,,,,
Appliance repair,https://raw.githubusercontent.com/ariel-at-brightdata/labeling/main/appliance-repair_channels/mp4/UC-o1uGnP3sPoujgBrploPuw-score-5.mp4,,,,,,
Appliance repair,https://raw.githubusercontent.com/ariel-at-brightdata/labeling/main/appliance-repair_channels/mp4/UC-wcT9gul6Ir1z2-OyVKcHw-score-4.mp4,,,,,,
Appliance repair,https://raw.githubusercontent.com/ariel-at-brightdata/labeling/main/appliance-repair_channels/mp4/UC007RchlkRBZDBaPMa1xpIQ-score-4.mp4,,,,,,
Appliance repair,https://raw.githubusercontent.com/ariel-at-brightdata/labeling/main/appliance-repair_channels/mp4/UC04ARcb5SQXG_bxHpo1nTcA-score-4.mp4,,,,,,
Appliance repair,https://raw.githubusercontent.com/ariel-at-brightdata/labeling/main/appliance-repair_channels/mp4/UC04N11Dp526Nqa3nu4cmo0Q-score-4.mp4,,,,,,
Appliance repair,https://raw.githubusercontent.com/ariel-at-brightdata/labeling/main/appliance-repair_channels/mp4/UC06VnkAFAEs8coq8GnlvnMA-score-4.mp4,,,,,,
Appliance repair,https://raw.githubusercontent.com/ariel-at-brightdata/labeling/main/appliance-repair_channels/mp4/UC0GloASXhKNt9-XezUNNspQ-score-4.mp4,,,,,,
Appliance repair,https://raw.githubusercontent.com/ariel-at-brightdata/labeling/main/appliance-repair_channels/mp4/UC0LUEoR4DxwefFexF34Kumw-score-4.mp4,,,,,,
Appliance repair,https://raw.githubusercontent.com/ariel-at-brightdata/labeling/main/appliance-repair_channels/mp4/UC0NJjlYCUJpt7GOU-cm6BEA-score-5.mp4,,,,,,
Appliance repair,https://raw.githubusercontent.com/ariel-at-brightdata/labeling/main/appliance-repair_channels/mp4/UC0Uck31IQc3UdOMdDQTmGSQ-score-4.mp4,,,,,,
Appliance repair,https://raw.githubusercontent.com/ariel-at-brightdata/labeling/main/appliance-repair_channels/mp4/UC0WlVP30D-oxD3Z1fL-vc7w-score-4.mp4,,,,,,
Appliance repair,https://raw.githubusercontent.com/ariel-at-brightdata/labeling/main/appliance-repair_channels/mp4/UC0ZJlXxO7xzWpXB0v3SnbFA-score-4.mp4,,,,,,
Appliance repair,https://raw.githubusercontent.com/ariel-at-brightdata/labeling/main/appliance-repair_channels/mp4/UC0cSQm3NzZMfZ84GqcpZyUg-score-4.mp4,,,,,,
Appliance repair,https://raw.githubusercontent.com/ariel-at-brightdata/labeling/main/appliance-repair_channels/mp4/UC0eJgbdh4vrnDr5yKhG056w-score-4.mp4,,,,,,
Appliance repair,https://raw.githubusercontent.com/ariel-at-brightdata/labeling/main/appliance-repair_channels/mp4/UC0eosdMfYZ14QjdRqyThzHw-score-4.mp4,,,,,,
Appliance repair,https://raw.githubusercontent.com/ariel-at-brightdata/labeling/main/appliance-repair_channels/mp4/UC0pBJX54p7gnklkb69D02MQ-score-4.mp4,,,,,,
Appliance repair,https://raw.githubusercontent.com/ariel-at-brightdata/labeling/main/appliance-repair_channels/mp4/UC142KmuPybW0sCikqEyOm7w-score-4.mp4,,,,,,
Appliance repair,https://raw.githubusercontent.com/ariel-at-brightdata/labeling/main/appliance-repair_channels/mp4/UC1A-8PbHQ4-fQAhVWCxRTYQ-score-4.mp4,,,,,,
Appliance repair,https://raw.githubusercontent.com/ariel-at-brightdata/labeling/main/appliance-repair_channels/mp4/UC1AeSPUi-s5CEYVmbsOXJaw-score-4.mp4,,,,,,
Appliance repair,https://raw.githubusercontent.com/ariel-at-brightdata/labeling/main/appliance-repair_channels/mp4/UC1EhbnzeCQhGELcJRsRqG8g-score-4.mp4,,,,,,
Appliance repair,https://raw.githubusercontent.com/ariel-at-brightdata/labeling/main/appliance-repair_channels/mp4/UC1ZBmxErfQ7ZqX9DLmLWJxA-score-5.mp4,,,,,,
Appliance repair,https://raw.githubusercontent.com/ariel-at-brightdata/labeling/main/appliance-repair_channels/mp4/UC1ZZwM0KlE-CuRqBwW3JCMw-score-5.mp4,,,,,,
Appliance repair,https://raw.githubusercontent.com/ariel-at-brightdata/labeling/main/appliance-repair_channels/mp4/UC1ljrciHW8KQuMh-v4XcUGg-score-4.mp4,,,,,,
Appliance repair,https://raw.githubusercontent.com/ariel-at-brightdata/labeling/main/appliance-repair_channels/mp4/UC1qkhSI9gxQeAPw510mrvkQ-score-4.mp4,,,,,,
Appliance repair,https://raw.githubusercontent.com/ariel-at-brightdata/labeling/main/appliance-repair_channels/mp4/UC1qxTayaCc1YG7IsoGFsuMQ-score-4.mp4,,,,,,
Appliance repair,https://raw.githubusercontent.com/ariel-at-brightdata/labeling/main/appliance-repair_channels/mp4/UC1sWwB45heL1CfLHLBXCXow-score-4.mp4,,,,,,
Appliance repair,https://raw.githubusercontent.com/ariel-at-brightdata/labeling/main/appliance-repair_channels/mp4/UC1u1_bFM9_r4YVhrTEh8Rbg-score-4.mp4,,,,,,
Appliance repair,https://raw.githubusercontent.com/ariel-at-brightdata/labeling/main/appliance-repair_channels/mp4/UC1wIpZ3STeGfeQe7Fw0K5UQ-score-4.mp4,,,,,,
Appliance repair,https://raw.githubusercontent.com/ariel-at-brightdata/labeling/main/appliance-repair_channels/mp4/UC1wSluspuLxEPpO5rK3DAjQ-score-4.mp4,,,,,,
Appliance repair,https://raw.githubusercontent.com/ariel-at-brightdata/labeling/main/appliance-repair_channels/mp4/UC1woX9tc3E9aWtqRcvftgPg-score-4.mp4,,,,,,
Appliance repair,https://raw.githubusercontent.com/ariel-at-brightdata/labeling/main/appliance-repair_channels/mp4/UC21ndAlCzH3fwxhCVIwvIPQ-score-4.mp4,,,,,,
Appliance repair,https://raw.githubusercontent.com/ariel-at-brightdata/labeling/main/appliance-repair_channels/mp4/UC2MQ2reHm-4RDENqyyXa0Lw-score-5.mp4,,,,,,
Appliance repair,https://raw.githubusercontent.com/ariel-at-brightdata/labeling/main/appliance-repair_channels/mp4/UC2Ohh6tGGbygF8frNvts72w-score-4.mp4,,,,,,
Appliance repair,https://raw.githubusercontent.com/ariel-at-brightdata/labeling/main/appliance-repair_channels/mp4/UC2P_RVyyeEDRvBgXq3C2zgA-score-4.mp4,,,,,,
Appliance repair,https://raw.githubusercontent.com/ariel-at-brightdata/labeling/main/appliance-repair_channels/mp4/UC2QRUirNWF9OrmaSLJ1Alpw-score-4.mp4,,,,,,
Appliance repair,https://raw.githubusercontent.com/ariel-at-brightdata/labeling/main/appliance-repair_channels/mp4/UC2chn9N66JYgZ9wct5aNWrA-score-4.mp4,,,,,,
Appliance repair,https://raw.githubusercontent.com/ariel-at-brightdata/labeling/main/appliance-repair_channels/mp4/UC2tvE-oAvSjj3W1CFtZkgWg-score-4.mp4,,,,,,
Appliance repair,https://raw.githubusercontent.com/ariel-at-brightdata/labeling/main/appliance-repair_channels/mp4/UC2xKM45GeM1lSCHBvdhgYKg-score-4.mp4,,,,,,
Appliance repair,https://raw.githubusercontent.com/ariel-at-brightdata/labeling/main/appliance-repair_channels/mp4/UC2xuh4EGbBtM6-QjFX0EK2w-score-4.mp4,,,,,,
Appliance repair,https://raw.githubusercontent.com/ariel-at-brightdata/labeling/main/appliance-repair_channels/mp4/UC2ylQCp4yNx_RygI3Q4jMMw-score-4.mp4,,,,,,
Appliance repair,https://raw.githubusercontent.com/ariel-at-brightdata/labeling/main/appliance-repair_channels/mp4/UC2zGtiGmjU-yJrtHZUnp5mA-score-4.mp4,,,,,,
Appliance repair,https://raw.githubusercontent.com/ariel-at-brightdata/labeling/main/appliance-repair_channels/mp4/UC3-54gStLKo3HRVdXCDRokg-score-4.mp4,,,,,,
Appliance repair,https://raw.githubusercontent.com/ariel-at-brightdata/labeling/main/appliance-repair_channels/mp4/UC31VAyGjfcau4goae5jGHBA-score-4.mp4,,,,,,
Appliance repair,https://raw.githubusercontent.com/ariel-at-brightdata/labeling/main/appliance-repair_channels/mp4/UC3X0BqlXBt-DHZReTHeyDIQ-score-4.mp4,,,,,,
Appliance repair,https://raw.githubusercontent.com/ariel-at-brightdata/labeling/main/appliance-repair_channels/mp4/UC3izzd3x0nuG89zryIwmncg-score-4.mp4,,,,,,
Appliance repair,https://raw.githubusercontent.com/ariel-at-brightdata/labeling/main/appliance-repair_channels/mp4/UC3jqX1SRWlzuS5tGgtf9MlA-score-4.mp4,,,,,,
Appliance repair,https://raw.githubusercontent.com/ariel-at-brightdata/labeling/main/appliance-repair_channels/mp4/UC3wxih5UoQ_K102cJ2bpzfg-score-4.mp4,,,,,,
Appliance repair,https://raw.githubusercontent.com/ariel-at-brightdata/labeling/main/appliance-repair_channels/mp4/UC3x6KLm6gHz2CZlArwArugg-score-4.mp4,,,,,,
Appliance repair,https://raw.githubusercontent.com/ariel-at-brightdata/labeling/main/appliance-repair_channels/mp4/UC41-joO1hd2qCIuea6ovDHw-score-4.mp4,,,,,,
Appliance repair,https://raw.githubusercontent.com/ariel-at-brightdata/labeling/main/appliance-repair_channels/mp4/UC41tBCPbQcKKsQikz5O-2Pw-score-4.mp4,,,,,,
Appliance repair,https://raw.githubusercontent.com/ariel-at-brightdata/labeling/main/appliance-repair_channels/mp4/UC42SHIZcvpUsG0Qgo-jBw_g-score-4.mp4,,,,,,
Appliance repair,https://raw.githubusercontent.com/ariel-at-brightdata/labeling/main/appliance-repair_channels/mp4/UC48YqvJm8WFzS_BYolQEcOQ-score-4.mp4,,,,,,
Appliance repair,https://raw.githubusercontent.com/ariel-at-brightdata/labeling/main/appliance-repair_channels/mp4/UC4DLvecS3nYSSesvXonvfXg-score-4.mp4,,,,,,
Appliance repair,https://raw.githubusercontent.com/ariel-at-brightdata/labeling/main/appliance-repair_channels/mp4/UC4JxKK5vv-gZGuZKyQZXFKw-score-4.mp4,,,,,,
Appliance repair,https://raw.githubusercontent.com/ariel-at-brightdata/labeling/main/appliance-repair_channels/mp4/UC4KTFoinVbNSKCGwW4rYKBQ-score-4.mp4,,,,,,
Appliance repair,https://raw.githubusercontent.com/ariel-at-brightdata/labeling/main/appliance-repair_channels/mp4/UC4LU_EYHkXr3pYtYJ1mkuAg-score-5.mp4,,,,,,
Appliance repair,https://raw.githubusercontent.com/ariel-at-brightdata/labeling/main/appliance-repair_channels/mp4/UC4VUHOaJBTREhOSj3ofzMRQ-score-4.mp4,,,,,,
Appliance repair,https://raw.githubusercontent.com/ariel-at-brightdata/labeling/main/appliance-repair_channels/mp4/UC4i6q2PGcodWJJIsXE70yBg-score-4.mp4,,,,,,
Appliance repair,https://raw.githubusercontent.com/ariel-at-brightdata/labeling/main/appliance-repair_channels/mp4/UC4jQjxFTAVMi3y-06nUTWZg-score-4.mp4,,,,,,
Appliance repair,https://raw.githubusercontent.com/ariel-at-brightdata/labeling/main/appliance-repair_channels/mp4/UC4mapPeb_5qsGl6AN0oVTLw-score-5.mp4,,,,,,
Appliance repair,https://raw.githubusercontent.com/ariel-at-brightdata/labeling/main/appliance-repair_channels/mp4/UC4qevReHI7kQT4Rfn2O5Azg-score-4.mp4,,,,,,
Appliance repair,https://raw.githubusercontent.com/ariel-at-brightdata/labeling/main/appliance-repair_channels/mp4/UC4vpI2U7yRMVtlbqzr7UV5g-score-4.mp4,,,,,,
Appliance repair,https://raw.githubusercontent.com/ariel-at-brightdata/labeling/main/appliance-repair_channels/mp4/UC4zuI-25Yag2YshRAWUFpnA-score-4.mp4,,,,,,
Appliance repair,https://raw.githubusercontent.com/ariel-at-brightdata/labeling/main/appliance-repair_channels/mp4/UC52sVlZWYLbnFrWYN1t75WA-score-4.mp4,,,,,,
Appliance repair,https://raw.githubusercontent.com/ariel-at-brightdata/labeling/main/appliance-repair_channels/mp4/UC57eo8hRVCXl-AZigXdQMKQ-score-4.mp4,,,,,,
Appliance repair,https://raw.githubusercontent.com/ariel-at-brightdata/labeling/main/appliance-repair_channels/mp4/UC5Bd4idfTEQu9n59HOpDIaA-score-4.mp4,,,,,,
Appliance repair,https://raw.githubusercontent.com/ariel-at-brightdata/labeling/main/appliance-repair_channels/mp4/UC5C5igsiMfuyB9u47j1ZMcw-score-4.mp4,,,,,,
Appliance repair,https://raw.githubusercontent.com/ariel-at-brightdata/labeling/main/appliance-repair_channels/mp4/UC5IUZgikYkWfUnqqIaooZgg-score-4.mp4,,,,,,
Appliance repair,https://raw.githubusercontent.com/ariel-at-brightdata/labeling/main/appliance-repair_channels/mp4/UC5Kd4i4ssh3vE65tUOCQPLA-score-4.mp4,,,,,,
Appliance repair,https://raw.githubusercontent.com/ariel-at-brightdata/labeling/main/appliance-repair_channels/mp4/UC5ReheDioeDH_NWNwATa0hA-score-4.mp4,,,,,,
Appliance repair,https://raw.githubusercontent.com/ariel-at-brightdata/labeling/main/appliance-repair_channels/mp4/UC5Uj-SjbMI1g0UUxDpeShAA-score-4.mp4,,,,,,
Appliance repair,https://raw.githubusercontent.com/ariel-at-brightdata/labeling/main/appliance-repair_channels/mp4/UC5YBOTiqePVrFBYbvFj6SDQ-score-4.mp4,,,,,,
Appliance repair,https://raw.githubusercontent.com/ariel-at-brightdata/labeling/main/appliance-repair_channels/mp4/UC5agM8Z5jHF4q4zge1qU_TA-score-4.mp4,,,,,,
Appliance repair,https://raw.githubusercontent.com/ariel-at-brightdata/labeling/main/appliance-repair_channels/mp4/UC5nhh3vMC_f_zPSz9A6PlvA-score-4.mp4,,,,,,
Appliance repair,https://raw.githubusercontent.com/ariel-at-brightdata/labeling/main/appliance-repair_channels/mp4/UC5shBf-lVwSwc4GYmOKOZgg-score-4.mp4,,,,,,
Appliance repair,https://raw.githubusercontent.com/ariel-at-brightdata/labeling/main/appliance-repair_channels/mp4/UC5xYVIyzvsxI3T1HoZJacuQ-score-4.mp4,,,,,,
Appliance repair,https://raw.githubusercontent.com/ariel-at-brightdata/labeling/main/appliance-repair_channels/mp4/UC5yz2gSIwvzcEJ7ojAldL2w-score-4.mp4,,,,,,
Appliance repair,https://raw.githubusercontent.com/ariel-at-brightdata/labeling/main/appliance-repair_channels/mp4/UC61gLPDTdLZ0__Fcmbuye8g-score-5.mp4,,,,,,
Appliance repair,https://raw.githubusercontent.com/ariel-at-brightdata/labeling/main/appliance-repair_channels/mp4/UC628zPB4mWVmZ5bqhgICUbw-score-4.mp4,,,,,,
Appliance repair,https://raw.githubusercontent.com/ariel-at-brightdata/labeling/main/appliance-repair_channels/mp4/UC63tMX3lDifQaHNBYW49UyQ-score-4.mp4,,,,,,
Appliance repair,https://raw.githubusercontent.com/ariel-at-brightdata/labeling/main/appliance-repair_channels/mp4/UC64dd6SCqSCChUjxknf7leg-score-4.mp4,,,,,,
Appliance repair,https://raw.githubusercontent.com/ariel-at-brightdata/labeling/main/appliance-repair_channels/mp4/UC657aF_u748lnGNfHhiM62g-score-4.mp4,,,,,,
Appliance repair,https://raw.githubusercontent.com/ariel-at-brightdata/labeling/main/appliance-repair_channels/mp4/UC69K2GVzUWW4DLgMfsZx7xA-score-4.mp4,,,,,,
Appliance repair,https://raw.githubusercontent.com/ariel-at-brightdata/labeling/main/appliance-repair_channels/mp4/UC6CejjXn92nakLTbPQjeJjA-score-4.mp4,,,,,,
Appliance repair,https://raw.githubusercontent.com/ariel-at-brightdata/labeling/main/appliance-repair_channels/mp4/UC6JVm9vIwrQYOI4GbwaFKgQ-score-4.mp4,,,,,,
Appliance repair,https://raw.githubusercontent.com/ariel-at-brightdata/labeling/main/appliance-repair_channels/mp4/UC6MNas6eKmHkUA0-iXrQxvg-score-4.mp4,,,,,,
Appliance repair,https://raw.githubusercontent.com/ariel-at-brightdata/labeling/main/appliance-repair_channels/mp4/UC6T-xyQlKVT5dMQFmYZHhzw-score-4.mp4,,,,,,
Appliance repair,https://raw.githubusercontent.com/ariel-at-brightdata/labeling/main/appliance-repair_channels/mp4/UC6U0oWGtB-yX8xHNh9fV9fQ-score-4.mp4,,,,,,
Appliance repair,https://raw.githubusercontent.com/ariel-at-brightdata/labeling/main/appliance-repair_channels/mp4/UC6YH-ridYO9scOWopqxIcmA-score-4.mp4,,,,,,
Appliance repair,https://raw.githubusercontent.com/ariel-at-brightdata/labeling/main/appliance-repair_channels/mp4/UC6cTMjsLZZ5KEaABdit-6Sg-score-4.mp4,,,,,,
Appliance repair,https://raw.githubusercontent.com/ariel-at-brightdata/labeling/main/appliance-repair_channels/mp4/UC6fZUuGXMqmZge_nVuMrd8Q-score-4.mp4,,,,,,
Appliance repair,https://raw.githubusercontent.com/ariel-at-brightdata/labeling/main/appliance-repair_channels/mp4/UC6qMTJm9MG4lt9zu7hJ2ZOQ-score-4.mp4,,,,,,
Appliance repair,https://raw.githubusercontent.com/ariel-at-brightdata/labeling/main/appliance-repair_channels/mp4/UC6rEXLgxwgJUn_yvn-yOsiQ-score-4.mp4,,,,,,
Appliance repair,https://raw.githubusercontent.com/ariel-at-brightdata/labeling/main/appliance-repair_channels/mp4/UC6rSNQ8MKVrWhtIbmMgEEXQ-score-5.mp4,,,,,,
Appliance repair,https://raw.githubusercontent.com/ariel-at-brightdata/labeling/main/appliance-repair_channels/mp4/UC72saQAZV0SZFylrGl02pIw-score-4.mp4,,,,,,
Appliance repair,https://raw.githubusercontent.com/ariel-at-brightdata/labeling/main/appliance-repair_channels/mp4/UC73j-EID6nZltrjzbyq6_Ng-score-5.mp4,,,,,,
Appliance repair,https://raw.githubusercontent.com/ariel-at-brightdata/labeling/main/appliance-repair_channels/mp4/UC79lIYsyWiR4qJmH7gOel1g-score-4.mp4,,,,,,
Appliance repair,https://raw.githubusercontent.com/ariel-at-brightdata/labeling/main/appliance-repair_channels/mp4/UC7CZheAiYYzZedDs7obGXuw-score-4.mp4,,,,,,
Appliance repair,https://raw.githubusercontent.com/ariel-at-brightdata/labeling/main/appliance-repair_channels/mp4/UC7DLYjmoG_-IsBJFjzJIMCw-score-4.mp4,,,,,,
Appliance repair,https://raw.githubusercontent.com/ariel-at-brightdata/labeling/main/appliance-repair_channels/mp4/UC7IIQctK7l-Fkx49eE8WRxw-score-4.mp4,,,,,,
Appliance repair,https://raw.githubusercontent.com/ariel-at-brightdata/labeling/main/appliance-repair_channels/mp4/UC7J0irCmGWlecEGL_UMjYDA-score-4.mp4,,,,,,
Appliance repair,https://raw.githubusercontent.com/ariel-at-brightdata/labeling/main/appliance-repair_channels/mp4/UC7K0DsRNdHl9rdt_TAQooWQ-score-4.mp4,,,,,,
Appliance repair,https://raw.githubusercontent.com/ariel-at-brightdata/labeling/main/appliance-repair_channels/mp4/UC7NP4RLnBFwFzjdjsO7pp1Q-score-4.mp4,,,,,,
Appliance repair,https://raw.githubusercontent.com/ariel-at-brightdata/labeling/main/appliance-repair_channels/mp4/UC7O_KDkiM5TB238117c06KQ-score-4.mp4,,,,,,
Appliance repair,https://raw.githubusercontent.com/ariel-at-brightdata/labeling/main/appliance-repair_channels/mp4/UC7RyBalXZ6UBgpogK3wW_9A-score-4.mp4,,,,,,
Appliance repair,https://raw.githubusercontent.com/ariel-at-brightdata/labeling/main/appliance-repair_channels/mp4/UC7aMFLfgEUNiUUvy7J3IzCA-score-4.mp4,,,,,,
Appliance repair,https://raw.githubusercontent.com/ariel-at-brightdata/labeling/main/appliance-repair_channels/mp4/UC7eDs04dbwsj6PZfIvSw6bw-score-4.mp4,,,,,,
Appliance repair,https://raw.githubusercontent.com/ariel-at-brightdata/labeling/main/appliance-repair_channels/mp4/UC7fBqy8806u1r0NpPv_fQ2w-score-5.mp4,,,,,,
Appliance repair,https://raw.githubusercontent.com/ariel-at-brightdata/labeling/main/appliance-repair_channels/mp4/UC7fmaDG-Q4ZLKSCmIkgMVWA-score-4.mp4,,,,,,
Appliance repair,https://raw.githubusercontent.com/ariel-at-brightdata/labeling/main/appliance-repair_channels/mp4/UC7jWJWVHpx9YGd-uW4Z2yxQ-score-4.mp4,,,,,,
Appliance repair,https://raw.githubusercontent.com/ariel-at-brightdata/labeling/main/appliance-repair_channels/mp4/UC7lfPEtCQrcMMFAlPJeJchg-score-4.mp4,,,,,,
Appliance repair,https://raw.githubusercontent.com/ariel-at-brightdata/labeling/main/appliance-repair_channels/mp4/UC7pMNpRZEh_Ei1SR9pQcCRw-score-4.mp4,,,,,,
Appliance repair,https://raw.githubusercontent.com/ariel-at-brightdata/labeling/main/appliance-repair_channels/mp4/UC7tWzM69XUXzl9ofe4DSWRw-score-4.mp4,,,,,,
Appliance repair,https://raw.githubusercontent.com/ariel-at-brightdata/labeling/main/appliance-repair_channels/mp4/UC7yBxaA8b3ujA7fI4L5Ud5w-score-4.mp4,,,,,,
Appliance repair,https://raw.githubusercontent.com/ariel-at-brightdata/labeling/main/appliance-repair_channels/mp4/UC7zNlv8rixl4OLw4zHhhi5w-score-4.mp4,,,,,,
Appliance repair,https://raw.githubusercontent.com/ariel-at-brightdata/labeling/main/appliance-repair_channels/mp4/UC83i7lu1uBTO5iDhyvyMWhA-score-4.mp4,,,,,,
Appliance repair,https://raw.githubusercontent.com/ariel-at-brightdata/labeling/main/appliance-repair_channels/mp4/UC872hFULcH6sCqorb_fEfcQ-score-4.mp4,,,,,,
Appliance repair,https://raw.githubusercontent.com/ariel-at-brightdata/labeling/main/appliance-repair_channels/mp4/UC8969OXjlNWME_P8UEWYQFQ-score-4.mp4,,,,,,
Appliance repair,https://raw.githubusercontent.com/ariel-at-brightdata/labeling/main/appliance-repair_channels/mp4/UC8CCcmh8-0HjAGDZLo0rRpg-score-4.mp4,,,,,,
Appliance repair,https://raw.githubusercontent.com/ariel-at-brightdata/labeling/main/appliance-repair_channels/mp4/UC8OylSF010rt21SjnMuyo0Q-score-4.mp4,,,,,,
Appliance repair,https://raw.githubusercontent.com/ariel-at-brightdata/labeling/main/appliance-repair_channels/mp4/UC8Sc6Wg7agXKKR1JnrfUTOQ-score-4.mp4,,,,,,
Appliance repair,https://raw.githubusercontent.com/ariel-at-brightdata/labeling/main/appliance-repair_channels/mp4/UC8Vi0VoRDRBmELfyUQ0UP6g-score-4.mp4,,,,,,
Appliance repair,https://raw.githubusercontent.com/ariel-at-brightdata/labeling/main/appliance-repair_channels/mp4/UC8Wx7hdJqn_BOK3fZas825g-score-4.mp4,,,,,,
Appliance repair,https://raw.githubusercontent.com/ariel-at-brightdata/labeling/main/appliance-repair_channels/mp4/UC8b7PFFI7lSzFMJY2bPG7rQ-score-4.mp4,,,,,,
Appliance repair,https://raw.githubusercontent.com/ariel-at-brightdata/labeling/main/appliance-repair_channels/mp4/UC8doH7RUWijRBBX4kkafddw-score-4.mp4,,,,,,
Appliance repair,https://raw.githubusercontent.com/ariel-at-brightdata/labeling/main/appliance-repair_channels/mp4/UC8tT5qHH_YpOvbZjWH_bZaA-score-4.mp4,,,,,,
Appliance repair,https://raw.githubusercontent.com/ariel-at-brightdata/labeling/main/appliance-repair_channels/mp4/UC8vhAglEHmGjjchiGRWU1zw-score-4.mp4,,,,,,
Appliance repair,https://raw.githubusercontent.com/ariel-at-brightdata/labeling/main/appliance-repair_channels/mp4/UC95bveL2_mWyXO3u3_q2OGQ-score-5.mp4,,,,,,
Appliance repair,https://raw.githubusercontent.com/ariel-at-brightdata/labeling/main/appliance-repair_channels/mp4/UC9AbsfzyqHimi3Sbr3TdYqg-score-4.mp4,,,,,,
Appliance repair,https://raw.githubusercontent.com/ariel-at-brightdata/labeling/main/appliance-repair_channels/mp4/UC9FijxeIc8FL-sacIPLwFnA-score-4.mp4,,,,,,
Appliance repair,https://raw.githubusercontent.com/ariel-at-brightdata/labeling/main/appliance-repair_channels/mp4/UC9GZcpaDyW0S0BH4XVc83aQ-score-4.mp4,,,,,,
Appliance repair,https://raw.githubusercontent.com/ariel-at-brightdata/labeling/main/appliance-repair_channels/mp4/UC9JUC0QNyfsQnw-BtxZffdA-score-4.mp4,,,,,,
Appliance repair,https://raw.githubusercontent.com/ariel-at-brightdata/labeling/main/appliance-repair_channels/mp4/UC9Rm0akQ-2UasfCwWZSe1_A-score-4.mp4,,,,,,
Appliance repair,https://raw.githubusercontent.com/ariel-at-brightdata/labeling/main/appliance-repair_channels/mp4/UC9YeeTRVqDRWh7aVBEEfueQ-score-4.mp4,,,,,,
Appliance repair,https://raw.githubusercontent.com/ariel-at-brightdata/labeling/main/appliance-repair_channels/mp4/UC9iQkleGoIKLwXv3KYg4RSw-score-4.mp4,,,,,,
Appliance repair,https://raw.githubusercontent.com/ariel-at-brightdata/labeling/main/appliance-repair_channels/mp4/UC9yoZt408o4XLalw-dC6wRw-score-4.mp4,,,,,,
Appliance repair,https://raw.githubusercontent.com/ariel-at-brightdata/labeling/main/appliance-repair_channels/mp4/UCA-E96zb4yjUqXqxzbaO8QQ-score-4.mp4,,,,,,
Appliance repair,https://raw.githubusercontent.com/ariel-at-brightdata/labeling/main/appliance-repair_channels/mp4/UCA4OjinUkuGuxuUEKafPaZQ-score-5.mp4,,,,,,
Appliance repair,https://raw.githubusercontent.com/ariel-at-brightdata/labeling/main/appliance-repair_channels/mp4/UCA8LeikIunHxPLvVN3M7GDg-score-5.mp4,,,,,,
Appliance repair,https://raw.githubusercontent.com/ariel-at-brightdata/labeling/main/appliance-repair_channels/mp4/UCAEphMmB-8kpnw6CSsoqX-Q-score-4.mp4,,,,,,
Appliance repair,https://raw.githubusercontent.com/ariel-at-brightdata/labeling/main/appliance-repair_channels/mp4/UCAJWpQdrE_lrsS2WDtK2mUg-score-4.mp4,,,,,,
Appliance repair,https://raw.githubusercontent.com/ariel-at-brightdata/labeling/main/appliance-repair_channels/mp4/UCAL_CvJbK44eFuoNO-zNcdQ-score-4.mp4,,,,,,
Appliance repair,https://raw.githubusercontent.com/ariel-at-brightdata/labeling/main/appliance-repair_channels/mp4/UCAMl3yLYCp2zbL04rkffx5g-score-4.mp4,,,,,,
Appliance repair,https://raw.githubusercontent.com/ariel-at-brightdata/labeling/main/appliance-repair_channels/mp4/UCAR1OgcAaoautLsvO8SVdGg-score-5.mp4,,,,,,
Appliance repair,https://raw.githubusercontent.com/ariel-at-brightdata/labeling/main/appliance-repair_channels/mp4/UCATYGsqtg8-1qhLi-WckaHw-score-5.mp4,,,,,,
Appliance repair,https://raw.githubusercontent.com/ariel-at-brightdata/labeling/main/appliance-repair_channels/mp4/UCA_nlXuPgKwzTVl4PX4Wbkg-score-4.mp4,,,,,,
Appliance repair,https://raw.githubusercontent.com/ariel-at-brightdata/labeling/main/appliance-repair_channels/mp4/UCAbWXQ3b3a6nklVuSjl39Ig-score-4.mp4,,,,,,
Appliance repair,https://raw.githubusercontent.com/ariel-at-brightdata/labeling/main/appliance-repair_channels/mp4/UCAcd_4UOwtqg0yMR86ma_BA-score-4.mp4,,,,,,
Appliance repair,https://raw.githubusercontent.com/ariel-at-brightdata/labeling/main/appliance-repair_channels/mp4/UCAdTZuqLyx4qYG-R6l0ph8g-score-4.mp4,,,,,,
Appliance repair,https://raw.githubusercontent.com/ariel-at-brightdata/labeling/main/appliance-repair_channels/mp4/UCAfN7WFLy7jMoSM474r6k5g-score-5.mp4,,,,,,
Appliance repair,https://raw.githubusercontent.com/ariel-at-brightdata/labeling/main/appliance-repair_channels/mp4/UCAghillB_cvImto7JV4ePAQ-score-4.mp4,,,,,,
Appliance repair,https://raw.githubusercontent.com/ariel-at-brightdata/labeling/main/appliance-repair_channels/mp4/UCAhmYb8PiPQ7lB5uY1crCxA-score-4.mp4,,,,,,
Appliance repair,https://raw.githubusercontent.com/ariel-at-brightdata/labeling/main/appliance-repair_channels/mp4/UCAm8AutvDwLo1slckqPjSXA-score-4.mp4,,,,,,
Appliance repair,https://raw.githubusercontent.com/ariel-at-brightdata/labeling/main/appliance-repair_channels/mp4/UCAoLnTvmQOb3WhoY0IJb3rg-score-4.mp4,,,,,,
Appliance repair,https://raw.githubusercontent.com/ariel-at-brightdata/labeling/main/appliance-repair_channels/mp4/UCArI0tNcOzzwtugYdLcDc1g-score-4.mp4,,,,,,
Appliance repair,https://raw.githubusercontent.com/ariel-at-brightdata/labeling/main/appliance-repair_channels/mp4/UCAwBWY4l3xJ4LJyuZ_pMZ6A-score-4.mp4,,,,,,
Appliance repair,https://raw.githubusercontent.com/ariel-at-brightdata/labeling/main/appliance-repair_channels/mp4/UCAwF20cxWx8Q64P83yLsO6Q-score-4.mp4,,,,,,
Appliance repair,https://raw.githubusercontent.com/ariel-at-brightdata/labeling/main/appliance-repair_channels/mp4/UCB0Bui60xaxwDxBJ-ohhn3w-score-4.mp4,,,,,,
Appliance repair,https://raw.githubusercontent.com/ariel-at-brightdata/labeling/main/appliance-repair_channels/mp4/UCB4I7ySNUw72YUUwpO7_91A-score-4.mp4,,,,,,
Appliance repair,https://raw.githubusercontent.com/ariel-at-brightdata/labeling/main/appliance-repair_channels/mp4/UCBFwpjwYXgRw42vEgP6qjqA-score-4.mp4,,,,,,
Appliance repair,https://raw.githubusercontent.com/ariel-at-brightdata/labeling/main/appliance-repair_channels/mp4/UCBGKi7jrD3zdZYBy6x53NCA-score-4.mp4,,,,,,
Appliance repair,https://raw.githubusercontent.com/ariel-at-brightdata/labeling/main/appliance-repair_channels/mp4/UCBHmULvjYGSDtCFxOZuHTkg-score-4.mp4,,,,,,
Appliance repair,https://raw.githubusercontent.com/ariel-at-brightdata/labeling/main/appliance-repair_channels/mp4/UCBUWqXXyE_Wlij1ZOx5_Zvw-score-4.mp4,,,,,,
Appliance repair,https://raw.githubusercontent.com/ariel-at-brightdata/labeling/main/appliance-repair_channels/mp4/UCBY6LFm2oOtdQTgskcMKB8g-score-4.mp4,,,,,,
Appliance repair,https://raw.githubusercontent.com/ariel-at-brightdata/labeling/main/appliance-repair_channels/mp4/UCBfpNQvpL53pe84Nj2hINUw-score-4.mp4,,,,,,
Appliance repair,https://raw.githubusercontent.com/ariel-at-brightdata/labeling/main/appliance-repair_channels/mp4/UCBnxbDfWrTSQExQi-jkhO6Q-score-4.mp4,,,,,,
Appliance repair,https://raw.githubusercontent.com/ariel-at-brightdata/labeling/main/appliance-repair_channels/mp4/UCBp2ZxSr0c1Jk57yjQVFHlg-score-4.mp4,,,,,,
Appliance repair,https://raw.githubusercontent.com/ariel-at-brightdata/labeling/main/appliance-repair_channels/mp4/UCBuVfeT0oxifkuelobdvYVg-score-4.mp4,,,,,,
Appliance repair,https://raw.githubusercontent.com/ariel-at-brightdata/labeling/main/appliance-repair_channels/mp4/UCBvHiIkDIBfzu4RndCJA_9g-score-4.mp4,,,,,,
Appliance repair,https://raw.githubusercontent.com/ariel-at-brightdata/labeling/main/appliance-repair_channels/mp4/UCBwtN06sOD2B9adAdGrnUMA-score-4.mp4,,,,,,
Appliance repair,https://raw.githubusercontent.com/ariel-at-brightdata/labeling/main/appliance-repair_channels/mp4/UCC-WgT1PbQj1s3UqRc8bHDg-score-4.mp4,,,,,,
Appliance repair,https://raw.githubusercontent.com/ariel-at-brightdata/labeling/main/appliance-repair_channels/mp4/UCC63YsIYAYe7gjLJRiOFELA-score-5.mp4,,,,,,
Appliance repair,https://raw.githubusercontent.com/ariel-at-brightdata/labeling/main/appliance-repair_channels/mp4/UCC8fjBJpAy4NAIu8XFFOOiQ-score-4.mp4,,,,,,
Appliance repair,https://raw.githubusercontent.com/ariel-at-brightdata/labeling/main/appliance-repair_channels/mp4/UCCGegrdoLI7ITmPeQRluiFw-score-4.mp4,,,,,,
Appliance repair,https://raw.githubusercontent.com/ariel-at-brightdata/labeling/main/appliance-repair_channels/mp4/UCCLKConJQSlMrOjFjflAd-A-score-4.mp4,,,,,,
Appliance repair,https://raw.githubusercontent.com/ariel-at-brightdata/labeling/main/appliance-repair_channels/mp4/UCCMjhTqMdrS2gX70H9E0YOA-score-4.mp4,,,,,,
Appliance repair,https://raw.githubusercontent.com/ariel-at-brightdata/labeling/main/appliance-repair_channels/mp4/UCCN_1pEGBzlAEdC0oX7udwg-score-4.mp4,,,,,,
Appliance repair,https://raw.githubusercontent.com/ariel-at-brightdata/labeling/main/appliance-repair_channels/mp4/UCCY6utHxfTTi0wEYjWaBw8Q-score-4.mp4,,,,,,
Appliance repair,https://raw.githubusercontent.com/ariel-at-brightdata/labeling/main/appliance-repair_channels/mp4/UCCZ93cVERU2X28DGx6VWaOQ-score-4.mp4,,,,,,
Appliance repair,https://raw.githubusercontent.com/ariel-at-brightdata/labeling/main/appliance-repair_channels/mp4/UCCc2VyjyDWT-tA3GdV0M0Pw-score-4.mp4,,,,,,
Appliance repair,https://raw.githubusercontent.com/ariel-at-brightdata/labeling/main/appliance-repair_channels/mp4/UCChucWGjwTZKg3Cd1B2Zn_A-score-4.mp4,,,,,,
Appliance repair,https://raw.githubusercontent.com/ariel-at-brightdata/labeling/main/appliance-repair_channels/mp4/UCCkSXrSwiDWG0wrmbWOSCzA-score-4.mp4,,,,,,
Appliance repair,https://raw.githubusercontent.com/ariel-at-brightdata/labeling/main/appliance-repair_channels/mp4/UCCqlyu4i2AlgZzsYn74XLvw-score-4.mp4,,,,,,
Appliance repair,https://raw.githubusercontent.com/ariel-at-brightdata/labeling/main/appliance-repair_channels/mp4/UCCtZxX7ANklHEWRaPJyJwew-score-4.mp4,,,,,,
Appliance repair,https://raw.githubusercontent.com/ariel-at-brightdata/labeling/main/appliance-repair_channels/mp4/UCCxrVOT3QUOCQ55wB0vHoaA-score-4.mp4,,,,,,
Appliance repair,https://raw.githubusercontent.com/ariel-at-brightdata/labeling/main/appliance-repair_channels/mp4/UCD0c6qeBC6MKaP_q1DcjuMg-score-4.mp4,,,,,,
Appliance repair,https://raw.githubusercontent.com/ariel-at-brightdata/labeling/main/appliance-repair_channels/mp4/UCD3vMjlQQBHLzsK5McYrVKA-score-4.mp4,,,,,,
Appliance repair,https://raw.githubusercontent.com/ariel-at-brightdata/labeling/main/appliance-repair_channels/mp4/UCD7FQQev-YMsslmt9nJ5ZtA-score-4.mp4,,,,,,
Appliance repair,https://raw.githubusercontent.com/ariel-at-brightdata/labeling/main/appliance-repair_channels/mp4/UCD8YsiW6NTaXijcaNXNh33g-score-4.mp4,,,,,,
Appliance repair,https://raw.githubusercontent.com/ariel-at-brightdata/labeling/main/appliance-repair_channels/mp4/UCDCrjUBvgS4UnC-dDz8sdeA-score-4.mp4,,,,,,
Appliance repair,https://raw.githubusercontent.com/ariel-at-brightdata/labeling/main/appliance-repair_channels/mp4/UCDFcveIIc2SV98d5utEEE4g-score-4.mp4,,,,,,
Appliance repair,https://raw.githubusercontent.com/ariel-at-brightdata/labeling/main/appliance-repair_channels/mp4/UCDI_Ag40JGmsXoH5GnN0ypw-score-4.mp4,,,,,,
Appliance repair,https://raw.githubusercontent.com/ariel-at-brightdata/labeling/main/appliance-repair_channels/mp4/UCDKkYiaq3lP52m8ZsqD0tGw-score-5.mp4,,,,,,
Appliance repair,https://raw.githubusercontent.com/ariel-at-brightdata/labeling/main/appliance-repair_channels/mp4/UCDMFBp1q65b2d2NkHue7_KQ-score-4.mp4,,,,,,
Appliance repair,https://raw.githubusercontent.com/ariel-at-brightdata/labeling/main/appliance-repair_channels/mp4/UCDQLDFFLSZdiNp5pmb7WtXQ-score-4.mp4,,,,,,
Appliance repair,https://raw.githubusercontent.com/ariel-at-brightdata/labeling/main/appliance-repair_channels/mp4/UCDUF7rTCOaOgu0Z-mrlSw9g-score-4.mp4,,,,,,
Appliance repair,https://raw.githubusercontent.com/ariel-at-brightdata/labeling/main/appliance-repair_channels/mp4/UCDUzsL7O61QxkK3ewhIuiZA-score-4.mp4,,,,,,
Appliance repair,https://raw.githubusercontent.com/ariel-at-brightdata/labeling/main/appliance-repair_channels/mp4/UCDaSQaH4AkvfK_hESIzNtFg-score-4.mp4,,,,,,
Appliance repair,https://raw.githubusercontent.com/ariel-at-brightdata/labeling/main/appliance-repair_channels/mp4/UCDcT7PAf8WBy51TYHzvg4aQ-score-4.mp4,,,,,,
Appliance repair,https://raw.githubusercontent.com/ariel-at-brightdata/labeling/main/appliance-repair_channels/mp4/UCDeRw-USRCNQAXdq0AAvUYg-score-4.mp4,,,,,,
Appliance repair,https://raw.githubusercontent.com/ariel-at-brightdata/labeling/main/appliance-repair_channels/mp4/UCDfpqb2_lDU-ITEQldE1-HA-score-4.mp4,,,,,,
Appliance repair,https://raw.githubusercontent.com/ariel-at-brightdata/labeling/main/appliance-repair_channels/mp4/UCDi3O0EHuSpxRMGVewk8KgQ-score-4.mp4,,,,,,
Appliance repair,https://raw.githubusercontent.com/ariel-at-brightdata/labeling/main/appliance-repair_channels/mp4/UCDnFuR0v1toho4us3J28ukg-score-4.mp4,,,,,,
Appliance repair,https://raw.githubusercontent.com/ariel-at-brightdata/labeling/main/appliance-repair_channels/mp4/UCDo1wkctbIzSr9tCZsWQJcw-score-4.mp4,,,,,,
Appliance repair,https://raw.githubusercontent.com/ariel-at-brightdata/labeling/main/appliance-repair_channels/mp4/UCDoGsX0rjxkyELri6aCmXiQ-score-4.mp4,,,,,,
Appliance repair,https://raw.githubusercontent.com/ariel-at-brightdata/labeling/main/appliance-repair_channels/mp4/UCDpFRWuY8S7vUY7oNSyi8ug-score-4.mp4,,,,,,
Appliance repair,https://raw.githubusercontent.com/ariel-at-brightdata/labeling/main/appliance-repair_channels/mp4/UCDqoqyjVi2FqssNcu3PeUOA-score-4.mp4,,,,,,
Appliance repair,https://raw.githubusercontent.com/ariel-at-brightdata/labeling/main/appliance-repair_channels/mp4/UCDtepnImhEulmfNUVlG1afw-score-4.mp4,,,,,,
Appliance repair,https://raw.githubusercontent.com/ariel-at-brightdata/labeling/main/appliance-repair_channels/mp4/UCED5ZJaRxnbIbeGKgU-jJdg-score-4.mp4,,,,,,
Appliance repair,https://raw.githubusercontent.com/ariel-at-brightdata/labeling/main/appliance-repair_channels/mp4/UCETQBm29gb_0rcEKyLVY7Lg-score-4.mp4,,,,,,
Appliance repair,https://raw.githubusercontent.com/ariel-at-brightdata/labeling/main/appliance-repair_channels/mp4/UCETmwwQDIySr22_0THjwHoA-score-4.mp4,,,,,,
Appliance repair,https://raw.githubusercontent.com/ariel-at-brightdata/labeling/main/appliance-repair_channels/mp4/UCEXRWjYr2ToHhIC4w82ACkA-score-4.mp4,,,,,,
Appliance repair,https://raw.githubusercontent.com/ariel-at-brightdata/labeling/main/appliance-repair_channels/mp4/UCE_9YztXLk0vY-ojqmDOijw-score-4.mp4,,,,,,
Appliance repair,https://raw.githubusercontent.com/ariel-at-brightdata/labeling/main/appliance-repair_channels/mp4/UCEaGdIrfeiFL33WbWtg6O7w-score-4.mp4,,,,,,
Appliance repair,https://raw.githubusercontent.com/ariel-at-brightdata/labeling/main/appliance-repair_channels/mp4/UCEdZByB5XIGYUXuDXMM2qNA-score-4.mp4,,,,,,
Appliance repair,https://raw.githubusercontent.com/ariel-at-brightdata/labeling/main/appliance-repair_channels/mp4/UCEf4wmHs10xCmHSmjvU07yw-score-4.mp4,,,,,,
Appliance repair,https://raw.githubusercontent.com/ariel-at-brightdata/labeling/main/appliance-repair_channels/mp4/UCEmHgdAsXlAXmskbZBgYZiA-score-4.mp4,,,,,,
Appliance repair,https://raw.githubusercontent.com/ariel-at-brightdata/labeling/main/appliance-repair_channels/mp4/UCEqdw0sJM_bipVByTR77lCg-score-4.mp4,,,,,,
Appliance repair,https://raw.githubusercontent.com/ariel-at-brightdata/labeling/main/appliance-repair_channels/mp4/UCErNNdWP56KzZRLGFroYkSQ-score-5.mp4,,,,,,
Appliance repair,https://raw.githubusercontent.com/ariel-at-brightdata/labeling/main/appliance-repair_channels/mp4/UCErS8ExYv92e5wevgOojhLw-score-4.mp4,,,,,,
Appliance repair,https://raw.githubusercontent.com/ariel-at-brightdata/labeling/main/appliance-repair_channels/mp4/UCF-dd4JnaRBnwW62WW8dsUQ-score-4.mp4,,,,,,
Appliance repair,https://raw.githubusercontent.com/ariel-at-brightdata/labeling/main/appliance-repair_channels/mp4/UCFDIeciBfcu-hby4MtLqY9w-score-4.mp4,,,,,,
Appliance repair,https://raw.githubusercontent.com/ariel-at-brightdata/labeling/main/appliance-repair_channels/mp4/UCFGj3J43zw0ncCRtV4d01Iw-score-4.mp4,,,,,,
Appliance repair,https://raw.githubusercontent.com/ariel-at-brightdata/labeling/main/appliance-repair_channels/mp4/UCFMfea_qccsRlcYgBRcL2fg-score-4.mp4,,,,,,
Appliance repair,https://raw.githubusercontent.com/ariel-at-brightdata/labeling/main/appliance-repair_channels/mp4/UCFNi_O3eS73rfqUPUGqe8Pg-score-4.mp4,,,,,,
Appliance repair,https://raw.githubusercontent.com/ariel-at-brightdata/labeling/main/appliance-repair_channels/mp4/UCFRSUscqd_IdgOJKqczPCbw-score-4.mp4,,,,,,
Appliance repair,https://raw.githubusercontent.com/ariel-at-brightdata/labeling/main/appliance-repair_channels/mp4/UCFRe89U3HVD2-vr2DytWUIA-score-4.mp4,,,,,,
Appliance repair,https://raw.githubusercontent.com/ariel-at-brightdata/labeling/main/appliance-repair_channels/mp4/UCFU5hokvaywJxiPaQ8LhncQ-score-4.mp4,,,,,,
Appliance repair,https://raw.githubusercontent.com/ariel-at-brightdata/labeling/main/appliance-repair_channels/mp4/UCFU9JLE9jDO91_dnRL2_qNw-score-4.mp4,,,,,,
Appliance repair,https://raw.githubusercontent.com/ariel-at-brightdata/labeling/main/appliance-repair_channels/mp4/UCFavaQOqkWqX8UGy6ZhE3Ag-score-4.mp4,,,,,,
Appliance repair,https://raw.githubusercontent.com/ariel-at-brightdata/labeling/main/appliance-repair_channels/mp4/UCFawq_aq86ocQetnhBG0Rhw-score-4.mp4,,,,,,
Appliance repair,https://raw.githubusercontent.com/ariel-at-brightdata/labeling/main/appliance-repair_channels/mp4/UCFc8WhLtLFfHVuQraDs1W7A-score-4.mp4,,,,,,
Appliance repair,https://raw.githubusercontent.com/ariel-at-brightdata/labeling/main/appliance-repair_channels/mp4/UCFfK3V00GaOqt4NvWXeuQzg-score-4.mp4,,,,,,
Appliance repair,https://raw.githubusercontent.com/ariel-at-brightdata/labeling/main/appliance-repair_channels/mp4/UCFh3xeoQEGNcjD3eYrlj2pg-score-4.mp4,,,,,,
Appliance repair,https://raw.githubusercontent.com/ariel-at-brightdata/labeling/main/appliance-repair_channels/mp4/UCFqvYefbQivHaxHX1oT7Izg-score-4.mp4,,,,,,
Appliance repair,https://raw.githubusercontent.com/ariel-at-brightdata/labeling/main/appliance-repair_channels/mp4/UCFtWEyC3dmoziTOoRJFrtqA-score-4.mp4,,,,,,
Appliance repair,https://raw.githubusercontent.com/ariel-at-brightdata/labeling/main/appliance-repair_channels/mp4/UCG-241OP9GGz_eLyXajGTzw-score-4.mp4,,,,,,
Appliance repair,https://raw.githubusercontent.com/ariel-at-brightdata/labeling/main/appliance-repair_channels/mp4/UCG73UHBqKFUxUJN4K55sN0g-score-4.mp4,,,,,,
Appliance repair,https://raw.githubusercontent.com/ariel-at-brightdata/labeling/main/appliance-repair_channels/mp4/UCGHyhdZwvA8UGyXcw54Gwmw-score-4.mp4,,,,,,
Appliance repair,https://raw.githubusercontent.com/ariel-at-brightdata/labeling/main/appliance-repair_channels/mp4/UCGIWoFCiw_H5SW4sHWFzQSw-score-4.mp4,,,,,,
Appliance repair,https://raw.githubusercontent.com/ariel-at-brightdata/labeling/main/appliance-repair_channels/mp4/UCGLgViv_BBMXXWhlH1hlTrA-score-4.mp4,,,,,,
Appliance repair,https://raw.githubusercontent.com/ariel-at-brightdata/labeling/main/appliance-repair_channels/mp4/UCGXh92bYGZ0khO9k1mGB8NQ-score-4.mp4,,,,,,
Appliance repair,https://raw.githubusercontent.com/ariel-at-brightdata/labeling/main/appliance-repair_channels/mp4/UCGfcQdU_pSLuINlBw47ol-g-score-4.mp4,,,,,,
Appliance repair,https://raw.githubusercontent.com/ariel-at-brightdata/labeling/main/appliance-repair_channels/mp4/UCGg8Kw_wuUvWK1Z8bUVgztQ-score-4.mp4,,,,,,
Appliance repair,https://raw.githubusercontent.com/ariel-at-brightdata/labeling/main/appliance-repair_channels/mp4/UCGnxvlM8ZI7_PUJMUuYJuAQ-score-4.mp4,,,,,,
Appliance repair,https://raw.githubusercontent.com/ariel-at-brightdata/labeling/main/appliance-repair_channels/mp4/UCGpInAejvpfVVE4FHB_L-Dg-score-4.mp4,,,,,,
Appliance repair,https://raw.githubusercontent.com/ariel-at-brightdata/labeling/main/appliance-repair_channels/mp4/UCGuUQselAx5coSIBJXR6r5Q-score-4.mp4,,,,,,
Appliance repair,https://raw.githubusercontent.com/ariel-at-brightdata/labeling/main/appliance-repair_channels/mp4/UCGwn2HGPcdx42nTb-KZRYPw-score-4.mp4,,,,,,
Appliance repair,https://raw.githubusercontent.com/ariel-at-brightdata/labeling/main/appliance-repair_channels/mp4/UCH-mHwYzDMacG7EgeloLmXA-score-4.mp4,,,,,,
Appliance repair,https://raw.githubusercontent.com/ariel-at-brightdata/labeling/main/appliance-repair_channels/mp4/UCH1uN42k5yOpdCyUF60tc0g-score-4.mp4,,,,,,
Appliance repair,https://raw.githubusercontent.com/ariel-at-brightdata/labeling/main/appliance-repair_channels/mp4/UCHBO5S0IGCbEhG-jLYWTdoA-score-4.mp4,,,,,,
Appliance repair,https://raw.githubusercontent.com/ariel-at-brightdata/labeling/main/appliance-repair_channels/mp4/UCHRKLcr3oMZgrHgATZiiElQ-score-4.mp4,,,,,,
Appliance repair,https://raw.githubusercontent.com/ariel-at-brightdata/labeling/main/appliance-repair_channels/mp4/UCHSZme51iPerV4IiaC0EsNQ-score-4.mp4,,,,,,
Appliance repair,https://raw.githubusercontent.com/ariel-at-brightdata/labeling/main/appliance-repair_channels/mp4/UCHecoX-gd7AC3864oepMhrw-score-4.mp4,,,,,,
Appliance repair,https://raw.githubusercontent.com/ariel-at-brightdata/labeling/main/appliance-repair_channels/mp4/UCHewOtSW5EuQ9_A335gAU-w-score-4.mp4,,,,,,
Appliance repair,https://raw.githubusercontent.com/ariel-at-brightdata/labeling/main/appliance-repair_channels/mp4/UCHhACVRWb1vTUAYiU8pzT-A-score-4.mp4,,,,,,
Appliance repair,https://raw.githubusercontent.com/ariel-at-brightdata/labeling/main/appliance-repair_channels/mp4/UCHhvdeD6pj6WGM3O2gUo2sA-score-4.mp4,,,,,,
Appliance repair,https://raw.githubusercontent.com/ariel-at-brightdata/labeling/main/appliance-repair_channels/mp4/UCHjhQTaRcBVlJjKLZwO9RCQ-score-4.mp4,,,,,,
Appliance repair,https://raw.githubusercontent.com/ariel-at-brightdata/labeling/main/appliance-repair_channels/mp4/UCHmqmvXsW-_pbliiPu7xC3w-score-4.mp4,,,,,,
Appliance repair,https://raw.githubusercontent.com/ariel-at-brightdata/labeling/main/appliance-repair_channels/mp4/UCHywa8PyKe_LZaTm9G9meZg-score-4.mp4,,,,,,
Appliance repair,https://raw.githubusercontent.com/ariel-at-brightdata/labeling/main/appliance-repair_channels/mp4/UCI2z-pd7Iev7eWMW9q0XIvQ-score-4.mp4,,,,,,
Appliance repair,https://raw.githubusercontent.com/ariel-at-brightdata/labeling/main/appliance-repair_channels/mp4/UCI3_VPb-wfHK-9LaVXO-4hg-score-4.mp4,,,,,,
Appliance repair,https://raw.githubusercontent.com/ariel-at-brightdata/labeling/main/appliance-repair_channels/mp4/UCIAkoB8OaaSyq0VbMt-yBVw-score-4.mp4,,,,,,
Appliance repair,https://raw.githubusercontent.com/ariel-at-brightdata/labeling/main/appliance-repair_channels/mp4/UCICdqYEFS4YlU3skRPXn-ww-score-4.mp4,,,,,,
Appliance repair,https://raw.githubusercontent.com/ariel-at-brightdata/labeling/main/appliance-repair_channels/mp4/UCIGjk3QUF3j953hn_X3Ap8g-score-4.mp4,,,,,,
Appliance repair,https://raw.githubusercontent.com/ariel-at-brightdata/labeling/main/appliance-repair_channels/mp4/UCIPjQn_fybQDbft0d_Y5LLA-score-4.mp4,,,,,,
Appliance repair,https://raw.githubusercontent.com/ariel-at-brightdata/labeling/main/appliance-repair_channels/mp4/UCIQtMC1S683eKTmdqNg6Ujg-score-4.mp4,,,,,,
Appliance repair,https://raw.githubusercontent.com/ariel-at-brightdata/labeling/main/appliance-repair_channels/mp4/UCIRGiJdCOmWLLdapfs3hqGg-score-4.mp4,,,,,,
Appliance repair,https://raw.githubusercontent.com/ariel-at-brightdata/labeling/main/appliance-repair_channels/mp4/UCIU8CdqHIQ5XjJAgzDPBr6w-score-4.mp4,,,,,,
Appliance repair,https://raw.githubusercontent.com/ariel-at-brightdata/labeling/main/appliance-repair_channels/mp4/UCI_maLAS2irl19G3ydCTtZw-score-4.mp4,,,,,,
Appliance repair,https://raw.githubusercontent.com/ariel-at-brightdata/labeling/main/appliance-repair_channels/mp4/UCIf1uw4lIB_A4eua5O_0zfw-score-4.mp4,,,,,,
Appliance repair,https://raw.githubusercontent.com/ariel-at-brightdata/labeling/main/appliance-repair_channels/mp4/UCIkci_OqvRHrHdvVVRO06hw-score-4.mp4,,,,,,
Appliance repair,https://raw.githubusercontent.com/ariel-at-brightdata/labeling/main/appliance-repair_channels/mp4/UCIxQ2BmkzbWwC_1yh3h5nrA-score-4.mp4,,,,,,
Appliance repair,https://raw.githubusercontent.com/ariel-at-brightdata/labeling/main/appliance-repair_channels/mp4/UCIy10ZaI75gywpZHnTV44RQ-score-4.mp4,,,,,,
Appliance repair,https://raw.githubusercontent.com/ariel-at-brightdata/labeling/main/appliance-repair_channels/mp4/UCJ-5Nl-dES3DuX7NxGrzM6A-score-4.mp4,,,,,,
Appliance repair,https://raw.githubusercontent.com/ariel-at-brightdata/labeling/main/appliance-repair_channels/mp4/UCJ3-_GkLnNIsLTn2Z_Ikb1w-score-4.mp4,,,,,,
Appliance repair,https://raw.githubusercontent.com/ariel-at-brightdata/labeling/main/appliance-repair_channels/mp4/UCJG6MFUECDfRdWSEHk5u4XQ-score-4.mp4,,,,,,
Appliance repair,https://raw.githubusercontent.com/ariel-at-brightdata/labeling/main/appliance-repair_channels/mp4/UCJLzpIh7Z0bgW1zp9ZZggYw-score-4.mp4,,,,,,
Appliance repair,https://raw.githubusercontent.com/ariel-at-brightdata/labeling/main/appliance-repair_channels/mp4/UCJNrXYwR_cFOUsiEMcYMS2A-score-4.mp4,,,,,,
Appliance repair,https://raw.githubusercontent.com/ariel-at-brightdata/labeling/main/appliance-repair_channels/mp4/UCJOvVixuR8o08RhdIMkbF8w-score-4.mp4,,,,,,
Appliance repair,https://raw.githubusercontent.com/ariel-at-brightdata/labeling/main/appliance-repair_channels/mp4/UCJRupwE2wzuF0bQRScL5M6w-score-4.mp4,,,,,,
Appliance repair,https://raw.githubusercontent.com/ariel-at-brightdata/labeling/main/appliance-repair_channels/mp4/UCJSR0zOciwrv9tQT_wLt_0A-score-4.mp4,,,,,,
Appliance repair,https://raw.githubusercontent.com/ariel-at-brightdata/labeling/main/appliance-repair_channels/mp4/UCJTSqi53Al1PeXgl384ScOA-score-5.mp4,,,,,,
Appliance repair,https://raw.githubusercontent.com/ariel-at-brightdata/labeling/main/appliance-repair_channels/mp4/UCJcuirEc2QwXpxobtWnjfTA-score-4.mp4,,,,,,
Appliance repair,https://raw.githubusercontent.com/ariel-at-brightdata/labeling/main/appliance-repair_channels/mp4/UCJgEKvi5v1eLT0fsCb2AtHw-score-4.mp4,,,,,,
Appliance repair,https://raw.githubusercontent.com/ariel-at-brightdata/labeling/main/appliance-repair_channels/mp4/UCJhLBEmx0ea9OKjFoYZsr1A-score-4.mp4,,,,,,
Appliance repair,https://raw.githubusercontent.com/ariel-at-brightdata/labeling/main/appliance-repair_channels/mp4/UCJnhoNqbyDm67OAwce7FjbQ-score-4.mp4,,,,,,
Appliance repair,https://raw.githubusercontent.com/ariel-at-brightdata/labeling/main/appliance-repair_channels/mp4/UCJpWH9QTb_x2zs9dH5bxB4g-score-4.mp4,,,,,,
Appliance repair,https://raw.githubusercontent.com/ariel-at-brightdata/labeling/main/appliance-repair_channels/mp4/UCJrxlCMkUz0GZLG-bq9NMBw-score-5.mp4,,,,,,
Appliance repair,https://raw.githubusercontent.com/ariel-at-brightdata/labeling/main/appliance-repair_channels/mp4/UCJvSjAXX2zb8-ydwDaywJew-score-4.mp4,,,,,,
Appliance repair,https://raw.githubusercontent.com/ariel-at-brightdata/labeling/main/appliance-repair_channels/mp4/UCK0F-YLrOMAAuvt1bzdx67Q-score-4.mp4,,,,,,
Appliance repair,https://raw.githubusercontent.com/ariel-at-brightdata/labeling/main/appliance-repair_channels/mp4/UCK5LdAc8-Hpwh1hKgKd1vqw-score-4.mp4,,,,,,
Appliance repair,https://raw.githubusercontent.com/ariel-at-brightdata/labeling/main/appliance-repair_channels/mp4/UCKCVD5DyCkJByoMDNrzxVdg-score-4.mp4,,,,,,
Appliance repair,https://raw.githubusercontent.com/ariel-at-brightdata/labeling/main/appliance-repair_channels/mp4/UCKF45puCDFwOwpGWqfPgmbA-score-4.mp4,,,,,,
Appliance repair,https://raw.githubusercontent.com/ariel-at-brightdata/labeling/main/appliance-repair_channels/mp4/UCKFbOleFoDzzPTOXT5nEowQ-score-4.mp4,,,,,,
Appliance repair,https://raw.githubusercontent.com/ariel-at-brightdata/labeling/main/appliance-repair_channels/mp4/UCKGtInGp9I02rQwxGpFdIOw-score-4.mp4,,,,,,
Appliance repair,https://raw.githubusercontent.com/ariel-at-brightdata/labeling/main/appliance-repair_channels/mp4/UCKJ1_eCAQGWF3HA9mtbOtyg-score-4.mp4,,,,,,
Appliance repair,https://raw.githubusercontent.com/ariel-at-brightdata/labeling/main/appliance-repair_channels/mp4/UCKQyJWzfSEkbE_Ode6U954Q-score-4.mp4,,,,,,
Appliance repair,https://raw.githubusercontent.com/ariel-at-brightdata/labeling/main/appliance-repair_channels/mp4/UCKT2W7NGdaZKR33dcfLZVAg-score-4.mp4,,,,,,
Appliance repair,https://raw.githubusercontent.com/ariel-at-brightdata/labeling/main/appliance-repair_channels/mp4/UCKWQAaPrSnNmy7-uokQEnYw-score-4.mp4,,,,,,
Appliance repair,https://raw.githubusercontent.com/ariel-at-brightdata/labeling/main/appliance-repair_channels/mp4/UCKb7Th9KSFjsm1WCxZiN0Cw-score-4.mp4,,,,,,
Appliance repair,https://raw.githubusercontent.com/ariel-at-brightdata/labeling/main/appliance-repair_channels/mp4/UCKcAWLIJVsslehWvZB4ZzRg-score-4.mp4,,,,,,
Appliance repair,https://raw.githubusercontent.com/ariel-at-brightdata/labeling/main/appliance-repair_channels/mp4/UCKdABpujP7PC0K7eQzBDINg-score-4.mp4,,,,,,
Appliance repair,https://raw.githubusercontent.com/ariel-at-brightdata/labeling/main/appliance-repair_channels/mp4/UCKdDJ8WdU7o0bDi52vW01yA-score-4.mp4,,,,,,
Appliance repair,https://raw.githubusercontent.com/ariel-at-brightdata/labeling/main/appliance-repair_channels/mp4/UCKhXfXPmZbjxE24E8CYbQFQ-score-4.mp4,,,,,,
Appliance repair,https://raw.githubusercontent.com/ariel-at-brightdata/labeling/main/appliance-repair_channels/mp4/UCKjvPS-SSexIz8C6pBG203Q-score-4.mp4,,,,,,
Appliance repair,https://raw.githubusercontent.com/ariel-at-brightdata/labeling/main/appliance-repair_channels/mp4/UCL--TSM5AfwbokIrMHln_hw-score-4.mp4,,,,,,
Appliance repair,https://raw.githubusercontent.com/ariel-at-brightdata/labeling/main/appliance-repair_channels/mp4/UCL0tKnQn9En0IrvmdkjcLEA-score-4.mp4,,,,,,
Appliance repair,https://raw.githubusercontent.com/ariel-at-brightdata/labeling/main/appliance-repair_channels/mp4/UCLDh0YEbrY_GHtkHU4CggxQ-score-4.mp4,,,,,,
Appliance repair,https://raw.githubusercontent.com/ariel-at-brightdata/labeling/main/appliance-repair_channels/mp4/UCLFB7TVInA4JA_ZapTjorjg-score-4.mp4,,,,,,
Appliance repair,https://raw.githubusercontent.com/ariel-at-brightdata/labeling/main/appliance-repair_channels/mp4/UCLHSVXzbMC7Ds45Dswnjj6g-score-4.mp4,,,,,,
Appliance repair,https://raw.githubusercontent.com/ariel-at-brightdata/labeling/main/appliance-repair_channels/mp4/UCLKBCkqeOd2_UntXI_8zlPg-score-4.mp4,,,,,,
Appliance repair,https://raw.githubusercontent.com/ariel-at-brightdata/labeling/main/appliance-repair_channels/mp4/UCLLFtokwdJZrA0urraPvnNQ-score-4.mp4,,,,,,
Appliance repair,https://raw.githubusercontent.com/ariel-at-brightdata/labeling/main/appliance-repair_channels/mp4/UCLLj8DgmcK1vsdLtDD2NPyA-score-4.mp4,,,,,,
Appliance repair,https://raw.githubusercontent.com/ariel-at-brightdata/labeling/main/appliance-repair_channels/mp4/UCLMDNgXugJ7krATg178msbg-score-4.mp4,,,,,,
Appliance repair,https://raw.githubusercontent.com/ariel-at-brightdata/labeling/main/appliance-repair_channels/mp4/UCLZRjgta3qqCKAL83fRbflw-score-4.mp4,,,,,,
Appliance repair,https://raw.githubusercontent.com/ariel-at-brightdata/labeling/main/appliance-repair_channels/mp4/UCLbNnIl-qNXRoCN9214ldBA-score-4.mp4,,,,,,
Appliance repair,https://raw.githubusercontent.com/ariel-at-brightdata/labeling/main/appliance-repair_channels/mp4/UCLbPGltcRmA_0qOdHtBL8Pw-score-4.mp4,,,,,,
Appliance repair,https://raw.githubusercontent.com/ariel-at-brightdata/labeling/main/appliance-repair_channels/mp4/UCLhEP_Hv0IuczhFj70jyiJQ-score-4.mp4,,,,,,
Appliance repair,https://raw.githubusercontent.com/ariel-at-brightdata/labeling/main/appliance-repair_channels/mp4/UCLrY8uYAxi209qlIV9PWDBw-score-4.mp4,,,,,,
Appliance repair,https://raw.githubusercontent.com/ariel-at-brightdata/labeling/main/appliance-repair_channels/mp4/UCLxGU5KuSMKyz6WQHXatg_g-score-4.mp4,,,,,,
Appliance repair,https://raw.githubusercontent.com/ariel-at-brightdata/labeling/main/appliance-repair_channels/mp4/UCM1CIc7k59kw7HM2ksGWyIg-score-4.mp4,,,,,,
Appliance repair,https://raw.githubusercontent.com/ariel-at-brightdata/labeling/main/appliance-repair_channels/mp4/UCM5Jm3x_6n0MifJ0uxWRsKQ-score-4.mp4,,,,,,
Appliance repair,https://raw.githubusercontent.com/ariel-at-brightdata/labeling/main/appliance-repair_channels/mp4/UCMHKuqSCH081eumeubSiYBQ-score-4.mp4,,,,,,
Appliance repair,https://raw.githubusercontent.com/ariel-at-brightdata/labeling/main/appliance-repair_channels/mp4/UCMHmoM-xgbYD0amhGCuJ93A-score-4.mp4,,,,,,
Appliance repair,https://raw.githubusercontent.com/ariel-at-brightdata/labeling/main/appliance-repair_channels/mp4/UCMN7W3QjOMm8yV-zPiHRnkg-score-4.mp4,,,,,,
Appliance repair,https://raw.githubusercontent.com/ariel-at-brightdata/labeling/main/appliance-repair_channels/mp4/UCMOF95GqDzijCCthiWUVjqQ-score-4.mp4,,,,,,
Appliance repair,https://raw.githubusercontent.com/ariel-at-brightdata/labeling/main/appliance-repair_channels/mp4/UCMUZxO1QOCXkfW5EtRTaYww-score-4.mp4,,,,,,
Appliance repair,https://raw.githubusercontent.com/ariel-at-brightdata/labeling/main/appliance-repair_channels/mp4/UCMVYYNfL7q2N1TcXKPr0c8g-score-4.mp4,,,,,,
Appliance repair,https://raw.githubusercontent.com/ariel-at-brightdata/labeling/main/appliance-repair_channels/mp4/UCMWOjCsYN7-IzEDXo6Ri2Aw-score-4.mp4,,,,,,
Appliance repair,https://raw.githubusercontent.com/ariel-at-brightdata/labeling/main/appliance-repair_channels/mp4/UCMXSODNT0O1fWnbIT_inPoA-score-4.mp4,,,,,,
Appliance repair,https://raw.githubusercontent.com/ariel-at-brightdata/labeling/main/appliance-repair_channels/mp4/UCMgnt--mBhKn786cH4Qg_RA-score-4.mp4,,,,,,
Appliance repair,https://raw.githubusercontent.com/ariel-at-brightdata/labeling/main/appliance-repair_channels/mp4/UCMlYb7f4MpNyghl-URd12Cw-score-4.mp4,,,,,,
Appliance repair,https://raw.githubusercontent.com/ariel-at-brightdata/labeling/main/appliance-repair_channels/mp4/UCMtLCenouWpm9SN51Xn5hMg-score-4.mp4,,,,,,
Appliance repair,https://raw.githubusercontent.com/ariel-at-brightdata/labeling/main/appliance-repair_channels/mp4/UCMtveW0Q2mFT-kkZhYgjjMg-score-4.mp4,,,,,,
Appliance repair,https://raw.githubusercontent.com/ariel-at-brightdata/labeling/main/appliance-repair_channels/mp4/UCMufX-8weykwNCdtkGggaPA-score-4.mp4,,,,,,
Appliance repair,https://raw.githubusercontent.com/ariel-at-brightdata/labeling/main/appliance-repair_channels/mp4/UCMybszNtSx2WSFI9gZQpL6w-score-4.mp4,,,,,,
Appliance repair,https://raw.githubusercontent.com/ariel-at-brightdata/labeling/main/appliance-repair_channels/mp4/UCMz6i2M3mORl51zN_9CL6OQ-score-4.mp4,,,,,,
Appliance repair,https://raw.githubusercontent.com/ariel-at-brightdata/labeling/main/appliance-repair_channels/mp4/UCN0s39hK69tegZsnPm2zKvA-score-4.mp4,,,,,,
Appliance repair,https://raw.githubusercontent.com/ariel-at-brightdata/labeling/main/appliance-repair_channels/mp4/UCN19hCubjLOagCBRSnhQ0ig-score-4.mp4,,,,,,
Appliance repair,https://raw.githubusercontent.com/ariel-at-brightdata/labeling/main/appliance-repair_channels/mp4/UCN7O-5grYxK-eaL1tRku_yg-score-4.mp4,,,,,,
Appliance repair,https://raw.githubusercontent.com/ariel-at-brightdata/labeling/main/appliance-repair_channels/mp4/UCNA-Nr-npN9sQEs9ANxHEIQ-score-4.mp4,,,,,,
Appliance repair,https://raw.githubusercontent.com/ariel-at-brightdata/labeling/main/appliance-repair_channels/mp4/UCNCjp6cTnXJqIbtTw3f594g-score-4.mp4,,,,,,
Appliance repair,https://raw.githubusercontent.com/ariel-at-brightdata/labeling/main/appliance-repair_channels/mp4/UCNGrmu2AAT2etpdTIXEj2WA-score-4.mp4,,,,,,
Appliance repair,https://raw.githubusercontent.com/ariel-at-brightdata/labeling/main/appliance-repair_channels/mp4/UCNHRwubzChZN7gTirz7UJfQ-score-5.mp4,,,,,,
Appliance repair,https://raw.githubusercontent.com/ariel-at-brightdata/labeling/main/appliance-repair_channels/mp4/UCNJci08SX8wCQRK7gHOrtPw-score-4.mp4,,,,,,
Appliance repair,https://raw.githubusercontent.com/ariel-at-brightdata/labeling/main/appliance-repair_channels/mp4/UCNKOc6Zf2JH7R3ZijJf-8rg-score-4.mp4,,,,,,
Appliance repair,https://raw.githubusercontent.com/ariel-at-brightdata/labeling/main/appliance-repair_channels/mp4/UCNTzLK5Wp-FxdIA8ICpSkfQ-score-4.mp4,,,,,,
Appliance repair,https://raw.githubusercontent.com/ariel-at-brightdata/labeling/main/appliance-repair_channels/mp4/UCNedYsVOdljWUE3R8EhJexg-score-4.mp4,,,,,,
Appliance repair,https://raw.githubusercontent.com/ariel-at-brightdata/labeling/main/appliance-repair_channels/mp4/UCNgTCpbY6-8h2piTIV_Nhqw-score-4.mp4,,,,,,
Appliance repair,https://raw.githubusercontent.com/ariel-at-brightdata/labeling/main/appliance-repair_channels/mp4/UCNkxVzfoE5-RazF2oJYmk4g-score-4.mp4,,,,,,
Appliance repair,https://raw.githubusercontent.com/ariel-at-brightdata/labeling/main/appliance-repair_channels/mp4/UCNnpORAP1M8RLP6lFZZfbLA-score-5.mp4,,,,,,
Appliance repair,https://raw.githubusercontent.com/ariel-at-brightdata/labeling/main/appliance-repair_channels/mp4/UCNsyJzIeVjBnMw8txknZbqQ-score-4.mp4,,,,,,
Appliance repair,https://raw.githubusercontent.com/ariel-at-brightdata/labeling/main/appliance-repair_channels/mp4/UCNt19ArRvpnvdKKFMCx5kaQ-score-4.mp4,,,,,,
Appliance repair,https://raw.githubusercontent.com/ariel-at-brightdata/labeling/main/appliance-repair_channels/mp4/UCNwYObgdKS320jOX_QKp2rg-score-4.mp4,,,,,,
Appliance repair,https://raw.githubusercontent.com/ariel-at-brightdata/labeling/main/appliance-repair_channels/mp4/UCNxyE6cYgoIVdTD-jHopmJA-score-4.mp4,,,,,,
Appliance repair,https://raw.githubusercontent.com/ariel-at-brightdata/labeling/main/appliance-repair_channels/mp4/UCOBi7XKmWA87dJOc5H6s8xw-score-4.mp4,,,,,,
Appliance repair,https://raw.githubusercontent.com/ariel-at-brightdata/labeling/main/appliance-repair_channels/mp4/UCOISpQuU3XgzW3zNbTradQw-score-4.mp4,,,,,,
Appliance repair,https://raw.githubusercontent.com/ariel-at-brightdata/labeling/main/appliance-repair_channels/mp4/UCOZEYdWXbHLoRDHA4L4L_iQ-score-4.mp4,,,,,,
Appliance repair,https://raw.githubusercontent.com/ariel-at-brightdata/labeling/main/appliance-repair_channels/mp4/UCOaZFoicfgtvoQoILeX0R0Q-score-4.mp4,,,,,,
Appliance repair,https://raw.githubusercontent.com/ariel-at-brightdata/labeling/main/appliance-repair_channels/mp4/UCOeQV3VsA1yKZASI1JUhXyA-score-4.mp4,,,,,,
Appliance repair,https://raw.githubusercontent.com/ariel-at-brightdata/labeling/main/appliance-repair_channels/mp4/UCOgbrsxDTEKu9C83e7bpIRA-score-4.mp4,,,,,,
Appliance repair,https://raw.githubusercontent.com/ariel-at-brightdata/labeling/main/appliance-repair_channels/mp4/UCOocuUcMnCMjKIRzmLg9pgw-score-5.mp4,,,,,,
Appliance repair,https://raw.githubusercontent.com/ariel-at-brightdata/labeling/main/appliance-repair_channels/mp4/UCOvMNvbBd61md7zhS81mmhg-score-4.mp4,,,,,,
Appliance repair,https://raw.githubusercontent.com/ariel-at-brightdata/labeling/main/appliance-repair_channels/mp4/UCOx-u2Rp8zM0m5t23f5LvNw-score-5.mp4,,,,,,
Appliance repair,https://raw.githubusercontent.com/ariel-at-brightdata/labeling/main/appliance-repair_channels/mp4/UCOxhwZawH8GZ6bNKa-WOJ_Q-score-4.mp4,,,,,,
Appliance repair,https://raw.githubusercontent.com/ariel-at-brightdata/labeling/main/appliance-repair_channels/mp4/UCP1Qik0XdArTBdS_T4mKM_Q-score-4.mp4,,,,,,
Appliance repair,https://raw.githubusercontent.com/ariel-at-brightdata/labeling/main/appliance-repair_channels/mp4/UCP8Nd_jJMr3zqWPqTnMCLJg-score-4.mp4,,,,,,
Appliance repair,https://raw.githubusercontent.com/ariel-at-brightdata/labeling/main/appliance-repair_channels/mp4/UCPDyyTK6ZRiTdSlr5J2UdIA-score-4.mp4,,,,,,
Appliance repair,https://raw.githubusercontent.com/ariel-at-brightdata/labeling/main/appliance-repair_channels/mp4/UCPGjhIH2Xy01GREdb-Kgmxw-score-4.mp4,,,,,,
Appliance repair,https://raw.githubusercontent.com/ariel-at-brightdata/labeling/main/appliance-repair_channels/mp4/UCPXDP8oTvNaBns_3qF7CYJw-score-4.mp4,,,,,,
Appliance repair,https://raw.githubusercontent.com/ariel-at-brightdata/labeling/main/appliance-repair_channels/mp4/UCPZ6WfVRZO_8i_8vOGLrWVQ-score-4.mp4,,,,,,
Appliance repair,https://raw.githubusercontent.com/ariel-at-brightdata/labeling/main/appliance-repair_channels/mp4/UCPc39WAZnUBDixUx6y8_pog-score-4.mp4,,,,,,
Appliance repair,https://raw.githubusercontent.com/ariel-at-brightdata/labeling/main/appliance-repair_channels/mp4/UCPs1iuETMO9GctTei4MZbHw-score-4.mp4,,,,,,
Appliance repair,https://raw.githubusercontent.com/ariel-at-brightdata/labeling/main/appliance-repair_channels/mp4/UCPurXuBvTtCpggOIhAxAlDg-score-4.mp4,,,,,,
Appliance repair,https://raw.githubusercontent.com/ariel-at-brightdata/labeling/main/appliance-repair_channels/mp4/UCPxMYSy_t9H-naQa-hrm10g-score-4.mp4,,,,,,
Appliance repair,https://raw.githubusercontent.com/ariel-at-brightdata/labeling/main/appliance-repair_channels/mp4/UCQ0Z8-TDdz1GZtQ_ad5th-w-score-4.mp4,,,,,,
Appliance repair,https://raw.githubusercontent.com/ariel-at-brightdata/labeling/main/appliance-repair_channels/mp4/UCQ1wanJXR2d3mvIfZxlwxUw-score-4.mp4,,,,,,
Appliance repair,https://raw.githubusercontent.com/ariel-at-brightdata/labeling/main/appliance-repair_channels/mp4/UCQ61rLU7WF782y17AaIPVTg-score-4.mp4,,,,,,
Appliance repair,https://raw.githubusercontent.com/ariel-at-brightdata/labeling/main/appliance-repair_channels/mp4/UCQC_9JswYck-ciNICA1x1Qg-score-4.mp4,,,,,,
Appliance repair,https://raw.githubusercontent.com/ariel-at-brightdata/labeling/main/appliance-repair_channels/mp4/UCQDRFiJpJEMdnEjuYx8zn4w-score-5.mp4,,,,,,
Appliance repair,https://raw.githubusercontent.com/ariel-at-brightdata/labeling/main/appliance-repair_channels/mp4/UCQIl1YFYnGqZC2ZSeA2FbMw-score-4.mp4,,,,,,
Appliance repair,https://raw.githubusercontent.com/ariel-at-brightdata/labeling/main/appliance-repair_channels/mp4/UCQKNJE4O_X88KQvFmCLsEWQ-score-4.mp4,,,,,,
Appliance repair,https://raw.githubusercontent.com/ariel-at-brightdata/labeling/main/appliance-repair_channels/mp4/UCQRikE6_LzjN70N7JA2vckQ-score-4.mp4,,,,,,
Appliance repair,https://raw.githubusercontent.com/ariel-at-brightdata/labeling/main/appliance-repair_channels/mp4/UCQUTjLWhp7Nwh4TBtP9tphA-score-4.mp4,,,,,,
Appliance repair,https://raw.githubusercontent.com/ariel-at-brightdata/labeling/main/appliance-repair_channels/mp4/UCQYFPUf3DDhfVWAGkAriXSA-score-4.mp4,,,,,,
Appliance repair,https://raw.githubusercontent.com/ariel-at-brightdata/labeling/main/appliance-repair_channels/mp4/UCQZZ3ltsEA2zWPzzLjoH8eg-score-4.mp4,,,,,,
Appliance repair,https://raw.githubusercontent.com/ariel-at-brightdata/labeling/main/appliance-repair_channels/mp4/UCQcz6BN-6CqfmGDiuWcq5QA-score-4.mp4,,,,,,
Appliance repair,https://raw.githubusercontent.com/ariel-at-brightdata/labeling/main/appliance-repair_channels/mp4/UCQdBfaawIxHs7VNh3kHO26w-score-4.mp4,,,,,,
Appliance repair,https://raw.githubusercontent.com/ariel-at-brightdata/labeling/main/appliance-repair_channels/mp4/UCQgEsqHot8x2dQh5LSEMACw-score-5.mp4,,,,,,
Appliance repair,https://raw.githubusercontent.com/ariel-at-brightdata/labeling/main/appliance-repair_channels/mp4/UCQoNTKR5HhdYCbsmzidRcCA-score-4.mp4,,,,,,
Appliance repair,https://raw.githubusercontent.com/ariel-at-brightdata/labeling/main/appliance-repair_channels/mp4/UCQsn7fM71DF4W1pfrJSzQRw-score-4.mp4,,,,,,
Appliance repair,https://raw.githubusercontent.com/ariel-at-brightdata/labeling/main/appliance-repair_channels/mp4/UCR3Jwet2hulldokJPqPyZZQ-score-4.mp4,,,,,,
Appliance repair,https://raw.githubusercontent.com/ariel-at-brightdata/labeling/main/appliance-repair_channels/mp4/UCR6RQCFU6r6JUoZipInirrA-score-4.mp4,,,,,,
Appliance repair,https://raw.githubusercontent.com/ariel-at-brightdata/labeling/main/appliance-repair_channels/mp4/UCRNfEGuY8-78q_nQVlx9Maw-score-4.mp4,,,,,,
Appliance repair,https://raw.githubusercontent.com/ariel-at-brightdata/labeling/main/appliance-repair_channels/mp4/UCRNoepS-nC2E_MsZGwWlDtg-score-4.mp4,,,,,,
Appliance repair,https://raw.githubusercontent.com/ariel-at-brightdata/labeling/main/appliance-repair_channels/mp4/UCRPzZdV43OtwN984S0zJzsQ-score-4.mp4,,,,,,
Appliance repair,https://raw.githubusercontent.com/ariel-at-brightdata/labeling/main/appliance-repair_channels/mp4/UCRZx8qX_IFLtFH9jDVq75TQ-score-4.mp4,,,,,,
Appliance repair,https://raw.githubusercontent.com/ariel-at-brightdata/labeling/main/appliance-repair_channels/mp4/UCRcH7072-Uu4JvK1XQ4QGLA-score-4.mp4,,,,,,
Appliance repair,https://raw.githubusercontent.com/ariel-at-brightdata/labeling/main/appliance-repair_channels/mp4/UCRfv96S8iSEYTsihyaMjfiw-score-4.mp4,,,,,,
Appliance repair,https://raw.githubusercontent.com/ariel-at-brightdata/labeling/main/appliance-repair_channels/mp4/UCRgNImll3NxdrSoodKM0Mhw-score-4.mp4,,,,,,
Appliance repair,https://raw.githubusercontent.com/ariel-at-brightdata/labeling/main/appliance-repair_channels/mp4/UCRp9LCYsmJxngPPN_-rjJCg-score-4.mp4,,,,,,
Appliance repair,https://raw.githubusercontent.com/ariel-at-brightdata/labeling/main/appliance-repair_channels/mp4/UCRs6iEgQ6iLRiTY2VPOlkLg-score-4.mp4,,,,,,
Appliance repair,https://raw.githubusercontent.com/ariel-at-brightdata/labeling/main/appliance-repair_channels/mp4/UCRumcHCiArxwix16kt-c1Mg-score-5.mp4,,,,,,
Appliance repair,https://raw.githubusercontent.com/ariel-at-brightdata/labeling/main/appliance-repair_channels/mp4/UCRwGNHMoBRDYUyJIjU2uBJQ-score-4.mp4,,,,,,
Appliance repair,https://raw.githubusercontent.com/ariel-at-brightdata/labeling/main/appliance-repair_channels/mp4/UCS1aCzHeutMyj-9zqOyNudQ-score-4.mp4,,,,,,
Appliance repair,https://raw.githubusercontent.com/ariel-at-brightdata/labeling/main/appliance-repair_channels/mp4/UCS34bn_n9BX4bA-yewKQ2lg-score-4.mp4,,,,,,
Appliance repair,https://raw.githubusercontent.com/ariel-at-brightdata/labeling/main/appliance-repair_channels/mp4/UCS9m9jsZsL0mt7itqU9aqIg-score-4.mp4,,,,,,
Appliance repair,https://raw.githubusercontent.com/ariel-at-brightdata/labeling/main/appliance-repair_channels/mp4/UCSA51wJH2sfGG-OB2GWTJog-score-5.mp4,,,,,,
Appliance repair,https://raw.githubusercontent.com/ariel-at-brightdata/labeling/main/appliance-repair_channels/mp4/UCSG3ncysikUz6lU4IEGPmsw-score-4.mp4,,,,,,
Appliance repair,https://raw.githubusercontent.com/ariel-at-brightdata/labeling/main/appliance-repair_channels/mp4/UCSMyUxD-m3aL8TvkUjyKTuw-score-4.mp4,,,,,,
Appliance repair,https://raw.githubusercontent.com/ariel-at-brightdata/labeling/main/appliance-repair_channels/mp4/UCSNtS2vnnpmMVPzTz4F_M-w-score-4.mp4,,,,,,
Appliance repair,https://raw.githubusercontent.com/ariel-at-brightdata/labeling/main/appliance-repair_channels/mp4/UCSOvAi7z-lXnh_DgHyWMKQg-score-4.mp4,,,,,,
Appliance repair,https://raw.githubusercontent.com/ariel-at-brightdata/labeling/main/appliance-repair_channels/mp4/UCSR18dgyH-0lKbN9zIo9QYQ-score-4.mp4,,,,,,
Appliance repair,https://raw.githubusercontent.com/ariel-at-brightdata/labeling/main/appliance-repair_channels/mp4/UCSRXp2EJuziWcEiVoDmogJw-score-4.mp4,,,,,,
Appliance repair,https://raw.githubusercontent.com/ariel-at-brightdata/labeling/main/appliance-repair_channels/mp4/UCSTFmWahQqEGlR5eBMLI75w-score-4.mp4,,,,,,
Appliance repair,https://raw.githubusercontent.com/ariel-at-brightdata/labeling/main/appliance-repair_channels/mp4/UCS_u-MyXCoMcwY7bSPriIWQ-score-4.mp4,,,,,,
Appliance repair,https://raw.githubusercontent.com/ariel-at-brightdata/labeling/main/appliance-repair_channels/mp4/UCScBq_wMlieKeSlIOlxJtGA-score-4.mp4,,,,,,
Appliance repair,https://raw.githubusercontent.com/ariel-at-brightdata/labeling/main/appliance-repair_channels/mp4/UCSeTmQOwNOCcTcGSIlwhDZA-score-4.mp4,,,,,,
Appliance repair,https://raw.githubusercontent.com/ariel-at-brightdata/labeling/main/appliance-repair_channels/mp4/UCSmLs5MVGbXMlUz9PVRWQuQ-score-5.mp4,,,,,,
Appliance repair,https://raw.githubusercontent.com/ariel-at-brightdata/labeling/main/appliance-repair_channels/mp4/UCSovrEs3UuaJqjQ7w1Z0GfA-score-4.mp4,,,,,,
Appliance repair,https://raw.githubusercontent.com/ariel-at-brightdata/labeling/main/appliance-repair_channels/mp4/UCSpvL_2T9EfdyCKEammNhjw-score-5.mp4,,,,,,
Appliance repair,https://raw.githubusercontent.com/ariel-at-brightdata/labeling/main/appliance-repair_channels/mp4/UCSu-1W8F7qG7dwPj9T2Gc0Q-score-4.mp4,,,,,,
Appliance repair,https://raw.githubusercontent.com/ariel-at-brightdata/labeling/main/appliance-repair_channels/mp4/UCSzFjx9-W-CL3zXF_rR5R0w-score-4.mp4,,,,,,
Appliance repair,https://raw.githubusercontent.com/ariel-at-brightdata/labeling/main/appliance-repair_channels/mp4/UCT1Xt88lPJ4c7YXqz8D_0iw-score-4.mp4,,,,,,
Appliance repair,https://raw.githubusercontent.com/ariel-at-brightdata/labeling/main/appliance-repair_channels/mp4/UCT3kmqMpOtK8C2kiR3T-_NA-score-4.mp4,,,,,,
Appliance repair,https://raw.githubusercontent.com/ariel-at-brightdata/labeling/main/appliance-repair_channels/mp4/UCT7rNSYHn8XY_vBXy8q4dWg-score-4.mp4,,,,,,
Appliance repair,https://raw.githubusercontent.com/ariel-at-brightdata/labeling/main/appliance-repair_channels/mp4/UCT8dbMU1PuVtsafHv37UhQQ-score-4.mp4,,,,,,
Appliance repair,https://raw.githubusercontent.com/ariel-at-brightdata/labeling/main/appliance-repair_channels/mp4/UCTByXexDshSJeEDsYTCZI-w-score-4.mp4,,,,,,
Appliance repair,https://raw.githubusercontent.com/ariel-at-brightdata/labeling/main/appliance-repair_channels/mp4/UCTCoDrcP0JUPVlY2Ngb5JWg-score-5.mp4,,,,,,
Appliance repair,https://raw.githubusercontent.com/ariel-at-brightdata/labeling/main/appliance-repair_channels/mp4/UCTEliYLU9_-geSvKKB-XH7A-score-4.mp4,,,,,,
Appliance repair,https://raw.githubusercontent.com/ariel-at-brightdata/labeling/main/appliance-repair_channels/mp4/UCTGI3rzhZT23R5pxQgExfuQ-score-4.mp4,,,,,,
Appliance repair,https://raw.githubusercontent.com/ariel-at-brightdata/labeling/main/appliance-repair_channels/mp4/UCTGeHXEwLR3TNnTxF3YW-Og-score-4.mp4,,,,,,
Appliance repair,https://raw.githubusercontent.com/ariel-at-brightdata/labeling/main/appliance-repair_channels/mp4/UCTMG58EEgsSDZhJFyGtD23A-score-4.mp4,,,,,,
Appliance repair,https://raw.githubusercontent.com/ariel-at-brightdata/labeling/main/appliance-repair_channels/mp4/UCTMc3oJ5M7cyQcxeZB8N_TQ-score-4.mp4,,,,,,
Appliance repair,https://raw.githubusercontent.com/ariel-at-brightdata/labeling/main/appliance-repair_channels/mp4/UCTWO8IIJFWO-KpjRjdAUI3Q-score-4.mp4,,,,,,
Appliance repair,https://raw.githubusercontent.com/ariel-at-brightdata/labeling/main/appliance-repair_channels/mp4/UCT_KHGn22X_jAA8zU38z-uA-score-4.mp4,,,,,,
Appliance repair,https://raw.githubusercontent.com/ariel-at-brightdata/labeling/main/appliance-repair_channels/mp4/UCTb4WPUCbIXiJ9IM8yrHx2A-score-4.mp4,,,,,,
Appliance repair,https://raw.githubusercontent.com/ariel-at-brightdata/labeling/main/appliance-repair_channels/mp4/UCTfmplT2si2jxE_PnQI9oLw-score-4.mp4,,,,,,
Appliance repair,https://raw.githubusercontent.com/ariel-at-brightdata/labeling/main/appliance-repair_channels/mp4/UCTmtldvuN7VMuVCSNF6HFbg-score-4.mp4,,,,,,
Appliance repair,https://raw.githubusercontent.com/ariel-at-brightdata/labeling/main/appliance-repair_channels/mp4/UCTvDxvVmx2aonD3W1KpIhsg-score-4.mp4,,,,,,
Appliance repair,https://raw.githubusercontent.com/ariel-at-brightdata/labeling/main/appliance-repair_channels/mp4/UCTvbUNo0apNmu0201FyUwYw-score-4.mp4,,,,,,
Appliance repair,https://raw.githubusercontent.com/ariel-at-brightdata/labeling/main/appliance-repair_channels/mp4/UCTylsJiRS8wppXIBlbm3weA-score-4.mp4,,,,,,
Appliance repair,https://raw.githubusercontent.com/ariel-at-brightdata/labeling/main/appliance-repair_channels/mp4/UCU3B4wtvcWhnWViw6KChiZg-score-4.mp4,,,,,,
Appliance repair,https://raw.githubusercontent.com/ariel-at-brightdata/labeling/main/appliance-repair_channels/mp4/UCU587nTLsCh64bPza6VXs_Q-score-4.mp4,,,,,,
Appliance repair,https://raw.githubusercontent.com/ariel-at-brightdata/labeling/main/appliance-repair_channels/mp4/UCUAFjTw_B5GyPsk-WNiz1JQ-score-4.mp4,,,,,,
Appliance repair,https://raw.githubusercontent.com/ariel-at-brightdata/labeling/main/appliance-repair_channels/mp4/UCUGrRANtHt8LmiPjAn4fxzg-score-4.mp4,,,,,,
Appliance repair,https://raw.githubusercontent.com/ariel-at-brightdata/labeling/main/appliance-repair_channels/mp4/UCUNqYYX23Gf-E37UkBfXAyA-score-4.mp4,,,,,,
Appliance repair,https://raw.githubusercontent.com/ariel-at-brightdata/labeling/main/appliance-repair_channels/mp4/UCUU2d1-MDoRZUY5iClM8rZg-score-4.mp4,,,,,,
Appliance repair,https://raw.githubusercontent.com/ariel-at-brightdata/labeling/main/appliance-repair_channels/mp4/UCUfDC-aaMp-TlIZ5djjaQnA-score-5.mp4,,,,,,
Appliance repair,https://raw.githubusercontent.com/ariel-at-brightdata/labeling/main/appliance-repair_channels/mp4/UCUi3WvuC2MzULfH1zdaJvRg-score-4.mp4,,,,,,
Appliance repair,https://raw.githubusercontent.com/ariel-at-brightdata/labeling/main/appliance-repair_channels/mp4/UCUiQxecpnd9zl_0rvR4iPGg-score-4.mp4,,,,,,
Appliance repair,https://raw.githubusercontent.com/ariel-at-brightdata/labeling/main/appliance-repair_channels/mp4/UCUimmvfAqo4dwCvXfd5Tv_g-score-4.mp4,,,,,,
Appliance repair,https://raw.githubusercontent.com/ariel-at-brightdata/labeling/main/appliance-repair_channels/mp4/UCUkoUV3UrJod9gb2cUu5E7A-score-4.mp4,,,,,,
Appliance repair,https://raw.githubusercontent.com/ariel-at-brightdata/labeling/main/appliance-repair_channels/mp4/UCUlaNPDZbaLSmgloYAalxHA-score-4.mp4,,,,,,
Appliance repair,https://raw.githubusercontent.com/ariel-at-brightdata/labeling/main/appliance-repair_channels/mp4/UCUrLbkgPDtpJehSKeSSvgZQ-score-4.mp4,,,,,,
Appliance repair,https://raw.githubusercontent.com/ariel-at-brightdata/labeling/main/appliance-repair_channels/mp4/UCUu7XHXDVaK5375r9ou9SWQ-score-4.mp4,,,,,,
Appliance repair,https://raw.githubusercontent.com/ariel-at-brightdata/labeling/main/appliance-repair_channels/mp4/UCV-szV9jO-r7x3lPwhDhGxg-score-4.mp4,,,,,,
Appliance repair,https://raw.githubusercontent.com/ariel-at-brightdata/labeling/main/appliance-repair_channels/mp4/UCV5dTExOR8XuoCRJqricgTw-score-4.mp4,,,,,,
Appliance repair,https://raw.githubusercontent.com/ariel-at-brightdata/labeling/main/appliance-repair_channels/mp4/UCVBMw06QdQqfySyea1qK-lw-score-5.mp4,,,,,,
Appliance repair,https://raw.githubusercontent.com/ariel-at-brightdata/labeling/main/appliance-repair_channels/mp4/UCVBgD5hUiF-VARJAjsfzMUA-score-4.mp4,,,,,,
Appliance repair,https://raw.githubusercontent.com/ariel-at-brightdata/labeling/main/appliance-repair_channels/mp4/UCVClG3LYrDoQX7UpMQ_Fljg-score-4.mp4,,,,,,
Appliance repair,https://raw.githubusercontent.com/ariel-at-brightdata/labeling/main/appliance-repair_channels/mp4/UCVDCD4kmDhsM2BIYpgbiifg-score-5.mp4,,,,,,
Appliance repair,https://raw.githubusercontent.com/ariel-at-brightdata/labeling/main/appliance-repair_channels/mp4/UCVMr1uHHBx_27qlGMfU4F-w-score-4.mp4,,,,,,
Appliance repair,https://raw.githubusercontent.com/ariel-at-brightdata/labeling/main/appliance-repair_channels/mp4/UCVOUaP_IS2meXIIQt-GbCSw-score-4.mp4,,,,,,
Appliance repair,https://raw.githubusercontent.com/ariel-at-brightdata/labeling/main/appliance-repair_channels/mp4/UCVPxKpXOC-lwDfqN5rMRwgg-score-4.mp4,,,,,,
Appliance repair,https://raw.githubusercontent.com/ariel-at-brightdata/labeling/main/appliance-repair_channels/mp4/UCVRkN0kY4fvVVi4syIvwWmQ-score-4.mp4,,,,,,
Appliance repair,https://raw.githubusercontent.com/ariel-at-brightdata/labeling/main/appliance-repair_channels/mp4/UCVU1rj_u0kQ1_15iHd_1ApQ-score-4.mp4,,,,,,
Appliance repair,https://raw.githubusercontent.com/ariel-at-brightdata/labeling/main/appliance-repair_channels/mp4/UCVcYWesq2rQFVFM-PPMW0wA-score-4.mp4,,,,,,
Appliance repair,https://raw.githubusercontent.com/ariel-at-brightdata/labeling/main/appliance-repair_channels/mp4/UCVfBundpe0Cak3gUA80heTw-score-5.mp4,,,,,,
Appliance repair,https://raw.githubusercontent.com/ariel-at-brightdata/labeling/main/appliance-repair_channels/mp4/UCVipVisCbMsie2z9HF5UhaA-score-4.mp4,,,,,,
Appliance repair,https://raw.githubusercontent.com/ariel-at-brightdata/labeling/main/appliance-repair_channels/mp4/UCVjN7X2DNDhbe6kjj6xytdg-score-4.mp4,,,,,,
Appliance repair,https://raw.githubusercontent.com/ariel-at-brightdata/labeling/main/appliance-repair_channels/mp4/UCVniR5V9swBA2wMbs90q22w-score-5.mp4,,,,,,
Appliance repair,https://raw.githubusercontent.com/ariel-at-brightdata/labeling/main/appliance-repair_channels/mp4/UCW8NiQVE2_cvvQPM5qAusWQ-score-4.mp4,,,,,,
Appliance repair,https://raw.githubusercontent.com/ariel-at-brightdata/labeling/main/appliance-repair_channels/mp4/UCWBVu-P5v-dFwgL2zhvWr4A-score-4.mp4,,,,,,
Appliance repair,https://raw.githubusercontent.com/ariel-at-brightdata/labeling/main/appliance-repair_channels/mp4/UCWYVvdCj_WiZCHCdDmaayQA-score-4.mp4,,,,,,
Appliance repair,https://raw.githubusercontent.com/ariel-at-brightdata/labeling/main/appliance-repair_channels/mp4/UCWf98nkSrj5SWds3p4ZvgKw-score-4.mp4,,,,,,
Appliance repair,https://raw.githubusercontent.com/ariel-at-brightdata/labeling/main/appliance-repair_channels/mp4/UCWhSU4CVyM9xuaCShvBZfeA-score-4.mp4,,,,,,
Appliance repair,https://raw.githubusercontent.com/ariel-at-brightdata/labeling/main/appliance-repair_channels/mp4/UCWj3kR-lN8nKiUrNfZqoLhQ-score-5.mp4,,,,,,
Appliance repair,https://raw.githubusercontent.com/ariel-at-brightdata/labeling/main/appliance-repair_channels/mp4/UCWlXdMAo7e7wWnDc9XXkyYQ-score-4.mp4,,,,,,
Appliance repair,https://raw.githubusercontent.com/ariel-at-brightdata/labeling/main/appliance-repair_channels/mp4/UCWn2hEsLQYZ7xCM4rDTZjVA-score-4.mp4,,,,,,
Appliance repair,https://raw.githubusercontent.com/ariel-at-brightdata/labeling/main/appliance-repair_channels/mp4/UCWqZz9k7j83s_rQWRfEMReA-score-4.mp4,,,,,,
Appliance repair,https://raw.githubusercontent.com/ariel-at-brightdata/labeling/main/appliance-repair_channels/mp4/UCWs4MwaGifHNL8FWpsqiTOg-score-4.mp4,,,,,,
Appliance repair,https://raw.githubusercontent.com/ariel-at-brightdata/labeling/main/appliance-repair_channels/mp4/UCWsG5428byAy5qN1XFAKqdw-score-4.mp4,,,,,,
Appliance repair,https://raw.githubusercontent.com/ariel-at-brightdata/labeling/main/appliance-repair_channels/mp4/UCWt4v8bqocbqCc2XtEbeAOw-score-4.mp4,,,,,,
Appliance repair,https://raw.githubusercontent.com/ariel-at-brightdata/labeling/main/appliance-repair_channels/mp4/UCWvHI7U-bWW1cIPE-6qQdXg-score-4.mp4,,,,,,
Appliance repair,https://raw.githubusercontent.com/ariel-at-brightdata/labeling/main/appliance-repair_channels/mp4/UCX2j-ayft1XmINBSsluMSiw-score-4.mp4,,,,,,
Appliance repair,https://raw.githubusercontent.com/ariel-at-brightdata/labeling/main/appliance-repair_channels/mp4/UCX7nGy05EBPe0xdKqhsJcHw-score-4.mp4,,,,,,
Appliance repair,https://raw.githubusercontent.com/ariel-at-brightdata/labeling/main/appliance-repair_channels/mp4/UCX99oJLgM0OE8XofEmP1CBQ-score-4.mp4,,,,,,
Appliance repair,https://raw.githubusercontent.com/ariel-at-brightdata/labeling/main/appliance-repair_channels/mp4/UCXAmmER3VF4285Z68DNUx4Q-score-5.mp4,,,,,,
Appliance repair,https://raw.githubusercontent.com/ariel-at-brightdata/labeling/main/appliance-repair_channels/mp4/UCXBDIGNhZd_VJrh2vFagRHw-score-4.mp4,,,,,,
Appliance repair,https://raw.githubusercontent.com/ariel-at-brightdata/labeling/main/appliance-repair_channels/mp4/UCXJbgjSvIXiY0Ri4lZkAEYw-score-4.mp4,,,,,,
Appliance repair,https://raw.githubusercontent.com/ariel-at-brightdata/labeling/main/appliance-repair_channels/mp4/UCXJeB0UOUhAd0ZocX78HnDQ-score-4.mp4,,,,,,
Appliance repair,https://raw.githubusercontent.com/ariel-at-brightdata/labeling/main/appliance-repair_channels/mp4/UCXQtfGhcWdOHyH5LgOBsqow-score-4.mp4,,,,,,
Appliance repair,https://raw.githubusercontent.com/ariel-at-brightdata/labeling/main/appliance-repair_channels/mp4/UCXRK9nkUp2PIzknah171B0A-score-4.mp4,,,,,,
Appliance repair,https://raw.githubusercontent.com/ariel-at-brightdata/labeling/main/appliance-repair_channels/mp4/UCXTdMWdeWSMCfVLyQvuPIEg-score-4.mp4,,,,,,
Appliance repair,https://raw.githubusercontent.com/ariel-at-brightdata/labeling/main/appliance-repair_channels/mp4/UCXZWnHj0wFgVaXjDuZ1WjFg-score-4.mp4,,,,,,
Appliance repair,https://raw.githubusercontent.com/ariel-at-brightdata/labeling/main/appliance-repair_channels/mp4/UCXcpEu1j47vlOmSJN1vsL8A-score-4.mp4,,,,,,
Appliance repair,https://raw.githubusercontent.com/ariel-at-brightdata/labeling/main/appliance-repair_channels/mp4/UCXh0bd4KkuO-FjoQTnVgT1Q-score-4.mp4,,,,,,
Appliance repair,https://raw.githubusercontent.com/ariel-at-brightdata/labeling/main/appliance-repair_channels/mp4/UCXqHnjw0SIbWvKNKdzmlF_A-score-4.mp4,,,,,,
Appliance repair,https://raw.githubusercontent.com/ariel-at-brightdata/labeling/main/appliance-repair_channels/mp4/UCXsimR_yo7VT84EHYfgmEFw-score-4.mp4,,,,,,
Appliance repair,https://raw.githubusercontent.com/ariel-at-brightdata/labeling/main/appliance-repair_channels/mp4/UCY1gyBbjMgfxz74W6lMuIXw-score-4.mp4,,,,,,
Appliance repair,https://raw.githubusercontent.com/ariel-at-brightdata/labeling/main/appliance-repair_channels/mp4/UCY5DzpfQqJrSlsA3mtSE11w-score-4.mp4,,,,,,
Appliance repair,https://raw.githubusercontent.com/ariel-at-brightdata/labeling/main/appliance-repair_channels/mp4/UCY82I9g2X6zzQM4T85CmWhw-score-4.mp4,,,,,,
Appliance repair,https://raw.githubusercontent.com/ariel-at-brightdata/labeling/main/appliance-repair_channels/mp4/UCY8KHyOkaRM7yhxvBUObNdw-score-4.mp4,,,,,,
Appliance repair,https://raw.githubusercontent.com/ariel-at-brightdata/labeling/main/appliance-repair_channels/mp4/UCYDMhFEixeBOods3dQE2Zug-score-4.mp4,,,,,,
Appliance repair,https://raw.githubusercontent.com/ariel-at-brightdata/labeling/main/appliance-repair_channels/mp4/UCYHsbO9aJUg5FCo-jvGCz-w-score-4.mp4,,,,,,
Appliance repair,https://raw.githubusercontent.com/ariel-at-brightdata/labeling/main/appliance-repair_channels/mp4/UCYJYSAoCOb26PCTSi4K0elQ-score-4.mp4,,,,,,
Appliance repair,https://raw.githubusercontent.com/ariel-at-brightdata/labeling/main/appliance-repair_channels/mp4/UCYRWyIdClMuHOTbc3S_dyDw-score-4.mp4,,,,,,
Appliance repair,https://raw.githubusercontent.com/ariel-at-brightdata/labeling/main/appliance-repair_channels/mp4/UCYSLiFpoH44go0sjOJ1aZeA-score-4.mp4,,,,,,
Appliance repair,https://raw.githubusercontent.com/ariel-at-brightdata/labeling/main/appliance-repair_channels/mp4/UCYWyh3ODvyb4AuhNlsg4IKw-score-5.mp4,,,,,,
Appliance repair,https://raw.githubusercontent.com/ariel-at-brightdata/labeling/main/appliance-repair_channels/mp4/UCYXZV0iEduFVniJOJKsrNpA-score-4.mp4,,,,,,
Appliance repair,https://raw.githubusercontent.com/ariel-at-brightdata/labeling/main/appliance-repair_channels/mp4/UCYZtNzqIpCPHOtqpz7uoeyw-score-4.mp4,,,,,,
Appliance repair,https://raw.githubusercontent.com/ariel-at-brightdata/labeling/main/appliance-repair_channels/mp4/UCYg4Q18vg1dOIwQWgO2vF_Q-score-5.mp4,,,,,,
Appliance repair,https://raw.githubusercontent.com/ariel-at-brightdata/labeling/main/appliance-repair_channels/mp4/UCYgRfUhpc3N73Nsi3brbj6A-score-4.mp4,,,,,,
Appliance repair,https://raw.githubusercontent.com/ariel-at-brightdata/labeling/main/appliance-repair_channels/mp4/UCYhUxGrUtNAj9MloVezwy6g-score-4.mp4,,,,,,
Appliance repair,https://raw.githubusercontent.com/ariel-at-brightdata/labeling/main/appliance-repair_channels/mp4/UCYmAxSxo21T80mj8v8jhpmw-score-4.mp4,,,,,,
Appliance repair,https://raw.githubusercontent.com/ariel-at-brightdata/labeling/main/appliance-repair_channels/mp4/UCYmyyYRk62EAsZjgb8n4CJw-score-4.mp4,,,,,,
Appliance repair,https://raw.githubusercontent.com/ariel-at-brightdata/labeling/main/appliance-repair_channels/mp4/UCYpGjGPGSl4myXwoNHs8TQA-score-4.mp4,,,,,,
Appliance repair,https://raw.githubusercontent.com/ariel-at-brightdata/labeling/main/appliance-repair_channels/mp4/UCYuOmqJlgKrtDmuHPSBlS2g-score-4.mp4,,,,,,
Appliance repair,https://raw.githubusercontent.com/ariel-at-brightdata/labeling/main/appliance-repair_channels/mp4/UCZ2lX2KB7VlE4P9j1IUbzXQ-score-4.mp4,,,,,,
Appliance repair,https://raw.githubusercontent.com/ariel-at-brightdata/labeling/main/appliance-repair_channels/mp4/UCZ4vLkdNjjhmZ2FM0MrJHXA-score-4.mp4,,,,,,
Appliance repair,https://raw.githubusercontent.com/ariel-at-brightdata/labeling/main/appliance-repair_channels/mp4/UCZ76lQ5VKJXeIbqH2sOP_Qw-score-4.mp4,,,,,,
Appliance repair,https://raw.githubusercontent.com/ariel-at-brightdata/labeling/main/appliance-repair_channels/mp4/UCZ8ZTrssDXiTyXYz2sECHAw-score-4.mp4,,,,,,
Appliance repair,https://raw.githubusercontent.com/ariel-at-brightdata/labeling/main/appliance-repair_channels/mp4/UCZAnG6vy1CURg7GV-_ROq2g-score-4.mp4,,,,,,
Appliance repair,https://raw.githubusercontent.com/ariel-at-brightdata/labeling/main/appliance-repair_channels/mp4/UCZDHu9ChkgaanZ1sCWDBr1Q-score-4.mp4,,,,,,
Appliance repair,https://raw.githubusercontent.com/ariel-at-brightdata/labeling/main/appliance-repair_channels/mp4/UCZEEkCCfi_mxxLTfEshj8Mw-score-4.mp4,,,,,,
Appliance repair,https://raw.githubusercontent.com/ariel-at-brightdata/labeling/main/appliance-repair_channels/mp4/UCZH6HRZm76GL3nKjqlM8NxQ-score-4.mp4,,,,,,
Appliance repair,https://raw.githubusercontent.com/ariel-at-brightdata/labeling/main/appliance-repair_channels/mp4/UCZOfwVWpaynX0KIQ6nJbxaw-score-4.mp4,,,,,,
Appliance repair,https://raw.githubusercontent.com/ariel-at-brightdata/labeling/main/appliance-repair_channels/mp4/UCZQN_RU5D01R9cLWuI8H5NQ-score-4.mp4,,,,,,
Appliance repair,https://raw.githubusercontent.com/ariel-at-brightdata/labeling/main/appliance-repair_channels/mp4/UCZYgVD3LeUAqjq681NtQ7Cg-score-4.mp4,,,,,,
Appliance repair,https://raw.githubusercontent.com/ariel-at-brightdata/labeling/main/appliance-repair_channels/mp4/UCZg_QyXCNdbyoq9N1KQa-4g-score-4.mp4,,,,,,
Appliance repair,https://raw.githubusercontent.com/ariel-at-brightdata/labeling/main/appliance-repair_channels/mp4/UCZhvHidzWqgg9NbFtb1-z9g-score-4.mp4,,,,,,
Appliance repair,https://raw.githubusercontent.com/ariel-at-brightdata/labeling/main/appliance-repair_channels/mp4/UCZi8bItY7It692qk3vyc_lA-score-4.mp4,,,,,,
Appliance repair,https://raw.githubusercontent.com/ariel-at-brightdata/labeling/main/appliance-repair_channels/mp4/UCZki2gzNqAZyy8pysWt_bJg-score-4.mp4,,,,,,
Appliance repair,https://raw.githubusercontent.com/ariel-at-brightdata/labeling/main/appliance-repair_channels/mp4/UCZoAmbFJRBKcwYpaw3P1-EA-score-4.mp4,,,,,,
Appliance repair,https://raw.githubusercontent.com/ariel-at-brightdata/labeling/main/appliance-repair_channels/mp4/UCZucgb7Uv3P3PJEb1ggq-ng-score-4.mp4,,,,,,
Appliance repair,https://raw.githubusercontent.com/ariel-at-brightdata/labeling/main/appliance-repair_channels/mp4/UCZwVSXc1cQAFoQGO2jG7Y4A-score-4.mp4,,,,,,
Appliance repair,https://raw.githubusercontent.com/ariel-at-brightdata/labeling/main/appliance-repair_channels/mp4/UCZz4H3_uE990mO75W_Q_K-Q-score-4.mp4,,,,,,
Appliance repair,https://raw.githubusercontent.com/ariel-at-brightdata/labeling/main/appliance-repair_channels/mp4/UC_-rEx51qGs79G5tPSDgAYg-score-4.mp4,,,,,,
Appliance repair,https://raw.githubusercontent.com/ariel-at-brightdata/labeling/main/appliance-repair_channels/mp4/UC_1KxqjEJn9jt0pEb_CsbHQ-score-4.mp4,,,,,,
Appliance repair,https://raw.githubusercontent.com/ariel-at-brightdata/labeling/main/appliance-repair_channels/mp4/UC_4V_-jJCzk2EyfVuUpNlpQ-score-4.mp4,,,,,,
Appliance repair,https://raw.githubusercontent.com/ariel-at-brightdata/labeling/main/appliance-repair_channels/mp4/UC_7ROrBu_3w2m1o35hjqAPQ-score-4.mp4,,,,,,
Appliance repair,https://raw.githubusercontent.com/ariel-at-brightdata/labeling/main/appliance-repair_channels/mp4/UC_9gENrgW_D5vxi1jmP5TsQ-score-4.mp4,,,,,,
Appliance repair,https://raw.githubusercontent.com/ariel-at-brightdata/labeling/main/appliance-repair_channels/mp4/UC_KR47CbPR-GqYSBtfKADCg-score-4.mp4,,,,,,
Appliance repair,https://raw.githubusercontent.com/ariel-at-brightdata/labeling/main/appliance-repair_channels/mp4/UC_M8F-g-vTUN4Z0fQHne1Pg-score-4.mp4,,,,,,
Appliance repair,https://raw.githubusercontent.com/ariel-at-brightdata/labeling/main/appliance-repair_channels/mp4/UC_NER2c-qf_U63h3jr3VY-Q-score-4.mp4,,,,,,
Appliance repair,https://raw.githubusercontent.com/ariel-at-brightdata/labeling/main/appliance-repair_channels/mp4/UC_NpZ1tyYO-fLI5owe4uQiw-score-4.mp4,,,,,,
Appliance repair,https://raw.githubusercontent.com/ariel-at-brightdata/labeling/main/appliance-repair_channels/mp4/UC_RySCBxEkJof6NQBjNAAyA-score-4.mp4,,,,,,
Appliance repair,https://raw.githubusercontent.com/ariel-at-brightdata/labeling/main/appliance-repair_channels/mp4/UC_YW7KXlnjYSUQnJatfbBzQ-score-4.mp4,,,,,,
Appliance repair,https://raw.githubusercontent.com/ariel-at-brightdata/labeling/main/appliance-repair_channels/mp4/UC_lH_bAjZEfOr8Uroo59oxw-score-4.mp4,,,,,,
Appliance repair,https://raw.githubusercontent.com/ariel-at-brightdata/labeling/main/appliance-repair_channels/mp4/UC_sXHCU6cZuLNSXCXUPZd8w-score-4.mp4,,,,,,
Appliance repair,https://raw.githubusercontent.com/ariel-at-brightdata/labeling/main/appliance-repair_channels/mp4/UC_vW8KtkZjcY_C31Ek_6rRA-score-4.mp4,,,,,,
Appliance repair,https://raw.githubusercontent.com/ariel-at-brightdata/labeling/main/appliance-repair_channels/mp4/UC_vb3wRSROjvZrLaDyFtzMw-score-4.mp4,,,,,,
Appliance repair,https://raw.githubusercontent.com/ariel-at-brightdata/labeling/main/appliance-repair_channels/mp4/UCa00pcYf8RXhvmE_NudJOrg-score-4.mp4,,,,,,
Appliance repair,https://raw.githubusercontent.com/ariel-at-brightdata/labeling/main/appliance-repair_channels/mp4/UCa4bdCL0MW0B5LvFIclE73w-score-4.mp4,,,,,,
Appliance repair,https://raw.githubusercontent.com/ariel-at-brightdata/labeling/main/appliance-repair_channels/mp4/UCa5WtVSgCKrqH22Y8wgc5lA-score-4.mp4,,,,,,
Appliance repair,https://raw.githubusercontent.com/ariel-at-brightdata/labeling/main/appliance-repair_channels/mp4/UCaFbhGZsxPwVYhQWNQ90XRg-score-4.mp4,,,,,,
Appliance repair,https://raw.githubusercontent.com/ariel-at-brightdata/labeling/main/appliance-repair_channels/mp4/UCab9BW86OyI9f5zhdfQfkHA-score-4.mp4,,,,,,
Appliance repair,https://raw.githubusercontent.com/ariel-at-brightdata/labeling/main/appliance-repair_channels/mp4/UCacp5yh-cg5IWmsGVd-2A2Q-score-4.mp4,,,,,,
Appliance repair,https://raw.githubusercontent.com/ariel-at-brightdata/labeling/main/appliance-repair_channels/mp4/UCauH3oW9CoMT-CyoPgk0N8Q-score-4.mp4,,,,,,
Appliance repair,https://raw.githubusercontent.com/ariel-at-brightdata/labeling/main/appliance-repair_channels/mp4/UCavyqG4jgQAedOYmu4DnODQ-score-5.mp4,,,,,,
Appliance repair,https://raw.githubusercontent.com/ariel-at-brightdata/labeling/main/appliance-repair_channels/mp4/UCb16WuGejjMOLZnSe13oDvA-score-5.mp4,,,,,,
Appliance repair,https://raw.githubusercontent.com/ariel-at-brightdata/labeling/main/appliance-repair_channels/mp4/UCbCPfGe1D4OXOx5a0afb-Cg-score-5.mp4,,,,,,
Appliance repair,https://raw.githubusercontent.com/ariel-at-brightdata/labeling/main/appliance-repair_channels/mp4/UCbConH1OPNLizbrf81hhp-w-score-4.mp4,,,,,,
Appliance repair,https://raw.githubusercontent.com/ariel-at-brightdata/labeling/main/appliance-repair_channels/mp4/UCbHpbtbASZWkl3wwu7ARogA-score-4.mp4,,,,,,
Appliance repair,https://raw.githubusercontent.com/ariel-at-brightdata/labeling/main/appliance-repair_channels/mp4/UCbQy5UxlvaPPsDHvfvW76JQ-score-4.mp4,,,,,,
Appliance repair,https://raw.githubusercontent.com/ariel-at-brightdata/labeling/main/appliance-repair_channels/mp4/UCbTgoOC98bvVDmKNfeFe1qw-score-4.mp4,,,,,,
Appliance repair,https://raw.githubusercontent.com/ariel-at-brightdata/labeling/main/appliance-repair_channels/mp4/UCbW_ea6Alu1QLBPH_g3o6gA-score-5.mp4,,,,,,
Appliance repair,https://raw.githubusercontent.com/ariel-at-brightdata/labeling/main/appliance-repair_channels/mp4/UCbWzVTf4Da_7gpVxUluTzlw-score-4.mp4,,,,,,
Appliance repair,https://raw.githubusercontent.com/ariel-at-brightdata/labeling/main/appliance-repair_channels/mp4/UCblfKCV3-JuMpfVfgl56VRw-score-4.mp4,,,,,,
Appliance repair,https://raw.githubusercontent.com/ariel-at-brightdata/labeling/main/appliance-repair_channels/mp4/UCblhwI9PKe6vc6NUrQdJ0Zw-score-4.mp4,,,,,,
Appliance repair,https://raw.githubusercontent.com/ariel-at-brightdata/labeling/main/appliance-repair_channels/mp4/UCbmdF_TFOzO98450jz3hWCQ-score-4.mp4,,,,,,
Appliance repair,https://raw.githubusercontent.com/ariel-at-brightdata/labeling/main/appliance-repair_channels/mp4/UCboOGU_QhapETGgKg6Nrhew-score-4.mp4,,,,,,
Appliance repair,https://raw.githubusercontent.com/ariel-at-brightdata/labeling/main/appliance-repair_channels/mp4/UCcAcfuMzC32hipV0PAXTBYA-score-4.mp4,,,,,,
Appliance repair,https://raw.githubusercontent.com/ariel-at-brightdata/labeling/main/appliance-repair_channels/mp4/UCcFG5c2BVPQOzNTSx0CRpGg-score-4.mp4,,,,,,
Appliance repair,https://raw.githubusercontent.com/ariel-at-brightdata/labeling/main/appliance-repair_channels/mp4/UCcINyl4ZG4G6GwMXcZt8wxA-score-4.mp4,,,,,,
Appliance repair,https://raw.githubusercontent.com/ariel-at-brightdata/labeling/main/appliance-repair_channels/mp4/UCcM9zna0d47JI0dhCQqTQog-score-4.mp4,,,,,,
Appliance repair,https://raw.githubusercontent.com/ariel-at-brightdata/labeling/main/appliance-repair_channels/mp4/UCcSUali66VtYK7Y02kyyLGQ-score-5.mp4,,,,,,
Appliance repair,https://raw.githubusercontent.com/ariel-at-brightdata/labeling/main/appliance-repair_channels/mp4/UCcUT8RS43ejoXkmZFZVVuKg-score-4.mp4,,,,,,
Appliance repair,https://raw.githubusercontent.com/ariel-at-brightdata/labeling/main/appliance-repair_channels/mp4/UCcXMmBMYC2ctGWxljbXqcLw-score-4.mp4,,,,,,
Appliance repair,https://raw.githubusercontent.com/ariel-at-brightdata/labeling/main/appliance-repair_channels/mp4/UCc_y6-_MF33oDjtPPfkqQuw-score-4.mp4,,,,,,
Appliance repair,https://raw.githubusercontent.com/ariel-at-brightdata/labeling/main/appliance-repair_channels/mp4/UCcbE1Y2n-oL4YGDJCcDDTag-score-4.mp4,,,,,,
Appliance repair,https://raw.githubusercontent.com/ariel-at-brightdata/labeling/main/appliance-repair_channels/mp4/UCcfJ8PsV60mDIzla4u0xBlA-score-4.mp4,,,,,,
Appliance repair,https://raw.githubusercontent.com/ariel-at-brightdata/labeling/main/appliance-repair_channels/mp4/UCci9KapyIrPwpb91GpZh-TQ-score-4.mp4,,,,,,
Appliance repair,https://raw.githubusercontent.com/ariel-at-brightdata/labeling/main/appliance-repair_channels/mp4/UCcouly1944BmuniOiMNJiXQ-score-4.mp4,,,,,,
Appliance repair,https://raw.githubusercontent.com/ariel-at-brightdata/labeling/main/appliance-repair_channels/mp4/UCcsqExA2EYALdvQ9vBYUASQ-score-4.mp4,,,,,,
Appliance repair,https://raw.githubusercontent.com/ariel-at-brightdata/labeling/main/appliance-repair_channels/mp4/UCctJsucDvtt3zLbRiT2sCFQ-score-4.mp4,,,,,,
Appliance repair,https://raw.githubusercontent.com/ariel-at-brightdata/labeling/main/appliance-repair_channels/mp4/UCcyfTSEtIckQnOkum7KvuEQ-score-4.mp4,,,,,,
Appliance repair,https://raw.githubusercontent.com/ariel-at-brightdata/labeling/main/appliance-repair_channels/mp4/UCd51fyz0RZ6FMxMzsS3RsHw-score-4.mp4,,,,,,
Appliance repair,https://raw.githubusercontent.com/ariel-at-brightdata/labeling/main/appliance-repair_channels/mp4/UCd66Agmgoc9nqsSTchrb6dQ-score-4.mp4,,,,,,
Appliance repair,https://raw.githubusercontent.com/ariel-at-brightdata/labeling/main/appliance-repair_channels/mp4/UCd6aYGnO8Y-LyRYe-Jc3HpQ-score-4.mp4,,,,,,
Appliance repair,https://raw.githubusercontent.com/ariel-at-brightdata/labeling/main/appliance-repair_channels/mp4/UCd9joqFtFwqfBx5EK1htvcA-score-4.mp4,,,,,,
Appliance repair,https://raw.githubusercontent.com/ariel-at-brightdata/labeling/main/appliance-repair_channels/mp4/UCdAh-fPwz0rkD3HndcHo5Gg-score-4.mp4,,,,,,
Appliance repair,https://raw.githubusercontent.com/ariel-at-brightdata/labeling/main/appliance-repair_channels/mp4/UCdBxGHBwUTQ-vnAfBfrSI7A-score-4.mp4,,,,,,
Appliance repair,https://raw.githubusercontent.com/ariel-at-brightdata/labeling/main/appliance-repair_channels/mp4/UCdCFy-C82V_VFpKdicWDObw-score-4.mp4,,,,,,
Appliance repair,https://raw.githubusercontent.com/ariel-at-brightdata/labeling/main/appliance-repair_channels/mp4/UCdDR7Go6B2-yLIgeXyuAvFw-score-4.mp4,,,,,,
Appliance repair,https://raw.githubusercontent.com/ariel-at-brightdata/labeling/main/appliance-repair_channels/mp4/UCdFa3MilnTyhVDMKiEv6kZA-score-4.mp4,,,,,,
Appliance repair,https://raw.githubusercontent.com/ariel-at-brightdata/labeling/main/appliance-repair_channels/mp4/UCdIrWFR-bBleKhfFZTNY3VQ-score-4.mp4,,,,,,
Appliance repair,https://raw.githubusercontent.com/ariel-at-brightdata/labeling/main/appliance-repair_channels/mp4/UCdPiZzPzXyNRc9ufZ-RGe8w-score-4.mp4,,,,,,
Appliance repair,https://raw.githubusercontent.com/ariel-at-brightdata/labeling/main/appliance-repair_channels/mp4/UCdUdZbJ9WxHprTZWWVl-P5A-score-4.mp4,,,,,,
Appliance repair,https://raw.githubusercontent.com/ariel-at-brightdata/labeling/main/appliance-repair_channels/mp4/UCdW1itgOV6FoGJzq2LkuA9w-score-4.mp4,,,,,,
Appliance repair,https://raw.githubusercontent.com/ariel-at-brightdata/labeling/main/appliance-repair_channels/mp4/UCdXjbir0J2iaVhqx6AOmsXQ-score-4.mp4,,,,,,
Appliance repair,https://raw.githubusercontent.com/ariel-at-brightdata/labeling/main/appliance-repair_channels/mp4/UCdbdxT1sqNOWhiceYxkHvIA-score-4.mp4,,,,,,
Appliance repair,https://raw.githubusercontent.com/ariel-at-brightdata/labeling/main/appliance-repair_channels/mp4/UCdc2itT2lo3wMa8_Hhht5Lg-score-4.mp4,,,,,,
Appliance repair,https://raw.githubusercontent.com/ariel-at-brightdata/labeling/main/appliance-repair_channels/mp4/UCdfyf7ePKW5m2f--j9L1PWg-score-4.mp4,,,,,,
Appliance repair,https://raw.githubusercontent.com/ariel-at-brightdata/labeling/main/appliance-repair_channels/mp4/UCdgP0n_wrscNRTLx4dKvCjg-score-4.mp4,,,,,,
Appliance repair,https://raw.githubusercontent.com/ariel-at-brightdata/labeling/main/appliance-repair_channels/mp4/UCdgs13yJYVLlqkqhVGcLsvA-score-4.mp4,,,,,,
Appliance repair,https://raw.githubusercontent.com/ariel-at-brightdata/labeling/main/appliance-repair_channels/mp4/UCdhRyABXSS1uYebn1o4QzjQ-score-4.mp4,,,,,,
Appliance repair,https://raw.githubusercontent.com/ariel-at-brightdata/labeling/main/appliance-repair_channels/mp4/UCdmxO5biPDigittcdUnc7LA-score-4.mp4,,,,,,
Appliance repair,https://raw.githubusercontent.com/ariel-at-brightdata/labeling/main/appliance-repair_channels/mp4/UCdomciGrYdbiIDuIb-iM6ug-score-4.mp4,,,,,,
Appliance repair,https://raw.githubusercontent.com/ariel-at-brightdata/labeling/main/appliance-repair_channels/mp4/UCdqHLjkwMTurZ9_UNMtaxzA-score-4.mp4,,,,,,
Appliance repair,https://raw.githubusercontent.com/ariel-at-brightdata/labeling/main/appliance-repair_channels/mp4/UCdygs3ozZpG5AwhpMNPwSVg-score-4.mp4,,,,,,
Appliance repair,https://raw.githubusercontent.com/ariel-at-brightdata/labeling/main/appliance-repair_channels/mp4/UCdzUncW2P6bKIuBrPW3kOjQ-score-4.mp4,,,,,,
Appliance repair,https://raw.githubusercontent.com/ariel-at-brightdata/labeling/main/appliance-repair_channels/mp4/UCdzuyOQoBxEOH_Vsslu5COA-score-4.mp4,,,,,,
Appliance repair,https://raw.githubusercontent.com/ariel-at-brightdata/labeling/main/appliance-repair_channels/mp4/UCe-oYO1XkbGh5Gcn8ZwA2cw-score-4.mp4,,,,,,
Appliance repair,https://raw.githubusercontent.com/ariel-at-brightdata/labeling/main/appliance-repair_channels/mp4/UCeEoClCbK6DbLg6HHX0FeSA-score-4.mp4,,,,,,
Appliance repair,https://raw.githubusercontent.com/ariel-at-brightdata/labeling/main/appliance-repair_channels/mp4/UCeO0QqxL1mpkRAQjobwLilQ-score-4.mp4,,,,,,
Appliance repair,https://raw.githubusercontent.com/ariel-at-brightdata/labeling/main/appliance-repair_channels/mp4/UCeO4F41uVUYsfMRW42D8f0g-score-5.mp4,,,,,,
Appliance repair,https://raw.githubusercontent.com/ariel-at-brightdata/labeling/main/appliance-repair_channels/mp4/UCeS863ByfPyT3mpEt-co-Pw-score-4.mp4,,,,,,
Appliance repair,https://raw.githubusercontent.com/ariel-at-brightdata/labeling/main/appliance-repair_channels/mp4/UCegjeloNzzKbZWkWKQftK9Q-score-4.mp4,,,,,,
Appliance repair,https://raw.githubusercontent.com/ariel-at-brightdata/labeling/main/appliance-repair_channels/mp4/UCeiocqL-P5o--DASlf0SG5w-score-4.mp4,,,,,,
Appliance repair,https://raw.githubusercontent.com/ariel-at-brightdata/labeling/main/appliance-repair_channels/mp4/UCej3x7xePhrqoJycEPoNgeQ-score-4.mp4,,,,,,
Appliance repair,https://raw.githubusercontent.com/ariel-at-brightdata/labeling/main/appliance-repair_channels/mp4/UCekKmUEJxBRx5tI1tUyHOqA-score-4.mp4,,,,,,
Appliance repair,https://raw.githubusercontent.com/ariel-at-brightdata/labeling/main/appliance-repair_channels/mp4/UCekzlEP337Ld51d6p3xArVA-score-4.mp4,,,,,,
Appliance repair,https://raw.githubusercontent.com/ariel-at-brightdata/labeling/main/appliance-repair_channels/mp4/UCenmRTUBNmYNUNLM25L2OnQ-score-4.mp4,,,,,,
Appliance repair,https://raw.githubusercontent.com/ariel-at-brightdata/labeling/main/appliance-repair_channels/mp4/UCf-z8SU2D48J-5-t1ZPB7Eg-score-4.mp4,,,,,,
Appliance repair,https://raw.githubusercontent.com/ariel-at-brightdata/labeling/main/appliance-repair_channels/mp4/UCf4lvtxhnYsLyuCv82-MckA-score-4.mp4,,,,,,
Appliance repair,https://raw.githubusercontent.com/ariel-at-brightdata/labeling/main/appliance-repair_channels/mp4/UCf8NmV23_pOiCMz_TTrye1g-score-4.mp4,,,,,,
Appliance repair,https://raw.githubusercontent.com/ariel-at-brightdata/labeling/main/appliance-repair_channels/mp4/UCf91LqD5yjxa_YjqJdGYy6A-score-4.mp4,,,,,,
Appliance repair,https://raw.githubusercontent.com/ariel-at-brightdata/labeling/main/appliance-repair_channels/mp4/UCfBu2FayK_1h2aktHMZ6njQ-score-4.mp4,,,,,,
Appliance repair,https://raw.githubusercontent.com/ariel-at-brightdata/labeling/main/appliance-repair_channels/mp4/UCfDqNloJbS5YBY6bU9L5GMA-score-4.mp4,,,,,,
Appliance repair,https://raw.githubusercontent.com/ariel-at-brightdata/labeling/main/appliance-repair_channels/mp4/UCfE7D8WCARIoD3zR-9mKlTA-score-4.mp4,,,,,,
Appliance repair,https://raw.githubusercontent.com/ariel-at-brightdata/labeling/main/appliance-repair_channels/mp4/UCfEZ46q-_SE8yjTG1_cQGIg-score-5.mp4,,,,,,
Appliance repair,https://raw.githubusercontent.com/ariel-at-brightdata/labeling/main/appliance-repair_channels/mp4/UCfEen5ZvPNss2SUhJLC_6LA-score-4.mp4,,,,,,
Appliance repair,https://raw.githubusercontent.com/ariel-at-brightdata/labeling/main/appliance-repair_channels/mp4/UCfN7e-X_VdMPqk2wLR3xq_A-score-4.mp4,,,,,,
Appliance repair,https://raw.githubusercontent.com/ariel-at-brightdata/labeling/main/appliance-repair_channels/mp4/UCfOcgZsfFyGH-cbFd-0wS9A-score-4.mp4,,,,,,
Appliance repair,https://raw.githubusercontent.com/ariel-at-brightdata/labeling/main/appliance-repair_channels/mp4/UCfSmPbdrbxwtx186oFSzfig-score-4.mp4,,,,,,
Appliance repair,https://raw.githubusercontent.com/ariel-at-brightdata/labeling/main/appliance-repair_channels/mp4/UCfaDnLEj2Fa-Gq_NmHHCliQ-score-4.mp4,,,,,,
Appliance repair,https://raw.githubusercontent.com/ariel-at-brightdata/labeling/main/appliance-repair_channels/mp4/UCfoeNK6oz1eP3Z_YodDvgCQ-score-4.mp4,,,,,,
Appliance repair,https://raw.githubusercontent.com/ariel-at-brightdata/labeling/main/appliance-repair_channels/mp4/UCfqHH_EXdfZA0v10h9qnkyA-score-4.mp4,,,,,,
Appliance repair,https://raw.githubusercontent.com/ariel-at-brightdata/labeling/main/appliance-repair_channels/mp4/UCfu8JzjRt3e_DYr_5FlkU5Q-score-4.mp4,,,,,,
Appliance repair,https://raw.githubusercontent.com/ariel-at-brightdata/labeling/main/appliance-repair_channels/mp4/UCg-iVvCUNnuBv25GJjTO79A-score-4.mp4,,,,,,
Appliance repair,https://raw.githubusercontent.com/ariel-at-brightdata/labeling/main/appliance-repair_channels/mp4/UCg2P54pPMY7aJPxSWmAEmaA-score-4.mp4,,,,,,
Appliance repair,https://raw.githubusercontent.com/ariel-at-brightdata/labeling/main/appliance-repair_channels/mp4/UCg2mY0IUC0NMMHUfXwZQreQ-score-4.mp4,,,,,,
Appliance repair,https://raw.githubusercontent.com/ariel-at-brightdata/labeling/main/appliance-repair_channels/mp4/UCg3NprPADHN6KctHeV0LzxQ-score-4.mp4,,,,,,
Appliance repair,https://raw.githubusercontent.com/ariel-at-brightdata/labeling/main/appliance-repair_channels/mp4/UCg4Up4qnGSFguJGmI20kopQ-score-4.mp4,,,,,,
Appliance repair,https://raw.githubusercontent.com/ariel-at-brightdata/labeling/main/appliance-repair_channels/mp4/UCg8famzo5ZHDpyR_5bZnNGg-score-4.mp4,,,,,,
Appliance repair,https://raw.githubusercontent.com/ariel-at-brightdata/labeling/main/appliance-repair_channels/mp4/UCgC7_G0tgM3pfQwm-7zhzZw-score-4.mp4,,,,,,
Appliance repair,https://raw.githubusercontent.com/ariel-at-brightdata/labeling/main/appliance-repair_channels/mp4/UCgEeSHlU_3EASsoWSJkVAIw-score-5.mp4,,,,,,
Appliance repair,https://raw.githubusercontent.com/ariel-at-brightdata/labeling/main/appliance-repair_channels/mp4/UCgJKDuYnaPSyezEUVcHe1SQ-score-4.mp4,,,,,,
Appliance repair,https://raw.githubusercontent.com/ariel-at-brightdata/labeling/main/appliance-repair_channels/mp4/UCgJy9u99vBXnQI-w1Rf_bGA-score-4.mp4,,,,,,
Appliance repair,https://raw.githubusercontent.com/ariel-at-brightdata/labeling/main/appliance-repair_channels/mp4/UCgWBSExS_Fcqb_PPKEzNFUA-score-4.mp4,,,,,,
Appliance repair,https://raw.githubusercontent.com/ariel-at-brightdata/labeling/main/appliance-repair_channels/mp4/UCgYUBySTF7AVfFZFfGZYpcQ-score-4.mp4,,,,,,
Appliance repair,https://raw.githubusercontent.com/ariel-at-brightdata/labeling/main/appliance-repair_channels/mp4/UCge85kaR7HMYJ0LzNaGLUKA-score-4.mp4,,,,,,
Appliance repair,https://raw.githubusercontent.com/ariel-at-brightdata/labeling/main/appliance-repair_channels/mp4/UCgiF5YspjnOE9NVQiq0SsnA-score-4.mp4,,,,,,
Appliance repair,https://raw.githubusercontent.com/ariel-at-brightdata/labeling/main/appliance-repair_channels/mp4/UCgnf3g86hu8Vg-Ww8ej38vw-score-4.mp4,,,,,,
Appliance repair,https://raw.githubusercontent.com/ariel-at-brightdata/labeling/main/appliance-repair_channels/mp4/UCgs1dogdewRhEbkP8brYJrA-score-4.mp4,,,,,,
Appliance repair,https://raw.githubusercontent.com/ariel-at-brightdata/labeling/main/appliance-repair_channels/mp4/UCgw8yxI4XviMRgf_EXwo5xg-score-4.mp4,,,,,,
Appliance repair,https://raw.githubusercontent.com/ariel-at-brightdata/labeling/main/appliance-repair_channels/mp4/UCgxFcXG10tMXkADB3fCHOWg-score-4.mp4,,,,,,
Appliance repair,https://raw.githubusercontent.com/ariel-at-brightdata/labeling/main/appliance-repair_channels/mp4/UCh-wr3R5HDOIxKtOPQKjoYw-score-4.mp4,,,,,,
Appliance repair,https://raw.githubusercontent.com/ariel-at-brightdata/labeling/main/appliance-repair_channels/mp4/UChAF3k4LZQOybaFUkXOndGQ-score-4.mp4,,,,,,
Appliance repair,https://raw.githubusercontent.com/ariel-at-brightdata/labeling/main/appliance-repair_channels/mp4/UChFuZCGM9hXvHSyGtYk2fnw-score-5.mp4,,,,,,
Appliance repair,https://raw.githubusercontent.com/ariel-at-brightdata/labeling/main/appliance-repair_channels/mp4/UChG8D9IZ79FYUQ94B637D1w-score-4.mp4,,,,,,
Appliance repair,https://raw.githubusercontent.com/ariel-at-brightdata/labeling/main/appliance-repair_channels/mp4/UChH1YDpCTOcoKd_451v2v_Q-score-4.mp4,,,,,,
Appliance repair,https://raw.githubusercontent.com/ariel-at-brightdata/labeling/main/appliance-repair_channels/mp4/UChHxYi8HJLBQMa6REtIMRGg-score-4.mp4,,,,,,
Appliance repair,https://raw.githubusercontent.com/ariel-at-brightdata/labeling/main/appliance-repair_channels/mp4/UChMLwOyc37pRIt6OgQY5EjA-score-4.mp4,,,,,,
Appliance repair,https://raw.githubusercontent.com/ariel-at-brightdata/labeling/main/appliance-repair_channels/mp4/UChNfYhi-7dWniUEyxbFB7-w-score-4.mp4,,,,,,
Appliance repair,https://raw.githubusercontent.com/ariel-at-brightdata/labeling/main/appliance-repair_channels/mp4/UChO9tE2cadVzsioqEcBHOFQ-score-5.mp4,,,,,,
Appliance repair,https://raw.githubusercontent.com/ariel-at-brightdata/labeling/main/appliance-repair_channels/mp4/UChQ0ggfKrHxDghJu_vmIPuw-score-4.mp4,,,,,,
Appliance repair,https://raw.githubusercontent.com/ariel-at-brightdata/labeling/main/appliance-repair_channels/mp4/UChTaK-dAeYmzKbUYRMLh7bQ-score-4.mp4,,,,,,
Appliance repair,https://raw.githubusercontent.com/ariel-at-brightdata/labeling/main/appliance-repair_channels/mp4/UChU3vbRybQUlrxpnEXmPQUw-score-4.mp4,,,,,,
Appliance repair,https://raw.githubusercontent.com/ariel-at-brightdata/labeling/main/appliance-repair_channels/mp4/UChiERB9bhmJJHluWZHjWIAQ-score-4.mp4,,,,,,
Appliance repair,https://raw.githubusercontent.com/ariel-at-brightdata/labeling/main/appliance-repair_channels/mp4/UChiqAXms7vvR4GHPBcUScUA-score-4.mp4,,,,,,
Appliance repair,https://raw.githubusercontent.com/ariel-at-brightdata/labeling/main/appliance-repair_channels/mp4/UChsqtc7fKhb30qDpcyDGgng-score-4.mp4,,,,,,
Appliance repair,https://raw.githubusercontent.com/ariel-at-brightdata/labeling/main/appliance-repair_channels/mp4/UChuqfqHp26XuCK-baA3aHYA-score-4.mp4,,,,,,
Appliance repair,https://raw.githubusercontent.com/ariel-at-brightdata/labeling/main/appliance-repair_channels/mp4/UChwift5VGY5QLWannG3HlkQ-score-5.mp4,,,,,,
Appliance repair,https://raw.githubusercontent.com/ariel-at-brightdata/labeling/main/appliance-repair_channels/mp4/UChzTKRTOQeUjLi3tK8ci2rQ-score-4.mp4,,,,,,
Appliance repair,https://raw.githubusercontent.com/ariel-at-brightdata/labeling/main/appliance-repair_channels/mp4/UCi3JwfsTD-7Gp2YZaJ1i15Q-score-4.mp4,,,,,,
Appliance repair,https://raw.githubusercontent.com/ariel-at-brightdata/labeling/main/appliance-repair_channels/mp4/UCiB9XOjeBjSbAuJetxsWJYQ-score-4.mp4,,,,,,
Appliance repair,https://raw.githubusercontent.com/ariel-at-brightdata/labeling/main/appliance-repair_channels/mp4/UCiE9srrgamF0ifmUNWFULhg-score-4.mp4,,,,,,
Appliance repair,https://raw.githubusercontent.com/ariel-at-brightdata/labeling/main/appliance-repair_channels/mp4/UCiPOGV8qh5wAX5BkYJYVtcw-score-4.mp4,,,,,,
Appliance repair,https://raw.githubusercontent.com/ariel-at-brightdata/labeling/main/appliance-repair_channels/mp4/UCiT6JSCL3R7CoI890vk4IEw-score-4.mp4,,,,,,
Appliance repair,https://raw.githubusercontent.com/ariel-at-brightdata/labeling/main/appliance-repair_channels/mp4/UCiX_RqY3FXeh__mzFcXCrZw-score-4.mp4,,,,,,
Appliance repair,https://raw.githubusercontent.com/ariel-at-brightdata/labeling/main/appliance-repair_channels/mp4/UCi_HISCC-RpbIfubEj9NlLQ-score-4.mp4,,,,,,
Appliance repair,https://raw.githubusercontent.com/ariel-at-brightdata/labeling/main/appliance-repair_channels/mp4/UCi_mEQnyZ0uZXenuI-GQRaw-score-4.mp4,,,,,,
Appliance repair,https://raw.githubusercontent.com/ariel-at-brightdata/labeling/main/appliance-repair_channels/mp4/UCiePPf_DjfHUI6AQT1ikN9A-score-4.mp4,,,,,,
Appliance repair,https://raw.githubusercontent.com/ariel-at-brightdata/labeling/main/appliance-repair_channels/mp4/UCigMT4LoUXWH9jO6WpIBXCg-score-5.mp4,,,,,,
Appliance repair,https://raw.githubusercontent.com/ariel-at-brightdata/labeling/main/appliance-repair_channels/mp4/UCikdwKb5cAp5qbceTih-t-w-score-4.mp4,,,,,,
Appliance repair,https://raw.githubusercontent.com/ariel-at-brightdata/labeling/main/appliance-repair_channels/mp4/UCin36XSrwSYoVZPamVce-fQ-score-5.mp4,,,,,,
Appliance repair,https://raw.githubusercontent.com/ariel-at-brightdata/labeling/main/appliance-repair_channels/mp4/UCiowqqFn3c-bERLUFc2gVoA-score-4.mp4,,,,,,
Appliance repair,https://raw.githubusercontent.com/ariel-at-brightdata/labeling/main/appliance-repair_channels/mp4/UCipou8HNhcaSE16gujumXcg-score-5.mp4,,,,,,
Appliance repair,https://raw.githubusercontent.com/ariel-at-brightdata/labeling/main/appliance-repair_channels/mp4/UCir0sjMNYjn7IFQFlvWsG8w-score-4.mp4,,,,,,
Appliance repair,https://raw.githubusercontent.com/ariel-at-brightdata/labeling/main/appliance-repair_channels/mp4/UCj28Ww32xxyocIC00SIMKbQ-score-4.mp4,,,,,,
Appliance repair,https://raw.githubusercontent.com/ariel-at-brightdata/labeling/main/appliance-repair_channels/mp4/UCj6gjTmAfY7-Dzxo4-nq8hQ-score-4.mp4,,,,,,
Appliance repair,https://raw.githubusercontent.com/ariel-at-brightdata/labeling/main/appliance-repair_channels/mp4/UCj7Nx_UsRA0XVmrhJru-Gow-score-4.mp4,,,,,,
Appliance repair,https://raw.githubusercontent.com/ariel-at-brightdata/labeling/main/appliance-repair_channels/mp4/UCj8d4VFk6uZlwDcwMoQl-1w-score-4.mp4,,,,,,
Appliance repair,https://raw.githubusercontent.com/ariel-at-brightdata/labeling/main/appliance-repair_channels/mp4/UCj9C-yZG6MR7zK9zil-QvWw-score-4.mp4,,,,,,
Appliance repair,https://raw.githubusercontent.com/ariel-at-brightdata/labeling/main/appliance-repair_channels/mp4/UCjCKIORglXTlNsOwO49EqMw-score-5.mp4,,,,,,
Appliance repair,https://raw.githubusercontent.com/ariel-at-brightdata/labeling/main/appliance-repair_channels/mp4/UCjIAdSEN5QD2hy4SEVyS9XA-score-4.mp4,,,,,,
Appliance repair,https://raw.githubusercontent.com/ariel-at-brightdata/labeling/main/appliance-repair_channels/mp4/UCjNpZ-esYjfGRi8kIVvqCCQ-score-4.mp4,,,,,,
Appliance repair,https://raw.githubusercontent.com/ariel-at-brightdata/labeling/main/appliance-repair_channels/mp4/UCjRyrzMcFN7yKUHZINyhZUw-score-4.mp4,,,,,,
Appliance repair,https://raw.githubusercontent.com/ariel-at-brightdata/labeling/main/appliance-repair_channels/mp4/UCjV3fLZJo_4-zY0RSezKA0A-score-5.mp4,,,,,,
Appliance repair,https://raw.githubusercontent.com/ariel-at-brightdata/labeling/main/appliance-repair_channels/mp4/UCjbGMopwAv8npfO0BTaXE6A-score-4.mp4,,,,,,
Appliance repair,https://raw.githubusercontent.com/ariel-at-brightdata/labeling/main/appliance-repair_channels/mp4/UCjbipLzaixAKx5L6fTlx1Qg-score-4.mp4,,,,,,
Appliance repair,https://raw.githubusercontent.com/ariel-at-brightdata/labeling/main/appliance-repair_channels/mp4/UCjmDUjt7evYUVSG-r-yG4NA-score-4.mp4,,,,,,
Appliance repair,https://raw.githubusercontent.com/ariel-at-brightdata/labeling/main/appliance-repair_channels/mp4/UCjpSvMWcaIUlh3cmaUP_2mg-score-5.mp4,,,,,,
Appliance repair,https://raw.githubusercontent.com/ariel-at-brightdata/labeling/main/appliance-repair_channels/mp4/UCjrrvIXUHm1XMuuyLIMDWJw-score-4.mp4,,,,,,
Appliance repair,https://raw.githubusercontent.com/ariel-at-brightdata/labeling/main/appliance-repair_channels/mp4/UCjskU6s3JYO0qopbVIXBcXQ-score-4.mp4,,,,,,
Appliance repair,https://raw.githubusercontent.com/ariel-at-brightdata/labeling/main/appliance-repair_channels/mp4/UCjtED11av9K8Owlu9ERL2qw-score-4.mp4,,,,,,
Appliance repair,https://raw.githubusercontent.com/ariel-at-brightdata/labeling/main/appliance-repair_channels/mp4/UCjuFAqdOyJHJ8grsBQF_dJw-score-4.mp4,,,,,,
Appliance repair,https://raw.githubusercontent.com/ariel-at-brightdata/labeling/main/appliance-repair_channels/mp4/UCjvoJhQSlrCvFO8LE3YKoHg-score-4.mp4,,,,,,
Appliance repair,https://raw.githubusercontent.com/ariel-at-brightdata/labeling/main/appliance-repair_channels/mp4/UCjyl10p-xenXYwwWY-rqfSQ-score-4.mp4,,,,,,
Appliance repair,https://raw.githubusercontent.com/ariel-at-brightdata/labeling/main/appliance-repair_channels/mp4/UCjzFls4mxOQ3uYtOyt66hRg-score-4.mp4,,,,,,
Appliance repair,https://raw.githubusercontent.com/ariel-at-brightdata/labeling/main/appliance-repair_channels/mp4/UCjzKo74tD8KNIANycqK45cA-score-4.mp4,,,,,,
Appliance repair,https://raw.githubusercontent.com/ariel-at-brightdata/labeling/main/appliance-repair_channels/mp4/UCk-U4zaUpHkhF900dlOjQRw-score-4.mp4,,,,,,
Appliance repair,https://raw.githubusercontent.com/ariel-at-brightdata/labeling/main/appliance-repair_channels/mp4/UCk5eHU0e5BuU5IijEEH_gCw-score-5.mp4,,,,,,
Appliance repair,https://raw.githubusercontent.com/ariel-at-brightdata/labeling/main/appliance-repair_channels/mp4/UCk6qwNKcex3iI8qcTTiTXtg-score-4.mp4,,,,,,
Appliance repair,https://raw.githubusercontent.com/ariel-at-brightdata/labeling/main/appliance-repair_channels/mp4/UCk7Lpf83T2OHhtEd9BzxCUQ-score-4.mp4,,,,,,
Appliance repair,https://raw.githubusercontent.com/ariel-at-brightdata/labeling/main/appliance-repair_channels/mp4/UCk8kH0_XLhKC1SSHmpvWX9w-score-5.mp4,,,,,,
Appliance repair,https://raw.githubusercontent.com/ariel-at-brightdata/labeling/main/appliance-repair_channels/mp4/UCkG_TayeqF6zSvO6aUBdEbw-score-4.mp4,,,,,,
Appliance repair,https://raw.githubusercontent.com/ariel-at-brightdata/labeling/main/appliance-repair_channels/mp4/UCkMTP7_AwBRC-KvHrGWcWtg-score-5.mp4,,,,,,
Appliance repair,https://raw.githubusercontent.com/ariel-at-brightdata/labeling/main/appliance-repair_channels/mp4/UCkQGwi5N53o5UHWQqLHgMGQ-score-4.mp4,,,,,,
Appliance repair,https://raw.githubusercontent.com/ariel-at-brightdata/labeling/main/appliance-repair_channels/mp4/UCkRDPdUaVM_C--wgK1OWUTQ-score-4.mp4,,,,,,
Appliance repair,https://raw.githubusercontent.com/ariel-at-brightdata/labeling/main/appliance-repair_channels/mp4/UCkXAox_UVtR1mPIhWQKJeeg-score-4.mp4,,,,,,
Appliance repair,https://raw.githubusercontent.com/ariel-at-brightdata/labeling/main/appliance-repair_channels/mp4/UCk_Epq89IzNRDJDLvlnS9rg-score-4.mp4,,,,,,
Appliance repair,https://raw.githubusercontent.com/ariel-at-brightdata/labeling/main/appliance-repair_channels/mp4/UCkcRtTwDYsVfl6w9WTP4fDA-score-4.mp4,,,,,,
Appliance repair,https://raw.githubusercontent.com/ariel-at-brightdata/labeling/main/appliance-repair_channels/mp4/UCkeAXY80UNUtxWY7LbIleEQ-score-4.mp4,,,,,,
Appliance repair,https://raw.githubusercontent.com/ariel-at-brightdata/labeling/main/appliance-repair_channels/mp4/UCkfdvJdyEiyuCD27JxvBMmQ-score-4.mp4,,,,,,
Appliance repair,https://raw.githubusercontent.com/ariel-at-brightdata/labeling/main/appliance-repair_channels/mp4/UCkml6LF0qsT9xIN5p_fuhvQ-score-5.mp4,,,,,,
Appliance repair,https://raw.githubusercontent.com/ariel-at-brightdata/labeling/main/appliance-repair_channels/mp4/UCkpCTjA2rGZexaUoX0cuw1g-score-4.mp4,,,,,,
Appliance repair,https://raw.githubusercontent.com/ariel-at-brightdata/labeling/main/appliance-repair_channels/mp4/UCku4P60LgYpyZXUIYrTImPA-score-4.mp4,,,,,,
Appliance repair,https://raw.githubusercontent.com/ariel-at-brightdata/labeling/main/appliance-repair_channels/mp4/UCkxu92eBA3fDGdgm9lZZnVg-score-4.mp4,,,,,,
Appliance repair,https://raw.githubusercontent.com/ariel-at-brightdata/labeling/main/appliance-repair_channels/mp4/UCkxw1kbM5K2JUNzgHSBDMMw-score-4.mp4,,,,,,
Appliance repair,https://raw.githubusercontent.com/ariel-at-brightdata/labeling/main/appliance-repair_channels/mp4/UCl-ylmXfQIX0ZoKe8i_d-Ww-score-4.mp4,,,,,,
Appliance repair,https://raw.githubusercontent.com/ariel-at-brightdata/labeling/main/appliance-repair_channels/mp4/UCl6-NG68PA4ZwV6C7nzXwdQ-score-4.mp4,,,,,,
Appliance repair,https://raw.githubusercontent.com/ariel-at-brightdata/labeling/main/appliance-repair_channels/mp4/UCl6XUAYg4nv07qWQwiVZrHw-score-4.mp4,,,,,,
Appliance repair,https://raw.githubusercontent.com/ariel-at-brightdata/labeling/main/appliance-repair_channels/mp4/UClA94rSbt7UGzB-ORXaoJjg-score-4.mp4,,,,,,
Appliance repair,https://raw.githubusercontent.com/ariel-at-brightdata/labeling/main/appliance-repair_channels/mp4/UClBXyVJtS8thh3YeTMr0daA-score-5.mp4,,,,,,
Appliance repair,https://raw.githubusercontent.com/ariel-at-brightdata/labeling/main/appliance-repair_channels/mp4/UClEGvBDrstwbHz1ZM_75N9w-score-4.mp4,,,,,,
Appliance repair,https://raw.githubusercontent.com/ariel-at-brightdata/labeling/main/appliance-repair_channels/mp4/UClIRZ-Lc-4B9Yx6oZHdXWIA-score-4.mp4,,,,,,
Appliance repair,https://raw.githubusercontent.com/ariel-at-brightdata/labeling/main/appliance-repair_channels/mp4/UClIVZBUJLy_XXayqs4tVdjQ-score-4.mp4,,,,,,
Appliance repair,https://raw.githubusercontent.com/ariel-at-brightdata/labeling/main/appliance-repair_channels/mp4/UClK_g4tE8oSoCBsPIRwnieg-score-4.mp4,,,,,,
Appliance repair,https://raw.githubusercontent.com/ariel-at-brightdata/labeling/main/appliance-repair_channels/mp4/UClOYw6sucfHUeuIWELkXsHw-score-4.mp4,,,,,,
Appliance repair,https://raw.githubusercontent.com/ariel-at-brightdata/labeling/main/appliance-repair_channels/mp4/UClR5hknzxlqBVyDQBrQXKIw-score-4.mp4,,,,,,
Appliance repair,https://raw.githubusercontent.com/ariel-at-brightdata/labeling/main/appliance-repair_channels/mp4/UClSi7P1LP1jg8m73eAiIOKA-score-4.mp4,,,,,,
Appliance repair,https://raw.githubusercontent.com/ariel-at-brightdata/labeling/main/appliance-repair_channels/mp4/UClfk-xLgAr9Ca-HLeiPO7og-score-4.mp4,,,,,,
Appliance repair,https://raw.githubusercontent.com/ariel-at-brightdata/labeling/main/appliance-repair_channels/mp4/UCljZ00krNxkHXyFgdIbBeig-score-4.mp4,,,,,,
Appliance repair,https://raw.githubusercontent.com/ariel-at-brightdata/labeling/main/appliance-repair_channels/mp4/UCloshaVLVw9_a4wT15ZbgQw-score-4.mp4,,,,,,
Appliance repair,https://raw.githubusercontent.com/ariel-at-brightdata/labeling/main/appliance-repair_channels/mp4/UClxcps8eWcg1s85SVWGInmg-score-4.mp4,,,,,,
Appliance repair,https://raw.githubusercontent.com/ariel-at-brightdata/labeling/main/appliance-repair_channels/mp4/UClyc0EJQe50b1QjvllYYs0w-score-4.mp4,,,,,,
Appliance repair,https://raw.githubusercontent.com/ariel-at-brightdata/labeling/main/appliance-repair_channels/mp4/UClyvU5tUuCCVaA8eP4EU6HA-score-4.mp4,,,,,,
Appliance repair,https://raw.githubusercontent.com/ariel-at-brightdata/labeling/main/appliance-repair_channels/mp4/UCm2X0K9krntxTNitbNHwB0g-score-4.mp4,,,,,,
Appliance repair,https://raw.githubusercontent.com/ariel-at-brightdata/labeling/main/appliance-repair_channels/mp4/UCmK69oQtfSKbiGLmEfgRHIQ-score-4.mp4,,,,,,
Appliance repair,https://raw.githubusercontent.com/ariel-at-brightdata/labeling/main/appliance-repair_channels/mp4/UCmNsGZ76OhnxxQYA8JCr9pA-score-4.mp4,,,,,,
Appliance repair,https://raw.githubusercontent.com/ariel-at-brightdata/labeling/main/appliance-repair_channels/mp4/UCmOMu39aK_OKBTfi197LP2g-score-4.mp4,,,,,,
Appliance repair,https://raw.githubusercontent.com/ariel-at-brightdata/labeling/main/appliance-repair_channels/mp4/UCmRQyl9DmPao1T-UAzyF5lg-score-4.mp4,,,,,,
Appliance repair,https://raw.githubusercontent.com/ariel-at-brightdata/labeling/main/appliance-repair_channels/mp4/UCmX5uievbYg3zUuZgvyHLlg-score-5.mp4,,,,,,
Appliance repair,https://raw.githubusercontent.com/ariel-at-brightdata/labeling/main/appliance-repair_channels/mp4/UCmYFrTi0FyLTR_GNQkezQCg-score-5.mp4,,,,,,
Appliance repair,https://raw.githubusercontent.com/ariel-at-brightdata/labeling/main/appliance-repair_channels/mp4/UCmYUtevmi8pY8c9fm1knACA-score-4.mp4,,,,,,
Appliance repair,https://raw.githubusercontent.com/ariel-at-brightdata/labeling/main/appliance-repair_channels/mp4/UCmYkgdkVfmS9-rggADpaXdQ-score-4.mp4,,,,,,
Appliance repair,https://raw.githubusercontent.com/ariel-at-brightdata/labeling/main/appliance-repair_channels/mp4/UCmZ4nhw77uA0OgCwoMIX6tg-score-4.mp4,,,,,,
Appliance repair,https://raw.githubusercontent.com/ariel-at-brightdata/labeling/main/appliance-repair_channels/mp4/UCmZbT8mOQKT-pjUlwS89SEQ-score-4.mp4,,,,,,
Appliance repair,https://raw.githubusercontent.com/ariel-at-brightdata/labeling/main/appliance-repair_channels/mp4/UCmar13SFQGJD7vamSXcpy7Q-score-4.mp4,,,,,,
Appliance repair,https://raw.githubusercontent.com/ariel-at-brightdata/labeling/main/appliance-repair_channels/mp4/UCmi6qZ8Ldqk6tb46Km_x2zg-score-4.mp4,,,,,,
Appliance repair,https://raw.githubusercontent.com/ariel-at-brightdata/labeling/main/appliance-repair_channels/mp4/UCmidpq-4xmfOK66CJ2zebEA-score-4.mp4,,,,,,
Appliance repair,https://raw.githubusercontent.com/ariel-at-brightdata/labeling/main/appliance-repair_channels/mp4/UCmumnvFe7_rlem0hjkAv-Iw-score-4.mp4,,,,,,
Appliance repair,https://raw.githubusercontent.com/ariel-at-brightdata/labeling/main/appliance-repair_channels/mp4/UCn3Q9cRphb32-2f_AjOZcfQ-score-4.mp4,,,,,,
Appliance repair,https://raw.githubusercontent.com/ariel-at-brightdata/labeling/main/appliance-repair_channels/mp4/UCn95CGSaboI7nwT1NrbyFIA-score-4.mp4,,,,,,
Appliance repair,https://raw.githubusercontent.com/ariel-at-brightdata/labeling/main/appliance-repair_channels/mp4/UCnBxqmGR5hD5eeETSa4iRhA-score-4.mp4,,,,,,
Appliance repair,https://raw.githubusercontent.com/ariel-at-brightdata/labeling/main/appliance-repair_channels/mp4/UCnF0iAKapNrDhNxaumee0fg-score-4.mp4,,,,,,
Appliance repair,https://raw.githubusercontent.com/ariel-at-brightdata/labeling/main/appliance-repair_channels/mp4/UCnGi8CTiDqueYOhYpU_li4A-score-5.mp4,,,,,,
Appliance repair,https://raw.githubusercontent.com/ariel-at-brightdata/labeling/main/appliance-repair_channels/mp4/UCnH1VTpmYdwYqAnar-S6-5A-score-4.mp4,,,,,,
Appliance repair,https://raw.githubusercontent.com/ariel-at-brightdata/labeling/main/appliance-repair_channels/mp4/UCnJJkfRhYYNpbzEMt_9s3gQ-score-4.mp4,,,,,,
Appliance repair,https://raw.githubusercontent.com/ariel-at-brightdata/labeling/main/appliance-repair_channels/mp4/UCnMCOX6qSbTUQPyJJzRwPcg-score-4.mp4,,,,,,
Appliance repair,https://raw.githubusercontent.com/ariel-at-brightdata/labeling/main/appliance-repair_channels/mp4/UCn_xyPqhnsOjs6pGP73E4GA-score-4.mp4,,,,,,
Appliance repair,https://raw.githubusercontent.com/ariel-at-brightdata/labeling/main/appliance-repair_channels/mp4/UCng1SdTi6fBhW0HX4OL9Z6Q-score-4.mp4,,,,,,
Appliance repair,https://raw.githubusercontent.com/ariel-at-brightdata/labeling/main/appliance-repair_channels/mp4/UCnpXGr-6D4-z9-Dgjste5hA-score-5.mp4,,,,,,
Appliance repair,https://raw.githubusercontent.com/ariel-at-brightdata/labeling/main/appliance-repair_channels/mp4/UCnq_VU4RNtD8Lma86aUGMqA-score-4.mp4,,,,,,
Appliance repair,https://raw.githubusercontent.com/ariel-at-brightdata/labeling/main/appliance-repair_channels/mp4/UCo3ORGbtuY7YKvaMGoy-nWQ-score-4.mp4,,,,,,
Appliance repair,https://raw.githubusercontent.com/ariel-at-brightdata/labeling/main/appliance-repair_channels/mp4/UCo67dmTZD_0Y1tIoruFmibg-score-4.mp4,,,,,,
Appliance repair,https://raw.githubusercontent.com/ariel-at-brightdata/labeling/main/appliance-repair_channels/mp4/UCo9jgFDpgopzLJNx6ZLiZbA-score-4.mp4,,,,,,
Appliance repair,https://raw.githubusercontent.com/ariel-at-brightdata/labeling/main/appliance-repair_channels/mp4/UCoHZvPLXLxKapjNut2zP8HQ-score-4.mp4,,,,,,
Appliance repair,https://raw.githubusercontent.com/ariel-at-brightdata/labeling/main/appliance-repair_channels/mp4/UCoHgF5gE6ra6jyjTju7__2Q-score-4.mp4,,,,,,
Appliance repair,https://raw.githubusercontent.com/ariel-at-brightdata/labeling/main/appliance-repair_channels/mp4/UCoMZ6MidgZrgaGPd-R_gR7g-score-5.mp4,,,,,,
Appliance repair,https://raw.githubusercontent.com/ariel-at-brightdata/labeling/main/appliance-repair_channels/mp4/UCoQfxGONnojF6Z4aW4lu3gw-score-4.mp4,,,,,,
Appliance repair,https://raw.githubusercontent.com/ariel-at-brightdata/labeling/main/appliance-repair_channels/mp4/UCoRqh9dPZeeqooY37WSULDg-score-4.mp4,,,,,,
Appliance repair,https://raw.githubusercontent.com/ariel-at-brightdata/labeling/main/appliance-repair_channels/mp4/UCoZ8OHFHeUl1_ap4mKywpLQ-score-4.mp4,,,,,,
Appliance repair,https://raw.githubusercontent.com/ariel-at-brightdata/labeling/main/appliance-repair_channels/mp4/UCoZM9xRhJ-ULFkeYyjAZVZw-score-5.mp4,,,,,,
Appliance repair,https://raw.githubusercontent.com/ariel-at-brightdata/labeling/main/appliance-repair_channels/mp4/UCobXs_V1gWEi6fyMnheDhqA-score-4.mp4,,,,,,
Appliance repair,https://raw.githubusercontent.com/ariel-at-brightdata/labeling/main/appliance-repair_channels/mp4/UCoeqsD3pPI9uuG2nngMRMcw-score-4.mp4,,,,,,
Appliance repair,https://raw.githubusercontent.com/ariel-at-brightdata/labeling/main/appliance-repair_channels/mp4/UCokIY6wJBviA5LeIg-LheZQ-score-5.mp4,,,,,,
Appliance repair,https://raw.githubusercontent.com/ariel-at-brightdata/labeling/main/appliance-repair_channels/mp4/UCokutvTdS83ozkXzP4iGfIA-score-4.mp4,,,,,,
Appliance repair,https://raw.githubusercontent.com/ariel-at-brightdata/labeling/main/appliance-repair_channels/mp4/UColJ6-ReS-Xa4deZcc_nXug-score-4.mp4,,,,,,
Appliance repair,https://raw.githubusercontent.com/ariel-at-brightdata/labeling/main/appliance-repair_channels/mp4/UComshr-2ol4SuYNcFWzgPbw-score-4.mp4,,,,,,
Appliance repair,https://raw.githubusercontent.com/ariel-at-brightdata/labeling/main/appliance-repair_channels/mp4/UConzgjTn-Xgx5QXH0MG11MQ-score-4.mp4,,,,,,
Appliance repair,https://raw.githubusercontent.com/ariel-at-brightdata/labeling/main/appliance-repair_channels/mp4/UCotMBnV_zn3cddl2pBu-Wog-score-4.mp4,,,,,,
Appliance repair,https://raw.githubusercontent.com/ariel-at-brightdata/labeling/main/appliance-repair_channels/mp4/UCovMgzMFByX9DxXpzYHueEA-score-4.mp4,,,,,,
Appliance repair,https://raw.githubusercontent.com/ariel-at-brightdata/labeling/main/appliance-repair_channels/mp4/UCoxuVJbrKlaRUA6LoGR7mMQ-score-4.mp4,,,,,,
Appliance repair,https://raw.githubusercontent.com/ariel-at-brightdata/labeling/main/appliance-repair_channels/mp4/UCoz9T0OTfxJd7MfVqX6I54g-score-4.mp4,,,,,,
Appliance repair,https://raw.githubusercontent.com/ariel-at-brightdata/labeling/main/appliance-repair_channels/mp4/UCp3cfg5_UzHb12Z5mXewrOQ-score-4.mp4,,,,,,
Appliance repair,https://raw.githubusercontent.com/ariel-at-brightdata/labeling/main/appliance-repair_channels/mp4/UCp5nkgJM10Ggm0Cw6ZJpeCg-score-4.mp4,,,,,,
Appliance repair,https://raw.githubusercontent.com/ariel-at-brightdata/labeling/main/appliance-repair_channels/mp4/UCpIXHLU8sUt_DqZ4RP2UPkQ-score-4.mp4,,,,,,
Appliance repair,https://raw.githubusercontent.com/ariel-at-brightdata/labeling/main/appliance-repair_channels/mp4/UCpLPfYosUS4BDAkirVjfdtw-score-4.mp4,,,,,,
Appliance repair,https://raw.githubusercontent.com/ariel-at-brightdata/labeling/main/appliance-repair_channels/mp4/UCpNbYdvLc8w_6IQoCQGDV3A-score-4.mp4,,,,,,
Appliance repair,https://raw.githubusercontent.com/ariel-at-brightdata/labeling/main/appliance-repair_channels/mp4/UCpcx7Q9gQIgS4TwGRPaULiA-score-4.mp4,,,,,,
Appliance repair,https://raw.githubusercontent.com/ariel-at-brightdata/labeling/main/appliance-repair_channels/mp4/UCpjq5yIquRPlGHJVEGVv12Q-score-4.mp4,,,,,,
Appliance repair,https://raw.githubusercontent.com/ariel-at-brightdata/labeling/main/appliance-repair_channels/mp4/UCpnRZscRDjo3Xr_3fxsbi4A-score-4.mp4,,,,,,
Appliance repair,https://raw.githubusercontent.com/ariel-at-brightdata/labeling/main/appliance-repair_channels/mp4/UCpruJsxUcMf33ZO4AVgk44g-score-4.mp4,,,,,,
Appliance repair,https://raw.githubusercontent.com/ariel-at-brightdata/labeling/main/appliance-repair_channels/mp4/UCpsf4nCy9aIya9pFYx7M6PA-score-4.mp4,,,,,,
Appliance repair,https://raw.githubusercontent.com/ariel-at-brightdata/labeling/main/appliance-repair_channels/mp4/UCpv0GEBM5U_pnL3orKBv41g-score-5.mp4,,,,,,
Appliance repair,https://raw.githubusercontent.com/ariel-at-brightdata/labeling/main/appliance-repair_channels/mp4/UCpynzVrjqhX2yGd24nS4RnQ-score-4.mp4,,,,,,
Appliance repair,https://raw.githubusercontent.com/ariel-at-brightdata/labeling/main/appliance-repair_channels/mp4/UCpzeZJ2vk28pDrWVFNLwH4A-score-4.mp4,,,,,,
Appliance repair,https://raw.githubusercontent.com/ariel-at-brightdata/labeling/main/appliance-repair_channels/mp4/UCq1BgdLp21erDFiuq9Gv8vQ-score-4.mp4,,,,,,
Appliance repair,https://raw.githubusercontent.com/ariel-at-brightdata/labeling/main/appliance-repair_channels/mp4/UCqGaHv3-kPa4673K0Ea-VZQ-score-4.mp4,,,,,,
Appliance repair,https://raw.githubusercontent.com/ariel-at-brightdata/labeling/main/appliance-repair_channels/mp4/UCqJ80SF7zuWQYc-IV5OV03A-score-5.mp4,,,,,,
Appliance repair,https://raw.githubusercontent.com/ariel-at-brightdata/labeling/main/appliance-repair_channels/mp4/UCqJvReyBanKjiLvMJ1gFDig-score-4.mp4,,,,,,
Appliance repair,https://raw.githubusercontent.com/ariel-at-brightdata/labeling/main/appliance-repair_channels/mp4/UCqLrBth-qpw4IEMZgg47PRw-score-4.mp4,,,,,,
Appliance repair,https://raw.githubusercontent.com/ariel-at-brightdata/labeling/main/appliance-repair_channels/mp4/UCqewW4Ga6kgqrwhGEth1yJw-score-4.mp4,,,,,,
Appliance repair,https://raw.githubusercontent.com/ariel-at-brightdata/labeling/main/appliance-repair_channels/mp4/UCqj-v_doK5Fy1ELHD9TJF4w-score-4.mp4,,,,,,
Appliance repair,https://raw.githubusercontent.com/ariel-at-brightdata/labeling/main/appliance-repair_channels/mp4/UCqkfFFzQjTj03v-eYgFXISQ-score-5.mp4,,,,,,
Appliance repair,https://raw.githubusercontent.com/ariel-at-brightdata/labeling/main/appliance-repair_channels/mp4/UCqmBY-BdpQCrJbXQsVFe6TQ-score-4.mp4,,,,,,
Appliance repair,https://raw.githubusercontent.com/ariel-at-brightdata/labeling/main/appliance-repair_channels/mp4/UCqr1Vu3V3_UVo_ydtR4DOZA-score-4.mp4,,,,,,
Appliance repair,https://raw.githubusercontent.com/ariel-at-brightdata/labeling/main/appliance-repair_channels/mp4/UCr1QYMHTzct42uDohlsmdQA-score-4.mp4,,,,,,
Appliance repair,https://raw.githubusercontent.com/ariel-at-brightdata/labeling/main/appliance-repair_channels/mp4/UCr3ojh7hu3NAQyvNkR-f_TQ-score-4.mp4,,,,,,
Appliance repair,https://raw.githubusercontent.com/ariel-at-brightdata/labeling/main/appliance-repair_channels/mp4/UCrETUfSMyK5Ay8sHftlBnRQ-score-4.mp4,,,,,,
Appliance repair,https://raw.githubusercontent.com/ariel-at-brightdata/labeling/main/appliance-repair_channels/mp4/UCrHpY-ejIHiMmVKMCWSC2NA-score-4.mp4,,,,,,
Appliance repair,https://raw.githubusercontent.com/ariel-at-brightdata/labeling/main/appliance-repair_channels/mp4/UCrVWZd1gT8QE8wVYWtP8Kng-score-4.mp4,,,,,,
Appliance repair,https://raw.githubusercontent.com/ariel-at-brightdata/labeling/main/appliance-repair_channels/mp4/UCrWF74hXh32J5qs51RmTxSA-score-4.mp4,,,,,,
Appliance repair,https://raw.githubusercontent.com/ariel-at-brightdata/labeling/main/appliance-repair_channels/mp4/UCretwEwNPGAYt8SETlOIP1w-score-4.mp4,,,,,,
Appliance repair,https://raw.githubusercontent.com/ariel-at-brightdata/labeling/main/appliance-repair_channels/mp4/UCrf1pbSWaF0r5gtVqQQ-5Eg-score-4.mp4,,,,,,
Appliance repair,https://raw.githubusercontent.com/ariel-at-brightdata/labeling/main/appliance-repair_channels/mp4/UCrkRgN9iCAbKj98ZOTI7dmQ-score-4.mp4,,,,,,
Appliance repair,https://raw.githubusercontent.com/ariel-at-brightdata/labeling/main/appliance-repair_channels/mp4/UCrldUwmKRxUpNf8PWJBq-bQ-score-4.mp4,,,,,,
Appliance repair,https://raw.githubusercontent.com/ariel-at-brightdata/labeling/main/appliance-repair_channels/mp4/UCrnNBnN5Y5EnctWHWwZlQww-score-4.mp4,,,,,,
Appliance repair,https://raw.githubusercontent.com/ariel-at-brightdata/labeling/main/appliance-repair_channels/mp4/UCrsWH5EfSWKSlzN-I5_YQIw-score-4.mp4,,,,,,
Appliance repair,https://raw.githubusercontent.com/ariel-at-brightdata/labeling/main/appliance-repair_channels/mp4/UCsA0wDczBUaFaxk6bra_d2A-score-4.mp4,,,,,,
Appliance repair,https://raw.githubusercontent.com/ariel-at-brightdata/labeling/main/appliance-repair_channels/mp4/UCsFmKaZTmBFFpoOieO4feDg-score-4.mp4,,,,,,
Appliance repair,https://raw.githubusercontent.com/ariel-at-brightdata/labeling/main/appliance-repair_channels/mp4/UCsNiOV7HeaRNVoICmRbo7ig-score-4.mp4,,,,,,
Appliance repair,https://raw.githubusercontent.com/ariel-at-brightdata/labeling/main/appliance-repair_channels/mp4/UCsTT-wpKQMRXlJkrb_F6dPA-score-4.mp4,,,,,,
Appliance repair,https://raw.githubusercontent.com/ariel-at-brightdata/labeling/main/appliance-repair_channels/mp4/UCsTm_lkTGkXspEGGoKKmGsg-score-4.mp4,,,,,,
Appliance repair,https://raw.githubusercontent.com/ariel-at-brightdata/labeling/main/appliance-repair_channels/mp4/UCsanh5WGS7iW8IEScZVacTA-score-4.mp4,,,,,,
Appliance repair,https://raw.githubusercontent.com/ariel-at-brightdata/labeling/main/appliance-repair_channels/mp4/UCsjJtQtchAul3ebBGjTmN3A-score-4.mp4,,,,,,
Appliance repair,https://raw.githubusercontent.com/ariel-at-brightdata/labeling/main/appliance-repair_channels/mp4/UCsjZaw2XTYV2xNMQtkIfXQw-score-4.mp4,,,,,,
Appliance repair,https://raw.githubusercontent.com/ariel-at-brightdata/labeling/main/appliance-repair_channels/mp4/UCsoA6UEf3zSw54tjAvmfK9Q-score-4.mp4,,,,,,
Appliance repair,https://raw.githubusercontent.com/ariel-at-brightdata/labeling/main/appliance-repair_channels/mp4/UCsq8WK397o8qtyOzVST2IAQ-score-4.mp4,,,,,,
Appliance repair,https://raw.githubusercontent.com/ariel-at-brightdata/labeling/main/appliance-repair_channels/mp4/UCssYkCpe2JGjqG7oHfy3S7g-score-4.mp4,,,,,,
Appliance repair,https://raw.githubusercontent.com/ariel-at-brightdata/labeling/main/appliance-repair_channels/mp4/UCsxLSq-J95NL16mbmysqSPg-score-5.mp4,,,,,,
Appliance repair,https://raw.githubusercontent.com/ariel-at-brightdata/labeling/main/appliance-repair_channels/mp4/UCsxaXjV4xClppO6KMrsomGA-score-4.mp4,,,,,,
Appliance repair,https://raw.githubusercontent.com/ariel-at-brightdata/labeling/main/appliance-repair_channels/mp4/UCt4BHzNzA5O59SzoMusWzVg-score-4.mp4,,,,,,
Appliance repair,https://raw.githubusercontent.com/ariel-at-brightdata/labeling/main/appliance-repair_channels/mp4/UCt4CpJOL31uv5g624LlOGpw-score-4.mp4,,,,,,
Appliance repair,https://raw.githubusercontent.com/ariel-at-brightdata/labeling/main/appliance-repair_channels/mp4/UCt5gs9Ourc9x0WTr8HNfFHA-score-4.mp4,,,,,,
Appliance repair,https://raw.githubusercontent.com/ariel-at-brightdata/labeling/main/appliance-repair_channels/mp4/UCtCpzA7YeKGNN9MrUCg2ZxQ-score-4.mp4,,,,,,
Appliance repair,https://raw.githubusercontent.com/ariel-at-brightdata/labeling/main/appliance-repair_channels/mp4/UCtD1oSE8J26CBbX-Prf9IZQ-score-4.mp4,,,,,,
Appliance repair,https://raw.githubusercontent.com/ariel-at-brightdata/labeling/main/appliance-repair_channels/mp4/UCtDCG7RvbaXZ5lFl1FR3Jjg-score-4.mp4,,,,,,
Appliance repair,https://raw.githubusercontent.com/ariel-at-brightdata/labeling/main/appliance-repair_channels/mp4/UCtQvYWOj-YqoQQrrpvmvT8Q-score-4.mp4,,,,,,
Appliance repair,https://raw.githubusercontent.com/ariel-at-brightdata/labeling/main/appliance-repair_channels/mp4/UCtX6ktV-oCrx8PuuI-_-6MA-score-4.mp4,,,,,,
Appliance repair,https://raw.githubusercontent.com/ariel-at-brightdata/labeling/main/appliance-repair_channels/mp4/UCtZjy2wRI6qaQLs5kliUt7w-score-4.mp4,,,,,,
Appliance repair,https://raw.githubusercontent.com/ariel-at-brightdata/labeling/main/appliance-repair_channels/mp4/UCta4tjgHsu8VgdGKvXVKx5A-score-4.mp4,,,,,,
Appliance repair,https://raw.githubusercontent.com/ariel-at-brightdata/labeling/main/appliance-repair_channels/mp4/UCtdIWKMESiAk73DqGxjUjow-score-4.mp4,,,,,,
Appliance repair,https://raw.githubusercontent.com/ariel-at-brightdata/labeling/main/appliance-repair_channels/mp4/UCtnDj5IV95ToTJ7g6slWgrA-score-4.mp4,,,,,,
Appliance repair,https://raw.githubusercontent.com/ariel-at-brightdata/labeling/main/appliance-repair_channels/mp4/UCtoHM7QCwdrR0sicQ8EQN8g-score-4.mp4,,,,,,
Appliance repair,https://raw.githubusercontent.com/ariel-at-brightdata/labeling/main/appliance-repair_channels/mp4/UCtpnOnHncoYkVWli0XfFuxg-score-4.mp4,,,,,,
Appliance repair,https://raw.githubusercontent.com/ariel-at-brightdata/labeling/main/appliance-repair_channels/mp4/UCu0vL0VJ-_fdoLAzjlCcGKQ-score-4.mp4,,,,,,
Appliance repair,https://raw.githubusercontent.com/ariel-at-brightdata/labeling/main/appliance-repair_channels/mp4/UCu1WQ6Eu6-LakbXnnxNihAA-score-4.mp4,,,,,,
Appliance repair,https://raw.githubusercontent.com/ariel-at-brightdata/labeling/main/appliance-repair_channels/mp4/UCu2W99sB0wcB8GgWYIPVM2A-score-4.mp4,,,,,,
Appliance repair,https://raw.githubusercontent.com/ariel-at-brightdata/labeling/main/appliance-repair_channels/mp4/UCu4Lqty24PW1P7PCXn7XccQ-score-4.mp4,,,,,,
Appliance repair,https://raw.githubusercontent.com/ariel-at-brightdata/labeling/main/appliance-repair_channels/mp4/UCu72Y_qMf0vNNFyNjyQWtwA-score-4.mp4,,,,,,
Appliance repair,https://raw.githubusercontent.com/ariel-at-brightdata/labeling/main/appliance-repair_channels/mp4/UCuBAhirSPh3qD1u-YTUolkA-score-4.mp4,,,,,,
Appliance repair,https://raw.githubusercontent.com/ariel-at-brightdata/labeling/main/appliance-repair_channels/mp4/UCuCtSpx3ohPwAJxAeGYuyTA-score-4.mp4,,,,,,
Appliance repair,https://raw.githubusercontent.com/ariel-at-brightdata/labeling/main/appliance-repair_channels/mp4/UCuDo7McoqiQSa-RpiCTYlvw-score-4.mp4,,,,,,
Appliance repair,https://raw.githubusercontent.com/ariel-at-brightdata/labeling/main/appliance-repair_channels/mp4/UCuHEy3eJaMhKQqdANHDuwmQ-score-4.mp4,,,,,,
Appliance repair,https://raw.githubusercontent.com/ariel-at-brightdata/labeling/main/appliance-repair_channels/mp4/UCuJUyjS21cCzA72sL7VXJiw-score-4.mp4,,,,,,
Appliance repair,https://raw.githubusercontent.com/ariel-at-brightdata/labeling/main/appliance-repair_channels/mp4/UCuMcZ2WVG_TuJJHzLOCTLEw-score-4.mp4,,,,,,
Appliance repair,https://raw.githubusercontent.com/ariel-at-brightdata/labeling/main/appliance-repair_channels/mp4/UCuRucSvPwBusFLmZryhVGAQ-score-5.mp4,,,,,,
Appliance repair,https://raw.githubusercontent.com/ariel-at-brightdata/labeling/main/appliance-repair_channels/mp4/UCueB3zQHCr9WdJDWaqc5_Gg-score-4.mp4,,,,,,
Appliance repair,https://raw.githubusercontent.com/ariel-at-brightdata/labeling/main/appliance-repair_channels/mp4/UCuhPouKJqGUoPOioYmRSgxg-score-4.mp4,,,,,,
Appliance repair,https://raw.githubusercontent.com/ariel-at-brightdata/labeling/main/appliance-repair_channels/mp4/UCuonWpn4kPTgMHOvGYOxyLw-score-4.mp4,,,,,,
Appliance repair,https://raw.githubusercontent.com/ariel-at-brightdata/labeling/main/appliance-repair_channels/mp4/UCusTc09ktlvvud0SIKjJhUA-score-4.mp4,,,,,,
Appliance repair,https://raw.githubusercontent.com/ariel-at-brightdata/labeling/main/appliance-repair_channels/mp4/UCutUSxioywq9O4jQ5-XZYfQ-score-4.mp4,,,,,,
Appliance repair,https://raw.githubusercontent.com/ariel-at-brightdata/labeling/main/appliance-repair_channels/mp4/UCuuJizv_ezzCW0sZDAK4j1A-score-5.mp4,,,,,,
Appliance repair,https://raw.githubusercontent.com/ariel-at-brightdata/labeling/main/appliance-repair_channels/mp4/UCuyTnff2lQvbSRq9ybvyAYQ-score-4.mp4,,,,,,
Appliance repair,https://raw.githubusercontent.com/ariel-at-brightdata/labeling/main/appliance-repair_channels/mp4/UCuyXUpoQDCrlVnwPg4ytpLw-score-4.mp4,,,,,,
Appliance repair,https://raw.githubusercontent.com/ariel-at-brightdata/labeling/main/appliance-repair_channels/mp4/UCuzu4G7Mf00hxK1WbZZm1Yg-score-5.mp4,,,,,,
Appliance repair,https://raw.githubusercontent.com/ariel-at-brightdata/labeling/main/appliance-repair_channels/mp4/UCv01eW_0MRZA895tXIvye2Q-score-4.mp4,,,,,,
Appliance repair,https://raw.githubusercontent.com/ariel-at-brightdata/labeling/main/appliance-repair_channels/mp4/UCvH7IWehZwV-wljEBzQuEHA-score-4.mp4,,,,,,
Appliance repair,https://raw.githubusercontent.com/ariel-at-brightdata/labeling/main/appliance-repair_channels/mp4/UCvJJhHIrPieC9Fe-wbcygkw-score-5.mp4,,,,,,
Appliance repair,https://raw.githubusercontent.com/ariel-at-brightdata/labeling/main/appliance-repair_channels/mp4/UCvJuiS9DPKFy7yCw2AmC26w-score-4.mp4,,,,,,
Appliance repair,https://raw.githubusercontent.com/ariel-at-brightdata/labeling/main/appliance-repair_channels/mp4/UCvKvi3RPxqHgm0r9wxxqjXA-score-4.mp4,,,,,,
Appliance repair,https://raw.githubusercontent.com/ariel-at-brightdata/labeling/main/appliance-repair_channels/mp4/UCvN_L35W6eKSxpSMKlXbISw-score-5.mp4,,,,,,
Appliance repair,https://raw.githubusercontent.com/ariel-at-brightdata/labeling/main/appliance-repair_channels/mp4/UCvPWbZLK-MA1RqKsg955yCw-score-4.mp4,,,,,,
Appliance repair,https://raw.githubusercontent.com/ariel-at-brightdata/labeling/main/appliance-repair_channels/mp4/UCvPuZ6Vs6QuoXcBGviJ2aIQ-score-4.mp4,,,,,,
Appliance repair,https://raw.githubusercontent.com/ariel-at-brightdata/labeling/main/appliance-repair_channels/mp4/UCvjAkf25rgDpsclim-LPrtA-score-4.mp4,,,,,,
Appliance repair,https://raw.githubusercontent.com/ariel-at-brightdata/labeling/main/appliance-repair_channels/mp4/UCvm82kfY9iQW_q_-l8XrKwA-score-4.mp4,,,,,,
Appliance repair,https://raw.githubusercontent.com/ariel-at-brightdata/labeling/main/appliance-repair_channels/mp4/UCvmO-4jFFAOGKIRJbgFUs4A-score-5.mp4,,,,,,
Appliance repair,https://raw.githubusercontent.com/ariel-at-brightdata/labeling/main/appliance-repair_channels/mp4/UCvpDKp-ENLlMsgCKgBsOLuw-score-4.mp4,,,,,,
Appliance repair,https://raw.githubusercontent.com/ariel-at-brightdata/labeling/main/appliance-repair_channels/mp4/UCvwrnoF53RvGw61KmKF70eQ-score-4.mp4,,,,,,
Appliance repair,https://raw.githubusercontent.com/ariel-at-brightdata/labeling/main/appliance-repair_channels/mp4/UCvyn8xVs_nLe-FDkE0MXMRw-score-4.mp4,,,,,,
Appliance repair,https://raw.githubusercontent.com/ariel-at-brightdata/labeling/main/appliance-repair_channels/mp4/UCw-4c2TkTllVK0eIj3qalIg-score-4.mp4,,,,,,
Appliance repair,https://raw.githubusercontent.com/ariel-at-brightdata/labeling/main/appliance-repair_channels/mp4/UCw5HKq9v7hdvoQvZnptfrGg-score-4.mp4,,,,,,
Appliance repair,https://raw.githubusercontent.com/ariel-at-brightdata/labeling/main/appliance-repair_channels/mp4/UCw5dBhuWt_chUZY1-J61ewQ-score-4.mp4,,,,,,
Appliance repair,https://raw.githubusercontent.com/ariel-at-brightdata/labeling/main/appliance-repair_channels/mp4/UCw6gabrav1rPTuo8XTdCNTQ-score-5.mp4,,,,,,
Appliance repair,https://raw.githubusercontent.com/ariel-at-brightdata/labeling/main/appliance-repair_channels/mp4/UCwDsJdBGHTuhApaRTJSWu5Q-score-4.mp4,,,,,,
Appliance repair,https://raw.githubusercontent.com/ariel-at-brightdata/labeling/main/appliance-repair_channels/mp4/UCwE5vsXmWduJMEzsMlGSJDw-score-4.mp4,,,,,,
Appliance repair,https://raw.githubusercontent.com/ariel-at-brightdata/labeling/main/appliance-repair_channels/mp4/UCwGOBbx5Zvqgk_IDjlmkz5Q-score-4.mp4,,,,,,
Appliance repair,https://raw.githubusercontent.com/ariel-at-brightdata/labeling/main/appliance-repair_channels/mp4/UCwGmmZNewpQPllyWmzs1Nvg-score-4.mp4,,,,,,
Appliance repair,https://raw.githubusercontent.com/ariel-at-brightdata/labeling/main/appliance-repair_channels/mp4/UCwP-WZMUtuBOXjanJ7_xXKQ-score-4.mp4,,,,,,
Appliance repair,https://raw.githubusercontent.com/ariel-at-brightdata/labeling/main/appliance-repair_channels/mp4/UCwPRySB1EetiVKGzKlfNimg-score-4.mp4,,,,,,
Appliance repair,https://raw.githubusercontent.com/ariel-at-brightdata/labeling/main/appliance-repair_channels/mp4/UCwRnr7hxgPlikUD3ILDL5lg-score-4.mp4,,,,,,
Appliance repair,https://raw.githubusercontent.com/ariel-at-brightdata/labeling/main/appliance-repair_channels/mp4/UCwS-RGvYYv1PFfGF2Oq1r6Q-score-4.mp4,,,,,,
Appliance repair,https://raw.githubusercontent.com/ariel-at-brightdata/labeling/main/appliance-repair_channels/mp4/UCwTkzkIxjq1fKXufgy5MApQ-score-4.mp4,,,,,,
Appliance repair,https://raw.githubusercontent.com/ariel-at-brightdata/labeling/main/appliance-repair_channels/mp4/UCwUpat3tOw_MeyJg9dXPsiw-score-4.mp4,,,,,,
Appliance repair,https://raw.githubusercontent.com/ariel-at-brightdata/labeling/main/appliance-repair_channels/mp4/UCw_aZmCUGWaSN50OinAAzBQ-score-4.mp4,,,,,,
Appliance repair,https://raw.githubusercontent.com/ariel-at-brightdata/labeling/main/appliance-repair_channels/mp4/UCwfWijzST0gHgLTmna0S2UQ-score-4.mp4,,,,,,
Appliance repair,https://raw.githubusercontent.com/ariel-at-brightdata/labeling/main/appliance-repair_channels/mp4/UCwjoRJbiHNMFaYkWnL7o_RQ-score-4.mp4,,,,,,
Appliance repair,https://raw.githubusercontent.com/ariel-at-brightdata/labeling/main/appliance-repair_channels/mp4/UCwtXTaH8aUm6xDUGBrMA_FQ-score-4.mp4,,,,,,
Appliance repair,https://raw.githubusercontent.com/ariel-at-brightdata/labeling/main/appliance-repair_channels/mp4/UCwtY1lwKIVWoL3T9O9tU-HA-score-4.mp4,,,,,,
Appliance repair,https://raw.githubusercontent.com/ariel-at-brightdata/labeling/main/appliance-repair_channels/mp4/UCx2hHzGyTVAISSOqTIc7eww-score-4.mp4,,,,,,
Appliance repair,https://raw.githubusercontent.com/ariel-at-brightdata/labeling/main/appliance-repair_channels/mp4/UCx6sr0CDqimoahuCgrBWS8A-score-4.mp4,,,,,,
Appliance repair,https://raw.githubusercontent.com/ariel-at-brightdata/labeling/main/appliance-repair_channels/mp4/UCx85i8UbqtmHWiRlFeiAg5w-score-4.mp4,,,,,,
Appliance repair,https://raw.githubusercontent.com/ariel-at-brightdata/labeling/main/appliance-repair_channels/mp4/UCxC96gyjaf0AmQ7luHN5thQ-score-5.mp4,,,,,,
Appliance repair,https://raw.githubusercontent.com/ariel-at-brightdata/labeling/main/appliance-repair_channels/mp4/UCxCOXhZgfX21GGPqObVLDYg-score-4.mp4,,,,,,
Appliance repair,https://raw.githubusercontent.com/ariel-at-brightdata/labeling/main/appliance-repair_channels/mp4/UCxD6VBNei7Nk7DGtmX1564A-score-4.mp4,,,,,,
Appliance repair,https://raw.githubusercontent.com/ariel-at-brightdata/labeling/main/appliance-repair_channels/mp4/UCxDH2hLKMZeccXS_xkz1Rog-score-4.mp4,,,,,,
Appliance repair,https://raw.githubusercontent.com/ariel-at-brightdata/labeling/main/appliance-repair_channels/mp4/UCxFZjou30HEqSXQhi2Zanqg-score-4.mp4,,,,,,
Appliance repair,https://raw.githubusercontent.com/ariel-at-brightdata/labeling/main/appliance-repair_channels/mp4/UCxM56DC8urNflzI18P6yCXQ-score-4.mp4,,,,,,
Appliance repair,https://raw.githubusercontent.com/ariel-at-brightdata/labeling/main/appliance-repair_channels/mp4/UCxNa5iX8gXs3bUkqn97mQiA-score-4.mp4,,,,,,
Appliance repair,https://raw.githubusercontent.com/ariel-at-brightdata/labeling/main/appliance-repair_channels/mp4/UCxYHh_2tVUcERoRKR1rol8Q-score-4.mp4,,,,,,
Appliance repair,https://raw.githubusercontent.com/ariel-at-brightdata/labeling/main/appliance-repair_channels/mp4/UCxYIjYoAuPGavo32558xhvA-score-4.mp4,,,,,,
Appliance repair,https://raw.githubusercontent.com/ariel-at-brightdata/labeling/main/appliance-repair_channels/mp4/UCxdU1NhtPPIE9NcSF8yXQeA-score-4.mp4,,,,,,
Appliance repair,https://raw.githubusercontent.com/ariel-at-brightdata/labeling/main/appliance-repair_channels/mp4/UCxhILIF1G6S29eMP_du04Cw-score-4.mp4,,,,,,
Appliance repair,https://raw.githubusercontent.com/ariel-at-brightdata/labeling/main/appliance-repair_channels/mp4/UCxqy5SJl_y81IUXslM87QXQ-score-4.mp4,,,,,,
Appliance repair,https://raw.githubusercontent.com/ariel-at-brightdata/labeling/main/appliance-repair_channels/mp4/UCy2p75s42i-D-DTerHx_xrg-score-4.mp4,,,,,,
Appliance repair,https://raw.githubusercontent.com/ariel-at-brightdata/labeling/main/appliance-repair_channels/mp4/UCy3_PeZnI-wd3n3rCvElI7A-score-4.mp4,,,,,,
Appliance repair,https://raw.githubusercontent.com/ariel-at-brightdata/labeling/main/appliance-repair_channels/mp4/UCy3yOVlxsVJlewu2ZErKzXg-score-5.mp4,,,,,,
Appliance repair,https://raw.githubusercontent.com/ariel-at-brightdata/labeling/main/appliance-repair_channels/mp4/UCy5yPXTn0cA1jSO5uvzsoyg-score-4.mp4,,,,,,
Appliance repair,https://raw.githubusercontent.com/ariel-at-brightdata/labeling/main/appliance-repair_channels/mp4/UCyCG_coPa0ooMW734aaQo9w-score-4.mp4,,,,,,
Appliance repair,https://raw.githubusercontent.com/ariel-at-brightdata/labeling/main/appliance-repair_channels/mp4/UCyExQm9-3OA0xhOk6PvAeZA-score-4.mp4,,,,,,
Appliance repair,https://raw.githubusercontent.com/ariel-at-brightdata/labeling/main/appliance-repair_channels/mp4/UCyMcbJGTt44oYkS4ZgB7B_w-score-4.mp4,,,,,,
Appliance repair,https://raw.githubusercontent.com/ariel-at-brightdata/labeling/main/appliance-repair_channels/mp4/UCyNb0hCh6FWB2oKrwKbFbOA-score-4.mp4,,,,,,
Appliance repair,https://raw.githubusercontent.com/ariel-at-brightdata/labeling/main/appliance-repair_channels/mp4/UCySEKb04ODzy1jvuNdxeQuA-score-4.mp4,,,,,,
Appliance repair,https://raw.githubusercontent.com/ariel-at-brightdata/labeling/main/appliance-repair_channels/mp4/UCySIQ51aTuf1jiuBb_6f1dw-score-4.mp4,,,,,,
Appliance repair,https://raw.githubusercontent.com/ariel-at-brightdata/labeling/main/appliance-repair_channels/mp4/UCyTwMzL7XnJL1w72Rn7sY2A-score-4.mp4,,,,,,
Appliance repair,https://raw.githubusercontent.com/ariel-at-brightdata/labeling/main/appliance-repair_channels/mp4/UCyUKz_Jys9Y0Mbkj8NninJg-score-4.mp4,,,,,,
Appliance repair,https://raw.githubusercontent.com/ariel-at-brightdata/labeling/main/appliance-repair_channels/mp4/UCyh4g_R_gppC2q7oXQeeMBg-score-4.mp4,,,,,,
Appliance repair,https://raw.githubusercontent.com/ariel-at-brightdata/labeling/main/appliance-repair_channels/mp4/UCykXs-n8Xd-lUAftLWCG1gQ-score-4.mp4,,,,,,
Appliance repair,https://raw.githubusercontent.com/ariel-at-brightdata/labeling/main/appliance-repair_channels/mp4/UCywww1js_fmYzDIu5xb7Ctw-score-4.mp4,,,,,,
Appliance repair,https://raw.githubusercontent.com/ariel-at-brightdata/labeling/main/appliance-repair_channels/mp4/UCyzHxY-8CftaWH-H9JIfcfQ-score-4.mp4,,,,,,
Appliance repair,https://raw.githubusercontent.com/ariel-at-brightdata/labeling/main/appliance-repair_channels/mp4/UCz-14aSaFaxasN1hxqs3JRg-score-4.mp4,,,,,,
Appliance repair,https://raw.githubusercontent.com/ariel-at-brightdata/labeling/main/appliance-repair_channels/mp4/UCz27RmA9uaSHJUmtPaq7Yhw-score-4.mp4,,,,,,
Appliance repair,https://raw.githubusercontent.com/ariel-at-brightdata/labeling/main/appliance-repair_channels/mp4/UCzF-L0OBt9qQeN8QiVU6zgw-score-4.mp4,,,,,,
Appliance repair,https://raw.githubusercontent.com/ariel-at-brightdata/labeling/main/appliance-repair_channels/mp4/UCzFh4xgkCvz3XEUJBch5UPA-score-4.mp4,,,,,,
Appliance repair,https://raw.githubusercontent.com/ariel-at-brightdata/labeling/main/appliance-repair_channels/mp4/UCzHUdv1x233tBwnz8-cPS5Q-score-4.mp4,,,,,,
Appliance repair,https://raw.githubusercontent.com/ariel-at-brightdata/labeling/main/appliance-repair_channels/mp4/UCzLHHA1nTR09d3g4C_si-Cw-score-4.mp4,,,,,,
Appliance repair,https://raw.githubusercontent.com/ariel-at-brightdata/labeling/main/appliance-repair_channels/mp4/UCzNp2QQzWVWBQDtx-acmGrw-score-4.mp4,,,,,,
Appliance repair,https://raw.githubusercontent.com/ariel-at-brightdata/labeling/main/appliance-repair_channels/mp4/UCzOGaGXhfQfGBfHGC3tp0xw-score-4.mp4,,,,,,
Appliance repair,https://raw.githubusercontent.com/ariel-at-brightdata/labeling/main/appliance-repair_channels/mp4/UCzTTjkFutBghIUyyooAndMw-score-4.mp4,,,,,,
Appliance repair,https://raw.githubusercontent.com/ariel-at-brightdata/labeling/main/appliance-repair_channels/mp4/UCzXTeNdNHCIR8Xv7JMy2YOA-score-4.mp4,,,,,,
Appliance repair,https://raw.githubusercontent.com/ariel-at-brightdata/labeling/main/appliance-repair_channels/mp4/UCzjWW4O7wxQCiB6eJMToSMA-score-5.mp4,,,,,,
Appliance repair,https://raw.githubusercontent.com/ariel-at-brightdata/labeling/main/appliance-repair_channels/mp4/UCzq9GMjRqEVkSPFnOEmP2HA-score-4.mp4,,,,,,
Appliance repair,https://raw.githubusercontent.com/ariel-at-brightdata/labeling/main/appliance-repair_channels/mp4/UCzqgJKMxXF7Cwben1FiX2zA-score-4.mp4,,,,,,
Appliance repair,https://raw.githubusercontent.com/ariel-at-brightdata/labeling/main/appliance-repair_channels/mp4/UCzrjJA2K_I0WYAIyF6I5Faw-score-4.mp4,,,,,,
Appliance repair,https://raw.githubusercontent.com/ariel-at-brightdata/labeling/main/appliance-repair_channels/mp4/UCzwlNf5xjPDx97aiYuB7xJA-score-4.mp4,,,,,,
Appliance repair,https://raw.githubusercontent.com/ariel-at-brightdata/labeling/main/appliance-repair_channels/mp4/UCzyL9u7uQqud4CvtPHiictA-score-4.mp4,,,,,,
