topic,video_url,user1 decision,user1 decision date,user2,user3 decision date,user3,user3 decision date
Motorcycle repair,https://raw.githubusercontent.com/ariel-at-brightdata/labeling/main/motorcycle-small-engine-repair_channels/mp4/UC-3oMi4mtdgNuQ6rBEpXkIw-score-4.mp4,,,,,,
Motorcycle repair,https://raw.githubusercontent.com/ariel-at-brightdata/labeling/main/motorcycle-small-engine-repair_channels/mp4/UC-Dj5rfg9CksyFp_q2VmTEw-score-5.mp4,,,,,,
Motorcycle repair,https://raw.githubusercontent.com/ariel-at-brightdata/labeling/main/motorcycle-small-engine-repair_channels/mp4/UC-Hk6GmAWF401k7iDctFtXw-score-5.mp4,,,,,,
Motorcycle repair,https://raw.githubusercontent.com/ariel-at-brightdata/labeling/main/motorcycle-small-engine-repair_channels/mp4/UC-PNxC_SPg40CXkkpdNxNrg-score-5.mp4,,,,,,
Motorcycle repair,https://raw.githubusercontent.com/ariel-at-brightdata/labeling/main/motorcycle-small-engine-repair_channels/mp4/UC-Qo2iU-9l4zhXCIItf31kA-score-4.mp4,,,,,,
Motorcycle repair,https://raw.githubusercontent.com/ariel-at-brightdata/labeling/main/motorcycle-small-engine-repair_channels/mp4/UC-SWNUNoc-0GI9DdLgmmUow-score-4.mp4,,,,,,
Motorcycle repair,https://raw.githubusercontent.com/ariel-at-brightdata/labeling/main/motorcycle-small-engine-repair_channels/mp4/UC-TZgc-g358QzzH1swF_MKA-score-4.mp4,,,,,,
Motorcycle repair,https://raw.githubusercontent.com/ariel-at-brightdata/labeling/main/motorcycle-small-engine-repair_channels/mp4/UC-W3MQNGF1a1TDu7PCMo1Lw-score-5.mp4,,,,,,
Motorcycle repair,https://raw.githubusercontent.com/ariel-at-brightdata/labeling/main/motorcycle-small-engine-repair_channels/mp4/UC-azE3_aMkUa1Wp6T10v6fg-score-4.mp4,,,,,,
Motorcycle repair,https://raw.githubusercontent.com/ariel-at-brightdata/labeling/main/motorcycle-small-engine-repair_channels/mp4/UC-eIz6AY5KYFtU6-77RHKzw-score-4.mp4,,,,,,
Motorcycle repair,https://raw.githubusercontent.com/ariel-at-brightdata/labeling/main/motorcycle-small-engine-repair_channels/mp4/UC-icHPpZ9ynH_dilcj9O4Pw-score-4.mp4,,,,,,
Motorcycle repair,https://raw.githubusercontent.com/ariel-at-brightdata/labeling/main/motorcycle-small-engine-repair_channels/mp4/UC-kNemqflcyKOuqoXDJ0pBA-score-5.mp4,,,,,,
Motorcycle repair,https://raw.githubusercontent.com/ariel-at-brightdata/labeling/main/motorcycle-small-engine-repair_channels/mp4/UC-nl5FTvttTV8LaoK3YG-kQ-score-4.mp4,,,,,,
Motorcycle repair,https://raw.githubusercontent.com/ariel-at-brightdata/labeling/main/motorcycle-small-engine-repair_channels/mp4/UC-sKdFfTeABm-OF52BESs9Q-score-5.mp4,,,,,,
Motorcycle repair,https://raw.githubusercontent.com/ariel-at-brightdata/labeling/main/motorcycle-small-engine-repair_channels/mp4/UC-tQIeakd3uaiAAwjYHSy9Q-score-4.mp4,,,,,,
Motorcycle repair,https://raw.githubusercontent.com/ariel-at-brightdata/labeling/main/motorcycle-small-engine-repair_channels/mp4/UC-zKbZoIzfEzhU2ucS8Zj8A-score-4.mp4,,,,,,
Motorcycle repair,https://raw.githubusercontent.com/ariel-at-brightdata/labeling/main/motorcycle-small-engine-repair_channels/mp4/UC08aiquXE4KTMFwfGea7L8w-score-4.mp4,,,,,,
Motorcycle repair,https://raw.githubusercontent.com/ariel-at-brightdata/labeling/main/motorcycle-small-engine-repair_channels/mp4/UC0ABR60keMMLd3_6ilfWQXA-score-4.mp4,,,,,,
Motorcycle repair,https://raw.githubusercontent.com/ariel-at-brightdata/labeling/main/motorcycle-small-engine-repair_channels/mp4/UC0AO6RFgPSicoThqrvp6xWw-score-5.mp4,,,,,,
Motorcycle repair,https://raw.githubusercontent.com/ariel-at-brightdata/labeling/main/motorcycle-small-engine-repair_channels/mp4/UC0FA0HORAMDtXuEwHOm7OiA-score-4.mp4,,,,,,
Motorcycle repair,https://raw.githubusercontent.com/ariel-at-brightdata/labeling/main/motorcycle-small-engine-repair_channels/mp4/UC0IZbBEDsqmtrzh7yk_9xcw-score-4.mp4,,,,,,
Motorcycle repair,https://raw.githubusercontent.com/ariel-at-brightdata/labeling/main/motorcycle-small-engine-repair_channels/mp4/UC0LuT3Wf4ZhOKsQSo1aHFzw-score-4.mp4,,,,,,
Motorcycle repair,https://raw.githubusercontent.com/ariel-at-brightdata/labeling/main/motorcycle-small-engine-repair_channels/mp4/UC0M8fqCAlwMUKcchyDOcNUg-score-4.mp4,,,,,,
Motorcycle repair,https://raw.githubusercontent.com/ariel-at-brightdata/labeling/main/motorcycle-small-engine-repair_channels/mp4/UC0PCpyizuWg-JMyRyyqYeBw-score-5.mp4,,,,,,
Motorcycle repair,https://raw.githubusercontent.com/ariel-at-brightdata/labeling/main/motorcycle-small-engine-repair_channels/mp4/UC0RsSBRST2ysGEkm8WL4N3g-score-4.mp4,,,,,,
Motorcycle repair,https://raw.githubusercontent.com/ariel-at-brightdata/labeling/main/motorcycle-small-engine-repair_channels/mp4/UC0VHkXdG_fGwFlxlqo7Jy5Q-score-5.mp4,,,,,,
Motorcycle repair,https://raw.githubusercontent.com/ariel-at-brightdata/labeling/main/motorcycle-small-engine-repair_channels/mp4/UC0WNCvPjdb5d5RTx8MPmA6A-score-4.mp4,,,,,,
Motorcycle repair,https://raw.githubusercontent.com/ariel-at-brightdata/labeling/main/motorcycle-small-engine-repair_channels/mp4/UC0X_q95vm_t8arvyvFZWPVA-score-4.mp4,,,,,,
Motorcycle repair,https://raw.githubusercontent.com/ariel-at-brightdata/labeling/main/motorcycle-small-engine-repair_channels/mp4/UC0YXObkqL1xLPSm6_Zit1Xg-score-4.mp4,,,,,,
Motorcycle repair,https://raw.githubusercontent.com/ariel-at-brightdata/labeling/main/motorcycle-small-engine-repair_channels/mp4/UC0Ye_xLkAdVK_KXt34LIJbw-score-4.mp4,,,,,,
Motorcycle repair,https://raw.githubusercontent.com/ariel-at-brightdata/labeling/main/motorcycle-small-engine-repair_channels/mp4/UC0b1-jSGQV1a5b0c13BjYvg-score-4.mp4,,,,,,
Motorcycle repair,https://raw.githubusercontent.com/ariel-at-brightdata/labeling/main/motorcycle-small-engine-repair_channels/mp4/UC0g9B4YJ1fMLoKWdeh-_5vA-score-5.mp4,,,,,,
Motorcycle repair,https://raw.githubusercontent.com/ariel-at-brightdata/labeling/main/motorcycle-small-engine-repair_channels/mp4/UC0mNSuwO0TwyLw5RlWVysSw-score-4.mp4,,,,,,
Motorcycle repair,https://raw.githubusercontent.com/ariel-at-brightdata/labeling/main/motorcycle-small-engine-repair_channels/mp4/UC0neJ4AIdL3FEocIc5iTi_Q-score-5.mp4,,,,,,
Motorcycle repair,https://raw.githubusercontent.com/ariel-at-brightdata/labeling/main/motorcycle-small-engine-repair_channels/mp4/UC0sNkUfg4FoN8A8B4E0Haxg-score-4.mp4,,,,,,
Motorcycle repair,https://raw.githubusercontent.com/ariel-at-brightdata/labeling/main/motorcycle-small-engine-repair_channels/mp4/UC0uiKdD3fOL0hWuUg-vwGXg-score-5.mp4,,,,,,
Motorcycle repair,https://raw.githubusercontent.com/ariel-at-brightdata/labeling/main/motorcycle-small-engine-repair_channels/mp4/UC0xmsTx5FZJJ_9vkeL1R0Jg-score-4.mp4,,,,,,
Motorcycle repair,https://raw.githubusercontent.com/ariel-at-brightdata/labeling/main/motorcycle-small-engine-repair_channels/mp4/UC0yNRQazTuCMjXGgjmcffMw-score-4.mp4,,,,,,
Motorcycle repair,https://raw.githubusercontent.com/ariel-at-brightdata/labeling/main/motorcycle-small-engine-repair_channels/mp4/UC1-z1y31uZ-zFdXhASIdoHg-score-5.mp4,,,,,,
Motorcycle repair,https://raw.githubusercontent.com/ariel-at-brightdata/labeling/main/motorcycle-small-engine-repair_channels/mp4/UC11xVrS-X_D3FhdSPNfYfSA-score-4.mp4,,,,,,
Motorcycle repair,https://raw.githubusercontent.com/ariel-at-brightdata/labeling/main/motorcycle-small-engine-repair_channels/mp4/UC13jH3VeKb7Q6YoFORhSQJg-score-4.mp4,,,,,,
Motorcycle repair,https://raw.githubusercontent.com/ariel-at-brightdata/labeling/main/motorcycle-small-engine-repair_channels/mp4/UC14yZTBHnL5ORDwqCMb2hwg-score-4.mp4,,,,,,
Motorcycle repair,https://raw.githubusercontent.com/ariel-at-brightdata/labeling/main/motorcycle-small-engine-repair_channels/mp4/UC1CKS7aVzONo6RCVwL7fgHQ-score-4.mp4,,,,,,
Motorcycle repair,https://raw.githubusercontent.com/ariel-at-brightdata/labeling/main/motorcycle-small-engine-repair_channels/mp4/UC1FupihyaParHOor0tOEwoA-score-5.mp4,,,,,,
Motorcycle repair,https://raw.githubusercontent.com/ariel-at-brightdata/labeling/main/motorcycle-small-engine-repair_channels/mp4/UC1H5NEO3BPCxN2Lpb3xxLwA-score-5.mp4,,,,,,
Motorcycle repair,https://raw.githubusercontent.com/ariel-at-brightdata/labeling/main/motorcycle-small-engine-repair_channels/mp4/UC1HFk7bzloV0PZKr5LtPBVg-score-5.mp4,,,,,,
Motorcycle repair,https://raw.githubusercontent.com/ariel-at-brightdata/labeling/main/motorcycle-small-engine-repair_channels/mp4/UC1HUBsg8-B_Ja07l35pxToA-score-5.mp4,,,,,,
Motorcycle repair,https://raw.githubusercontent.com/ariel-at-brightdata/labeling/main/motorcycle-small-engine-repair_channels/mp4/UC1JfNoY5EviP-sx6Q5NROCw-score-4.mp4,,,,,,
Motorcycle repair,https://raw.githubusercontent.com/ariel-at-brightdata/labeling/main/motorcycle-small-engine-repair_channels/mp4/UC1Jtsm29cPApYUt7UGkeaPw-score-4.mp4,,,,,,
Motorcycle repair,https://raw.githubusercontent.com/ariel-at-brightdata/labeling/main/motorcycle-small-engine-repair_channels/mp4/UC1Mfl3CZB4kSwkCEsUhDO6Q-score-4.mp4,,,,,,
Motorcycle repair,https://raw.githubusercontent.com/ariel-at-brightdata/labeling/main/motorcycle-small-engine-repair_channels/mp4/UC1Nkp8Hhz9aUGft1ZoIyrxw-score-5.mp4,,,,,,
Motorcycle repair,https://raw.githubusercontent.com/ariel-at-brightdata/labeling/main/motorcycle-small-engine-repair_channels/mp4/UC1Q-n0AmNEhHujNOQBHCVSQ-score-5.mp4,,,,,,
Motorcycle repair,https://raw.githubusercontent.com/ariel-at-brightdata/labeling/main/motorcycle-small-engine-repair_channels/mp4/UC1WYS6AkssmCIA0A9mOg5Ow-score-4.mp4,,,,,,
Motorcycle repair,https://raw.githubusercontent.com/ariel-at-brightdata/labeling/main/motorcycle-small-engine-repair_channels/mp4/UC1XGT2v1O4qPGY-dZrJH8Bw-score-5.mp4,,,,,,
Motorcycle repair,https://raw.githubusercontent.com/ariel-at-brightdata/labeling/main/motorcycle-small-engine-repair_channels/mp4/UC1YmASTCgMOhXZVg_EzULxw-score-4.mp4,,,,,,
Motorcycle repair,https://raw.githubusercontent.com/ariel-at-brightdata/labeling/main/motorcycle-small-engine-repair_channels/mp4/UC1_R8HvsHhzR8zJDx4cudgw-score-4.mp4,,,,,,
Motorcycle repair,https://raw.githubusercontent.com/ariel-at-brightdata/labeling/main/motorcycle-small-engine-repair_channels/mp4/UC1d90AX0_7RaYcZpwmAAjVw-score-4.mp4,,,,,,
Motorcycle repair,https://raw.githubusercontent.com/ariel-at-brightdata/labeling/main/motorcycle-small-engine-repair_channels/mp4/UC1eTc0SutxGI8HphGovRq0g-score-4.mp4,,,,,,
Motorcycle repair,https://raw.githubusercontent.com/ariel-at-brightdata/labeling/main/motorcycle-small-engine-repair_channels/mp4/UC1hp64iSqHJ2WU_QxWV31Jw-score-5.mp4,,,,,,
Motorcycle repair,https://raw.githubusercontent.com/ariel-at-brightdata/labeling/main/motorcycle-small-engine-repair_channels/mp4/UC1k82tfC8e05ADdsHwnB73w-score-5.mp4,,,,,,
Motorcycle repair,https://raw.githubusercontent.com/ariel-at-brightdata/labeling/main/motorcycle-small-engine-repair_channels/mp4/UC1kS1525ZR0CBZrhu22-2hg-score-4.mp4,,,,,,
Motorcycle repair,https://raw.githubusercontent.com/ariel-at-brightdata/labeling/main/motorcycle-small-engine-repair_channels/mp4/UC1o0mMdu2UzNC7W4fktpt7A-score-4.mp4,,,,,,
Motorcycle repair,https://raw.githubusercontent.com/ariel-at-brightdata/labeling/main/motorcycle-small-engine-repair_channels/mp4/UC1o1IUeSV9IO6OaiiD0IJNQ-score-4.mp4,,,,,,
Motorcycle repair,https://raw.githubusercontent.com/ariel-at-brightdata/labeling/main/motorcycle-small-engine-repair_channels/mp4/UC1pDXRevw-Hh5X21GXOcgXw-score-4.mp4,,,,,,
Motorcycle repair,https://raw.githubusercontent.com/ariel-at-brightdata/labeling/main/motorcycle-small-engine-repair_channels/mp4/UC1w0vcxhz8UbzjWglnBdwaA-score-4.mp4,,,,,,
Motorcycle repair,https://raw.githubusercontent.com/ariel-at-brightdata/labeling/main/motorcycle-small-engine-repair_channels/mp4/UC1yvd9QY80cs--zqHW9GDow-score-4.mp4,,,,,,
Motorcycle repair,https://raw.githubusercontent.com/ariel-at-brightdata/labeling/main/motorcycle-small-engine-repair_channels/mp4/UC2-0DEWOQc8oa_uA64e8wcg-score-5.mp4,,,,,,
Motorcycle repair,https://raw.githubusercontent.com/ariel-at-brightdata/labeling/main/motorcycle-small-engine-repair_channels/mp4/UC202p6bRa_qs5YtYYvNxtXQ-score-4.mp4,,,,,,
Motorcycle repair,https://raw.githubusercontent.com/ariel-at-brightdata/labeling/main/motorcycle-small-engine-repair_channels/mp4/UC20RUkkQK0I7qYeAunc_lrw-score-5.mp4,,,,,,
Motorcycle repair,https://raw.githubusercontent.com/ariel-at-brightdata/labeling/main/motorcycle-small-engine-repair_channels/mp4/UC2B75ZMRMM_3OElWdlhmeFA-score-4.mp4,,,,,,
Motorcycle repair,https://raw.githubusercontent.com/ariel-at-brightdata/labeling/main/motorcycle-small-engine-repair_channels/mp4/UC2C0NGsYsqMB9ddDn67Rjvg-score-4.mp4,,,,,,
Motorcycle repair,https://raw.githubusercontent.com/ariel-at-brightdata/labeling/main/motorcycle-small-engine-repair_channels/mp4/UC2Cd9kKYXFakV7ChvU_rjKw-score-4.mp4,,,,,,
Motorcycle repair,https://raw.githubusercontent.com/ariel-at-brightdata/labeling/main/motorcycle-small-engine-repair_channels/mp4/UC2Dw8ZD6JaMkx5W0ZQmM6gw-score-4.mp4,,,,,,
Motorcycle repair,https://raw.githubusercontent.com/ariel-at-brightdata/labeling/main/motorcycle-small-engine-repair_channels/mp4/UC2F2BgZsRLZ_PGjzOigE8Sg-score-5.mp4,,,,,,
Motorcycle repair,https://raw.githubusercontent.com/ariel-at-brightdata/labeling/main/motorcycle-small-engine-repair_channels/mp4/UC2GZyoQgjfRIBNHx-2tc2KA-score-5.mp4,,,,,,
Motorcycle repair,https://raw.githubusercontent.com/ariel-at-brightdata/labeling/main/motorcycle-small-engine-repair_channels/mp4/UC2L-eKjz-ldm7SuOYLxmqVg-score-4.mp4,,,,,,
Motorcycle repair,https://raw.githubusercontent.com/ariel-at-brightdata/labeling/main/motorcycle-small-engine-repair_channels/mp4/UC2S5ADC7GDxT72o0Z2yPB8g-score-5.mp4,,,,,,
Motorcycle repair,https://raw.githubusercontent.com/ariel-at-brightdata/labeling/main/motorcycle-small-engine-repair_channels/mp4/UC2U88kz34A1NZKqgkm7NDyQ-score-4.mp4,,,,,,
Motorcycle repair,https://raw.githubusercontent.com/ariel-at-brightdata/labeling/main/motorcycle-small-engine-repair_channels/mp4/UC2bWNC22I2gfQzeDb-AAwYw-score-4.mp4,,,,,,
Motorcycle repair,https://raw.githubusercontent.com/ariel-at-brightdata/labeling/main/motorcycle-small-engine-repair_channels/mp4/UC2bl9wQgYKzlz4ZPyY1VQvA-score-4.mp4,,,,,,
Motorcycle repair,https://raw.githubusercontent.com/ariel-at-brightdata/labeling/main/motorcycle-small-engine-repair_channels/mp4/UC2dqwW-MCF8BAx3ePj8erYQ-score-4.mp4,,,,,,
Motorcycle repair,https://raw.githubusercontent.com/ariel-at-brightdata/labeling/main/motorcycle-small-engine-repair_channels/mp4/UC30e1xF4RmauBkOvlS8UHgg-score-4.mp4,,,,,,
Motorcycle repair,https://raw.githubusercontent.com/ariel-at-brightdata/labeling/main/motorcycle-small-engine-repair_channels/mp4/UC37UUkjdx9URzLupz5QC29g-score-4.mp4,,,,,,
Motorcycle repair,https://raw.githubusercontent.com/ariel-at-brightdata/labeling/main/motorcycle-small-engine-repair_channels/mp4/UC37qRhmUA3HnbKkKMqusF6g-score-4.mp4,,,,,,
Motorcycle repair,https://raw.githubusercontent.com/ariel-at-brightdata/labeling/main/motorcycle-small-engine-repair_channels/mp4/UC38v598lnqJmqNCRfOELzWA-score-4.mp4,,,,,,
Motorcycle repair,https://raw.githubusercontent.com/ariel-at-brightdata/labeling/main/motorcycle-small-engine-repair_channels/mp4/UC39gCtd7DEG-scTgrrv-lvA-score-5.mp4,,,,,,
Motorcycle repair,https://raw.githubusercontent.com/ariel-at-brightdata/labeling/main/motorcycle-small-engine-repair_channels/mp4/UC3GZVMQDxo2VJQrDplSRbsw-score-5.mp4,,,,,,
Motorcycle repair,https://raw.githubusercontent.com/ariel-at-brightdata/labeling/main/motorcycle-small-engine-repair_channels/mp4/UC3Kxfd2esqBVnhA5Ccwy73Q-score-5.mp4,,,,,,
Motorcycle repair,https://raw.githubusercontent.com/ariel-at-brightdata/labeling/main/motorcycle-small-engine-repair_channels/mp4/UC3LMq7kki0spyix2iooARXw-score-5.mp4,,,,,,
Motorcycle repair,https://raw.githubusercontent.com/ariel-at-brightdata/labeling/main/motorcycle-small-engine-repair_channels/mp4/UC3OI995a9VB1hkm2hYAG_UA-score-4.mp4,,,,,,
Motorcycle repair,https://raw.githubusercontent.com/ariel-at-brightdata/labeling/main/motorcycle-small-engine-repair_channels/mp4/UC3Ri2fOsDoelxqBflDCJgFg-score-5.mp4,,,,,,
Motorcycle repair,https://raw.githubusercontent.com/ariel-at-brightdata/labeling/main/motorcycle-small-engine-repair_channels/mp4/UC3Uq4TijTzalKDXUaOA7xow-score-4.mp4,,,,,,
Motorcycle repair,https://raw.githubusercontent.com/ariel-at-brightdata/labeling/main/motorcycle-small-engine-repair_channels/mp4/UC3Wrejip-TodPxIPnLi9P4A-score-4.mp4,,,,,,
Motorcycle repair,https://raw.githubusercontent.com/ariel-at-brightdata/labeling/main/motorcycle-small-engine-repair_channels/mp4/UC3XJEcrb4wB9fWbfYjNd43Q-score-4.mp4,,,,,,
Motorcycle repair,https://raw.githubusercontent.com/ariel-at-brightdata/labeling/main/motorcycle-small-engine-repair_channels/mp4/UC3ZPh2SePvuFRYJX8cT9kLg-score-4.mp4,,,,,,
Motorcycle repair,https://raw.githubusercontent.com/ariel-at-brightdata/labeling/main/motorcycle-small-engine-repair_channels/mp4/UC3aNRhzKF8EYVH1xZIXecXA-score-5.mp4,,,,,,
Motorcycle repair,https://raw.githubusercontent.com/ariel-at-brightdata/labeling/main/motorcycle-small-engine-repair_channels/mp4/UC3pPgsgqaIT95bSpM9_zrvg-score-5.mp4,,,,,,
Motorcycle repair,https://raw.githubusercontent.com/ariel-at-brightdata/labeling/main/motorcycle-small-engine-repair_channels/mp4/UC3ptTlqP_KvGZJy_I2y99HQ-score-4.mp4,,,,,,
Motorcycle repair,https://raw.githubusercontent.com/ariel-at-brightdata/labeling/main/motorcycle-small-engine-repair_channels/mp4/UC3q-uoOA-QiMlqvdcM1JIWA-score-4.mp4,,,,,,
Motorcycle repair,https://raw.githubusercontent.com/ariel-at-brightdata/labeling/main/motorcycle-small-engine-repair_channels/mp4/UC3qOVBGSSLXdST-z7HRrEiA-score-4.mp4,,,,,,
Motorcycle repair,https://raw.githubusercontent.com/ariel-at-brightdata/labeling/main/motorcycle-small-engine-repair_channels/mp4/UC3rk-07d1GObU3y-slVgUAw-score-4.mp4,,,,,,
Motorcycle repair,https://raw.githubusercontent.com/ariel-at-brightdata/labeling/main/motorcycle-small-engine-repair_channels/mp4/UC3uRDpcoijq2DpV-FMRdMhg-score-4.mp4,,,,,,
Motorcycle repair,https://raw.githubusercontent.com/ariel-at-brightdata/labeling/main/motorcycle-small-engine-repair_channels/mp4/UC3v-3JHa1Lh2eqh3coE6axA-score-4.mp4,,,,,,
Motorcycle repair,https://raw.githubusercontent.com/ariel-at-brightdata/labeling/main/motorcycle-small-engine-repair_channels/mp4/UC3z_xJKh8Pozt6BgtHtfZ-g-score-4.mp4,,,,,,
Motorcycle repair,https://raw.githubusercontent.com/ariel-at-brightdata/labeling/main/motorcycle-small-engine-repair_channels/mp4/UC41CiPGUo1SsryynxLceScA-score-4.mp4,,,,,,
Motorcycle repair,https://raw.githubusercontent.com/ariel-at-brightdata/labeling/main/motorcycle-small-engine-repair_channels/mp4/UC44TG9f6M6q1IC-bat8paZw-score-4.mp4,,,,,,
Motorcycle repair,https://raw.githubusercontent.com/ariel-at-brightdata/labeling/main/motorcycle-small-engine-repair_channels/mp4/UC44pGGaOP31cJxQ9C7iqmEg-score-4.mp4,,,,,,
Motorcycle repair,https://raw.githubusercontent.com/ariel-at-brightdata/labeling/main/motorcycle-small-engine-repair_channels/mp4/UC45_veeFDAC9K55odwl_t_Q-score-4.mp4,,,,,,
Motorcycle repair,https://raw.githubusercontent.com/ariel-at-brightdata/labeling/main/motorcycle-small-engine-repair_channels/mp4/UC45lmqPopTqAkOp1djyVz4w-score-4.mp4,,,,,,
Motorcycle repair,https://raw.githubusercontent.com/ariel-at-brightdata/labeling/main/motorcycle-small-engine-repair_channels/mp4/UC467y03hZtti1kHT4_iADbQ-score-4.mp4,,,,,,
Motorcycle repair,https://raw.githubusercontent.com/ariel-at-brightdata/labeling/main/motorcycle-small-engine-repair_channels/mp4/UC46KBneaC0vEM5sExPHAcmQ-score-4.mp4,,,,,,
Motorcycle repair,https://raw.githubusercontent.com/ariel-at-brightdata/labeling/main/motorcycle-small-engine-repair_channels/mp4/UC46ebrnuhinWyPvk1yUU2Xw-score-4.mp4,,,,,,
Motorcycle repair,https://raw.githubusercontent.com/ariel-at-brightdata/labeling/main/motorcycle-small-engine-repair_channels/mp4/UC47W9sRXrDeoI5147UNS_Aw-score-4.mp4,,,,,,
Motorcycle repair,https://raw.githubusercontent.com/ariel-at-brightdata/labeling/main/motorcycle-small-engine-repair_channels/mp4/UC47adVC-q1LIxbEWjFJJ2uQ-score-4.mp4,,,,,,
Motorcycle repair,https://raw.githubusercontent.com/ariel-at-brightdata/labeling/main/motorcycle-small-engine-repair_channels/mp4/UC49_0l1lhe_I256j4htll3Q-score-4.mp4,,,,,,
Motorcycle repair,https://raw.githubusercontent.com/ariel-at-brightdata/labeling/main/motorcycle-small-engine-repair_channels/mp4/UC4BTaiEL5rBa7Yju_j0AY8A-score-4.mp4,,,,,,
Motorcycle repair,https://raw.githubusercontent.com/ariel-at-brightdata/labeling/main/motorcycle-small-engine-repair_channels/mp4/UC4CwEZjq-Pi9NcIo1i49Nog-score-4.mp4,,,,,,
Motorcycle repair,https://raw.githubusercontent.com/ariel-at-brightdata/labeling/main/motorcycle-small-engine-repair_channels/mp4/UC4HS3vDvHAE_A5WtmBH4GNA-score-4.mp4,,,,,,
Motorcycle repair,https://raw.githubusercontent.com/ariel-at-brightdata/labeling/main/motorcycle-small-engine-repair_channels/mp4/UC4MAhAqo5UIocsHGOf2L2UA-score-5.mp4,,,,,,
Motorcycle repair,https://raw.githubusercontent.com/ariel-at-brightdata/labeling/main/motorcycle-small-engine-repair_channels/mp4/UC4OHanvQfq6dKtDqPASZINw-score-4.mp4,,,,,,
Motorcycle repair,https://raw.githubusercontent.com/ariel-at-brightdata/labeling/main/motorcycle-small-engine-repair_channels/mp4/UC4QCsW-DiJnPW0NRUQ2Bz9A-score-5.mp4,,,,,,
Motorcycle repair,https://raw.githubusercontent.com/ariel-at-brightdata/labeling/main/motorcycle-small-engine-repair_channels/mp4/UC4U4lUAA93w9feYn80_yVCQ-score-4.mp4,,,,,,
Motorcycle repair,https://raw.githubusercontent.com/ariel-at-brightdata/labeling/main/motorcycle-small-engine-repair_channels/mp4/UC4UkoRqhAoqQsvbZmSwDELw-score-4.mp4,,,,,,
Motorcycle repair,https://raw.githubusercontent.com/ariel-at-brightdata/labeling/main/motorcycle-small-engine-repair_channels/mp4/UC4_R68YtfFiygsDGPEnEklA-score-4.mp4,,,,,,
Motorcycle repair,https://raw.githubusercontent.com/ariel-at-brightdata/labeling/main/motorcycle-small-engine-repair_channels/mp4/UC4_sSEZZhNkNntK6bCa-gKw-score-4.mp4,,,,,,
Motorcycle repair,https://raw.githubusercontent.com/ariel-at-brightdata/labeling/main/motorcycle-small-engine-repair_channels/mp4/UC4ddD3hVPv7y5vSfT3Fmfvw-score-5.mp4,,,,,,
Motorcycle repair,https://raw.githubusercontent.com/ariel-at-brightdata/labeling/main/motorcycle-small-engine-repair_channels/mp4/UC4gmpXB9cerJNWoGJeAE3Dw-score-5.mp4,,,,,,
Motorcycle repair,https://raw.githubusercontent.com/ariel-at-brightdata/labeling/main/motorcycle-small-engine-repair_channels/mp4/UC4lzuVOlCMvYcRIzWk1foQQ-score-4.mp4,,,,,,
Motorcycle repair,https://raw.githubusercontent.com/ariel-at-brightdata/labeling/main/motorcycle-small-engine-repair_channels/mp4/UC4qtEiDz0Y1XcsD_KWgHRoQ-score-4.mp4,,,,,,
Motorcycle repair,https://raw.githubusercontent.com/ariel-at-brightdata/labeling/main/motorcycle-small-engine-repair_channels/mp4/UC542vGWPxs6072N9qiwO3bQ-score-5.mp4,,,,,,
Motorcycle repair,https://raw.githubusercontent.com/ariel-at-brightdata/labeling/main/motorcycle-small-engine-repair_channels/mp4/UC56gyRBwtjdRl76Z8v-c43w-score-5.mp4,,,,,,
Motorcycle repair,https://raw.githubusercontent.com/ariel-at-brightdata/labeling/main/motorcycle-small-engine-repair_channels/mp4/UC57CeqkFrUb8zQ9hlOTiLCg-score-5.mp4,,,,,,
Motorcycle repair,https://raw.githubusercontent.com/ariel-at-brightdata/labeling/main/motorcycle-small-engine-repair_channels/mp4/UC57CsNGUEVwzFtSNxDjFpmg-score-4.mp4,,,,,,
Motorcycle repair,https://raw.githubusercontent.com/ariel-at-brightdata/labeling/main/motorcycle-small-engine-repair_channels/mp4/UC58G6WYUG-j62Z8tu8Y50mw-score-4.mp4,,,,,,
Motorcycle repair,https://raw.githubusercontent.com/ariel-at-brightdata/labeling/main/motorcycle-small-engine-repair_channels/mp4/UC5KxtkwgK-8Mv57vARwwEsg-score-5.mp4,,,,,,
Motorcycle repair,https://raw.githubusercontent.com/ariel-at-brightdata/labeling/main/motorcycle-small-engine-repair_channels/mp4/UC5StpacqqnWsvaQheoG3fiA-score-4.mp4,,,,,,
Motorcycle repair,https://raw.githubusercontent.com/ariel-at-brightdata/labeling/main/motorcycle-small-engine-repair_channels/mp4/UC5YOL9e7j69v7U2Kl3hoWxg-score-4.mp4,,,,,,
Motorcycle repair,https://raw.githubusercontent.com/ariel-at-brightdata/labeling/main/motorcycle-small-engine-repair_channels/mp4/UC5dJuWh2kmsobH68wK55Ffw-score-5.mp4,,,,,,
Motorcycle repair,https://raw.githubusercontent.com/ariel-at-brightdata/labeling/main/motorcycle-small-engine-repair_channels/mp4/UC5dR9aTBkQmKV4MTWXtrw0g-score-5.mp4,,,,,,
Motorcycle repair,https://raw.githubusercontent.com/ariel-at-brightdata/labeling/main/motorcycle-small-engine-repair_channels/mp4/UC5ikYH0tw0GcsrrHFHHitRw-score-4.mp4,,,,,,
Motorcycle repair,https://raw.githubusercontent.com/ariel-at-brightdata/labeling/main/motorcycle-small-engine-repair_channels/mp4/UC5jL-WlEUnn35AgYWaxHYFA-score-5.mp4,,,,,,
Motorcycle repair,https://raw.githubusercontent.com/ariel-at-brightdata/labeling/main/motorcycle-small-engine-repair_channels/mp4/UC5p55bs8NNjxYXQVVXObL8g-score-4.mp4,,,,,,
Motorcycle repair,https://raw.githubusercontent.com/ariel-at-brightdata/labeling/main/motorcycle-small-engine-repair_channels/mp4/UC5wT099uZBnZC7lo7H8DWdQ-score-5.mp4,,,,,,
Motorcycle repair,https://raw.githubusercontent.com/ariel-at-brightdata/labeling/main/motorcycle-small-engine-repair_channels/mp4/UC5x7UIP8rCujnqdkVPyEr5g-score-4.mp4,,,,,,
Motorcycle repair,https://raw.githubusercontent.com/ariel-at-brightdata/labeling/main/motorcycle-small-engine-repair_channels/mp4/UC5xfT9uKUeh5PchY8XbuGDw-score-4.mp4,,,,,,
Motorcycle repair,https://raw.githubusercontent.com/ariel-at-brightdata/labeling/main/motorcycle-small-engine-repair_channels/mp4/UC62BzDQpOYmWpkRn7akuCLg-score-4.mp4,,,,,,
Motorcycle repair,https://raw.githubusercontent.com/ariel-at-brightdata/labeling/main/motorcycle-small-engine-repair_channels/mp4/UC62Irmp2Y29MSJVQeDFWu-Q-score-4.mp4,,,,,,
Motorcycle repair,https://raw.githubusercontent.com/ariel-at-brightdata/labeling/main/motorcycle-small-engine-repair_channels/mp4/UC6AI55lRbqw56mJE1vgEGbA-score-4.mp4,,,,,,
Motorcycle repair,https://raw.githubusercontent.com/ariel-at-brightdata/labeling/main/motorcycle-small-engine-repair_channels/mp4/UC6F1B2saQxaaPlV_gNka6sQ-score-5.mp4,,,,,,
Motorcycle repair,https://raw.githubusercontent.com/ariel-at-brightdata/labeling/main/motorcycle-small-engine-repair_channels/mp4/UC6FDQUt2VRqB6p_oSWdi3pg-score-4.mp4,,,,,,
Motorcycle repair,https://raw.githubusercontent.com/ariel-at-brightdata/labeling/main/motorcycle-small-engine-repair_channels/mp4/UC6FejMHmWEOSVq8DZuL3AoQ-score-4.mp4,,,,,,
Motorcycle repair,https://raw.githubusercontent.com/ariel-at-brightdata/labeling/main/motorcycle-small-engine-repair_channels/mp4/UC6MEb54vwjicHs7L39sS4hA-score-5.mp4,,,,,,
Motorcycle repair,https://raw.githubusercontent.com/ariel-at-brightdata/labeling/main/motorcycle-small-engine-repair_channels/mp4/UC6W-1r8JRtyedFZhM8a9jig-score-4.mp4,,,,,,
Motorcycle repair,https://raw.githubusercontent.com/ariel-at-brightdata/labeling/main/motorcycle-small-engine-repair_channels/mp4/UC6g6I9wyY0OMjEwM4osBcEA-score-5.mp4,,,,,,
Motorcycle repair,https://raw.githubusercontent.com/ariel-at-brightdata/labeling/main/motorcycle-small-engine-repair_channels/mp4/UC6hhpPd0Lj5BqhxpTcRhpIg-score-4.mp4,,,,,,
Motorcycle repair,https://raw.githubusercontent.com/ariel-at-brightdata/labeling/main/motorcycle-small-engine-repair_channels/mp4/UC6iMAEU8nhspktT2ziSSQ8A-score-4.mp4,,,,,,
Motorcycle repair,https://raw.githubusercontent.com/ariel-at-brightdata/labeling/main/motorcycle-small-engine-repair_channels/mp4/UC6oLadAG7uG1Z99siF_O0IA-score-4.mp4,,,,,,
Motorcycle repair,https://raw.githubusercontent.com/ariel-at-brightdata/labeling/main/motorcycle-small-engine-repair_channels/mp4/UC6p_ZgRsi07kBZZRsEatdpg-score-5.mp4,,,,,,
Motorcycle repair,https://raw.githubusercontent.com/ariel-at-brightdata/labeling/main/motorcycle-small-engine-repair_channels/mp4/UC6qZKKrVP2hRAd-pPcU3pXQ-score-5.mp4,,,,,,
Motorcycle repair,https://raw.githubusercontent.com/ariel-at-brightdata/labeling/main/motorcycle-small-engine-repair_channels/mp4/UC6q_q8UPnSZteZvxqMkkYtw-score-4.mp4,,,,,,
Motorcycle repair,https://raw.githubusercontent.com/ariel-at-brightdata/labeling/main/motorcycle-small-engine-repair_channels/mp4/UC6sJZypsxhmE83aZscW31Lw-score-4.mp4,,,,,,
Motorcycle repair,https://raw.githubusercontent.com/ariel-at-brightdata/labeling/main/motorcycle-small-engine-repair_channels/mp4/UC6t34rCkVI_Try8_ELXNyfQ-score-5.mp4,,,,,,
Motorcycle repair,https://raw.githubusercontent.com/ariel-at-brightdata/labeling/main/motorcycle-small-engine-repair_channels/mp4/UC6tCq1h1pBDPXQw5rIlwlkg-score-5.mp4,,,,,,
Motorcycle repair,https://raw.githubusercontent.com/ariel-at-brightdata/labeling/main/motorcycle-small-engine-repair_channels/mp4/UC6tE2ZoqSBI8B8qmMd_CULg-score-5.mp4,,,,,,
Motorcycle repair,https://raw.githubusercontent.com/ariel-at-brightdata/labeling/main/motorcycle-small-engine-repair_channels/mp4/UC6uRjvM_-nvRqpc0ib8-14Q-score-4.mp4,,,,,,
Motorcycle repair,https://raw.githubusercontent.com/ariel-at-brightdata/labeling/main/motorcycle-small-engine-repair_channels/mp4/UC6vEdXr9ftQqbJ4Pe3Bi1lA-score-4.mp4,,,,,,
Motorcycle repair,https://raw.githubusercontent.com/ariel-at-brightdata/labeling/main/motorcycle-small-engine-repair_channels/mp4/UC702NTLWOy2ZE3IWEjDk3BA-score-4.mp4,,,,,,
Motorcycle repair,https://raw.githubusercontent.com/ariel-at-brightdata/labeling/main/motorcycle-small-engine-repair_channels/mp4/UC71XFz87S2NOdYzh4kX8LSA-score-4.mp4,,,,,,
Motorcycle repair,https://raw.githubusercontent.com/ariel-at-brightdata/labeling/main/motorcycle-small-engine-repair_channels/mp4/UC73kx0wDwoKXcCQMveFAkVA-score-4.mp4,,,,,,
Motorcycle repair,https://raw.githubusercontent.com/ariel-at-brightdata/labeling/main/motorcycle-small-engine-repair_channels/mp4/UC7AlIe7pK4R0WOib1RCe-zw-score-4.mp4,,,,,,
Motorcycle repair,https://raw.githubusercontent.com/ariel-at-brightdata/labeling/main/motorcycle-small-engine-repair_channels/mp4/UC7D9MSdAWoRgUC2vtdyvCrw-score-4.mp4,,,,,,
Motorcycle repair,https://raw.githubusercontent.com/ariel-at-brightdata/labeling/main/motorcycle-small-engine-repair_channels/mp4/UC7QNdzLR3qvLIU29Jg5TJXA-score-5.mp4,,,,,,
Motorcycle repair,https://raw.githubusercontent.com/ariel-at-brightdata/labeling/main/motorcycle-small-engine-repair_channels/mp4/UC7R_Gh8EuJW3SpeP_Xz3RDQ-score-5.mp4,,,,,,
Motorcycle repair,https://raw.githubusercontent.com/ariel-at-brightdata/labeling/main/motorcycle-small-engine-repair_channels/mp4/UC7THt_I3YkPBXhLrJ0-vWHw-score-4.mp4,,,,,,
Motorcycle repair,https://raw.githubusercontent.com/ariel-at-brightdata/labeling/main/motorcycle-small-engine-repair_channels/mp4/UC7XIHkb4cKiZ0HpLKWPeAeg-score-4.mp4,,,,,,
Motorcycle repair,https://raw.githubusercontent.com/ariel-at-brightdata/labeling/main/motorcycle-small-engine-repair_channels/mp4/UC7at-AjVIXjyM1QWBOdCGoQ-score-4.mp4,,,,,,
Motorcycle repair,https://raw.githubusercontent.com/ariel-at-brightdata/labeling/main/motorcycle-small-engine-repair_channels/mp4/UC7fO4U5eUXA24bTALjuzq-w-score-4.mp4,,,,,,
Motorcycle repair,https://raw.githubusercontent.com/ariel-at-brightdata/labeling/main/motorcycle-small-engine-repair_channels/mp4/UC7g-cFPcqvGstYXczi_GR8g-score-5.mp4,,,,,,
Motorcycle repair,https://raw.githubusercontent.com/ariel-at-brightdata/labeling/main/motorcycle-small-engine-repair_channels/mp4/UC7hOyBNWwZfxUCPcv0xSVcg-score-4.mp4,,,,,,
Motorcycle repair,https://raw.githubusercontent.com/ariel-at-brightdata/labeling/main/motorcycle-small-engine-repair_channels/mp4/UC7qicT5H6CBHGOICTIg4_lA-score-4.mp4,,,,,,
Motorcycle repair,https://raw.githubusercontent.com/ariel-at-brightdata/labeling/main/motorcycle-small-engine-repair_channels/mp4/UC7qqL8gsQiFG1ZpBS81SMhA-score-4.mp4,,,,,,
Motorcycle repair,https://raw.githubusercontent.com/ariel-at-brightdata/labeling/main/motorcycle-small-engine-repair_channels/mp4/UC7wC6IQkLOed4TCdHRZKtOQ-score-4.mp4,,,,,,
Motorcycle repair,https://raw.githubusercontent.com/ariel-at-brightdata/labeling/main/motorcycle-small-engine-repair_channels/mp4/UC7xCn5BGf7v7V6TpyZRLW8A-score-4.mp4,,,,,,
Motorcycle repair,https://raw.githubusercontent.com/ariel-at-brightdata/labeling/main/motorcycle-small-engine-repair_channels/mp4/UC89yXLe0aWoR3hTlbr2g-bw-score-4.mp4,,,,,,
Motorcycle repair,https://raw.githubusercontent.com/ariel-at-brightdata/labeling/main/motorcycle-small-engine-repair_channels/mp4/UC8EZP34SEXj_IAibw7x0ktw-score-4.mp4,,,,,,
Motorcycle repair,https://raw.githubusercontent.com/ariel-at-brightdata/labeling/main/motorcycle-small-engine-repair_channels/mp4/UC8FUQTt6Xq19jvpdGXV6hMQ-score-4.mp4,,,,,,
Motorcycle repair,https://raw.githubusercontent.com/ariel-at-brightdata/labeling/main/motorcycle-small-engine-repair_channels/mp4/UC8K_BK-F-n88ymFLpT1FIPQ-score-5.mp4,,,,,,
Motorcycle repair,https://raw.githubusercontent.com/ariel-at-brightdata/labeling/main/motorcycle-small-engine-repair_channels/mp4/UC8LbHvcrofInxqVTrpvGbpw-score-5.mp4,,,,,,
Motorcycle repair,https://raw.githubusercontent.com/ariel-at-brightdata/labeling/main/motorcycle-small-engine-repair_channels/mp4/UC8NuaHZDqVmjAqnWnrjqksw-score-4.mp4,,,,,,
Motorcycle repair,https://raw.githubusercontent.com/ariel-at-brightdata/labeling/main/motorcycle-small-engine-repair_channels/mp4/UC8bjZd5YgvnipALZyeYTJgA-score-5.mp4,,,,,,
Motorcycle repair,https://raw.githubusercontent.com/ariel-at-brightdata/labeling/main/motorcycle-small-engine-repair_channels/mp4/UC8cmnElrk2jR9hEyZ8qs8Ow-score-4.mp4,,,,,,
Motorcycle repair,https://raw.githubusercontent.com/ariel-at-brightdata/labeling/main/motorcycle-small-engine-repair_channels/mp4/UC8gbIlsitU713dNPS1Ze3Tg-score-5.mp4,,,,,,
Motorcycle repair,https://raw.githubusercontent.com/ariel-at-brightdata/labeling/main/motorcycle-small-engine-repair_channels/mp4/UC8l5jHMC4Z6aVg3-GDc1tVQ-score-4.mp4,,,,,,
Motorcycle repair,https://raw.githubusercontent.com/ariel-at-brightdata/labeling/main/motorcycle-small-engine-repair_channels/mp4/UC8tLcjJiu7bxHKoJxjWN7rg-score-4.mp4,,,,,,
Motorcycle repair,https://raw.githubusercontent.com/ariel-at-brightdata/labeling/main/motorcycle-small-engine-repair_channels/mp4/UC92j9WRAuIGolHnRGXh4Dsw-score-4.mp4,,,,,,
Motorcycle repair,https://raw.githubusercontent.com/ariel-at-brightdata/labeling/main/motorcycle-small-engine-repair_channels/mp4/UC94HHOcSTSkjdyesVHkyT3Q-score-4.mp4,,,,,,
Motorcycle repair,https://raw.githubusercontent.com/ariel-at-brightdata/labeling/main/motorcycle-small-engine-repair_channels/mp4/UC95GTIvvnuuEyu1Dt8HjKLQ-score-4.mp4,,,,,,
Motorcycle repair,https://raw.githubusercontent.com/ariel-at-brightdata/labeling/main/motorcycle-small-engine-repair_channels/mp4/UC96F06FZ8bIBxvlB31-W05Q-score-4.mp4,,,,,,
Motorcycle repair,https://raw.githubusercontent.com/ariel-at-brightdata/labeling/main/motorcycle-small-engine-repair_channels/mp4/UC99P4MyJBdB9kc0iw0ttHsg-score-5.mp4,,,,,,
Motorcycle repair,https://raw.githubusercontent.com/ariel-at-brightdata/labeling/main/motorcycle-small-engine-repair_channels/mp4/UC99Zjv8EnMwwdWozAM4Y2Yw-score-4.mp4,,,,,,
Motorcycle repair,https://raw.githubusercontent.com/ariel-at-brightdata/labeling/main/motorcycle-small-engine-repair_channels/mp4/UC9BT3y0qnGodCtiJOBEEEXQ-score-4.mp4,,,,,,
Motorcycle repair,https://raw.githubusercontent.com/ariel-at-brightdata/labeling/main/motorcycle-small-engine-repair_channels/mp4/UC9DfGmdZLDXSgQhjn4XnA0A-score-4.mp4,,,,,,
Motorcycle repair,https://raw.githubusercontent.com/ariel-at-brightdata/labeling/main/motorcycle-small-engine-repair_channels/mp4/UC9FJ0o1-mHmv3rEiIoB7MjA-score-4.mp4,,,,,,
Motorcycle repair,https://raw.githubusercontent.com/ariel-at-brightdata/labeling/main/motorcycle-small-engine-repair_channels/mp4/UC9LoEOSuoPtCWeDeZ0kLIpQ-score-4.mp4,,,,,,
Motorcycle repair,https://raw.githubusercontent.com/ariel-at-brightdata/labeling/main/motorcycle-small-engine-repair_channels/mp4/UC9PbOEkqdieGomc-4eR7JSQ-score-5.mp4,,,,,,
Motorcycle repair,https://raw.githubusercontent.com/ariel-at-brightdata/labeling/main/motorcycle-small-engine-repair_channels/mp4/UC9RwmB7ijO49U3Sg910aiAA-score-4.mp4,,,,,,
Motorcycle repair,https://raw.githubusercontent.com/ariel-at-brightdata/labeling/main/motorcycle-small-engine-repair_channels/mp4/UC9UJ_HwgFIjiWQl-GsoJnVA-score-5.mp4,,,,,,
Motorcycle repair,https://raw.githubusercontent.com/ariel-at-brightdata/labeling/main/motorcycle-small-engine-repair_channels/mp4/UC9YZP8QDYbsScMbGIjabAhA-score-5.mp4,,,,,,
Motorcycle repair,https://raw.githubusercontent.com/ariel-at-brightdata/labeling/main/motorcycle-small-engine-repair_channels/mp4/UC9ZryRGOaP5MfznKHt7266A-score-5.mp4,,,,,,
Motorcycle repair,https://raw.githubusercontent.com/ariel-at-brightdata/labeling/main/motorcycle-small-engine-repair_channels/mp4/UC9m0Qqk_Hr1w8wAcWd5oXVg-score-4.mp4,,,,,,
Motorcycle repair,https://raw.githubusercontent.com/ariel-at-brightdata/labeling/main/motorcycle-small-engine-repair_channels/mp4/UC9vw1Y-hr-uilNTTRGszouA-score-4.mp4,,,,,,
Motorcycle repair,https://raw.githubusercontent.com/ariel-at-brightdata/labeling/main/motorcycle-small-engine-repair_channels/mp4/UC9wK3ZvZFYB9nzvU3KfE9QQ-score-5.mp4,,,,,,
Motorcycle repair,https://raw.githubusercontent.com/ariel-at-brightdata/labeling/main/motorcycle-small-engine-repair_channels/mp4/UCA-ORt1IDJWmM38kVRzs9qg-score-4.mp4,,,,,,
Motorcycle repair,https://raw.githubusercontent.com/ariel-at-brightdata/labeling/main/motorcycle-small-engine-repair_channels/mp4/UCA-rPTG1-miITRPWlMDgQmw-score-5.mp4,,,,,,
Motorcycle repair,https://raw.githubusercontent.com/ariel-at-brightdata/labeling/main/motorcycle-small-engine-repair_channels/mp4/UCA0QZC79mWM_ZKn7f_LcEZw-score-5.mp4,,,,,,
Motorcycle repair,https://raw.githubusercontent.com/ariel-at-brightdata/labeling/main/motorcycle-small-engine-repair_channels/mp4/UCA2QkplN2EnDFKNygdx3jYw-score-4.mp4,,,,,,
Motorcycle repair,https://raw.githubusercontent.com/ariel-at-brightdata/labeling/main/motorcycle-small-engine-repair_channels/mp4/UCA6lWvGwXNXecl85dM8OEDQ-score-5.mp4,,,,,,
Motorcycle repair,https://raw.githubusercontent.com/ariel-at-brightdata/labeling/main/motorcycle-small-engine-repair_channels/mp4/UCA9GlAGvSMsoXBPR77JTTJQ-score-4.mp4,,,,,,
Motorcycle repair,https://raw.githubusercontent.com/ariel-at-brightdata/labeling/main/motorcycle-small-engine-repair_channels/mp4/UCA9IIBmfAW0pLOLnMsah10g-score-4.mp4,,,,,,
Motorcycle repair,https://raw.githubusercontent.com/ariel-at-brightdata/labeling/main/motorcycle-small-engine-repair_channels/mp4/UCAAeD1rqEmZ2GTPRStAoFlQ-score-5.mp4,,,,,,
Motorcycle repair,https://raw.githubusercontent.com/ariel-at-brightdata/labeling/main/motorcycle-small-engine-repair_channels/mp4/UCAEYrbyK4V8rXQkPDy1u5Jw-score-4.mp4,,,,,,
Motorcycle repair,https://raw.githubusercontent.com/ariel-at-brightdata/labeling/main/motorcycle-small-engine-repair_channels/mp4/UCAEv8RI-bcXkg_ePhOUlbHw-score-4.mp4,,,,,,
Motorcycle repair,https://raw.githubusercontent.com/ariel-at-brightdata/labeling/main/motorcycle-small-engine-repair_channels/mp4/UCAIt4wHcDQOPZZicddN7w3Q-score-4.mp4,,,,,,
Motorcycle repair,https://raw.githubusercontent.com/ariel-at-brightdata/labeling/main/motorcycle-small-engine-repair_channels/mp4/UCAJPcQJGhfNJC__zE_lm8Nw-score-4.mp4,,,,,,
Motorcycle repair,https://raw.githubusercontent.com/ariel-at-brightdata/labeling/main/motorcycle-small-engine-repair_channels/mp4/UCAK0U3_tMYx5uay8uwDmpTA-score-4.mp4,,,,,,
Motorcycle repair,https://raw.githubusercontent.com/ariel-at-brightdata/labeling/main/motorcycle-small-engine-repair_channels/mp4/UCALOwK2jEqOPGzcdLlEqcaA-score-4.mp4,,,,,,
Motorcycle repair,https://raw.githubusercontent.com/ariel-at-brightdata/labeling/main/motorcycle-small-engine-repair_channels/mp4/UCAQWrE8ZlBjCe8PCzAonMJQ-score-4.mp4,,,,,,
Motorcycle repair,https://raw.githubusercontent.com/ariel-at-brightdata/labeling/main/motorcycle-small-engine-repair_channels/mp4/UCAQ_gY3F-3_VNXNIZD4x14w-score-4.mp4,,,,,,
Motorcycle repair,https://raw.githubusercontent.com/ariel-at-brightdata/labeling/main/motorcycle-small-engine-repair_channels/mp4/UCARsVl4bC8hCzmSTcQZUfoQ-score-4.mp4,,,,,,
Motorcycle repair,https://raw.githubusercontent.com/ariel-at-brightdata/labeling/main/motorcycle-small-engine-repair_channels/mp4/UCATpCXz2wsGFgSWKPeoWvjQ-score-4.mp4,,,,,,
Motorcycle repair,https://raw.githubusercontent.com/ariel-at-brightdata/labeling/main/motorcycle-small-engine-repair_channels/mp4/UCAd2zVL0Rj1wAXIvksmpxBw-score-5.mp4,,,,,,
Motorcycle repair,https://raw.githubusercontent.com/ariel-at-brightdata/labeling/main/motorcycle-small-engine-repair_channels/mp4/UCAg2GeOk5w63Jzrj3fk34wQ-score-5.mp4,,,,,,
Motorcycle repair,https://raw.githubusercontent.com/ariel-at-brightdata/labeling/main/motorcycle-small-engine-repair_channels/mp4/UCAkvL3ImMPNtActZ4bg_pPA-score-4.mp4,,,,,,
Motorcycle repair,https://raw.githubusercontent.com/ariel-at-brightdata/labeling/main/motorcycle-small-engine-repair_channels/mp4/UCApgScSPlWmSKQdtbZcPLBg-score-4.mp4,,,,,,
Motorcycle repair,https://raw.githubusercontent.com/ariel-at-brightdata/labeling/main/motorcycle-small-engine-repair_channels/mp4/UCAt5CstHd-3pXE3wkJgvsMA-score-4.mp4,,,,,,
Motorcycle repair,https://raw.githubusercontent.com/ariel-at-brightdata/labeling/main/motorcycle-small-engine-repair_channels/mp4/UCAvXib2w5XBjqEeKplgfnxQ-score-4.mp4,,,,,,
Motorcycle repair,https://raw.githubusercontent.com/ariel-at-brightdata/labeling/main/motorcycle-small-engine-repair_channels/mp4/UCAzAV6QppwUAo9RL40Z0oIg-score-4.mp4,,,,,,
Motorcycle repair,https://raw.githubusercontent.com/ariel-at-brightdata/labeling/main/motorcycle-small-engine-repair_channels/mp4/UCB2iumDZIxjZycZ2CUkbWTw-score-4.mp4,,,,,,
Motorcycle repair,https://raw.githubusercontent.com/ariel-at-brightdata/labeling/main/motorcycle-small-engine-repair_channels/mp4/UCB6Xyf5hLV1ZLxcazteaI7A-score-4.mp4,,,,,,
Motorcycle repair,https://raw.githubusercontent.com/ariel-at-brightdata/labeling/main/motorcycle-small-engine-repair_channels/mp4/UCB8AyZWS7_-wZlTOnYzm08Q-score-5.mp4,,,,,,
Motorcycle repair,https://raw.githubusercontent.com/ariel-at-brightdata/labeling/main/motorcycle-small-engine-repair_channels/mp4/UCB9DGfR2ouetzcPidy701CQ-score-5.mp4,,,,,,
Motorcycle repair,https://raw.githubusercontent.com/ariel-at-brightdata/labeling/main/motorcycle-small-engine-repair_channels/mp4/UCB9zxkHX9HPw57Xppnhmmeg-score-4.mp4,,,,,,
Motorcycle repair,https://raw.githubusercontent.com/ariel-at-brightdata/labeling/main/motorcycle-small-engine-repair_channels/mp4/UCBClgyopvSVkxxxkCVPYaKg-score-4.mp4,,,,,,
Motorcycle repair,https://raw.githubusercontent.com/ariel-at-brightdata/labeling/main/motorcycle-small-engine-repair_channels/mp4/UCBCp8kKv8ELV-yMQaN-CGkw-score-4.mp4,,,,,,
Motorcycle repair,https://raw.githubusercontent.com/ariel-at-brightdata/labeling/main/motorcycle-small-engine-repair_channels/mp4/UCBEyZpUxqkN8nJtMNtaFXiw-score-4.mp4,,,,,,
Motorcycle repair,https://raw.githubusercontent.com/ariel-at-brightdata/labeling/main/motorcycle-small-engine-repair_channels/mp4/UCBIblA61vJTtYBKMvkNpvig-score-4.mp4,,,,,,
Motorcycle repair,https://raw.githubusercontent.com/ariel-at-brightdata/labeling/main/motorcycle-small-engine-repair_channels/mp4/UCBKx7SlAj4NuLpvsPZecAkg-score-5.mp4,,,,,,
Motorcycle repair,https://raw.githubusercontent.com/ariel-at-brightdata/labeling/main/motorcycle-small-engine-repair_channels/mp4/UCBM0dFvPY_zGug-izTIbp4Q-score-4.mp4,,,,,,
Motorcycle repair,https://raw.githubusercontent.com/ariel-at-brightdata/labeling/main/motorcycle-small-engine-repair_channels/mp4/UCBPUuEvUjUdaOZyDvCA7vGw-score-4.mp4,,,,,,
Motorcycle repair,https://raw.githubusercontent.com/ariel-at-brightdata/labeling/main/motorcycle-small-engine-repair_channels/mp4/UCBPyDKAyfgXTx2eeU0aSRwQ-score-4.mp4,,,,,,
Motorcycle repair,https://raw.githubusercontent.com/ariel-at-brightdata/labeling/main/motorcycle-small-engine-repair_channels/mp4/UCBRnwhW7g5WaU2ATMr8lExw-score-5.mp4,,,,,,
Motorcycle repair,https://raw.githubusercontent.com/ariel-at-brightdata/labeling/main/motorcycle-small-engine-repair_channels/mp4/UCBTVA6EqOJfWCEkPFdN1TQw-score-4.mp4,,,,,,
Motorcycle repair,https://raw.githubusercontent.com/ariel-at-brightdata/labeling/main/motorcycle-small-engine-repair_channels/mp4/UCBWD5OceX4BxFvVMqCDhRYA-score-5.mp4,,,,,,
Motorcycle repair,https://raw.githubusercontent.com/ariel-at-brightdata/labeling/main/motorcycle-small-engine-repair_channels/mp4/UCBcC_LXiOxtznErRJmbXh9Q-score-4.mp4,,,,,,
Motorcycle repair,https://raw.githubusercontent.com/ariel-at-brightdata/labeling/main/motorcycle-small-engine-repair_channels/mp4/UCBdbMQNjFZySWIS9sXtdpiQ-score-5.mp4,,,,,,
Motorcycle repair,https://raw.githubusercontent.com/ariel-at-brightdata/labeling/main/motorcycle-small-engine-repair_channels/mp4/UCBggGwpZxseEbqmJKgQ7y2Q-score-4.mp4,,,,,,
Motorcycle repair,https://raw.githubusercontent.com/ariel-at-brightdata/labeling/main/motorcycle-small-engine-repair_channels/mp4/UCBh2M42z_ibgbVydDyOrcTA-score-5.mp4,,,,,,
Motorcycle repair,https://raw.githubusercontent.com/ariel-at-brightdata/labeling/main/motorcycle-small-engine-repair_channels/mp4/UCBhJEDIG3PrpsttuFKjyBqQ-score-4.mp4,,,,,,
Motorcycle repair,https://raw.githubusercontent.com/ariel-at-brightdata/labeling/main/motorcycle-small-engine-repair_channels/mp4/UCBk08G4VDJ_xd7ujerNPvTw-score-5.mp4,,,,,,
Motorcycle repair,https://raw.githubusercontent.com/ariel-at-brightdata/labeling/main/motorcycle-small-engine-repair_channels/mp4/UCBplcpjSYqxnhEz6b14RE8A-score-4.mp4,,,,,,
Motorcycle repair,https://raw.githubusercontent.com/ariel-at-brightdata/labeling/main/motorcycle-small-engine-repair_channels/mp4/UCBs6dtUJctqa_LDuypIcZkA-score-4.mp4,,,,,,
Motorcycle repair,https://raw.githubusercontent.com/ariel-at-brightdata/labeling/main/motorcycle-small-engine-repair_channels/mp4/UCBsiRNvVgGUrdUun5gPLDog-score-4.mp4,,,,,,
Motorcycle repair,https://raw.githubusercontent.com/ariel-at-brightdata/labeling/main/motorcycle-small-engine-repair_channels/mp4/UCBw_dvaDzWu6XELmUuj6SxA-score-4.mp4,,,,,,
Motorcycle repair,https://raw.githubusercontent.com/ariel-at-brightdata/labeling/main/motorcycle-small-engine-repair_channels/mp4/UCBy5JYRkE75unlY0YosyHxQ-score-4.mp4,,,,,,
Motorcycle repair,https://raw.githubusercontent.com/ariel-at-brightdata/labeling/main/motorcycle-small-engine-repair_channels/mp4/UCC-8fUiAowh8-rsh_k8axlQ-score-4.mp4,,,,,,
Motorcycle repair,https://raw.githubusercontent.com/ariel-at-brightdata/labeling/main/motorcycle-small-engine-repair_channels/mp4/UCC0DaxWFc-kbmRQiikwkqGA-score-4.mp4,,,,,,
Motorcycle repair,https://raw.githubusercontent.com/ariel-at-brightdata/labeling/main/motorcycle-small-engine-repair_channels/mp4/UCC0u-74DQXR45qz3I7RlF6w-score-4.mp4,,,,,,
Motorcycle repair,https://raw.githubusercontent.com/ariel-at-brightdata/labeling/main/motorcycle-small-engine-repair_channels/mp4/UCC1ld4wH9zGnvTyeQ09KDKw-score-4.mp4,,,,,,
Motorcycle repair,https://raw.githubusercontent.com/ariel-at-brightdata/labeling/main/motorcycle-small-engine-repair_channels/mp4/UCC2JwOk4BWSkGKnF4eA_ctw-score-4.mp4,,,,,,
Motorcycle repair,https://raw.githubusercontent.com/ariel-at-brightdata/labeling/main/motorcycle-small-engine-repair_channels/mp4/UCC2k_kX5T2sdlPfm2MqF3rg-score-5.mp4,,,,,,
Motorcycle repair,https://raw.githubusercontent.com/ariel-at-brightdata/labeling/main/motorcycle-small-engine-repair_channels/mp4/UCC5cXMh7R79O43Sv-BVWsrg-score-4.mp4,,,,,,
Motorcycle repair,https://raw.githubusercontent.com/ariel-at-brightdata/labeling/main/motorcycle-small-engine-repair_channels/mp4/UCC6eYxM2fTkRau38m-zOh9Q-score-4.mp4,,,,,,
Motorcycle repair,https://raw.githubusercontent.com/ariel-at-brightdata/labeling/main/motorcycle-small-engine-repair_channels/mp4/UCC6yUCKaIxsElDyXqMFTBSg-score-4.mp4,,,,,,
Motorcycle repair,https://raw.githubusercontent.com/ariel-at-brightdata/labeling/main/motorcycle-small-engine-repair_channels/mp4/UCC8TyP5t0qiDL0NInf5wb5A-score-4.mp4,,,,,,
Motorcycle repair,https://raw.githubusercontent.com/ariel-at-brightdata/labeling/main/motorcycle-small-engine-repair_channels/mp4/UCCCgoq5mnppsIzIwcfJwbOQ-score-5.mp4,,,,,,
Motorcycle repair,https://raw.githubusercontent.com/ariel-at-brightdata/labeling/main/motorcycle-small-engine-repair_channels/mp4/UCCFgAnHtzRUqrSASPC-7rDQ-score-4.mp4,,,,,,
Motorcycle repair,https://raw.githubusercontent.com/ariel-at-brightdata/labeling/main/motorcycle-small-engine-repair_channels/mp4/UCCFmMGyTvhXJAADQaoMl5AQ-score-4.mp4,,,,,,
Motorcycle repair,https://raw.githubusercontent.com/ariel-at-brightdata/labeling/main/motorcycle-small-engine-repair_channels/mp4/UCCO58PNTU_drV87DWjtlnvw-score-4.mp4,,,,,,
Motorcycle repair,https://raw.githubusercontent.com/ariel-at-brightdata/labeling/main/motorcycle-small-engine-repair_channels/mp4/UCCObrna7hsd4nRBOCosjQ5Q-score-4.mp4,,,,,,
Motorcycle repair,https://raw.githubusercontent.com/ariel-at-brightdata/labeling/main/motorcycle-small-engine-repair_channels/mp4/UCCRhY6l2s7TNJ1OpRi8EDVA-score-4.mp4,,,,,,
Motorcycle repair,https://raw.githubusercontent.com/ariel-at-brightdata/labeling/main/motorcycle-small-engine-repair_channels/mp4/UCCTa-5b5o7UPelW32MMLGyQ-score-4.mp4,,,,,,
Motorcycle repair,https://raw.githubusercontent.com/ariel-at-brightdata/labeling/main/motorcycle-small-engine-repair_channels/mp4/UCC_KjCRlCfKBSnj3V7xqwBg-score-4.mp4,,,,,,
Motorcycle repair,https://raw.githubusercontent.com/ariel-at-brightdata/labeling/main/motorcycle-small-engine-repair_channels/mp4/UCCdknt4FVVNIZjmLwuDIuAg-score-4.mp4,,,,,,
Motorcycle repair,https://raw.githubusercontent.com/ariel-at-brightdata/labeling/main/motorcycle-small-engine-repair_channels/mp4/UCCdlayee7HiJifT0XaaQ8cw-score-4.mp4,,,,,,
Motorcycle repair,https://raw.githubusercontent.com/ariel-at-brightdata/labeling/main/motorcycle-small-engine-repair_channels/mp4/UCCjw1LKlfNGy03NGwjgnmbg-score-4.mp4,,,,,,
Motorcycle repair,https://raw.githubusercontent.com/ariel-at-brightdata/labeling/main/motorcycle-small-engine-repair_channels/mp4/UCCky3lUGeF6eOIrCbOUigPg-score-4.mp4,,,,,,
Motorcycle repair,https://raw.githubusercontent.com/ariel-at-brightdata/labeling/main/motorcycle-small-engine-repair_channels/mp4/UCCo4s8caEsN-fIb_cSa3pdw-score-4.mp4,,,,,,
Motorcycle repair,https://raw.githubusercontent.com/ariel-at-brightdata/labeling/main/motorcycle-small-engine-repair_channels/mp4/UCCqDqfRJoQhm6FQMej0t7lg-score-5.mp4,,,,,,
Motorcycle repair,https://raw.githubusercontent.com/ariel-at-brightdata/labeling/main/motorcycle-small-engine-repair_channels/mp4/UCCqRRhmquroyQg9tkqacdVA-score-5.mp4,,,,,,
Motorcycle repair,https://raw.githubusercontent.com/ariel-at-brightdata/labeling/main/motorcycle-small-engine-repair_channels/mp4/UCCuD0qPN6wXvlu9jxmd77RQ-score-4.mp4,,,,,,
Motorcycle repair,https://raw.githubusercontent.com/ariel-at-brightdata/labeling/main/motorcycle-small-engine-repair_channels/mp4/UCCuS4HUBj_A68SDEq3A9DUA-score-4.mp4,,,,,,
Motorcycle repair,https://raw.githubusercontent.com/ariel-at-brightdata/labeling/main/motorcycle-small-engine-repair_channels/mp4/UCCw-Bx3TEJt0BhQSmmyxGTg-score-4.mp4,,,,,,
Motorcycle repair,https://raw.githubusercontent.com/ariel-at-brightdata/labeling/main/motorcycle-small-engine-repair_channels/mp4/UCCwP8J_TPd8e2CgO-gxHaAA-score-5.mp4,,,,,,
Motorcycle repair,https://raw.githubusercontent.com/ariel-at-brightdata/labeling/main/motorcycle-small-engine-repair_channels/mp4/UCD0IJubyTkeIsHnLtXfYNZA-score-4.mp4,,,,,,
Motorcycle repair,https://raw.githubusercontent.com/ariel-at-brightdata/labeling/main/motorcycle-small-engine-repair_channels/mp4/UCD2aJqr5hLbomQ5k-T8CHXQ-score-5.mp4,,,,,,
Motorcycle repair,https://raw.githubusercontent.com/ariel-at-brightdata/labeling/main/motorcycle-small-engine-repair_channels/mp4/UCD4Sj7P0BhV3YLmxP7WfE6A-score-4.mp4,,,,,,
Motorcycle repair,https://raw.githubusercontent.com/ariel-at-brightdata/labeling/main/motorcycle-small-engine-repair_channels/mp4/UCD5OqbnW-VpOUT-diTQS-Rg-score-4.mp4,,,,,,
Motorcycle repair,https://raw.githubusercontent.com/ariel-at-brightdata/labeling/main/motorcycle-small-engine-repair_channels/mp4/UCD8H6j-dccHxzkg9JrU8aNw-score-4.mp4,,,,,,
Motorcycle repair,https://raw.githubusercontent.com/ariel-at-brightdata/labeling/main/motorcycle-small-engine-repair_channels/mp4/UCDAFGxbyHORrL-n5t9ghxtA-score-4.mp4,,,,,,
Motorcycle repair,https://raw.githubusercontent.com/ariel-at-brightdata/labeling/main/motorcycle-small-engine-repair_channels/mp4/UCDAYPt3YbQ2Z1BVhLqfXNbg-score-4.mp4,,,,,,
Motorcycle repair,https://raw.githubusercontent.com/ariel-at-brightdata/labeling/main/motorcycle-small-engine-repair_channels/mp4/UCDAsIpFkoGVNZqYGr7VMspg-score-4.mp4,,,,,,
Motorcycle repair,https://raw.githubusercontent.com/ariel-at-brightdata/labeling/main/motorcycle-small-engine-repair_channels/mp4/UCDB6ra11XRRbp-_bKs-Z33A-score-5.mp4,,,,,,
Motorcycle repair,https://raw.githubusercontent.com/ariel-at-brightdata/labeling/main/motorcycle-small-engine-repair_channels/mp4/UCDBmiA8Wenv_FxCrVTREgUg-score-4.mp4,,,,,,
Motorcycle repair,https://raw.githubusercontent.com/ariel-at-brightdata/labeling/main/motorcycle-small-engine-repair_channels/mp4/UCDCZs_BkoKnfs9U3KFyfYow-score-5.mp4,,,,,,
Motorcycle repair,https://raw.githubusercontent.com/ariel-at-brightdata/labeling/main/motorcycle-small-engine-repair_channels/mp4/UCDISvxugr6J86pg7gxNfW6g-score-5.mp4,,,,,,
Motorcycle repair,https://raw.githubusercontent.com/ariel-at-brightdata/labeling/main/motorcycle-small-engine-repair_channels/mp4/UCDNxe372oo5scoEB54UsHIA-score-4.mp4,,,,,,
Motorcycle repair,https://raw.githubusercontent.com/ariel-at-brightdata/labeling/main/motorcycle-small-engine-repair_channels/mp4/UCDSK2lrZihPVLZmfXRODmBA-score-4.mp4,,,,,,
Motorcycle repair,https://raw.githubusercontent.com/ariel-at-brightdata/labeling/main/motorcycle-small-engine-repair_channels/mp4/UCDUX5Kh7P3wodiSaUCwOaIg-score-4.mp4,,,,,,
Motorcycle repair,https://raw.githubusercontent.com/ariel-at-brightdata/labeling/main/motorcycle-small-engine-repair_channels/mp4/UCDVXjOgAN4WWQ7vjw9j0yhA-score-5.mp4,,,,,,
Motorcycle repair,https://raw.githubusercontent.com/ariel-at-brightdata/labeling/main/motorcycle-small-engine-repair_channels/mp4/UCDZlcqmAKQdgX7fIQAZOnuA-score-4.mp4,,,,,,
Motorcycle repair,https://raw.githubusercontent.com/ariel-at-brightdata/labeling/main/motorcycle-small-engine-repair_channels/mp4/UCDaV2gkdOxaBGZtwrFJnk1A-score-4.mp4,,,,,,
Motorcycle repair,https://raw.githubusercontent.com/ariel-at-brightdata/labeling/main/motorcycle-small-engine-repair_channels/mp4/UCDcahqqC7brWaKvQISCKjWQ-score-4.mp4,,,,,,
Motorcycle repair,https://raw.githubusercontent.com/ariel-at-brightdata/labeling/main/motorcycle-small-engine-repair_channels/mp4/UCDckXKRbb_z7AJF9gmGOguA-score-4.mp4,,,,,,
Motorcycle repair,https://raw.githubusercontent.com/ariel-at-brightdata/labeling/main/motorcycle-small-engine-repair_channels/mp4/UCDf6HqnBymCxw7XJAUs5Krg-score-4.mp4,,,,,,
Motorcycle repair,https://raw.githubusercontent.com/ariel-at-brightdata/labeling/main/motorcycle-small-engine-repair_channels/mp4/UCDkIhLxzjZH03r-hJLiQqCA-score-4.mp4,,,,,,
Motorcycle repair,https://raw.githubusercontent.com/ariel-at-brightdata/labeling/main/motorcycle-small-engine-repair_channels/mp4/UCDqm3kdKlBU5_gDQA8dGpZQ-score-4.mp4,,,,,,
Motorcycle repair,https://raw.githubusercontent.com/ariel-at-brightdata/labeling/main/motorcycle-small-engine-repair_channels/mp4/UCDrL13iJBRIZvWFDUGX5Xww-score-4.mp4,,,,,,
Motorcycle repair,https://raw.githubusercontent.com/ariel-at-brightdata/labeling/main/motorcycle-small-engine-repair_channels/mp4/UCE-BqSA9PlLlt3_b-cr3dQA-score-4.mp4,,,,,,
Motorcycle repair,https://raw.githubusercontent.com/ariel-at-brightdata/labeling/main/motorcycle-small-engine-repair_channels/mp4/UCE7U5wKe3ouyPkoTOTfxvPA-score-4.mp4,,,,,,
Motorcycle repair,https://raw.githubusercontent.com/ariel-at-brightdata/labeling/main/motorcycle-small-engine-repair_channels/mp4/UCEHM3zMi1PMRENjiK-erzCA-score-4.mp4,,,,,,
Motorcycle repair,https://raw.githubusercontent.com/ariel-at-brightdata/labeling/main/motorcycle-small-engine-repair_channels/mp4/UCEPwPjCD7IKbQLWUksX9gCQ-score-5.mp4,,,,,,
Motorcycle repair,https://raw.githubusercontent.com/ariel-at-brightdata/labeling/main/motorcycle-small-engine-repair_channels/mp4/UCEQ2S94PdChFjC6321A7WbA-score-4.mp4,,,,,,
Motorcycle repair,https://raw.githubusercontent.com/ariel-at-brightdata/labeling/main/motorcycle-small-engine-repair_channels/mp4/UCEQYxdYS7CECq54i4nMCVmQ-score-4.mp4,,,,,,
Motorcycle repair,https://raw.githubusercontent.com/ariel-at-brightdata/labeling/main/motorcycle-small-engine-repair_channels/mp4/UCEWBRAIfeYVlWbNhJ12Oncg-score-4.mp4,,,,,,
Motorcycle repair,https://raw.githubusercontent.com/ariel-at-brightdata/labeling/main/motorcycle-small-engine-repair_channels/mp4/UCEWcaprJPyvUdzSyBktSIKA-score-4.mp4,,,,,,
Motorcycle repair,https://raw.githubusercontent.com/ariel-at-brightdata/labeling/main/motorcycle-small-engine-repair_channels/mp4/UCEe_eSlks0pIexWL1ezu2JQ-score-4.mp4,,,,,,
Motorcycle repair,https://raw.githubusercontent.com/ariel-at-brightdata/labeling/main/motorcycle-small-engine-repair_channels/mp4/UCEhIKerA1jt0_A6Ps6zCSRg-score-4.mp4,,,,,,
Motorcycle repair,https://raw.githubusercontent.com/ariel-at-brightdata/labeling/main/motorcycle-small-engine-repair_channels/mp4/UCEsbJbR3sfpLiJK8ae0M99A-score-4.mp4,,,,,,
Motorcycle repair,https://raw.githubusercontent.com/ariel-at-brightdata/labeling/main/motorcycle-small-engine-repair_channels/mp4/UCF-vS7De9bZeTz6QAct9u9A-score-5.mp4,,,,,,
Motorcycle repair,https://raw.githubusercontent.com/ariel-at-brightdata/labeling/main/motorcycle-small-engine-repair_channels/mp4/UCF32V1eSPMw8oUceehVft0w-score-4.mp4,,,,,,
Motorcycle repair,https://raw.githubusercontent.com/ariel-at-brightdata/labeling/main/motorcycle-small-engine-repair_channels/mp4/UCF577My3ZBIaP-ykn0bZGZQ-score-5.mp4,,,,,,
Motorcycle repair,https://raw.githubusercontent.com/ariel-at-brightdata/labeling/main/motorcycle-small-engine-repair_channels/mp4/UCF6jsAtGvNH3sQssa1qaG2A-score-4.mp4,,,,,,
Motorcycle repair,https://raw.githubusercontent.com/ariel-at-brightdata/labeling/main/motorcycle-small-engine-repair_channels/mp4/UCF8eDbT26-eecjB_6FYHJHw-score-4.mp4,,,,,,
Motorcycle repair,https://raw.githubusercontent.com/ariel-at-brightdata/labeling/main/motorcycle-small-engine-repair_channels/mp4/UCFF_9cjwxeUJAWdLujLxhAA-score-4.mp4,,,,,,
Motorcycle repair,https://raw.githubusercontent.com/ariel-at-brightdata/labeling/main/motorcycle-small-engine-repair_channels/mp4/UCFGsc5QUUSoUuHKMBn_0P3Q-score-5.mp4,,,,,,
Motorcycle repair,https://raw.githubusercontent.com/ariel-at-brightdata/labeling/main/motorcycle-small-engine-repair_channels/mp4/UCFKcxggYDcsVP8D-LRcBKvQ-score-4.mp4,,,,,,
Motorcycle repair,https://raw.githubusercontent.com/ariel-at-brightdata/labeling/main/motorcycle-small-engine-repair_channels/mp4/UCFQuMG3CUQutuRpkvg5JRvA-score-4.mp4,,,,,,
Motorcycle repair,https://raw.githubusercontent.com/ariel-at-brightdata/labeling/main/motorcycle-small-engine-repair_channels/mp4/UCFTQ1DrKOGq5tExYuWILU_g-score-5.mp4,,,,,,
Motorcycle repair,https://raw.githubusercontent.com/ariel-at-brightdata/labeling/main/motorcycle-small-engine-repair_channels/mp4/UCFV4ve_A69n4VD0gQa8txMQ-score-4.mp4,,,,,,
Motorcycle repair,https://raw.githubusercontent.com/ariel-at-brightdata/labeling/main/motorcycle-small-engine-repair_channels/mp4/UCFXFK_54OTL4Tgy9DE8eezw-score-4.mp4,,,,,,
Motorcycle repair,https://raw.githubusercontent.com/ariel-at-brightdata/labeling/main/motorcycle-small-engine-repair_channels/mp4/UCFaLo382sdlQhrQXShrmNTw-score-4.mp4,,,,,,
Motorcycle repair,https://raw.githubusercontent.com/ariel-at-brightdata/labeling/main/motorcycle-small-engine-repair_channels/mp4/UCFaPKXTbE5a3NmFe9u1jIpw-score-4.mp4,,,,,,
Motorcycle repair,https://raw.githubusercontent.com/ariel-at-brightdata/labeling/main/motorcycle-small-engine-repair_channels/mp4/UCFerPb9axGJfYgzsi55vSaA-score-4.mp4,,,,,,
Motorcycle repair,https://raw.githubusercontent.com/ariel-at-brightdata/labeling/main/motorcycle-small-engine-repair_channels/mp4/UCFmjfoB7bUFG-EwWtQpAOAw-score-4.mp4,,,,,,
Motorcycle repair,https://raw.githubusercontent.com/ariel-at-brightdata/labeling/main/motorcycle-small-engine-repair_channels/mp4/UCFnSxtfCl-AtFxgsKDVx7_Q-score-5.mp4,,,,,,
Motorcycle repair,https://raw.githubusercontent.com/ariel-at-brightdata/labeling/main/motorcycle-small-engine-repair_channels/mp4/UCFoEUldnMPXnsSkIJ05_luQ-score-4.mp4,,,,,,
Motorcycle repair,https://raw.githubusercontent.com/ariel-at-brightdata/labeling/main/motorcycle-small-engine-repair_channels/mp4/UCFsGcvYQPGc2x4A3E5uFejA-score-4.mp4,,,,,,
Motorcycle repair,https://raw.githubusercontent.com/ariel-at-brightdata/labeling/main/motorcycle-small-engine-repair_channels/mp4/UCFxWvZMsWqVw_2Jtbx2JlBw-score-4.mp4,,,,,,
Motorcycle repair,https://raw.githubusercontent.com/ariel-at-brightdata/labeling/main/motorcycle-small-engine-repair_channels/mp4/UCFxYY9NWjGxSkOv-NPt58jw-score-4.mp4,,,,,,
Motorcycle repair,https://raw.githubusercontent.com/ariel-at-brightdata/labeling/main/motorcycle-small-engine-repair_channels/mp4/UCG08U7QJqNgSL8ywcAtfkGg-score-4.mp4,,,,,,
Motorcycle repair,https://raw.githubusercontent.com/ariel-at-brightdata/labeling/main/motorcycle-small-engine-repair_channels/mp4/UCG1O-FNQClT_2aNvU8rKttA-score-4.mp4,,,,,,
Motorcycle repair,https://raw.githubusercontent.com/ariel-at-brightdata/labeling/main/motorcycle-small-engine-repair_channels/mp4/UCG2Mf6_iONIoJcdBQyL0xEg-score-5.mp4,,,,,,
Motorcycle repair,https://raw.githubusercontent.com/ariel-at-brightdata/labeling/main/motorcycle-small-engine-repair_channels/mp4/UCG2xxW2C5I_FuWl1iidv07w-score-4.mp4,,,,,,
Motorcycle repair,https://raw.githubusercontent.com/ariel-at-brightdata/labeling/main/motorcycle-small-engine-repair_channels/mp4/UCG81-AjS3MQzCYLSDJ7JPPQ-score-4.mp4,,,,,,
Motorcycle repair,https://raw.githubusercontent.com/ariel-at-brightdata/labeling/main/motorcycle-small-engine-repair_channels/mp4/UCGAiH-4FpBoG1a-o7NKI9Sw-score-5.mp4,,,,,,
Motorcycle repair,https://raw.githubusercontent.com/ariel-at-brightdata/labeling/main/motorcycle-small-engine-repair_channels/mp4/UCGNI5MgwVdaz30y9gJFKQAw-score-4.mp4,,,,,,
Motorcycle repair,https://raw.githubusercontent.com/ariel-at-brightdata/labeling/main/motorcycle-small-engine-repair_channels/mp4/UCGRTjOKV_mS6Pb-ard50C1g-score-4.mp4,,,,,,
Motorcycle repair,https://raw.githubusercontent.com/ariel-at-brightdata/labeling/main/motorcycle-small-engine-repair_channels/mp4/UCGRVLR0exZhvHt3pVx1pIcw-score-5.mp4,,,,,,
Motorcycle repair,https://raw.githubusercontent.com/ariel-at-brightdata/labeling/main/motorcycle-small-engine-repair_channels/mp4/UCGTYTXb_8K6qQUEIx8DVboQ-score-4.mp4,,,,,,
Motorcycle repair,https://raw.githubusercontent.com/ariel-at-brightdata/labeling/main/motorcycle-small-engine-repair_channels/mp4/UCGXEGFUF1rYkJ31pEnqTySQ-score-4.mp4,,,,,,
Motorcycle repair,https://raw.githubusercontent.com/ariel-at-brightdata/labeling/main/motorcycle-small-engine-repair_channels/mp4/UCGdhaw6w5wloaRUTZRf01lA-score-4.mp4,,,,,,
Motorcycle repair,https://raw.githubusercontent.com/ariel-at-brightdata/labeling/main/motorcycle-small-engine-repair_channels/mp4/UCGe1KiIFvg7C-8FmQIX1j2w-score-4.mp4,,,,,,
Motorcycle repair,https://raw.githubusercontent.com/ariel-at-brightdata/labeling/main/motorcycle-small-engine-repair_channels/mp4/UCGh05YyqUnaXt26c0pml8PA-score-4.mp4,,,,,,
Motorcycle repair,https://raw.githubusercontent.com/ariel-at-brightdata/labeling/main/motorcycle-small-engine-repair_channels/mp4/UCGhxaYuKbP8lpGRn-HFuGLg-score-4.mp4,,,,,,
Motorcycle repair,https://raw.githubusercontent.com/ariel-at-brightdata/labeling/main/motorcycle-small-engine-repair_channels/mp4/UCGko6BxATxWzEPZmkCvrqCQ-score-5.mp4,,,,,,
Motorcycle repair,https://raw.githubusercontent.com/ariel-at-brightdata/labeling/main/motorcycle-small-engine-repair_channels/mp4/UCGmg-JebczucqzH7uX3iESQ-score-5.mp4,,,,,,
Motorcycle repair,https://raw.githubusercontent.com/ariel-at-brightdata/labeling/main/motorcycle-small-engine-repair_channels/mp4/UCGnmVszSZ4BZltG_tgtZO4w-score-4.mp4,,,,,,
Motorcycle repair,https://raw.githubusercontent.com/ariel-at-brightdata/labeling/main/motorcycle-small-engine-repair_channels/mp4/UCGoX7rlqC3QBDiMICMuUCHQ-score-4.mp4,,,,,,
Motorcycle repair,https://raw.githubusercontent.com/ariel-at-brightdata/labeling/main/motorcycle-small-engine-repair_channels/mp4/UCGxCixLZoSePXPLrkoxbxMg-score-4.mp4,,,,,,
Motorcycle repair,https://raw.githubusercontent.com/ariel-at-brightdata/labeling/main/motorcycle-small-engine-repair_channels/mp4/UCH3uK5VspX8v2yAVi7TdYtg-score-4.mp4,,,,,,
Motorcycle repair,https://raw.githubusercontent.com/ariel-at-brightdata/labeling/main/motorcycle-small-engine-repair_channels/mp4/UCHA639IA7E90XyA5yBVq0mA-score-4.mp4,,,,,,
Motorcycle repair,https://raw.githubusercontent.com/ariel-at-brightdata/labeling/main/motorcycle-small-engine-repair_channels/mp4/UCHCF35LEiWVHJBGMy0kHO-Q-score-4.mp4,,,,,,
Motorcycle repair,https://raw.githubusercontent.com/ariel-at-brightdata/labeling/main/motorcycle-small-engine-repair_channels/mp4/UCHDNlvAhVWqwJyHOmrfnl-A-score-4.mp4,,,,,,
Motorcycle repair,https://raw.githubusercontent.com/ariel-at-brightdata/labeling/main/motorcycle-small-engine-repair_channels/mp4/UCHIcQL7QVwGTbT11qjj7Ssw-score-4.mp4,,,,,,
Motorcycle repair,https://raw.githubusercontent.com/ariel-at-brightdata/labeling/main/motorcycle-small-engine-repair_channels/mp4/UCHKj6l3T_mn8yTuQLqt5YRA-score-4.mp4,,,,,,
Motorcycle repair,https://raw.githubusercontent.com/ariel-at-brightdata/labeling/main/motorcycle-small-engine-repair_channels/mp4/UCHKtsKjkkB1TXtnYCZLxubQ-score-4.mp4,,,,,,
Motorcycle repair,https://raw.githubusercontent.com/ariel-at-brightdata/labeling/main/motorcycle-small-engine-repair_channels/mp4/UCHMpgp46A79noxuQKlDrWvw-score-4.mp4,,,,,,
Motorcycle repair,https://raw.githubusercontent.com/ariel-at-brightdata/labeling/main/motorcycle-small-engine-repair_channels/mp4/UCHQC9eKX6x1UyBAuwWldd5g-score-5.mp4,,,,,,
Motorcycle repair,https://raw.githubusercontent.com/ariel-at-brightdata/labeling/main/motorcycle-small-engine-repair_channels/mp4/UCHWh8aQ_CkFwI-4OHkdqsKQ-score-4.mp4,,,,,,
Motorcycle repair,https://raw.githubusercontent.com/ariel-at-brightdata/labeling/main/motorcycle-small-engine-repair_channels/mp4/UCHZEcF5bxbBj-ZtLNSV8kmQ-score-4.mp4,,,,,,
Motorcycle repair,https://raw.githubusercontent.com/ariel-at-brightdata/labeling/main/motorcycle-small-engine-repair_channels/mp4/UCHbRkoznv_34Jbjpc4WAWww-score-5.mp4,,,,,,
Motorcycle repair,https://raw.githubusercontent.com/ariel-at-brightdata/labeling/main/motorcycle-small-engine-repair_channels/mp4/UCHblXbrge8duUqjxA7gjrWQ-score-4.mp4,,,,,,
Motorcycle repair,https://raw.githubusercontent.com/ariel-at-brightdata/labeling/main/motorcycle-small-engine-repair_channels/mp4/UCHdHqOwyyGBwEFArqVAW5pQ-score-4.mp4,,,,,,
Motorcycle repair,https://raw.githubusercontent.com/ariel-at-brightdata/labeling/main/motorcycle-small-engine-repair_channels/mp4/UCHj9Kzq7GjZgFfAMVuesmXA-score-4.mp4,,,,,,
Motorcycle repair,https://raw.githubusercontent.com/ariel-at-brightdata/labeling/main/motorcycle-small-engine-repair_channels/mp4/UCHmQ1JEzbkVJ7Fln1nJeTVA-score-4.mp4,,,,,,
Motorcycle repair,https://raw.githubusercontent.com/ariel-at-brightdata/labeling/main/motorcycle-small-engine-repair_channels/mp4/UCHrbse2s5drx4dAdWuKVjCQ-score-4.mp4,,,,,,
Motorcycle repair,https://raw.githubusercontent.com/ariel-at-brightdata/labeling/main/motorcycle-small-engine-repair_channels/mp4/UCHw_OKdCwNJzrqaIuaWPf7g-score-5.mp4,,,,,,
Motorcycle repair,https://raw.githubusercontent.com/ariel-at-brightdata/labeling/main/motorcycle-small-engine-repair_channels/mp4/UCI64Puj2Nk9PFYla35ikZAg-score-5.mp4,,,,,,
Motorcycle repair,https://raw.githubusercontent.com/ariel-at-brightdata/labeling/main/motorcycle-small-engine-repair_channels/mp4/UCI8AdWiM6EufP68nYRV4e7A-score-4.mp4,,,,,,
Motorcycle repair,https://raw.githubusercontent.com/ariel-at-brightdata/labeling/main/motorcycle-small-engine-repair_channels/mp4/UCIBV91RDpVJg1N6C3Zp7-Yw-score-5.mp4,,,,,,
Motorcycle repair,https://raw.githubusercontent.com/ariel-at-brightdata/labeling/main/motorcycle-small-engine-repair_channels/mp4/UCIJIMUVlUYuT2r-fK4DI23w-score-4.mp4,,,,,,
Motorcycle repair,https://raw.githubusercontent.com/ariel-at-brightdata/labeling/main/motorcycle-small-engine-repair_channels/mp4/UCIMNZbZ13kx-Oa3cKmNS5Tg-score-4.mp4,,,,,,
Motorcycle repair,https://raw.githubusercontent.com/ariel-at-brightdata/labeling/main/motorcycle-small-engine-repair_channels/mp4/UCIMdM16dscqUrLY_PCMHtGA-score-4.mp4,,,,,,
Motorcycle repair,https://raw.githubusercontent.com/ariel-at-brightdata/labeling/main/motorcycle-small-engine-repair_channels/mp4/UCIPh0YrtMqeHfEOBymfsDFg-score-5.mp4,,,,,,
Motorcycle repair,https://raw.githubusercontent.com/ariel-at-brightdata/labeling/main/motorcycle-small-engine-repair_channels/mp4/UCITo5T4yCHIdbiqtGPXUx7g-score-4.mp4,,,,,,
Motorcycle repair,https://raw.githubusercontent.com/ariel-at-brightdata/labeling/main/motorcycle-small-engine-repair_channels/mp4/UCIZRXLZb8-OahNnZCELj-SQ-score-4.mp4,,,,,,
Motorcycle repair,https://raw.githubusercontent.com/ariel-at-brightdata/labeling/main/motorcycle-small-engine-repair_channels/mp4/UCIabuO6VaMnMObjB6p2ixaw-score-5.mp4,,,,,,
Motorcycle repair,https://raw.githubusercontent.com/ariel-at-brightdata/labeling/main/motorcycle-small-engine-repair_channels/mp4/UCIaeJf4HvyM3YUdWGv4oFZg-score-4.mp4,,,,,,
Motorcycle repair,https://raw.githubusercontent.com/ariel-at-brightdata/labeling/main/motorcycle-small-engine-repair_channels/mp4/UCIb39LrwRqvjXmCd7g56oAg-score-5.mp4,,,,,,
Motorcycle repair,https://raw.githubusercontent.com/ariel-at-brightdata/labeling/main/motorcycle-small-engine-repair_channels/mp4/UCIjBTGN6sc2abvGv7ANbXdA-score-5.mp4,,,,,,
Motorcycle repair,https://raw.githubusercontent.com/ariel-at-brightdata/labeling/main/motorcycle-small-engine-repair_channels/mp4/UCIlTyFDlirE9Z736Mt8_x4g-score-4.mp4,,,,,,
Motorcycle repair,https://raw.githubusercontent.com/ariel-at-brightdata/labeling/main/motorcycle-small-engine-repair_channels/mp4/UCImf0xUlgtR3Mnblo01Xexg-score-4.mp4,,,,,,
Motorcycle repair,https://raw.githubusercontent.com/ariel-at-brightdata/labeling/main/motorcycle-small-engine-repair_channels/mp4/UCItEZMSZNAKWeUz_tKA9SHA-score-4.mp4,,,,,,
Motorcycle repair,https://raw.githubusercontent.com/ariel-at-brightdata/labeling/main/motorcycle-small-engine-repair_channels/mp4/UCIuWoCuf4LPSQasfJCzDm0Q-score-5.mp4,,,,,,
Motorcycle repair,https://raw.githubusercontent.com/ariel-at-brightdata/labeling/main/motorcycle-small-engine-repair_channels/mp4/UCIz3iEQPsDi7Zyh7mSXz6yQ-score-4.mp4,,,,,,
Motorcycle repair,https://raw.githubusercontent.com/ariel-at-brightdata/labeling/main/motorcycle-small-engine-repair_channels/mp4/UCJ1BObQ4DfvSrc0y7vacA5w-score-4.mp4,,,,,,
Motorcycle repair,https://raw.githubusercontent.com/ariel-at-brightdata/labeling/main/motorcycle-small-engine-repair_channels/mp4/UCJ2GbFXHlRUruR647JTiI2g-score-5.mp4,,,,,,
Motorcycle repair,https://raw.githubusercontent.com/ariel-at-brightdata/labeling/main/motorcycle-small-engine-repair_channels/mp4/UCJ4EhOAgFkKYDxOYc4oJDEw-score-4.mp4,,,,,,
Motorcycle repair,https://raw.githubusercontent.com/ariel-at-brightdata/labeling/main/motorcycle-small-engine-repair_channels/mp4/UCJ7xIsFcZI35W6jBsuQwrvw-score-5.mp4,,,,,,
Motorcycle repair,https://raw.githubusercontent.com/ariel-at-brightdata/labeling/main/motorcycle-small-engine-repair_channels/mp4/UCJB_Agu2Bv3FhlsVnjkKaZQ-score-4.mp4,,,,,,
Motorcycle repair,https://raw.githubusercontent.com/ariel-at-brightdata/labeling/main/motorcycle-small-engine-repair_channels/mp4/UCJGPxuFtmHuVmqDxGxGuFTQ-score-4.mp4,,,,,,
Motorcycle repair,https://raw.githubusercontent.com/ariel-at-brightdata/labeling/main/motorcycle-small-engine-repair_channels/mp4/UCJKXPaf3WJbp9sX06ywi1qw-score-4.mp4,,,,,,
Motorcycle repair,https://raw.githubusercontent.com/ariel-at-brightdata/labeling/main/motorcycle-small-engine-repair_channels/mp4/UCJQ0P3jb-5OuCzaN2WVws2Q-score-4.mp4,,,,,,
Motorcycle repair,https://raw.githubusercontent.com/ariel-at-brightdata/labeling/main/motorcycle-small-engine-repair_channels/mp4/UCJYwk0i9rvOKCHhN6R9I_rQ-score-5.mp4,,,,,,
Motorcycle repair,https://raw.githubusercontent.com/ariel-at-brightdata/labeling/main/motorcycle-small-engine-repair_channels/mp4/UCJ_ItFzAzxcFxFESzT_Khkg-score-4.mp4,,,,,,
Motorcycle repair,https://raw.githubusercontent.com/ariel-at-brightdata/labeling/main/motorcycle-small-engine-repair_channels/mp4/UCJfRU1DKvaqfGNXc-grScKQ-score-4.mp4,,,,,,
Motorcycle repair,https://raw.githubusercontent.com/ariel-at-brightdata/labeling/main/motorcycle-small-engine-repair_channels/mp4/UCJhXDSBY_JNz-NYJ-3YpGug-score-4.mp4,,,,,,
Motorcycle repair,https://raw.githubusercontent.com/ariel-at-brightdata/labeling/main/motorcycle-small-engine-repair_channels/mp4/UCJjoa_HoQQ0hukeNLs94OHQ-score-4.mp4,,,,,,
Motorcycle repair,https://raw.githubusercontent.com/ariel-at-brightdata/labeling/main/motorcycle-small-engine-repair_channels/mp4/UCJksoitwazTcMoGZ8gevJDA-score-4.mp4,,,,,,
Motorcycle repair,https://raw.githubusercontent.com/ariel-at-brightdata/labeling/main/motorcycle-small-engine-repair_channels/mp4/UCJn_V9pzypcs8kTsbBJSlOA-score-4.mp4,,,,,,
Motorcycle repair,https://raw.githubusercontent.com/ariel-at-brightdata/labeling/main/motorcycle-small-engine-repair_channels/mp4/UCJruRthkJDBeldbdk4lmR4w-score-4.mp4,,,,,,
Motorcycle repair,https://raw.githubusercontent.com/ariel-at-brightdata/labeling/main/motorcycle-small-engine-repair_channels/mp4/UCJw5ATKNpqxT71HtMT1gepQ-score-4.mp4,,,,,,
Motorcycle repair,https://raw.githubusercontent.com/ariel-at-brightdata/labeling/main/motorcycle-small-engine-repair_channels/mp4/UCJxvYK-P4NS90ogP8vf8dPw-score-5.mp4,,,,,,
Motorcycle repair,https://raw.githubusercontent.com/ariel-at-brightdata/labeling/main/motorcycle-small-engine-repair_channels/mp4/UCJyJlmsru8BHWPQp0VK7SNg-score-4.mp4,,,,,,
Motorcycle repair,https://raw.githubusercontent.com/ariel-at-brightdata/labeling/main/motorcycle-small-engine-repair_channels/mp4/UCK1jbnV1q74e5alA_1RWVNg-score-5.mp4,,,,,,
Motorcycle repair,https://raw.githubusercontent.com/ariel-at-brightdata/labeling/main/motorcycle-small-engine-repair_channels/mp4/UCK3Wl14YvGAZgSmInD-KqYw-score-4.mp4,,,,,,
Motorcycle repair,https://raw.githubusercontent.com/ariel-at-brightdata/labeling/main/motorcycle-small-engine-repair_channels/mp4/UCK4xNMyyrBNr57FLa4jyzzA-score-4.mp4,,,,,,
Motorcycle repair,https://raw.githubusercontent.com/ariel-at-brightdata/labeling/main/motorcycle-small-engine-repair_channels/mp4/UCK7c5hAZykZiDp2KJKswufQ-score-4.mp4,,,,,,
Motorcycle repair,https://raw.githubusercontent.com/ariel-at-brightdata/labeling/main/motorcycle-small-engine-repair_channels/mp4/UCKEqzVzOGVip0coOxiA-M8Q-score-4.mp4,,,,,,
Motorcycle repair,https://raw.githubusercontent.com/ariel-at-brightdata/labeling/main/motorcycle-small-engine-repair_channels/mp4/UCKNTeWxHa2LUv5xfhR2pphQ-score-4.mp4,,,,,,
Motorcycle repair,https://raw.githubusercontent.com/ariel-at-brightdata/labeling/main/motorcycle-small-engine-repair_channels/mp4/UCKPJj6o5qs6wPui545--IQw-score-4.mp4,,,,,,
Motorcycle repair,https://raw.githubusercontent.com/ariel-at-brightdata/labeling/main/motorcycle-small-engine-repair_channels/mp4/UCKPpnfbjlbSfmF9brgA44FA-score-4.mp4,,,,,,
Motorcycle repair,https://raw.githubusercontent.com/ariel-at-brightdata/labeling/main/motorcycle-small-engine-repair_channels/mp4/UCKQgAYE8GeWA5W0ola83WnA-score-5.mp4,,,,,,
Motorcycle repair,https://raw.githubusercontent.com/ariel-at-brightdata/labeling/main/motorcycle-small-engine-repair_channels/mp4/UCKXLMYkQeY3eiKuffVTJ8LA-score-4.mp4,,,,,,
Motorcycle repair,https://raw.githubusercontent.com/ariel-at-brightdata/labeling/main/motorcycle-small-engine-repair_channels/mp4/UCKZhdNKWnhftZs9jzb2IoXA-score-4.mp4,,,,,,
Motorcycle repair,https://raw.githubusercontent.com/ariel-at-brightdata/labeling/main/motorcycle-small-engine-repair_channels/mp4/UCK_ZK-409fKboGzzLaMNSmw-score-4.mp4,,,,,,
Motorcycle repair,https://raw.githubusercontent.com/ariel-at-brightdata/labeling/main/motorcycle-small-engine-repair_channels/mp4/UCKh4Gk7mhj_UEYNT4RORTkg-score-4.mp4,,,,,,
Motorcycle repair,https://raw.githubusercontent.com/ariel-at-brightdata/labeling/main/motorcycle-small-engine-repair_channels/mp4/UCKiQA35u72f8lkxouaopKZQ-score-5.mp4,,,,,,
Motorcycle repair,https://raw.githubusercontent.com/ariel-at-brightdata/labeling/main/motorcycle-small-engine-repair_channels/mp4/UCKilk3Kibly0jVAt_lT4ryA-score-4.mp4,,,,,,
Motorcycle repair,https://raw.githubusercontent.com/ariel-at-brightdata/labeling/main/motorcycle-small-engine-repair_channels/mp4/UCKkC41K-ihNCToenqJ1WHSg-score-5.mp4,,,,,,
Motorcycle repair,https://raw.githubusercontent.com/ariel-at-brightdata/labeling/main/motorcycle-small-engine-repair_channels/mp4/UCKo-we_E3l1rLx5VYXtEqbg-score-5.mp4,,,,,,
Motorcycle repair,https://raw.githubusercontent.com/ariel-at-brightdata/labeling/main/motorcycle-small-engine-repair_channels/mp4/UCKylgd3YW9aX1F4zqjsSvbQ-score-4.mp4,,,,,,
Motorcycle repair,https://raw.githubusercontent.com/ariel-at-brightdata/labeling/main/motorcycle-small-engine-repair_channels/mp4/UCL-CP_XmkWk2Hf_hsEC69CQ-score-4.mp4,,,,,,
Motorcycle repair,https://raw.githubusercontent.com/ariel-at-brightdata/labeling/main/motorcycle-small-engine-repair_channels/mp4/UCL1_p1FKzGSLN6WttX8BlMQ-score-4.mp4,,,,,,
Motorcycle repair,https://raw.githubusercontent.com/ariel-at-brightdata/labeling/main/motorcycle-small-engine-repair_channels/mp4/UCL30DwLp1s4cRii-Y4UDR9w-score-4.mp4,,,,,,
Motorcycle repair,https://raw.githubusercontent.com/ariel-at-brightdata/labeling/main/motorcycle-small-engine-repair_channels/mp4/UCL50wuIMnqa-bXg4xqZ6ZXA-score-5.mp4,,,,,,
Motorcycle repair,https://raw.githubusercontent.com/ariel-at-brightdata/labeling/main/motorcycle-small-engine-repair_channels/mp4/UCLJE_pIcOyQemqpVUImeC_A-score-4.mp4,,,,,,
Motorcycle repair,https://raw.githubusercontent.com/ariel-at-brightdata/labeling/main/motorcycle-small-engine-repair_channels/mp4/UCLNcEBt8inyGpaDizWXJTYQ-score-4.mp4,,,,,,
Motorcycle repair,https://raw.githubusercontent.com/ariel-at-brightdata/labeling/main/motorcycle-small-engine-repair_channels/mp4/UCLR5ZqwCW6uIZejq6ib0EPw-score-5.mp4,,,,,,
Motorcycle repair,https://raw.githubusercontent.com/ariel-at-brightdata/labeling/main/motorcycle-small-engine-repair_channels/mp4/UCLTlOnkJOP6tJQrNzBZv_lg-score-4.mp4,,,,,,
Motorcycle repair,https://raw.githubusercontent.com/ariel-at-brightdata/labeling/main/motorcycle-small-engine-repair_channels/mp4/UCLV2n8AAa5jZgN7amMNNBqA-score-4.mp4,,,,,,
Motorcycle repair,https://raw.githubusercontent.com/ariel-at-brightdata/labeling/main/motorcycle-small-engine-repair_channels/mp4/UCLV4JNNz9EP_IQZhZ8r79SQ-score-4.mp4,,,,,,
Motorcycle repair,https://raw.githubusercontent.com/ariel-at-brightdata/labeling/main/motorcycle-small-engine-repair_channels/mp4/UCLVkRiS21zMbLR8Q91_iPsQ-score-4.mp4,,,,,,
Motorcycle repair,https://raw.githubusercontent.com/ariel-at-brightdata/labeling/main/motorcycle-small-engine-repair_channels/mp4/UCLX9-teApBCEJ78Juw3XyTw-score-4.mp4,,,,,,
Motorcycle repair,https://raw.githubusercontent.com/ariel-at-brightdata/labeling/main/motorcycle-small-engine-repair_channels/mp4/UCLYpAR-6nFloIGqA-mtQHaQ-score-5.mp4,,,,,,
Motorcycle repair,https://raw.githubusercontent.com/ariel-at-brightdata/labeling/main/motorcycle-small-engine-repair_channels/mp4/UCLZA_5mmgpS2vBvPw5JPgAw-score-4.mp4,,,,,,
Motorcycle repair,https://raw.githubusercontent.com/ariel-at-brightdata/labeling/main/motorcycle-small-engine-repair_channels/mp4/UCLhDiZq8wxpxzn99_GhaGQw-score-4.mp4,,,,,,
Motorcycle repair,https://raw.githubusercontent.com/ariel-at-brightdata/labeling/main/motorcycle-small-engine-repair_channels/mp4/UCLhLiTesQsn7mFQdsLh4zig-score-4.mp4,,,,,,
Motorcycle repair,https://raw.githubusercontent.com/ariel-at-brightdata/labeling/main/motorcycle-small-engine-repair_channels/mp4/UCLi55AG_zLt9GJ86z37WQzg-score-4.mp4,,,,,,
Motorcycle repair,https://raw.githubusercontent.com/ariel-at-brightdata/labeling/main/motorcycle-small-engine-repair_channels/mp4/UCLkbh2QNYefZnKmMsUajgoQ-score-4.mp4,,,,,,
Motorcycle repair,https://raw.githubusercontent.com/ariel-at-brightdata/labeling/main/motorcycle-small-engine-repair_channels/mp4/UCLlFvOkgAiwpWRj_mgudKGA-score-4.mp4,,,,,,
Motorcycle repair,https://raw.githubusercontent.com/ariel-at-brightdata/labeling/main/motorcycle-small-engine-repair_channels/mp4/UCLli4LcwTrlx9aTrXUvdxfw-score-5.mp4,,,,,,
Motorcycle repair,https://raw.githubusercontent.com/ariel-at-brightdata/labeling/main/motorcycle-small-engine-repair_channels/mp4/UCLltTCjhodE3pp4qIVPuXFg-score-4.mp4,,,,,,
Motorcycle repair,https://raw.githubusercontent.com/ariel-at-brightdata/labeling/main/motorcycle-small-engine-repair_channels/mp4/UCLm1uIZfCV0l5xlZm5LEmVg-score-4.mp4,,,,,,
Motorcycle repair,https://raw.githubusercontent.com/ariel-at-brightdata/labeling/main/motorcycle-small-engine-repair_channels/mp4/UCLsJczvZ68oDXc6Nm6wHW_A-score-5.mp4,,,,,,
Motorcycle repair,https://raw.githubusercontent.com/ariel-at-brightdata/labeling/main/motorcycle-small-engine-repair_channels/mp4/UCLx7FZnklTVWtFeqpP6Fb8Q-score-5.mp4,,,,,,
Motorcycle repair,https://raw.githubusercontent.com/ariel-at-brightdata/labeling/main/motorcycle-small-engine-repair_channels/mp4/UCLy0xN-nnCkQhzzb1t3CIRg-score-5.mp4,,,,,,
Motorcycle repair,https://raw.githubusercontent.com/ariel-at-brightdata/labeling/main/motorcycle-small-engine-repair_channels/mp4/UCLzYFP3b8HuIbyXHmZO59Bw-score-5.mp4,,,,,,
Motorcycle repair,https://raw.githubusercontent.com/ariel-at-brightdata/labeling/main/motorcycle-small-engine-repair_channels/mp4/UCM-vvAW7wMf2S0buJdA6dcg-score-4.mp4,,,,,,
Motorcycle repair,https://raw.githubusercontent.com/ariel-at-brightdata/labeling/main/motorcycle-small-engine-repair_channels/mp4/UCM1F1GgQJfcCbYPzRolmSuQ-score-4.mp4,,,,,,
Motorcycle repair,https://raw.githubusercontent.com/ariel-at-brightdata/labeling/main/motorcycle-small-engine-repair_channels/mp4/UCM1cv64nupwC-faZT_7-cnA-score-5.mp4,,,,,,
Motorcycle repair,https://raw.githubusercontent.com/ariel-at-brightdata/labeling/main/motorcycle-small-engine-repair_channels/mp4/UCM3n5ls9tftrPbYUzUBplbQ-score-4.mp4,,,,,,
Motorcycle repair,https://raw.githubusercontent.com/ariel-at-brightdata/labeling/main/motorcycle-small-engine-repair_channels/mp4/UCM8uNKdp8ArNAS5ghMDsqDA-score-4.mp4,,,,,,
Motorcycle repair,https://raw.githubusercontent.com/ariel-at-brightdata/labeling/main/motorcycle-small-engine-repair_channels/mp4/UCMBu_JKjlieK9tdnwM1VSZQ-score-5.mp4,,,,,,
Motorcycle repair,https://raw.githubusercontent.com/ariel-at-brightdata/labeling/main/motorcycle-small-engine-repair_channels/mp4/UCMG_rnNBmB_F-BO54seUOXA-score-4.mp4,,,,,,
Motorcycle repair,https://raw.githubusercontent.com/ariel-at-brightdata/labeling/main/motorcycle-small-engine-repair_channels/mp4/UCMLdJjB_RFcjpqsbVgZhoAg-score-5.mp4,,,,,,
Motorcycle repair,https://raw.githubusercontent.com/ariel-at-brightdata/labeling/main/motorcycle-small-engine-repair_channels/mp4/UCMSHEnTs-CGta68md4yiJcQ-score-4.mp4,,,,,,
Motorcycle repair,https://raw.githubusercontent.com/ariel-at-brightdata/labeling/main/motorcycle-small-engine-repair_channels/mp4/UCMU5iSXB-MeeWLeedeCYigg-score-4.mp4,,,,,,
Motorcycle repair,https://raw.githubusercontent.com/ariel-at-brightdata/labeling/main/motorcycle-small-engine-repair_channels/mp4/UCMZzfNm-fbKILp6Rl_0wVKg-score-4.mp4,,,,,,
Motorcycle repair,https://raw.githubusercontent.com/ariel-at-brightdata/labeling/main/motorcycle-small-engine-repair_channels/mp4/UCM_JumfyGB6i20dbOrz7D1g-score-4.mp4,,,,,,
Motorcycle repair,https://raw.githubusercontent.com/ariel-at-brightdata/labeling/main/motorcycle-small-engine-repair_channels/mp4/UCMaLdF7Z0VchY7oGuqvb7Gg-score-5.mp4,,,,,,
Motorcycle repair,https://raw.githubusercontent.com/ariel-at-brightdata/labeling/main/motorcycle-small-engine-repair_channels/mp4/UCMiLkiCIra64SQGGGhlQ5jA-score-4.mp4,,,,,,
Motorcycle repair,https://raw.githubusercontent.com/ariel-at-brightdata/labeling/main/motorcycle-small-engine-repair_channels/mp4/UCMioEJQLetmJEd6c03tWcjA-score-4.mp4,,,,,,
Motorcycle repair,https://raw.githubusercontent.com/ariel-at-brightdata/labeling/main/motorcycle-small-engine-repair_channels/mp4/UCMkSIVYsGxN4KkIggF8-Psw-score-5.mp4,,,,,,
Motorcycle repair,https://raw.githubusercontent.com/ariel-at-brightdata/labeling/main/motorcycle-small-engine-repair_channels/mp4/UCMvCE-wzHmFU27NjUbv-a1Q-score-4.mp4,,,,,,
Motorcycle repair,https://raw.githubusercontent.com/ariel-at-brightdata/labeling/main/motorcycle-small-engine-repair_channels/mp4/UCMzTUvlohLRk3Etac0AGfmQ-score-4.mp4,,,,,,
Motorcycle repair,https://raw.githubusercontent.com/ariel-at-brightdata/labeling/main/motorcycle-small-engine-repair_channels/mp4/UCN1PXXlXLz_MLtRZOFqHDnw-score-5.mp4,,,,,,
Motorcycle repair,https://raw.githubusercontent.com/ariel-at-brightdata/labeling/main/motorcycle-small-engine-repair_channels/mp4/UCN3vV5ARh8QoFUN50vqUwwQ-score-5.mp4,,,,,,
Motorcycle repair,https://raw.githubusercontent.com/ariel-at-brightdata/labeling/main/motorcycle-small-engine-repair_channels/mp4/UCN5EstJfbMQpUWyx8vUPloA-score-4.mp4,,,,,,
Motorcycle repair,https://raw.githubusercontent.com/ariel-at-brightdata/labeling/main/motorcycle-small-engine-repair_channels/mp4/UCNEbH7lSgBGSy-xRq7W3S_w-score-5.mp4,,,,,,
Motorcycle repair,https://raw.githubusercontent.com/ariel-at-brightdata/labeling/main/motorcycle-small-engine-repair_channels/mp4/UCNI1g6fRa8yZHzyIuN7kfsg-score-4.mp4,,,,,,
Motorcycle repair,https://raw.githubusercontent.com/ariel-at-brightdata/labeling/main/motorcycle-small-engine-repair_channels/mp4/UCNJ5ZJNCH9NJIU5zPU8Qeuw-score-5.mp4,,,,,,
Motorcycle repair,https://raw.githubusercontent.com/ariel-at-brightdata/labeling/main/motorcycle-small-engine-repair_channels/mp4/UCNQiAr-EiuaMY37zsfRfi9w-score-4.mp4,,,,,,
Motorcycle repair,https://raw.githubusercontent.com/ariel-at-brightdata/labeling/main/motorcycle-small-engine-repair_channels/mp4/UCNTGJIcbxlf1U-V2bXb2xDg-score-4.mp4,,,,,,
Motorcycle repair,https://raw.githubusercontent.com/ariel-at-brightdata/labeling/main/motorcycle-small-engine-repair_channels/mp4/UCNWTEjOvdZyPJGauluT5Evg-score-4.mp4,,,,,,
Motorcycle repair,https://raw.githubusercontent.com/ariel-at-brightdata/labeling/main/motorcycle-small-engine-repair_channels/mp4/UCNY1xBQAbE89io5cQvlMtsg-score-4.mp4,,,,,,
Motorcycle repair,https://raw.githubusercontent.com/ariel-at-brightdata/labeling/main/motorcycle-small-engine-repair_channels/mp4/UCN_k-ADLSc1rxIJFiJ3uKjg-score-5.mp4,,,,,,
Motorcycle repair,https://raw.githubusercontent.com/ariel-at-brightdata/labeling/main/motorcycle-small-engine-repair_channels/mp4/UCNbPCdjZFYFCwb4t5eMZS8A-score-4.mp4,,,,,,
Motorcycle repair,https://raw.githubusercontent.com/ariel-at-brightdata/labeling/main/motorcycle-small-engine-repair_channels/mp4/UCNhpk7iLykg5McZ22K--6fg-score-4.mp4,,,,,,
Motorcycle repair,https://raw.githubusercontent.com/ariel-at-brightdata/labeling/main/motorcycle-small-engine-repair_channels/mp4/UCNknepJGdht_h5X14uWuOIw-score-4.mp4,,,,,,
Motorcycle repair,https://raw.githubusercontent.com/ariel-at-brightdata/labeling/main/motorcycle-small-engine-repair_channels/mp4/UCNlFeEB9EHyEKRcPDeq286Q-score-4.mp4,,,,,,
Motorcycle repair,https://raw.githubusercontent.com/ariel-at-brightdata/labeling/main/motorcycle-small-engine-repair_channels/mp4/UCNm-HqnOWK8SoUeVhHB93dA-score-4.mp4,,,,,,
Motorcycle repair,https://raw.githubusercontent.com/ariel-at-brightdata/labeling/main/motorcycle-small-engine-repair_channels/mp4/UCNxw0-xA1QIKAizF0B4PhSw-score-5.mp4,,,,,,
Motorcycle repair,https://raw.githubusercontent.com/ariel-at-brightdata/labeling/main/motorcycle-small-engine-repair_channels/mp4/UCO3gZg4KvlWUJyIQ3Psf_HQ-score-4.mp4,,,,,,
Motorcycle repair,https://raw.githubusercontent.com/ariel-at-brightdata/labeling/main/motorcycle-small-engine-repair_channels/mp4/UCO7Xd39z-dFs8Co9ZcIutBg-score-4.mp4,,,,,,
Motorcycle repair,https://raw.githubusercontent.com/ariel-at-brightdata/labeling/main/motorcycle-small-engine-repair_channels/mp4/UCOAR0whl_6mwpRy-uzSTp-g-score-4.mp4,,,,,,
Motorcycle repair,https://raw.githubusercontent.com/ariel-at-brightdata/labeling/main/motorcycle-small-engine-repair_channels/mp4/UCODaLa0ojGX88rVoPUAFP4w-score-4.mp4,,,,,,
Motorcycle repair,https://raw.githubusercontent.com/ariel-at-brightdata/labeling/main/motorcycle-small-engine-repair_channels/mp4/UCOJb2ldE7xZsObqLt0B9gSA-score-4.mp4,,,,,,
Motorcycle repair,https://raw.githubusercontent.com/ariel-at-brightdata/labeling/main/motorcycle-small-engine-repair_channels/mp4/UCOKD7FiF-Pg_yO9M-mHZ_Xw-score-5.mp4,,,,,,
Motorcycle repair,https://raw.githubusercontent.com/ariel-at-brightdata/labeling/main/motorcycle-small-engine-repair_channels/mp4/UCOORKdM5UBphGwsuEGrh30g-score-5.mp4,,,,,,
Motorcycle repair,https://raw.githubusercontent.com/ariel-at-brightdata/labeling/main/motorcycle-small-engine-repair_channels/mp4/UCORJ0NvGzXBg1v-1uxVchOA-score-4.mp4,,,,,,
Motorcycle repair,https://raw.githubusercontent.com/ariel-at-brightdata/labeling/main/motorcycle-small-engine-repair_channels/mp4/UCORSdm-m3HcYEorAQTmr4Hw-score-4.mp4,,,,,,
Motorcycle repair,https://raw.githubusercontent.com/ariel-at-brightdata/labeling/main/motorcycle-small-engine-repair_channels/mp4/UCORcpJW33nvheilMid8aQeA-score-4.mp4,,,,,,
Motorcycle repair,https://raw.githubusercontent.com/ariel-at-brightdata/labeling/main/motorcycle-small-engine-repair_channels/mp4/UCOU5jDzjEuZChjw8shFStzA-score-4.mp4,,,,,,
Motorcycle repair,https://raw.githubusercontent.com/ariel-at-brightdata/labeling/main/motorcycle-small-engine-repair_channels/mp4/UCOUf0e2q9gGlMtYlFhJy38g-score-4.mp4,,,,,,
Motorcycle repair,https://raw.githubusercontent.com/ariel-at-brightdata/labeling/main/motorcycle-small-engine-repair_channels/mp4/UCOZR7t2k3SpBHhXLZqi2cdg-score-5.mp4,,,,,,
Motorcycle repair,https://raw.githubusercontent.com/ariel-at-brightdata/labeling/main/motorcycle-small-engine-repair_channels/mp4/UCOZl3E45zIJq3u3l51pyn8A-score-4.mp4,,,,,,
Motorcycle repair,https://raw.githubusercontent.com/ariel-at-brightdata/labeling/main/motorcycle-small-engine-repair_channels/mp4/UCOcO3dkphGBNgLnJfpP-mhg-score-4.mp4,,,,,,
Motorcycle repair,https://raw.githubusercontent.com/ariel-at-brightdata/labeling/main/motorcycle-small-engine-repair_channels/mp4/UCOfktnZ4JCITGzyAxsRDijA-score-4.mp4,,,,,,
Motorcycle repair,https://raw.githubusercontent.com/ariel-at-brightdata/labeling/main/motorcycle-small-engine-repair_channels/mp4/UCOfoyTpNPe4q86Lpzzwp5Lw-score-4.mp4,,,,,,
Motorcycle repair,https://raw.githubusercontent.com/ariel-at-brightdata/labeling/main/motorcycle-small-engine-repair_channels/mp4/UCOlXbpzu5wePiO1_f6W9yJA-score-5.mp4,,,,,,
Motorcycle repair,https://raw.githubusercontent.com/ariel-at-brightdata/labeling/main/motorcycle-small-engine-repair_channels/mp4/UCOm0ZQzeu_ipDFU8FsJMZ6Q-score-4.mp4,,,,,,
Motorcycle repair,https://raw.githubusercontent.com/ariel-at-brightdata/labeling/main/motorcycle-small-engine-repair_channels/mp4/UCOoz9yHwdzi5APmFCXnWweg-score-4.mp4,,,,,,
Motorcycle repair,https://raw.githubusercontent.com/ariel-at-brightdata/labeling/main/motorcycle-small-engine-repair_channels/mp4/UCP176gFXC-Hc7EKY7T7wLrw-score-4.mp4,,,,,,
Motorcycle repair,https://raw.githubusercontent.com/ariel-at-brightdata/labeling/main/motorcycle-small-engine-repair_channels/mp4/UCP5szauCWNpiHvjWIEFbl1w-score-4.mp4,,,,,,
Motorcycle repair,https://raw.githubusercontent.com/ariel-at-brightdata/labeling/main/motorcycle-small-engine-repair_channels/mp4/UCP80VvBYHit1iiHCyc_RjGQ-score-4.mp4,,,,,,
Motorcycle repair,https://raw.githubusercontent.com/ariel-at-brightdata/labeling/main/motorcycle-small-engine-repair_channels/mp4/UCP8743IclGriIhFOlPkAXFQ-score-5.mp4,,,,,,
Motorcycle repair,https://raw.githubusercontent.com/ariel-at-brightdata/labeling/main/motorcycle-small-engine-repair_channels/mp4/UCPAka4BgjHtVhxnqRxysiig-score-4.mp4,,,,,,
Motorcycle repair,https://raw.githubusercontent.com/ariel-at-brightdata/labeling/main/motorcycle-small-engine-repair_channels/mp4/UCPAqVkzCAL_c3S5SiCgTHGA-score-4.mp4,,,,,,
Motorcycle repair,https://raw.githubusercontent.com/ariel-at-brightdata/labeling/main/motorcycle-small-engine-repair_channels/mp4/UCPB9B5EC4A1RQyLAbI7LY4w-score-4.mp4,,,,,,
Motorcycle repair,https://raw.githubusercontent.com/ariel-at-brightdata/labeling/main/motorcycle-small-engine-repair_channels/mp4/UCPGW05MMc61GDGCvAx2F_PA-score-4.mp4,,,,,,
Motorcycle repair,https://raw.githubusercontent.com/ariel-at-brightdata/labeling/main/motorcycle-small-engine-repair_channels/mp4/UCPKjp9LxaxzUk15RzOi99wg-score-4.mp4,,,,,,
Motorcycle repair,https://raw.githubusercontent.com/ariel-at-brightdata/labeling/main/motorcycle-small-engine-repair_channels/mp4/UCPLXDo1wV6pdm87L3RfyEBA-score-4.mp4,,,,,,
Motorcycle repair,https://raw.githubusercontent.com/ariel-at-brightdata/labeling/main/motorcycle-small-engine-repair_channels/mp4/UCPLgVeN3EDwJIMxUrbHT6xA-score-5.mp4,,,,,,
Motorcycle repair,https://raw.githubusercontent.com/ariel-at-brightdata/labeling/main/motorcycle-small-engine-repair_channels/mp4/UCPSmRkzhySXaXAYYGtw7Siw-score-4.mp4,,,,,,
Motorcycle repair,https://raw.githubusercontent.com/ariel-at-brightdata/labeling/main/motorcycle-small-engine-repair_channels/mp4/UCPXMNW08Bxxm99b1NwFgyxA-score-4.mp4,,,,,,
Motorcycle repair,https://raw.githubusercontent.com/ariel-at-brightdata/labeling/main/motorcycle-small-engine-repair_channels/mp4/UCP_8HHi43z7C9T00ibRkZrA-score-4.mp4,,,,,,
Motorcycle repair,https://raw.githubusercontent.com/ariel-at-brightdata/labeling/main/motorcycle-small-engine-repair_channels/mp4/UCPbp2nIm7pM8zPE3i3VZGHA-score-4.mp4,,,,,,
Motorcycle repair,https://raw.githubusercontent.com/ariel-at-brightdata/labeling/main/motorcycle-small-engine-repair_channels/mp4/UCPd6TmP0xRxKkvXPnfX3vwg-score-4.mp4,,,,,,
Motorcycle repair,https://raw.githubusercontent.com/ariel-at-brightdata/labeling/main/motorcycle-small-engine-repair_channels/mp4/UCPkTv4aGwVTLDOQ5Zu1hqxg-score-5.mp4,,,,,,
Motorcycle repair,https://raw.githubusercontent.com/ariel-at-brightdata/labeling/main/motorcycle-small-engine-repair_channels/mp4/UCPpgYBGwFrAK8OxoC8UhNSQ-score-4.mp4,,,,,,
Motorcycle repair,https://raw.githubusercontent.com/ariel-at-brightdata/labeling/main/motorcycle-small-engine-repair_channels/mp4/UCPvK61WLCV9JmHJXhw78Kjg-score-4.mp4,,,,,,
Motorcycle repair,https://raw.githubusercontent.com/ariel-at-brightdata/labeling/main/motorcycle-small-engine-repair_channels/mp4/UCPzjkptAO4CJK393fd4lwrg-score-4.mp4,,,,,,
Motorcycle repair,https://raw.githubusercontent.com/ariel-at-brightdata/labeling/main/motorcycle-small-engine-repair_channels/mp4/UCQ1fUrBalZbAXRJ-pB8lu-A-score-5.mp4,,,,,,
Motorcycle repair,https://raw.githubusercontent.com/ariel-at-brightdata/labeling/main/motorcycle-small-engine-repair_channels/mp4/UCQ2oKOEdvPiRv3DnK2xN8ow-score-4.mp4,,,,,,
Motorcycle repair,https://raw.githubusercontent.com/ariel-at-brightdata/labeling/main/motorcycle-small-engine-repair_channels/mp4/UCQ3Xe9R2S2pU-Zvbo1SRuXw-score-4.mp4,,,,,,
Motorcycle repair,https://raw.githubusercontent.com/ariel-at-brightdata/labeling/main/motorcycle-small-engine-repair_channels/mp4/UCQ4XCxqEJuZGq6UsuIfkFQg-score-4.mp4,,,,,,
Motorcycle repair,https://raw.githubusercontent.com/ariel-at-brightdata/labeling/main/motorcycle-small-engine-repair_channels/mp4/UCQ8caB2vtYUM9v5VhVYwCSQ-score-4.mp4,,,,,,
Motorcycle repair,https://raw.githubusercontent.com/ariel-at-brightdata/labeling/main/motorcycle-small-engine-repair_channels/mp4/UCQAdw1b9IBo2rgQjE211XUA-score-5.mp4,,,,,,
Motorcycle repair,https://raw.githubusercontent.com/ariel-at-brightdata/labeling/main/motorcycle-small-engine-repair_channels/mp4/UCQCpv-htWTSJbbT2WkXjJdA-score-4.mp4,,,,,,
Motorcycle repair,https://raw.githubusercontent.com/ariel-at-brightdata/labeling/main/motorcycle-small-engine-repair_channels/mp4/UCQFBJMANhpQfXaXsEYbl8SA-score-4.mp4,,,,,,
Motorcycle repair,https://raw.githubusercontent.com/ariel-at-brightdata/labeling/main/motorcycle-small-engine-repair_channels/mp4/UCQIml-Uyrl4czPWrRGOgfeQ-score-4.mp4,,,,,,
Motorcycle repair,https://raw.githubusercontent.com/ariel-at-brightdata/labeling/main/motorcycle-small-engine-repair_channels/mp4/UCQJ4_85Y5ApKwztyAscmFpQ-score-4.mp4,,,,,,
Motorcycle repair,https://raw.githubusercontent.com/ariel-at-brightdata/labeling/main/motorcycle-small-engine-repair_channels/mp4/UCQM8ibNkDmG-DfALg6Hth8A-score-4.mp4,,,,,,
Motorcycle repair,https://raw.githubusercontent.com/ariel-at-brightdata/labeling/main/motorcycle-small-engine-repair_channels/mp4/UCQNxBM4Ooxl8eFqP5aI5ZLw-score-5.mp4,,,,,,
Motorcycle repair,https://raw.githubusercontent.com/ariel-at-brightdata/labeling/main/motorcycle-small-engine-repair_channels/mp4/UCQPp_zIL1jF1FOFWHULBKDQ-score-5.mp4,,,,,,
Motorcycle repair,https://raw.githubusercontent.com/ariel-at-brightdata/labeling/main/motorcycle-small-engine-repair_channels/mp4/UCQQ4Z-NQolm8cUx-ZCWwv-w-score-4.mp4,,,,,,
Motorcycle repair,https://raw.githubusercontent.com/ariel-at-brightdata/labeling/main/motorcycle-small-engine-repair_channels/mp4/UCQcSQBchhj3dfgcW0XeN6cA-score-5.mp4,,,,,,
Motorcycle repair,https://raw.githubusercontent.com/ariel-at-brightdata/labeling/main/motorcycle-small-engine-repair_channels/mp4/UCQcbxm6nZYtzqsYGyuFpb2g-score-5.mp4,,,,,,
Motorcycle repair,https://raw.githubusercontent.com/ariel-at-brightdata/labeling/main/motorcycle-small-engine-repair_channels/mp4/UCQksgrsT0tel4laEL9H243g-score-4.mp4,,,,,,
Motorcycle repair,https://raw.githubusercontent.com/ariel-at-brightdata/labeling/main/motorcycle-small-engine-repair_channels/mp4/UCQyHb3_9_nN_m8qmnHA7cvg-score-4.mp4,,,,,,
Motorcycle repair,https://raw.githubusercontent.com/ariel-at-brightdata/labeling/main/motorcycle-small-engine-repair_channels/mp4/UCQzkLKGZ8N6jVnrbdpKmK2w-score-5.mp4,,,,,,
Motorcycle repair,https://raw.githubusercontent.com/ariel-at-brightdata/labeling/main/motorcycle-small-engine-repair_channels/mp4/UCR16vLlHGIAlLfKIzvIncBA-score-4.mp4,,,,,,
Motorcycle repair,https://raw.githubusercontent.com/ariel-at-brightdata/labeling/main/motorcycle-small-engine-repair_channels/mp4/UCR72EWmwCOZAhgfqKeYsySQ-score-5.mp4,,,,,,
Motorcycle repair,https://raw.githubusercontent.com/ariel-at-brightdata/labeling/main/motorcycle-small-engine-repair_channels/mp4/UCR7Rv-AmY6-P7ykRmfitG1w-score-4.mp4,,,,,,
Motorcycle repair,https://raw.githubusercontent.com/ariel-at-brightdata/labeling/main/motorcycle-small-engine-repair_channels/mp4/UCR8srpnB6P9qQ1lgr9DOCMw-score-4.mp4,,,,,,
Motorcycle repair,https://raw.githubusercontent.com/ariel-at-brightdata/labeling/main/motorcycle-small-engine-repair_channels/mp4/UCR9w8oyexrZGHV0o1PD9zow-score-4.mp4,,,,,,
Motorcycle repair,https://raw.githubusercontent.com/ariel-at-brightdata/labeling/main/motorcycle-small-engine-repair_channels/mp4/UCRCAxcQXDiopCfQuiFgGAyQ-score-4.mp4,,,,,,
Motorcycle repair,https://raw.githubusercontent.com/ariel-at-brightdata/labeling/main/motorcycle-small-engine-repair_channels/mp4/UCRCKRbbm72ZVeFj8BPVdvLw-score-4.mp4,,,,,,
Motorcycle repair,https://raw.githubusercontent.com/ariel-at-brightdata/labeling/main/motorcycle-small-engine-repair_channels/mp4/UCRIi323_Ryg8WHtG5Q3xGig-score-5.mp4,,,,,,
Motorcycle repair,https://raw.githubusercontent.com/ariel-at-brightdata/labeling/main/motorcycle-small-engine-repair_channels/mp4/UCRQ9x9UrS2fFhh-L1F128fA-score-5.mp4,,,,,,
Motorcycle repair,https://raw.githubusercontent.com/ariel-at-brightdata/labeling/main/motorcycle-small-engine-repair_channels/mp4/UCRS11XWWbvFXFEXZZ9X5_-w-score-4.mp4,,,,,,
Motorcycle repair,https://raw.githubusercontent.com/ariel-at-brightdata/labeling/main/motorcycle-small-engine-repair_channels/mp4/UCRU1VDHEGfFVLGvSqbnjT5A-score-5.mp4,,,,,,
Motorcycle repair,https://raw.githubusercontent.com/ariel-at-brightdata/labeling/main/motorcycle-small-engine-repair_channels/mp4/UCRUOzTulNr_2EAHUi74TUsw-score-4.mp4,,,,,,
Motorcycle repair,https://raw.githubusercontent.com/ariel-at-brightdata/labeling/main/motorcycle-small-engine-repair_channels/mp4/UCRXW4gKGgPdYjzGTEE0PXAQ-score-4.mp4,,,,,,
Motorcycle repair,https://raw.githubusercontent.com/ariel-at-brightdata/labeling/main/motorcycle-small-engine-repair_channels/mp4/UCRZEzmVmi88hqnVKe7d-wIg-score-4.mp4,,,,,,
Motorcycle repair,https://raw.githubusercontent.com/ariel-at-brightdata/labeling/main/motorcycle-small-engine-repair_channels/mp4/UCRgrWS8psSC9rQbKjnU5Wdw-score-5.mp4,,,,,,
Motorcycle repair,https://raw.githubusercontent.com/ariel-at-brightdata/labeling/main/motorcycle-small-engine-repair_channels/mp4/UCRn2tF_xkjeumVNHRtaTadQ-score-4.mp4,,,,,,
Motorcycle repair,https://raw.githubusercontent.com/ariel-at-brightdata/labeling/main/motorcycle-small-engine-repair_channels/mp4/UCRu58zFqxB3_z28qgGLLM5w-score-5.mp4,,,,,,
Motorcycle repair,https://raw.githubusercontent.com/ariel-at-brightdata/labeling/main/motorcycle-small-engine-repair_channels/mp4/UCRwdKlJH5y6GHRrmq-rTU9g-score-5.mp4,,,,,,
Motorcycle repair,https://raw.githubusercontent.com/ariel-at-brightdata/labeling/main/motorcycle-small-engine-repair_channels/mp4/UCRxFFxVAa7PEY6RNAmiRj5w-score-4.mp4,,,,,,
Motorcycle repair,https://raw.githubusercontent.com/ariel-at-brightdata/labeling/main/motorcycle-small-engine-repair_channels/mp4/UCS-fdGZ0-eo7OSgqbuygW_Q-score-4.mp4,,,,,,
Motorcycle repair,https://raw.githubusercontent.com/ariel-at-brightdata/labeling/main/motorcycle-small-engine-repair_channels/mp4/UCS1eB5l5pnsO9pFSaa1M3eg-score-5.mp4,,,,,,
Motorcycle repair,https://raw.githubusercontent.com/ariel-at-brightdata/labeling/main/motorcycle-small-engine-repair_channels/mp4/UCS6m4ZNnULKOgNLIMQOJ0zg-score-5.mp4,,,,,,
Motorcycle repair,https://raw.githubusercontent.com/ariel-at-brightdata/labeling/main/motorcycle-small-engine-repair_channels/mp4/UCSCwbGnVtG170xyLtgWhhUA-score-5.mp4,,,,,,
Motorcycle repair,https://raw.githubusercontent.com/ariel-at-brightdata/labeling/main/motorcycle-small-engine-repair_channels/mp4/UCSPxrBWFnRAgpExhfHSHYXQ-score-4.mp4,,,,,,
Motorcycle repair,https://raw.githubusercontent.com/ariel-at-brightdata/labeling/main/motorcycle-small-engine-repair_channels/mp4/UCSQxN8U6UX7GeA-NbLWrdag-score-4.mp4,,,,,,
Motorcycle repair,https://raw.githubusercontent.com/ariel-at-brightdata/labeling/main/motorcycle-small-engine-repair_channels/mp4/UCSRIqbfeDRYchUbS7tXVrKg-score-5.mp4,,,,,,
Motorcycle repair,https://raw.githubusercontent.com/ariel-at-brightdata/labeling/main/motorcycle-small-engine-repair_channels/mp4/UCSTcQ33Q9Y63RcXVdV5C0bQ-score-4.mp4,,,,,,
Motorcycle repair,https://raw.githubusercontent.com/ariel-at-brightdata/labeling/main/motorcycle-small-engine-repair_channels/mp4/UCSoExkQ4fxJvY1EgbWn4Vqw-score-4.mp4,,,,,,
Motorcycle repair,https://raw.githubusercontent.com/ariel-at-brightdata/labeling/main/motorcycle-small-engine-repair_channels/mp4/UCSouIDZVqyJs0on8KYfpruQ-score-5.mp4,,,,,,
Motorcycle repair,https://raw.githubusercontent.com/ariel-at-brightdata/labeling/main/motorcycle-small-engine-repair_channels/mp4/UCSpETY9pw6MaJutHI9hpUiw-score-4.mp4,,,,,,
Motorcycle repair,https://raw.githubusercontent.com/ariel-at-brightdata/labeling/main/motorcycle-small-engine-repair_channels/mp4/UCSqq2W0Z5N8eu-L2vAhlH4Q-score-4.mp4,,,,,,
Motorcycle repair,https://raw.githubusercontent.com/ariel-at-brightdata/labeling/main/motorcycle-small-engine-repair_channels/mp4/UCSr7fMhIKY8r_upF9uxk3nQ-score-4.mp4,,,,,,
Motorcycle repair,https://raw.githubusercontent.com/ariel-at-brightdata/labeling/main/motorcycle-small-engine-repair_channels/mp4/UCT2Ekbr-4RB7GSxGjgW3KtA-score-4.mp4,,,,,,
Motorcycle repair,https://raw.githubusercontent.com/ariel-at-brightdata/labeling/main/motorcycle-small-engine-repair_channels/mp4/UCT2l2H-gHz-LOksWMTysUGg-score-4.mp4,,,,,,
Motorcycle repair,https://raw.githubusercontent.com/ariel-at-brightdata/labeling/main/motorcycle-small-engine-repair_channels/mp4/UCT8BxH68hveRQo7eStglR0g-score-4.mp4,,,,,,
Motorcycle repair,https://raw.githubusercontent.com/ariel-at-brightdata/labeling/main/motorcycle-small-engine-repair_channels/mp4/UCTBqwea78bmAK6LCsMIj6rg-score-4.mp4,,,,,,
Motorcycle repair,https://raw.githubusercontent.com/ariel-at-brightdata/labeling/main/motorcycle-small-engine-repair_channels/mp4/UCTC5CFuRAzAy8bml-cYMAbw-score-5.mp4,,,,,,
Motorcycle repair,https://raw.githubusercontent.com/ariel-at-brightdata/labeling/main/motorcycle-small-engine-repair_channels/mp4/UCTFhYMrc9k2Y3idC9K1BBWA-score-4.mp4,,,,,,
Motorcycle repair,https://raw.githubusercontent.com/ariel-at-brightdata/labeling/main/motorcycle-small-engine-repair_channels/mp4/UCTFlChRkX4VvmRKvlc66a3w-score-4.mp4,,,,,,
Motorcycle repair,https://raw.githubusercontent.com/ariel-at-brightdata/labeling/main/motorcycle-small-engine-repair_channels/mp4/UCTGMTM02Jh3hHY-_pd-fJWg-score-4.mp4,,,,,,
Motorcycle repair,https://raw.githubusercontent.com/ariel-at-brightdata/labeling/main/motorcycle-small-engine-repair_channels/mp4/UCTGmjfqSE1yec75uxriOQKw-score-5.mp4,,,,,,
Motorcycle repair,https://raw.githubusercontent.com/ariel-at-brightdata/labeling/main/motorcycle-small-engine-repair_channels/mp4/UCTJXTV-l7Umvpt9eZ81g-mw-score-5.mp4,,,,,,
Motorcycle repair,https://raw.githubusercontent.com/ariel-at-brightdata/labeling/main/motorcycle-small-engine-repair_channels/mp4/UCTLLfDCDFKS9TXWd7DUYp4Q-score-4.mp4,,,,,,
Motorcycle repair,https://raw.githubusercontent.com/ariel-at-brightdata/labeling/main/motorcycle-small-engine-repair_channels/mp4/UCTOCzqjcbpPt__lev4J3nzw-score-4.mp4,,,,,,
Motorcycle repair,https://raw.githubusercontent.com/ariel-at-brightdata/labeling/main/motorcycle-small-engine-repair_channels/mp4/UCTQOnINOxtW0VmW5kSo3Olw-score-4.mp4,,,,,,
Motorcycle repair,https://raw.githubusercontent.com/ariel-at-brightdata/labeling/main/motorcycle-small-engine-repair_channels/mp4/UCTTn85GOhLwitrCZZVJF8tw-score-4.mp4,,,,,,
Motorcycle repair,https://raw.githubusercontent.com/ariel-at-brightdata/labeling/main/motorcycle-small-engine-repair_channels/mp4/UCTZxEGVX7BjbkTLqGZjisnw-score-4.mp4,,,,,,
Motorcycle repair,https://raw.githubusercontent.com/ariel-at-brightdata/labeling/main/motorcycle-small-engine-repair_channels/mp4/UCThP0Mo6-LHTes4mxF1VhRg-score-4.mp4,,,,,,
Motorcycle repair,https://raw.githubusercontent.com/ariel-at-brightdata/labeling/main/motorcycle-small-engine-repair_channels/mp4/UCTiZZrrdu8hG8ZiZeh1WExA-score-4.mp4,,,,,,
Motorcycle repair,https://raw.githubusercontent.com/ariel-at-brightdata/labeling/main/motorcycle-small-engine-repair_channels/mp4/UCTjRH8ylEDFREdFc0ayL8cA-score-4.mp4,,,,,,
Motorcycle repair,https://raw.githubusercontent.com/ariel-at-brightdata/labeling/main/motorcycle-small-engine-repair_channels/mp4/UCTkHz6EzcoYn6HEJisTIV5w-score-4.mp4,,,,,,
Motorcycle repair,https://raw.githubusercontent.com/ariel-at-brightdata/labeling/main/motorcycle-small-engine-repair_channels/mp4/UCTpj7kc-i0xuV9gLax2hTfg-score-4.mp4,,,,,,
Motorcycle repair,https://raw.githubusercontent.com/ariel-at-brightdata/labeling/main/motorcycle-small-engine-repair_channels/mp4/UCTsSH_HBoNT00KprX_RYP_w-score-4.mp4,,,,,,
Motorcycle repair,https://raw.githubusercontent.com/ariel-at-brightdata/labeling/main/motorcycle-small-engine-repair_channels/mp4/UCTue6tgjU_DpI69-XIGDSZg-score-4.mp4,,,,,,
Motorcycle repair,https://raw.githubusercontent.com/ariel-at-brightdata/labeling/main/motorcycle-small-engine-repair_channels/mp4/UCTw3WL1LO-lUANGX_a73IlQ-score-5.mp4,,,,,,
Motorcycle repair,https://raw.githubusercontent.com/ariel-at-brightdata/labeling/main/motorcycle-small-engine-repair_channels/mp4/UCTyhbpIuZWhOUZba0J8Nfdg-score-5.mp4,,,,,,
Motorcycle repair,https://raw.githubusercontent.com/ariel-at-brightdata/labeling/main/motorcycle-small-engine-repair_channels/mp4/UCU2elCabLpFWnqJ5bTZQOlQ-score-4.mp4,,,,,,
Motorcycle repair,https://raw.githubusercontent.com/ariel-at-brightdata/labeling/main/motorcycle-small-engine-repair_channels/mp4/UCU6AVZgv6-5Lsxh6lzOMAOg-score-5.mp4,,,,,,
Motorcycle repair,https://raw.githubusercontent.com/ariel-at-brightdata/labeling/main/motorcycle-small-engine-repair_channels/mp4/UCU9wafaYKlgMbF60BZEXWRA-score-4.mp4,,,,,,
Motorcycle repair,https://raw.githubusercontent.com/ariel-at-brightdata/labeling/main/motorcycle-small-engine-repair_channels/mp4/UCUHraUm21QrNFAOD4w4IVIw-score-4.mp4,,,,,,
Motorcycle repair,https://raw.githubusercontent.com/ariel-at-brightdata/labeling/main/motorcycle-small-engine-repair_channels/mp4/UCUSIpIeJ8tV26LSWN5hrq6A-score-4.mp4,,,,,,
Motorcycle repair,https://raw.githubusercontent.com/ariel-at-brightdata/labeling/main/motorcycle-small-engine-repair_channels/mp4/UCUXj8jXejiaETqgsrLyQmmw-score-5.mp4,,,,,,
Motorcycle repair,https://raw.githubusercontent.com/ariel-at-brightdata/labeling/main/motorcycle-small-engine-repair_channels/mp4/UCUYx1jL-PaPa_jgQbZxzioA-score-4.mp4,,,,,,
Motorcycle repair,https://raw.githubusercontent.com/ariel-at-brightdata/labeling/main/motorcycle-small-engine-repair_channels/mp4/UCUcs8U_BmZwrLgVCt6q8UJQ-score-4.mp4,,,,,,
Motorcycle repair,https://raw.githubusercontent.com/ariel-at-brightdata/labeling/main/motorcycle-small-engine-repair_channels/mp4/UCUfEMIOt1YgUHkoEJWeyg9w-score-5.mp4,,,,,,
Motorcycle repair,https://raw.githubusercontent.com/ariel-at-brightdata/labeling/main/motorcycle-small-engine-repair_channels/mp4/UCUg4YedIwMb9oRKS3jWRNww-score-4.mp4,,,,,,
Motorcycle repair,https://raw.githubusercontent.com/ariel-at-brightdata/labeling/main/motorcycle-small-engine-repair_channels/mp4/UCUjCLLMMV7WhtJ1ZIZvkpKw-score-5.mp4,,,,,,
Motorcycle repair,https://raw.githubusercontent.com/ariel-at-brightdata/labeling/main/motorcycle-small-engine-repair_channels/mp4/UCUnHnT-cdMb5on1MTmhYUZQ-score-4.mp4,,,,,,
Motorcycle repair,https://raw.githubusercontent.com/ariel-at-brightdata/labeling/main/motorcycle-small-engine-repair_channels/mp4/UCUnes5vChamEvwx2-uq8-nw-score-5.mp4,,,,,,
Motorcycle repair,https://raw.githubusercontent.com/ariel-at-brightdata/labeling/main/motorcycle-small-engine-repair_channels/mp4/UCUo2inaeturlpM11vNpiUDg-score-4.mp4,,,,,,
Motorcycle repair,https://raw.githubusercontent.com/ariel-at-brightdata/labeling/main/motorcycle-small-engine-repair_channels/mp4/UCUodlrydFETmRlsHKITP1iA-score-4.mp4,,,,,,
Motorcycle repair,https://raw.githubusercontent.com/ariel-at-brightdata/labeling/main/motorcycle-small-engine-repair_channels/mp4/UCV4ueDXrU84RNSBq0DqJCSA-score-4.mp4,,,,,,
Motorcycle repair,https://raw.githubusercontent.com/ariel-at-brightdata/labeling/main/motorcycle-small-engine-repair_channels/mp4/UCV5y-mpaOQcUz5NXjf7TmLg-score-4.mp4,,,,,,
Motorcycle repair,https://raw.githubusercontent.com/ariel-at-brightdata/labeling/main/motorcycle-small-engine-repair_channels/mp4/UCV8SXQ3WsdeDlh8adoT3dXA-score-5.mp4,,,,,,
Motorcycle repair,https://raw.githubusercontent.com/ariel-at-brightdata/labeling/main/motorcycle-small-engine-repair_channels/mp4/UCVFl49P220gKKrd9P6lPGiw-score-4.mp4,,,,,,
Motorcycle repair,https://raw.githubusercontent.com/ariel-at-brightdata/labeling/main/motorcycle-small-engine-repair_channels/mp4/UCVMQ0sbBZckQPDsAkdo68wA-score-4.mp4,,,,,,
Motorcycle repair,https://raw.githubusercontent.com/ariel-at-brightdata/labeling/main/motorcycle-small-engine-repair_channels/mp4/UCVMz1FXSnzNGv8IB0h9o6gw-score-4.mp4,,,,,,
Motorcycle repair,https://raw.githubusercontent.com/ariel-at-brightdata/labeling/main/motorcycle-small-engine-repair_channels/mp4/UCVOLrID7z3oAUFPKRzo8tYg-score-5.mp4,,,,,,
Motorcycle repair,https://raw.githubusercontent.com/ariel-at-brightdata/labeling/main/motorcycle-small-engine-repair_channels/mp4/UCVQssxicKbnRKmvTf8r6EMg-score-4.mp4,,,,,,
Motorcycle repair,https://raw.githubusercontent.com/ariel-at-brightdata/labeling/main/motorcycle-small-engine-repair_channels/mp4/UCVZQr3kt25CrhLqlM-u_OiA-score-4.mp4,,,,,,
Motorcycle repair,https://raw.githubusercontent.com/ariel-at-brightdata/labeling/main/motorcycle-small-engine-repair_channels/mp4/UCV__q4pGrlVkpLcqEM0yw4A-score-4.mp4,,,,,,
Motorcycle repair,https://raw.githubusercontent.com/ariel-at-brightdata/labeling/main/motorcycle-small-engine-repair_channels/mp4/UCVbsTLh96GjJMlEmcaI6m7g-score-4.mp4,,,,,,
Motorcycle repair,https://raw.githubusercontent.com/ariel-at-brightdata/labeling/main/motorcycle-small-engine-repair_channels/mp4/UCVcyM3AAnrcLYoyW9jJRWfQ-score-4.mp4,,,,,,
Motorcycle repair,https://raw.githubusercontent.com/ariel-at-brightdata/labeling/main/motorcycle-small-engine-repair_channels/mp4/UCVheBR2YEVHIQhXrBCDwg8Q-score-5.mp4,,,,,,
Motorcycle repair,https://raw.githubusercontent.com/ariel-at-brightdata/labeling/main/motorcycle-small-engine-repair_channels/mp4/UCVr5igcVXckN1y5BB8Q2Jsg-score-5.mp4,,,,,,
Motorcycle repair,https://raw.githubusercontent.com/ariel-at-brightdata/labeling/main/motorcycle-small-engine-repair_channels/mp4/UCVrB4i5EzchC7Ff1qCCCDyw-score-4.mp4,,,,,,
Motorcycle repair,https://raw.githubusercontent.com/ariel-at-brightdata/labeling/main/motorcycle-small-engine-repair_channels/mp4/UCVsrPP2BTSacHjO57HKkkpw-score-5.mp4,,,,,,
Motorcycle repair,https://raw.githubusercontent.com/ariel-at-brightdata/labeling/main/motorcycle-small-engine-repair_channels/mp4/UCVt8w6L2niY91E4-FRIdUgw-score-5.mp4,,,,,,
Motorcycle repair,https://raw.githubusercontent.com/ariel-at-brightdata/labeling/main/motorcycle-small-engine-repair_channels/mp4/UCVtPtPnfjl-F9ACk3zk2kqQ-score-4.mp4,,,,,,
Motorcycle repair,https://raw.githubusercontent.com/ariel-at-brightdata/labeling/main/motorcycle-small-engine-repair_channels/mp4/UCVtRgxPgM6KYJJMNwcvzKIQ-score-5.mp4,,,,,,
Motorcycle repair,https://raw.githubusercontent.com/ariel-at-brightdata/labeling/main/motorcycle-small-engine-repair_channels/mp4/UCVtqlPY3jFgTGhOSKkbwb3g-score-4.mp4,,,,,,
Motorcycle repair,https://raw.githubusercontent.com/ariel-at-brightdata/labeling/main/motorcycle-small-engine-repair_channels/mp4/UCVyb_kGjLL_bVa50ASmPHcw-score-4.mp4,,,,,,
Motorcycle repair,https://raw.githubusercontent.com/ariel-at-brightdata/labeling/main/motorcycle-small-engine-repair_channels/mp4/UCVyk5KulLY3ZeV-rz6I6yRw-score-5.mp4,,,,,,
Motorcycle repair,https://raw.githubusercontent.com/ariel-at-brightdata/labeling/main/motorcycle-small-engine-repair_channels/mp4/UCW7mhn3OnScvZPKA-cxbzlw-score-4.mp4,,,,,,
Motorcycle repair,https://raw.githubusercontent.com/ariel-at-brightdata/labeling/main/motorcycle-small-engine-repair_channels/mp4/UCW9Tlz6G2G_2pR0mQejqcTw-score-4.mp4,,,,,,
Motorcycle repair,https://raw.githubusercontent.com/ariel-at-brightdata/labeling/main/motorcycle-small-engine-repair_channels/mp4/UCWEoCt7HydTFo0t0SCOKt2g-score-4.mp4,,,,,,
Motorcycle repair,https://raw.githubusercontent.com/ariel-at-brightdata/labeling/main/motorcycle-small-engine-repair_channels/mp4/UCWFA_kj6K7WeoSRDEa5vgYA-score-4.mp4,,,,,,
Motorcycle repair,https://raw.githubusercontent.com/ariel-at-brightdata/labeling/main/motorcycle-small-engine-repair_channels/mp4/UCWGiCI7WGqx0o90H_3QFQhw-score-4.mp4,,,,,,
Motorcycle repair,https://raw.githubusercontent.com/ariel-at-brightdata/labeling/main/motorcycle-small-engine-repair_channels/mp4/UCWGl8byz1YrZApHrw2ClLCw-score-4.mp4,,,,,,
Motorcycle repair,https://raw.githubusercontent.com/ariel-at-brightdata/labeling/main/motorcycle-small-engine-repair_channels/mp4/UCWH84K2JQCdK0NQaZhUvO5w-score-4.mp4,,,,,,
Motorcycle repair,https://raw.githubusercontent.com/ariel-at-brightdata/labeling/main/motorcycle-small-engine-repair_channels/mp4/UCWLdfbrtyFfpQ7lEg3GTN4w-score-4.mp4,,,,,,
Motorcycle repair,https://raw.githubusercontent.com/ariel-at-brightdata/labeling/main/motorcycle-small-engine-repair_channels/mp4/UCWMJ0lzKVY3ZhRplv7Rz5ng-score-4.mp4,,,,,,
Motorcycle repair,https://raw.githubusercontent.com/ariel-at-brightdata/labeling/main/motorcycle-small-engine-repair_channels/mp4/UCWV31HZQ-08pead4XYOvn6Q-score-4.mp4,,,,,,
Motorcycle repair,https://raw.githubusercontent.com/ariel-at-brightdata/labeling/main/motorcycle-small-engine-repair_channels/mp4/UCWdof3n5sZT-t8ZkUc9tRlg-score-5.mp4,,,,,,
Motorcycle repair,https://raw.githubusercontent.com/ariel-at-brightdata/labeling/main/motorcycle-small-engine-repair_channels/mp4/UCWeL5da8DGr9THA8f4Fs-eQ-score-4.mp4,,,,,,
Motorcycle repair,https://raw.githubusercontent.com/ariel-at-brightdata/labeling/main/motorcycle-small-engine-repair_channels/mp4/UCWfUh72PDMLkcwzBSFOKfjA-score-4.mp4,,,,,,
Motorcycle repair,https://raw.githubusercontent.com/ariel-at-brightdata/labeling/main/motorcycle-small-engine-repair_channels/mp4/UCWiegq-kjKzlv9UhPcrjFyw-score-5.mp4,,,,,,
Motorcycle repair,https://raw.githubusercontent.com/ariel-at-brightdata/labeling/main/motorcycle-small-engine-repair_channels/mp4/UCWjnAHWE09ll6qcaFxLIpZg-score-5.mp4,,,,,,
Motorcycle repair,https://raw.githubusercontent.com/ariel-at-brightdata/labeling/main/motorcycle-small-engine-repair_channels/mp4/UCWlZ_Ki9pkQii-DnS9aYadA-score-5.mp4,,,,,,
Motorcycle repair,https://raw.githubusercontent.com/ariel-at-brightdata/labeling/main/motorcycle-small-engine-repair_channels/mp4/UCWmFs8u1eAb7rlU79qMz61w-score-5.mp4,,,,,,
Motorcycle repair,https://raw.githubusercontent.com/ariel-at-brightdata/labeling/main/motorcycle-small-engine-repair_channels/mp4/UCWwqaFYEnKlGs3UdfLwSpTw-score-5.mp4,,,,,,
Motorcycle repair,https://raw.githubusercontent.com/ariel-at-brightdata/labeling/main/motorcycle-small-engine-repair_channels/mp4/UCX1qlKDMpv5BR_LwUnlU8YA-score-4.mp4,,,,,,
Motorcycle repair,https://raw.githubusercontent.com/ariel-at-brightdata/labeling/main/motorcycle-small-engine-repair_channels/mp4/UCX3ffeJaVap2T1IbB3743Ag-score-4.mp4,,,,,,
Motorcycle repair,https://raw.githubusercontent.com/ariel-at-brightdata/labeling/main/motorcycle-small-engine-repair_channels/mp4/UCXC1J6DgW1vZD7RmETluaNQ-score-4.mp4,,,,,,
Motorcycle repair,https://raw.githubusercontent.com/ariel-at-brightdata/labeling/main/motorcycle-small-engine-repair_channels/mp4/UCXCVqILEkluYk5J4oXNabkA-score-4.mp4,,,,,,
Motorcycle repair,https://raw.githubusercontent.com/ariel-at-brightdata/labeling/main/motorcycle-small-engine-repair_channels/mp4/UCXCwAMB7lewS4svri1mas1g-score-4.mp4,,,,,,
Motorcycle repair,https://raw.githubusercontent.com/ariel-at-brightdata/labeling/main/motorcycle-small-engine-repair_channels/mp4/UCXFE-OrsPjh5dqLPWmq9oOA-score-5.mp4,,,,,,
Motorcycle repair,https://raw.githubusercontent.com/ariel-at-brightdata/labeling/main/motorcycle-small-engine-repair_channels/mp4/UCXLMgUyL_IjZXtCbfwGoNFQ-score-4.mp4,,,,,,
Motorcycle repair,https://raw.githubusercontent.com/ariel-at-brightdata/labeling/main/motorcycle-small-engine-repair_channels/mp4/UCXPnUBDJt1zlVMccTV4GrGw-score-5.mp4,,,,,,
Motorcycle repair,https://raw.githubusercontent.com/ariel-at-brightdata/labeling/main/motorcycle-small-engine-repair_channels/mp4/UCXVwpKNQ3II3UX5StMYH9fQ-score-4.mp4,,,,,,
Motorcycle repair,https://raw.githubusercontent.com/ariel-at-brightdata/labeling/main/motorcycle-small-engine-repair_channels/mp4/UCXZ_O9JpROKpyrAlLpYdCkg-score-4.mp4,,,,,,
Motorcycle repair,https://raw.githubusercontent.com/ariel-at-brightdata/labeling/main/motorcycle-small-engine-repair_channels/mp4/UCXfBjCJ0O8TdZOHfKW8X9vQ-score-5.mp4,,,,,,
Motorcycle repair,https://raw.githubusercontent.com/ariel-at-brightdata/labeling/main/motorcycle-small-engine-repair_channels/mp4/UCXg6abha0LvvzFC6dd_MjGQ-score-4.mp4,,,,,,
Motorcycle repair,https://raw.githubusercontent.com/ariel-at-brightdata/labeling/main/motorcycle-small-engine-repair_channels/mp4/UCXhaidoYF2ND775XYWNQ9Sg-score-4.mp4,,,,,,
Motorcycle repair,https://raw.githubusercontent.com/ariel-at-brightdata/labeling/main/motorcycle-small-engine-repair_channels/mp4/UCXjEwe0WcZ-DK_lOSR4A-Gg-score-4.mp4,,,,,,
Motorcycle repair,https://raw.githubusercontent.com/ariel-at-brightdata/labeling/main/motorcycle-small-engine-repair_channels/mp4/UCXldHAPY-lEhUKqpSYaAg2w-score-4.mp4,,,,,,
Motorcycle repair,https://raw.githubusercontent.com/ariel-at-brightdata/labeling/main/motorcycle-small-engine-repair_channels/mp4/UCXlmIjFnHeENqe6nrG9MWWw-score-5.mp4,,,,,,
Motorcycle repair,https://raw.githubusercontent.com/ariel-at-brightdata/labeling/main/motorcycle-small-engine-repair_channels/mp4/UCXnZR5glNSzkBoQoqGMFw8A-score-4.mp4,,,,,,
Motorcycle repair,https://raw.githubusercontent.com/ariel-at-brightdata/labeling/main/motorcycle-small-engine-repair_channels/mp4/UCXo5nuETCIrkrhzJBXqyClg-score-4.mp4,,,,,,
Motorcycle repair,https://raw.githubusercontent.com/ariel-at-brightdata/labeling/main/motorcycle-small-engine-repair_channels/mp4/UCXoOv_VbWyU1bQQMMOUK2Kg-score-5.mp4,,,,,,
Motorcycle repair,https://raw.githubusercontent.com/ariel-at-brightdata/labeling/main/motorcycle-small-engine-repair_channels/mp4/UCXojtZzYUQ8rgV_noOINBHQ-score-5.mp4,,,,,,
Motorcycle repair,https://raw.githubusercontent.com/ariel-at-brightdata/labeling/main/motorcycle-small-engine-repair_channels/mp4/UCXzPGPhg4xmFHlel4FekXPg-score-5.mp4,,,,,,
Motorcycle repair,https://raw.githubusercontent.com/ariel-at-brightdata/labeling/main/motorcycle-small-engine-repair_channels/mp4/UCY3AYDhYz2k30dRTcQ3tz-g-score-4.mp4,,,,,,
Motorcycle repair,https://raw.githubusercontent.com/ariel-at-brightdata/labeling/main/motorcycle-small-engine-repair_channels/mp4/UCY4AQow3n1ZDZAJLs2dFw6w-score-4.mp4,,,,,,
Motorcycle repair,https://raw.githubusercontent.com/ariel-at-brightdata/labeling/main/motorcycle-small-engine-repair_channels/mp4/UCYDGz81rUe4SgLxYXzBqFzg-score-4.mp4,,,,,,
Motorcycle repair,https://raw.githubusercontent.com/ariel-at-brightdata/labeling/main/motorcycle-small-engine-repair_channels/mp4/UCYDyec0-HJRVsy6f4Wi6l8g-score-4.mp4,,,,,,
Motorcycle repair,https://raw.githubusercontent.com/ariel-at-brightdata/labeling/main/motorcycle-small-engine-repair_channels/mp4/UCYEdElCD1JrQksRc-Io2VjQ-score-5.mp4,,,,,,
Motorcycle repair,https://raw.githubusercontent.com/ariel-at-brightdata/labeling/main/motorcycle-small-engine-repair_channels/mp4/UCYKLdTVKbzpqiqJbv5cCpmw-score-4.mp4,,,,,,
Motorcycle repair,https://raw.githubusercontent.com/ariel-at-brightdata/labeling/main/motorcycle-small-engine-repair_channels/mp4/UCYPUpjahnsuWMJNhx5IpQmw-score-4.mp4,,,,,,
Motorcycle repair,https://raw.githubusercontent.com/ariel-at-brightdata/labeling/main/motorcycle-small-engine-repair_channels/mp4/UCYQCVq7h21tWmluFxylleoA-score-4.mp4,,,,,,
Motorcycle repair,https://raw.githubusercontent.com/ariel-at-brightdata/labeling/main/motorcycle-small-engine-repair_channels/mp4/UCYSyFXp3JeWtjuXdXKAtGWw-score-5.mp4,,,,,,
Motorcycle repair,https://raw.githubusercontent.com/ariel-at-brightdata/labeling/main/motorcycle-small-engine-repair_channels/mp4/UCYT9x0cpMMY8_u9t0lDo9fw-score-4.mp4,,,,,,
Motorcycle repair,https://raw.githubusercontent.com/ariel-at-brightdata/labeling/main/motorcycle-small-engine-repair_channels/mp4/UCYWMQYEPX4Xwi-5VoKHWC3g-score-4.mp4,,,,,,
Motorcycle repair,https://raw.githubusercontent.com/ariel-at-brightdata/labeling/main/motorcycle-small-engine-repair_channels/mp4/UCYWjVRmdz5cexa0CUTwkM5Q-score-5.mp4,,,,,,
Motorcycle repair,https://raw.githubusercontent.com/ariel-at-brightdata/labeling/main/motorcycle-small-engine-repair_channels/mp4/UCYg6r40eZZpyf2J4SJ91OBA-score-4.mp4,,,,,,
Motorcycle repair,https://raw.githubusercontent.com/ariel-at-brightdata/labeling/main/motorcycle-small-engine-repair_channels/mp4/UCYoxbdn3xy3uAF_oM_EXddQ-score-4.mp4,,,,,,
Motorcycle repair,https://raw.githubusercontent.com/ariel-at-brightdata/labeling/main/motorcycle-small-engine-repair_channels/mp4/UCYrR7qxWQ2VLZmIfpEKZGHg-score-4.mp4,,,,,,
Motorcycle repair,https://raw.githubusercontent.com/ariel-at-brightdata/labeling/main/motorcycle-small-engine-repair_channels/mp4/UCYsjGX1IxRzGJu71Z5ym6VQ-score-5.mp4,,,,,,
Motorcycle repair,https://raw.githubusercontent.com/ariel-at-brightdata/labeling/main/motorcycle-small-engine-repair_channels/mp4/UCYuaDCeYk03sCIeA69ze7QQ-score-5.mp4,,,,,,
Motorcycle repair,https://raw.githubusercontent.com/ariel-at-brightdata/labeling/main/motorcycle-small-engine-repair_channels/mp4/UCYy3C-OpjGCophw7KnHiRPA-score-5.mp4,,,,,,
Motorcycle repair,https://raw.githubusercontent.com/ariel-at-brightdata/labeling/main/motorcycle-small-engine-repair_channels/mp4/UCZ2_r7QnQyLamIb72Fv2eAg-score-5.mp4,,,,,,
Motorcycle repair,https://raw.githubusercontent.com/ariel-at-brightdata/labeling/main/motorcycle-small-engine-repair_channels/mp4/UCZ3D-ovkSa-KavCoYG1fTFg-score-4.mp4,,,,,,
Motorcycle repair,https://raw.githubusercontent.com/ariel-at-brightdata/labeling/main/motorcycle-small-engine-repair_channels/mp4/UCZA6mKY8Q28y30vUcZYKG6A-score-4.mp4,,,,,,
Motorcycle repair,https://raw.githubusercontent.com/ariel-at-brightdata/labeling/main/motorcycle-small-engine-repair_channels/mp4/UCZAbLEMnQhyk1SjheziCVqA-score-5.mp4,,,,,,
Motorcycle repair,https://raw.githubusercontent.com/ariel-at-brightdata/labeling/main/motorcycle-small-engine-repair_channels/mp4/UCZCH-V-pUFE_DEXjaHK4ghg-score-4.mp4,,,,,,
Motorcycle repair,https://raw.githubusercontent.com/ariel-at-brightdata/labeling/main/motorcycle-small-engine-repair_channels/mp4/UCZCn6jZ1BLXXUS-wC3xDFwg-score-4.mp4,,,,,,
Motorcycle repair,https://raw.githubusercontent.com/ariel-at-brightdata/labeling/main/motorcycle-small-engine-repair_channels/mp4/UCZEdbq3TRJoprTq8_hGEA5w-score-4.mp4,,,,,,
Motorcycle repair,https://raw.githubusercontent.com/ariel-at-brightdata/labeling/main/motorcycle-small-engine-repair_channels/mp4/UCZH8-JSBT7C6doYGPBbEuAA-score-5.mp4,,,,,,
Motorcycle repair,https://raw.githubusercontent.com/ariel-at-brightdata/labeling/main/motorcycle-small-engine-repair_channels/mp4/UCZMocOXm4xpN3ciaDQb3RdA-score-4.mp4,,,,,,
Motorcycle repair,https://raw.githubusercontent.com/ariel-at-brightdata/labeling/main/motorcycle-small-engine-repair_channels/mp4/UCZRj9Oa8qtNexb_fh7asTaQ-score-4.mp4,,,,,,
Motorcycle repair,https://raw.githubusercontent.com/ariel-at-brightdata/labeling/main/motorcycle-small-engine-repair_channels/mp4/UCZSDQq8Dh1zzjyBc1KzDo0g-score-4.mp4,,,,,,
Motorcycle repair,https://raw.githubusercontent.com/ariel-at-brightdata/labeling/main/motorcycle-small-engine-repair_channels/mp4/UCZTIQrr2gu5aXQB3PcBKefg-score-4.mp4,,,,,,
Motorcycle repair,https://raw.githubusercontent.com/ariel-at-brightdata/labeling/main/motorcycle-small-engine-repair_channels/mp4/UCZY6mvF39fI2-e2iRxKniJg-score-4.mp4,,,,,,
Motorcycle repair,https://raw.githubusercontent.com/ariel-at-brightdata/labeling/main/motorcycle-small-engine-repair_channels/mp4/UCZaUF6uW1B_qhMJr9-ddSjg-score-4.mp4,,,,,,
Motorcycle repair,https://raw.githubusercontent.com/ariel-at-brightdata/labeling/main/motorcycle-small-engine-repair_channels/mp4/UCZadMA58gPsFnszRK0t9s-Q-score-5.mp4,,,,,,
Motorcycle repair,https://raw.githubusercontent.com/ariel-at-brightdata/labeling/main/motorcycle-small-engine-repair_channels/mp4/UCZbS4lmy44JvzI2I8qbEcuQ-score-5.mp4,,,,,,
Motorcycle repair,https://raw.githubusercontent.com/ariel-at-brightdata/labeling/main/motorcycle-small-engine-repair_channels/mp4/UCZgQs5nNbREwjMdxpGHbtMw-score-4.mp4,,,,,,
Motorcycle repair,https://raw.githubusercontent.com/ariel-at-brightdata/labeling/main/motorcycle-small-engine-repair_channels/mp4/UCZiIo37jwxX_T91ETV1bwXw-score-4.mp4,,,,,,
Motorcycle repair,https://raw.githubusercontent.com/ariel-at-brightdata/labeling/main/motorcycle-small-engine-repair_channels/mp4/UCZlOo017A_K-48yYiZqlafQ-score-5.mp4,,,,,,
Motorcycle repair,https://raw.githubusercontent.com/ariel-at-brightdata/labeling/main/motorcycle-small-engine-repair_channels/mp4/UCZnOarT4nk00MeZuwUXiD4w-score-4.mp4,,,,,,
Motorcycle repair,https://raw.githubusercontent.com/ariel-at-brightdata/labeling/main/motorcycle-small-engine-repair_channels/mp4/UCZqqmA71avE_A2aHjNMOXdw-score-4.mp4,,,,,,
Motorcycle repair,https://raw.githubusercontent.com/ariel-at-brightdata/labeling/main/motorcycle-small-engine-repair_channels/mp4/UC_1qcldaNHKhuPN80MshfhA-score-5.mp4,,,,,,
Motorcycle repair,https://raw.githubusercontent.com/ariel-at-brightdata/labeling/main/motorcycle-small-engine-repair_channels/mp4/UC_25noqg_Mp8mHg5Xjile-A-score-4.mp4,,,,,,
Motorcycle repair,https://raw.githubusercontent.com/ariel-at-brightdata/labeling/main/motorcycle-small-engine-repair_channels/mp4/UC_2M6gXo6TF6eDyRRUfn3iQ-score-4.mp4,,,,,,
Motorcycle repair,https://raw.githubusercontent.com/ariel-at-brightdata/labeling/main/motorcycle-small-engine-repair_channels/mp4/UC_4P7jeLikuisJ2RxaLiefQ-score-4.mp4,,,,,,
Motorcycle repair,https://raw.githubusercontent.com/ariel-at-brightdata/labeling/main/motorcycle-small-engine-repair_channels/mp4/UC_BRixYboIgmUasIDfa4FAA-score-4.mp4,,,,,,
Motorcycle repair,https://raw.githubusercontent.com/ariel-at-brightdata/labeling/main/motorcycle-small-engine-repair_channels/mp4/UC_DevIvaJB63LuRQMdFd9Jg-score-5.mp4,,,,,,
Motorcycle repair,https://raw.githubusercontent.com/ariel-at-brightdata/labeling/main/motorcycle-small-engine-repair_channels/mp4/UC_Dkh7gJu0BFw1kR9naG6Kg-score-4.mp4,,,,,,
Motorcycle repair,https://raw.githubusercontent.com/ariel-at-brightdata/labeling/main/motorcycle-small-engine-repair_channels/mp4/UC_I7awJl4rAWGz3TF9WCgtw-score-4.mp4,,,,,,
Motorcycle repair,https://raw.githubusercontent.com/ariel-at-brightdata/labeling/main/motorcycle-small-engine-repair_channels/mp4/UC_Jou08WxjzlZ0R9Kcvo32A-score-4.mp4,,,,,,
Motorcycle repair,https://raw.githubusercontent.com/ariel-at-brightdata/labeling/main/motorcycle-small-engine-repair_channels/mp4/UC_YGQd9XUHwSM9fNFWkRxLA-score-4.mp4,,,,,,
Motorcycle repair,https://raw.githubusercontent.com/ariel-at-brightdata/labeling/main/motorcycle-small-engine-repair_channels/mp4/UC_gL-5VQkHzuAKgQyzkAWNg-score-4.mp4,,,,,,
Motorcycle repair,https://raw.githubusercontent.com/ariel-at-brightdata/labeling/main/motorcycle-small-engine-repair_channels/mp4/UC_hwewBNb8v7R6b4yWJR_8Q-score-4.mp4,,,,,,
Motorcycle repair,https://raw.githubusercontent.com/ariel-at-brightdata/labeling/main/motorcycle-small-engine-repair_channels/mp4/UC_ifam67B1FahtaZY6MTHCA-score-5.mp4,,,,,,
Motorcycle repair,https://raw.githubusercontent.com/ariel-at-brightdata/labeling/main/motorcycle-small-engine-repair_channels/mp4/UC_lBI4Vj2nIe57vgbocXCxw-score-4.mp4,,,,,,
Motorcycle repair,https://raw.githubusercontent.com/ariel-at-brightdata/labeling/main/motorcycle-small-engine-repair_channels/mp4/UC_pNZWLU1W4U8SFm8ZhhzYw-score-4.mp4,,,,,,
Motorcycle repair,https://raw.githubusercontent.com/ariel-at-brightdata/labeling/main/motorcycle-small-engine-repair_channels/mp4/UC_u7FJErAq_fEaik1Jx1vcw-score-5.mp4,,,,,,
Motorcycle repair,https://raw.githubusercontent.com/ariel-at-brightdata/labeling/main/motorcycle-small-engine-repair_channels/mp4/UCa09hsd_VjwY7POi4bOtZkw-score-5.mp4,,,,,,
Motorcycle repair,https://raw.githubusercontent.com/ariel-at-brightdata/labeling/main/motorcycle-small-engine-repair_channels/mp4/UCa15zv6X6Y9WDJSvGzbZdxg-score-5.mp4,,,,,,
Motorcycle repair,https://raw.githubusercontent.com/ariel-at-brightdata/labeling/main/motorcycle-small-engine-repair_channels/mp4/UCa418tgkhAY4lv33ZfmMuow-score-4.mp4,,,,,,
Motorcycle repair,https://raw.githubusercontent.com/ariel-at-brightdata/labeling/main/motorcycle-small-engine-repair_channels/mp4/UCa4Mz0DTQzULqchg_AGkVTw-score-4.mp4,,,,,,
Motorcycle repair,https://raw.githubusercontent.com/ariel-at-brightdata/labeling/main/motorcycle-small-engine-repair_channels/mp4/UCa7k_I0LLz3JZQhL8OTOqTg-score-4.mp4,,,,,,
Motorcycle repair,https://raw.githubusercontent.com/ariel-at-brightdata/labeling/main/motorcycle-small-engine-repair_channels/mp4/UCaAJBlgK0kumGPYwDwS_kGg-score-4.mp4,,,,,,
Motorcycle repair,https://raw.githubusercontent.com/ariel-at-brightdata/labeling/main/motorcycle-small-engine-repair_channels/mp4/UCaC8U141OIR3H6t4N3dGYGA-score-5.mp4,,,,,,
Motorcycle repair,https://raw.githubusercontent.com/ariel-at-brightdata/labeling/main/motorcycle-small-engine-repair_channels/mp4/UCaFuyaGzZz5HHfSxXtI_l0g-score-4.mp4,,,,,,
Motorcycle repair,https://raw.githubusercontent.com/ariel-at-brightdata/labeling/main/motorcycle-small-engine-repair_channels/mp4/UCaHyIkxYMYnOVuMdCw88PcQ-score-4.mp4,,,,,,
Motorcycle repair,https://raw.githubusercontent.com/ariel-at-brightdata/labeling/main/motorcycle-small-engine-repair_channels/mp4/UCaI1ZZ-ojv0TM53GD_jWbnA-score-5.mp4,,,,,,
Motorcycle repair,https://raw.githubusercontent.com/ariel-at-brightdata/labeling/main/motorcycle-small-engine-repair_channels/mp4/UCaJ6WcfzJ01IPtZ1iTzsedA-score-4.mp4,,,,,,
Motorcycle repair,https://raw.githubusercontent.com/ariel-at-brightdata/labeling/main/motorcycle-small-engine-repair_channels/mp4/UCaMEWW_9WrfB2zHrYuJXMkA-score-4.mp4,,,,,,
Motorcycle repair,https://raw.githubusercontent.com/ariel-at-brightdata/labeling/main/motorcycle-small-engine-repair_channels/mp4/UCaM_gJ2Tvi-8NjJC0dQGBIA-score-4.mp4,,,,,,
Motorcycle repair,https://raw.githubusercontent.com/ariel-at-brightdata/labeling/main/motorcycle-small-engine-repair_channels/mp4/UCaR7Y6d57K-BGltv0klX59g-score-4.mp4,,,,,,
Motorcycle repair,https://raw.githubusercontent.com/ariel-at-brightdata/labeling/main/motorcycle-small-engine-repair_channels/mp4/UCaTN-KJrlEQySD7CChyr5xQ-score-4.mp4,,,,,,
Motorcycle repair,https://raw.githubusercontent.com/ariel-at-brightdata/labeling/main/motorcycle-small-engine-repair_channels/mp4/UCaUAr9Ze9jS8qx8Jb_yChrQ-score-4.mp4,,,,,,
Motorcycle repair,https://raw.githubusercontent.com/ariel-at-brightdata/labeling/main/motorcycle-small-engine-repair_channels/mp4/UCaWGLczdcNfo5ve1jQfvW_w-score-4.mp4,,,,,,
Motorcycle repair,https://raw.githubusercontent.com/ariel-at-brightdata/labeling/main/motorcycle-small-engine-repair_channels/mp4/UCaWIr_xrk4XX4P9k5XsnAVw-score-4.mp4,,,,,,
Motorcycle repair,https://raw.githubusercontent.com/ariel-at-brightdata/labeling/main/motorcycle-small-engine-repair_channels/mp4/UCag9fxYJ2hEOUpm0pDe1lMA-score-5.mp4,,,,,,
Motorcycle repair,https://raw.githubusercontent.com/ariel-at-brightdata/labeling/main/motorcycle-small-engine-repair_channels/mp4/UCal4n0gm3jnZZ39ozwSleRQ-score-4.mp4,,,,,,
Motorcycle repair,https://raw.githubusercontent.com/ariel-at-brightdata/labeling/main/motorcycle-small-engine-repair_channels/mp4/UCax5g5Bh8Io0fjrrwv3gV7w-score-5.mp4,,,,,,
Motorcycle repair,https://raw.githubusercontent.com/ariel-at-brightdata/labeling/main/motorcycle-small-engine-repair_channels/mp4/UCb4aRWZblcyHVoBHOylv6-w-score-4.mp4,,,,,,
Motorcycle repair,https://raw.githubusercontent.com/ariel-at-brightdata/labeling/main/motorcycle-small-engine-repair_channels/mp4/UCb6YOc9wCUsZp85dohzlTRQ-score-5.mp4,,,,,,
Motorcycle repair,https://raw.githubusercontent.com/ariel-at-brightdata/labeling/main/motorcycle-small-engine-repair_channels/mp4/UCbDr21m0tVMOfVZQU_-j0tQ-score-4.mp4,,,,,,
Motorcycle repair,https://raw.githubusercontent.com/ariel-at-brightdata/labeling/main/motorcycle-small-engine-repair_channels/mp4/UCbH81JSXN2B1PCw4XpVoeeQ-score-4.mp4,,,,,,
Motorcycle repair,https://raw.githubusercontent.com/ariel-at-brightdata/labeling/main/motorcycle-small-engine-repair_channels/mp4/UCbKHaOqFX4AVSCbSFZUK_Bg-score-4.mp4,,,,,,
Motorcycle repair,https://raw.githubusercontent.com/ariel-at-brightdata/labeling/main/motorcycle-small-engine-repair_channels/mp4/UCbOQnCdTP9jcFd_sso4kGrw-score-4.mp4,,,,,,
Motorcycle repair,https://raw.githubusercontent.com/ariel-at-brightdata/labeling/main/motorcycle-small-engine-repair_channels/mp4/UCbWN8_dTr2FcDyveEhGWpwA-score-4.mp4,,,,,,
Motorcycle repair,https://raw.githubusercontent.com/ariel-at-brightdata/labeling/main/motorcycle-small-engine-repair_channels/mp4/UCbfPBS9ar9rEFEh4-iJB0NQ-score-4.mp4,,,,,,
Motorcycle repair,https://raw.githubusercontent.com/ariel-at-brightdata/labeling/main/motorcycle-small-engine-repair_channels/mp4/UCbftbNPzAVQRXLYT_LveKRg-score-4.mp4,,,,,,
Motorcycle repair,https://raw.githubusercontent.com/ariel-at-brightdata/labeling/main/motorcycle-small-engine-repair_channels/mp4/UCbgoz6-O3po5-Y030zxLeTg-score-4.mp4,,,,,,
Motorcycle repair,https://raw.githubusercontent.com/ariel-at-brightdata/labeling/main/motorcycle-small-engine-repair_channels/mp4/UCbuc_-7NHJQOewhDRxczHYQ-score-4.mp4,,,,,,
Motorcycle repair,https://raw.githubusercontent.com/ariel-at-brightdata/labeling/main/motorcycle-small-engine-repair_channels/mp4/UCby7A_NrqWOBWZldqRp7a9Q-score-4.mp4,,,,,,
Motorcycle repair,https://raw.githubusercontent.com/ariel-at-brightdata/labeling/main/motorcycle-small-engine-repair_channels/mp4/UCc1jRTOBojTyQRvNJU-dOew-score-5.mp4,,,,,,
Motorcycle repair,https://raw.githubusercontent.com/ariel-at-brightdata/labeling/main/motorcycle-small-engine-repair_channels/mp4/UCc4jC7_prQh5u0Avqu6MpnA-score-5.mp4,,,,,,
Motorcycle repair,https://raw.githubusercontent.com/ariel-at-brightdata/labeling/main/motorcycle-small-engine-repair_channels/mp4/UCc6ngBOcVqMkAsQR9pEr19Q-score-5.mp4,,,,,,
Motorcycle repair,https://raw.githubusercontent.com/ariel-at-brightdata/labeling/main/motorcycle-small-engine-repair_channels/mp4/UCc8Qrn1M3xNOrayrLaW5-Vw-score-4.mp4,,,,,,
Motorcycle repair,https://raw.githubusercontent.com/ariel-at-brightdata/labeling/main/motorcycle-small-engine-repair_channels/mp4/UCcBfLY-GHgqp4dIJSZjJRJA-score-5.mp4,,,,,,
Motorcycle repair,https://raw.githubusercontent.com/ariel-at-brightdata/labeling/main/motorcycle-small-engine-repair_channels/mp4/UCcCQ4dMNSyXY7VnyCN4l6fw-score-4.mp4,,,,,,
Motorcycle repair,https://raw.githubusercontent.com/ariel-at-brightdata/labeling/main/motorcycle-small-engine-repair_channels/mp4/UCcLb4Ox8ccqJsqiqLb7XyiA-score-4.mp4,,,,,,
Motorcycle repair,https://raw.githubusercontent.com/ariel-at-brightdata/labeling/main/motorcycle-small-engine-repair_channels/mp4/UCcN-rlKMcFk4qXTdlNvRCDw-score-4.mp4,,,,,,
Motorcycle repair,https://raw.githubusercontent.com/ariel-at-brightdata/labeling/main/motorcycle-small-engine-repair_channels/mp4/UCcOpaxbNKfvu9LaYaN4xY8A-score-5.mp4,,,,,,
Motorcycle repair,https://raw.githubusercontent.com/ariel-at-brightdata/labeling/main/motorcycle-small-engine-repair_channels/mp4/UCcQqKCZDJBlGHf5ra4JJdpA-score-4.mp4,,,,,,
Motorcycle repair,https://raw.githubusercontent.com/ariel-at-brightdata/labeling/main/motorcycle-small-engine-repair_channels/mp4/UCcSiHFkHfHM7NQ3ntKq9stg-score-4.mp4,,,,,,
Motorcycle repair,https://raw.githubusercontent.com/ariel-at-brightdata/labeling/main/motorcycle-small-engine-repair_channels/mp4/UCcXu56YIesZvSC850IRBg2A-score-4.mp4,,,,,,
Motorcycle repair,https://raw.githubusercontent.com/ariel-at-brightdata/labeling/main/motorcycle-small-engine-repair_channels/mp4/UCc_oOS-PRecl60CuCISdxTA-score-4.mp4,,,,,,
Motorcycle repair,https://raw.githubusercontent.com/ariel-at-brightdata/labeling/main/motorcycle-small-engine-repair_channels/mp4/UCccPUuuHXS5Qf1b7a-AfVWA-score-4.mp4,,,,,,
Motorcycle repair,https://raw.githubusercontent.com/ariel-at-brightdata/labeling/main/motorcycle-small-engine-repair_channels/mp4/UCcgSlvDHbw2ZxJ35oN5f4Pw-score-4.mp4,,,,,,
Motorcycle repair,https://raw.githubusercontent.com/ariel-at-brightdata/labeling/main/motorcycle-small-engine-repair_channels/mp4/UCctZaCQdCshrYLGj_d2046g-score-4.mp4,,,,,,
Motorcycle repair,https://raw.githubusercontent.com/ariel-at-brightdata/labeling/main/motorcycle-small-engine-repair_channels/mp4/UCcu0VWWy52weVEKvn77BGVw-score-4.mp4,,,,,,
Motorcycle repair,https://raw.githubusercontent.com/ariel-at-brightdata/labeling/main/motorcycle-small-engine-repair_channels/mp4/UCcuYNqGkhZ0-C4XFr89OLQw-score-4.mp4,,,,,,
Motorcycle repair,https://raw.githubusercontent.com/ariel-at-brightdata/labeling/main/motorcycle-small-engine-repair_channels/mp4/UCcx4ie3lKBROwAgUKudI-qw-score-5.mp4,,,,,,
Motorcycle repair,https://raw.githubusercontent.com/ariel-at-brightdata/labeling/main/motorcycle-small-engine-repair_channels/mp4/UCd1OVoZxKrSiql5gB2KIrWw-score-5.mp4,,,,,,
Motorcycle repair,https://raw.githubusercontent.com/ariel-at-brightdata/labeling/main/motorcycle-small-engine-repair_channels/mp4/UCd3c2npdDofPajqd-2bnYRg-score-4.mp4,,,,,,
Motorcycle repair,https://raw.githubusercontent.com/ariel-at-brightdata/labeling/main/motorcycle-small-engine-repair_channels/mp4/UCd921BuPtIh4fsAkQNh_zcA-score-4.mp4,,,,,,
Motorcycle repair,https://raw.githubusercontent.com/ariel-at-brightdata/labeling/main/motorcycle-small-engine-repair_channels/mp4/UCd9f0J3l-HteAwz1l5l5sUQ-score-4.mp4,,,,,,
Motorcycle repair,https://raw.githubusercontent.com/ariel-at-brightdata/labeling/main/motorcycle-small-engine-repair_channels/mp4/UCdC1_dEWbKQpB5h8sCfeM0w-score-4.mp4,,,,,,
Motorcycle repair,https://raw.githubusercontent.com/ariel-at-brightdata/labeling/main/motorcycle-small-engine-repair_channels/mp4/UCdEnQa-jq2ORvNNqw8rgSKA-score-5.mp4,,,,,,
Motorcycle repair,https://raw.githubusercontent.com/ariel-at-brightdata/labeling/main/motorcycle-small-engine-repair_channels/mp4/UCdQZ2ESWYCWUamY7xONWa2Q-score-4.mp4,,,,,,
Motorcycle repair,https://raw.githubusercontent.com/ariel-at-brightdata/labeling/main/motorcycle-small-engine-repair_channels/mp4/UCdfffXUQhRppHkBArxjijTQ-score-4.mp4,,,,,,
Motorcycle repair,https://raw.githubusercontent.com/ariel-at-brightdata/labeling/main/motorcycle-small-engine-repair_channels/mp4/UCdofqWKNPM7cqu6F6MJrptg-score-5.mp4,,,,,,
Motorcycle repair,https://raw.githubusercontent.com/ariel-at-brightdata/labeling/main/motorcycle-small-engine-repair_channels/mp4/UCdr9ZYMgSGlgyWxCRJNjHig-score-4.mp4,,,,,,
Motorcycle repair,https://raw.githubusercontent.com/ariel-at-brightdata/labeling/main/motorcycle-small-engine-repair_channels/mp4/UCdsLOrTkgPRQu-o8_PI24yw-score-5.mp4,,,,,,
Motorcycle repair,https://raw.githubusercontent.com/ariel-at-brightdata/labeling/main/motorcycle-small-engine-repair_channels/mp4/UCdtgXuF9B03rry5Ram5mwiA-score-4.mp4,,,,,,
Motorcycle repair,https://raw.githubusercontent.com/ariel-at-brightdata/labeling/main/motorcycle-small-engine-repair_channels/mp4/UCdwn_bkDYWrqmeIfuSm0MnA-score-4.mp4,,,,,,
Motorcycle repair,https://raw.githubusercontent.com/ariel-at-brightdata/labeling/main/motorcycle-small-engine-repair_channels/mp4/UCeI1yrS1BtW_GKUeTailqsA-score-5.mp4,,,,,,
Motorcycle repair,https://raw.githubusercontent.com/ariel-at-brightdata/labeling/main/motorcycle-small-engine-repair_channels/mp4/UCeKZqe9XOIbIHh3Uoahfzdg-score-4.mp4,,,,,,
Motorcycle repair,https://raw.githubusercontent.com/ariel-at-brightdata/labeling/main/motorcycle-small-engine-repair_channels/mp4/UCeNbrdWmN8YkIaimUWIbtUA-score-4.mp4,,,,,,
Motorcycle repair,https://raw.githubusercontent.com/ariel-at-brightdata/labeling/main/motorcycle-small-engine-repair_channels/mp4/UCeRPnvfkIxgr31mKPrmEC6A-score-4.mp4,,,,,,
Motorcycle repair,https://raw.githubusercontent.com/ariel-at-brightdata/labeling/main/motorcycle-small-engine-repair_channels/mp4/UCeSonwlgkqZ-XdpMIVIyw2Q-score-5.mp4,,,,,,
Motorcycle repair,https://raw.githubusercontent.com/ariel-at-brightdata/labeling/main/motorcycle-small-engine-repair_channels/mp4/UCejvU67XD7b7VO0DnAQbHtw-score-5.mp4,,,,,,
Motorcycle repair,https://raw.githubusercontent.com/ariel-at-brightdata/labeling/main/motorcycle-small-engine-repair_channels/mp4/UCf-FH9BmjRpEhnkOGa-bT5w-score-5.mp4,,,,,,
Motorcycle repair,https://raw.githubusercontent.com/ariel-at-brightdata/labeling/main/motorcycle-small-engine-repair_channels/mp4/UCf0ZvBjSpKn21u-NRNHg2fA-score-4.mp4,,,,,,
Motorcycle repair,https://raw.githubusercontent.com/ariel-at-brightdata/labeling/main/motorcycle-small-engine-repair_channels/mp4/UCf0eT-2zvQznmnew8ekDsDg-score-4.mp4,,,,,,
Motorcycle repair,https://raw.githubusercontent.com/ariel-at-brightdata/labeling/main/motorcycle-small-engine-repair_channels/mp4/UCf3v6oGg3ACKz2GUjEDpm0A-score-4.mp4,,,,,,
Motorcycle repair,https://raw.githubusercontent.com/ariel-at-brightdata/labeling/main/motorcycle-small-engine-repair_channels/mp4/UCf4D2Kr1ZNbNJlwH4jnmrHQ-score-5.mp4,,,,,,
Motorcycle repair,https://raw.githubusercontent.com/ariel-at-brightdata/labeling/main/motorcycle-small-engine-repair_channels/mp4/UCf7CY9B-clVVGcEE03DUFdw-score-4.mp4,,,,,,
Motorcycle repair,https://raw.githubusercontent.com/ariel-at-brightdata/labeling/main/motorcycle-small-engine-repair_channels/mp4/UCfAwDgYbbGXs2fG67Qj79iQ-score-5.mp4,,,,,,
Motorcycle repair,https://raw.githubusercontent.com/ariel-at-brightdata/labeling/main/motorcycle-small-engine-repair_channels/mp4/UCfBimm1lKoF4DbzHasXuh8g-score-4.mp4,,,,,,
Motorcycle repair,https://raw.githubusercontent.com/ariel-at-brightdata/labeling/main/motorcycle-small-engine-repair_channels/mp4/UCfBowzl0c6hfqVGWDDlOCyg-score-4.mp4,,,,,,
Motorcycle repair,https://raw.githubusercontent.com/ariel-at-brightdata/labeling/main/motorcycle-small-engine-repair_channels/mp4/UCfK132QYQxI599LHv6fvMEQ-score-4.mp4,,,,,,
Motorcycle repair,https://raw.githubusercontent.com/ariel-at-brightdata/labeling/main/motorcycle-small-engine-repair_channels/mp4/UCfMko7icZnqW8no3S_ktoWQ-score-5.mp4,,,,,,
Motorcycle repair,https://raw.githubusercontent.com/ariel-at-brightdata/labeling/main/motorcycle-small-engine-repair_channels/mp4/UCfQ_UzV-8X9NRZmcN8z8_1A-score-4.mp4,,,,,,
Motorcycle repair,https://raw.githubusercontent.com/ariel-at-brightdata/labeling/main/motorcycle-small-engine-repair_channels/mp4/UCfRW5uKkQGrAGtFG0vRLjtQ-score-5.mp4,,,,,,
Motorcycle repair,https://raw.githubusercontent.com/ariel-at-brightdata/labeling/main/motorcycle-small-engine-repair_channels/mp4/UCfVe1aS9tXfekw-lj47IbaA-score-5.mp4,,,,,,
Motorcycle repair,https://raw.githubusercontent.com/ariel-at-brightdata/labeling/main/motorcycle-small-engine-repair_channels/mp4/UCfX9xwQJ-L8TGiqdV3LaTIw-score-4.mp4,,,,,,
Motorcycle repair,https://raw.githubusercontent.com/ariel-at-brightdata/labeling/main/motorcycle-small-engine-repair_channels/mp4/UCfXjAyeZ1wdz1REjEznpXVA-score-4.mp4,,,,,,
Motorcycle repair,https://raw.githubusercontent.com/ariel-at-brightdata/labeling/main/motorcycle-small-engine-repair_channels/mp4/UCfYJHQkFQa8bLo_S1pULkaw-score-4.mp4,,,,,,
Motorcycle repair,https://raw.githubusercontent.com/ariel-at-brightdata/labeling/main/motorcycle-small-engine-repair_channels/mp4/UCfYvaepEF4v7t2k_AJa0NYw-score-5.mp4,,,,,,
Motorcycle repair,https://raw.githubusercontent.com/ariel-at-brightdata/labeling/main/motorcycle-small-engine-repair_channels/mp4/UCfa9oksh9hNDxtCYSulZWyQ-score-4.mp4,,,,,,
Motorcycle repair,https://raw.githubusercontent.com/ariel-at-brightdata/labeling/main/motorcycle-small-engine-repair_channels/mp4/UCfe_kayLNhVzr-s_zbXZU0w-score-4.mp4,,,,,,
Motorcycle repair,https://raw.githubusercontent.com/ariel-at-brightdata/labeling/main/motorcycle-small-engine-repair_channels/mp4/UCfhGtdCuhg-sgGEtdqDP_6A-score-4.mp4,,,,,,
Motorcycle repair,https://raw.githubusercontent.com/ariel-at-brightdata/labeling/main/motorcycle-small-engine-repair_channels/mp4/UCfiWwy6SmOSORJmD9kQQIPg-score-4.mp4,,,,,,
Motorcycle repair,https://raw.githubusercontent.com/ariel-at-brightdata/labeling/main/motorcycle-small-engine-repair_channels/mp4/UCfiwX3gtEmej73KzKeuX3Lw-score-4.mp4,,,,,,
Motorcycle repair,https://raw.githubusercontent.com/ariel-at-brightdata/labeling/main/motorcycle-small-engine-repair_channels/mp4/UCfkDDeNPYeniHGQKeUBaczQ-score-5.mp4,,,,,,
Motorcycle repair,https://raw.githubusercontent.com/ariel-at-brightdata/labeling/main/motorcycle-small-engine-repair_channels/mp4/UCfo_f5H232pMDNpmVp1UhXQ-score-5.mp4,,,,,,
Motorcycle repair,https://raw.githubusercontent.com/ariel-at-brightdata/labeling/main/motorcycle-small-engine-repair_channels/mp4/UCfqM0mVwB9gHfq6Spxf5Yjg-score-5.mp4,,,,,,
Motorcycle repair,https://raw.githubusercontent.com/ariel-at-brightdata/labeling/main/motorcycle-small-engine-repair_channels/mp4/UCfw1dAzBu7FyCztIlrDlYTA-score-5.mp4,,,,,,
Motorcycle repair,https://raw.githubusercontent.com/ariel-at-brightdata/labeling/main/motorcycle-small-engine-repair_channels/mp4/UCfwWtxwB4QiQSxAPy40cjEw-score-4.mp4,,,,,,
Motorcycle repair,https://raw.githubusercontent.com/ariel-at-brightdata/labeling/main/motorcycle-small-engine-repair_channels/mp4/UCg44xwVoav9Kb4OBvsf-4Ww-score-4.mp4,,,,,,
Motorcycle repair,https://raw.githubusercontent.com/ariel-at-brightdata/labeling/main/motorcycle-small-engine-repair_channels/mp4/UCg4xv6aNMV6EXTplnjJnxQA-score-5.mp4,,,,,,
Motorcycle repair,https://raw.githubusercontent.com/ariel-at-brightdata/labeling/main/motorcycle-small-engine-repair_channels/mp4/UCg9VrTWaWdsbuhHu_Y8Jt1w-score-4.mp4,,,,,,
Motorcycle repair,https://raw.githubusercontent.com/ariel-at-brightdata/labeling/main/motorcycle-small-engine-repair_channels/mp4/UCgCoMlPzOJfeu2xbjZXZ7tw-score-5.mp4,,,,,,
Motorcycle repair,https://raw.githubusercontent.com/ariel-at-brightdata/labeling/main/motorcycle-small-engine-repair_channels/mp4/UCgEpPY73d7_x77GygRyQe7g-score-4.mp4,,,,,,
Motorcycle repair,https://raw.githubusercontent.com/ariel-at-brightdata/labeling/main/motorcycle-small-engine-repair_channels/mp4/UCgI5vpIt6eX-Wdk1LkD-Kpg-score-4.mp4,,,,,,
Motorcycle repair,https://raw.githubusercontent.com/ariel-at-brightdata/labeling/main/motorcycle-small-engine-repair_channels/mp4/UCgOWZdAJmeUBEFHVGxebT4g-score-4.mp4,,,,,,
Motorcycle repair,https://raw.githubusercontent.com/ariel-at-brightdata/labeling/main/motorcycle-small-engine-repair_channels/mp4/UCgQbe3ug8Y_gQu6jNINk_oA-score-4.mp4,,,,,,
Motorcycle repair,https://raw.githubusercontent.com/ariel-at-brightdata/labeling/main/motorcycle-small-engine-repair_channels/mp4/UCgTMcSRRSI0ePihBM9bMEIg-score-4.mp4,,,,,,
Motorcycle repair,https://raw.githubusercontent.com/ariel-at-brightdata/labeling/main/motorcycle-small-engine-repair_channels/mp4/UCgTiHWzfXRqpNejjsgVp3dg-score-4.mp4,,,,,,
Motorcycle repair,https://raw.githubusercontent.com/ariel-at-brightdata/labeling/main/motorcycle-small-engine-repair_channels/mp4/UCgXAMyeY7iTkfU6-4txk9fw-score-4.mp4,,,,,,
Motorcycle repair,https://raw.githubusercontent.com/ariel-at-brightdata/labeling/main/motorcycle-small-engine-repair_channels/mp4/UCgfDa2af0dWvU16xLmwvv-A-score-4.mp4,,,,,,
Motorcycle repair,https://raw.githubusercontent.com/ariel-at-brightdata/labeling/main/motorcycle-small-engine-repair_channels/mp4/UCgfJEu0iie5Jhz-tpURDI2A-score-4.mp4,,,,,,
Motorcycle repair,https://raw.githubusercontent.com/ariel-at-brightdata/labeling/main/motorcycle-small-engine-repair_channels/mp4/UCgjj5IDWTrnapzktlzo68Qg-score-4.mp4,,,,,,
Motorcycle repair,https://raw.githubusercontent.com/ariel-at-brightdata/labeling/main/motorcycle-small-engine-repair_channels/mp4/UCgkSaY1GJGsCC78M07CihDg-score-4.mp4,,,,,,
Motorcycle repair,https://raw.githubusercontent.com/ariel-at-brightdata/labeling/main/motorcycle-small-engine-repair_channels/mp4/UCgnDPQimSoMQ_HbKzDgJA5g-score-4.mp4,,,,,,
Motorcycle repair,https://raw.githubusercontent.com/ariel-at-brightdata/labeling/main/motorcycle-small-engine-repair_channels/mp4/UCgnfgeuKICJgwtb1rF8x_Vw-score-5.mp4,,,,,,
Motorcycle repair,https://raw.githubusercontent.com/ariel-at-brightdata/labeling/main/motorcycle-small-engine-repair_channels/mp4/UCgnxgIe3qxpjMx9O_oHoPHQ-score-5.mp4,,,,,,
Motorcycle repair,https://raw.githubusercontent.com/ariel-at-brightdata/labeling/main/motorcycle-small-engine-repair_channels/mp4/UCgw0G_5BRJz363uxuYNWQxg-score-4.mp4,,,,,,
Motorcycle repair,https://raw.githubusercontent.com/ariel-at-brightdata/labeling/main/motorcycle-small-engine-repair_channels/mp4/UCh5JvINwoD1GB6UyImU8bJQ-score-5.mp4,,,,,,
Motorcycle repair,https://raw.githubusercontent.com/ariel-at-brightdata/labeling/main/motorcycle-small-engine-repair_channels/mp4/UCh6HgmoBXE7Tr5zO9nEcXLQ-score-4.mp4,,,,,,
Motorcycle repair,https://raw.githubusercontent.com/ariel-at-brightdata/labeling/main/motorcycle-small-engine-repair_channels/mp4/UChCWBUSN_DXK8KgQ2nu9NOQ-score-4.mp4,,,,,,
Motorcycle repair,https://raw.githubusercontent.com/ariel-at-brightdata/labeling/main/motorcycle-small-engine-repair_channels/mp4/UChLIi2USs3Mrx6pifHSuMNw-score-4.mp4,,,,,,
Motorcycle repair,https://raw.githubusercontent.com/ariel-at-brightdata/labeling/main/motorcycle-small-engine-repair_channels/mp4/UChU_a_BYzZs526XMaw4uyJg-score-4.mp4,,,,,,
Motorcycle repair,https://raw.githubusercontent.com/ariel-at-brightdata/labeling/main/motorcycle-small-engine-repair_channels/mp4/UChXYqmljACEGAbmsQKyvzbg-score-4.mp4,,,,,,
Motorcycle repair,https://raw.githubusercontent.com/ariel-at-brightdata/labeling/main/motorcycle-small-engine-repair_channels/mp4/UChfEi5bFnAN-n2tYWJrTqGw-score-4.mp4,,,,,,
Motorcycle repair,https://raw.githubusercontent.com/ariel-at-brightdata/labeling/main/motorcycle-small-engine-repair_channels/mp4/UChghAnI2PXyQv6D1bpLdLmA-score-5.mp4,,,,,,
Motorcycle repair,https://raw.githubusercontent.com/ariel-at-brightdata/labeling/main/motorcycle-small-engine-repair_channels/mp4/UChqSpNhIfLF5GGQLv4Eh4Pw-score-5.mp4,,,,,,
Motorcycle repair,https://raw.githubusercontent.com/ariel-at-brightdata/labeling/main/motorcycle-small-engine-repair_channels/mp4/UChrxt9HqIR4_VpL337wNmgw-score-4.mp4,,,,,,
Motorcycle repair,https://raw.githubusercontent.com/ariel-at-brightdata/labeling/main/motorcycle-small-engine-repair_channels/mp4/UCi26xGXntcFAdl0sIxvbPAw-score-4.mp4,,,,,,
Motorcycle repair,https://raw.githubusercontent.com/ariel-at-brightdata/labeling/main/motorcycle-small-engine-repair_channels/mp4/UCiAIH9KihISPu6oPIpSZ37Q-score-5.mp4,,,,,,
Motorcycle repair,https://raw.githubusercontent.com/ariel-at-brightdata/labeling/main/motorcycle-small-engine-repair_channels/mp4/UCiAIqI_EWnK-X9Ri7sgnkKg-score-4.mp4,,,,,,
Motorcycle repair,https://raw.githubusercontent.com/ariel-at-brightdata/labeling/main/motorcycle-small-engine-repair_channels/mp4/UCiIdJa6PncjUBZ9o1B6K_pA-score-4.mp4,,,,,,
Motorcycle repair,https://raw.githubusercontent.com/ariel-at-brightdata/labeling/main/motorcycle-small-engine-repair_channels/mp4/UCiJrz4gU2Rfs4bKFYZDI1Ag-score-4.mp4,,,,,,
Motorcycle repair,https://raw.githubusercontent.com/ariel-at-brightdata/labeling/main/motorcycle-small-engine-repair_channels/mp4/UCiR73hul_QGVZzFDnrknnTg-score-4.mp4,,,,,,
Motorcycle repair,https://raw.githubusercontent.com/ariel-at-brightdata/labeling/main/motorcycle-small-engine-repair_channels/mp4/UCiRnnUxZVbpaMk19OIKMQug-score-4.mp4,,,,,,
Motorcycle repair,https://raw.githubusercontent.com/ariel-at-brightdata/labeling/main/motorcycle-small-engine-repair_channels/mp4/UCiUckD_9sgzDWYCWeCxAIlg-score-4.mp4,,,,,,
Motorcycle repair,https://raw.githubusercontent.com/ariel-at-brightdata/labeling/main/motorcycle-small-engine-repair_channels/mp4/UCiiyHZsluiNJHvWTmPqlG9g-score-4.mp4,,,,,,
Motorcycle repair,https://raw.githubusercontent.com/ariel-at-brightdata/labeling/main/motorcycle-small-engine-repair_channels/mp4/UCirNoV7fugjX7BISY6ezf5Q-score-4.mp4,,,,,,
Motorcycle repair,https://raw.githubusercontent.com/ariel-at-brightdata/labeling/main/motorcycle-small-engine-repair_channels/mp4/UCiz3vysLwVhXyKGj9DNQeOA-score-5.mp4,,,,,,
Motorcycle repair,https://raw.githubusercontent.com/ariel-at-brightdata/labeling/main/motorcycle-small-engine-repair_channels/mp4/UCizrVaXjryaDQ5qqo-L4NRQ-score-4.mp4,,,,,,
Motorcycle repair,https://raw.githubusercontent.com/ariel-at-brightdata/labeling/main/motorcycle-small-engine-repair_channels/mp4/UCj0IutEm85xgtqI6wBn4dww-score-4.mp4,,,,,,
Motorcycle repair,https://raw.githubusercontent.com/ariel-at-brightdata/labeling/main/motorcycle-small-engine-repair_channels/mp4/UCj3US17XikHSpU39vbkgbiQ-score-4.mp4,,,,,,
Motorcycle repair,https://raw.githubusercontent.com/ariel-at-brightdata/labeling/main/motorcycle-small-engine-repair_channels/mp4/UCj4hbNBjmdvXONmcxcLSNhg-score-4.mp4,,,,,,
Motorcycle repair,https://raw.githubusercontent.com/ariel-at-brightdata/labeling/main/motorcycle-small-engine-repair_channels/mp4/UCjB7gb5OX3TXiJOCNIrynnQ-score-4.mp4,,,,,,
Motorcycle repair,https://raw.githubusercontent.com/ariel-at-brightdata/labeling/main/motorcycle-small-engine-repair_channels/mp4/UCjBbHrgA26jUM7WcoG4_0ug-score-4.mp4,,,,,,
Motorcycle repair,https://raw.githubusercontent.com/ariel-at-brightdata/labeling/main/motorcycle-small-engine-repair_channels/mp4/UCjGx8NIXIeMWUx4Ud2dK-yA-score-4.mp4,,,,,,
Motorcycle repair,https://raw.githubusercontent.com/ariel-at-brightdata/labeling/main/motorcycle-small-engine-repair_channels/mp4/UCjJSRMhqdYsz2XKG5YyDqWQ-score-4.mp4,,,,,,
Motorcycle repair,https://raw.githubusercontent.com/ariel-at-brightdata/labeling/main/motorcycle-small-engine-repair_channels/mp4/UCjKw_qYZNJ5rsrEh4cC532A-score-4.mp4,,,,,,
Motorcycle repair,https://raw.githubusercontent.com/ariel-at-brightdata/labeling/main/motorcycle-small-engine-repair_channels/mp4/UCjN9-11hPHCAJ5P03bNGblg-score-5.mp4,,,,,,
Motorcycle repair,https://raw.githubusercontent.com/ariel-at-brightdata/labeling/main/motorcycle-small-engine-repair_channels/mp4/UCjUbQ6GLRXs2lbK-DHiEKPA-score-4.mp4,,,,,,
Motorcycle repair,https://raw.githubusercontent.com/ariel-at-brightdata/labeling/main/motorcycle-small-engine-repair_channels/mp4/UCjVhQlmIcXZwNqd1ZVF7vuA-score-4.mp4,,,,,,
Motorcycle repair,https://raw.githubusercontent.com/ariel-at-brightdata/labeling/main/motorcycle-small-engine-repair_channels/mp4/UCjWP9T6o3JSOPXzZos9kXsQ-score-5.mp4,,,,,,
Motorcycle repair,https://raw.githubusercontent.com/ariel-at-brightdata/labeling/main/motorcycle-small-engine-repair_channels/mp4/UCjYsJcagLUA9nN1Is2CbOEg-score-4.mp4,,,,,,
Motorcycle repair,https://raw.githubusercontent.com/ariel-at-brightdata/labeling/main/motorcycle-small-engine-repair_channels/mp4/UCja5RANK-LZmDjG2BeRbGpg-score-4.mp4,,,,,,
Motorcycle repair,https://raw.githubusercontent.com/ariel-at-brightdata/labeling/main/motorcycle-small-engine-repair_channels/mp4/UCjdya9V36VIOQfweFyJUXdA-score-5.mp4,,,,,,
Motorcycle repair,https://raw.githubusercontent.com/ariel-at-brightdata/labeling/main/motorcycle-small-engine-repair_channels/mp4/UCjeSvIcSOLWyFh925Z4NvbA-score-5.mp4,,,,,,
Motorcycle repair,https://raw.githubusercontent.com/ariel-at-brightdata/labeling/main/motorcycle-small-engine-repair_channels/mp4/UCjfLk-D1CbYgYvUAL6nvtEQ-score-4.mp4,,,,,,
Motorcycle repair,https://raw.githubusercontent.com/ariel-at-brightdata/labeling/main/motorcycle-small-engine-repair_channels/mp4/UCjopYdnqoYUTgHyCVpVfzww-score-5.mp4,,,,,,
Motorcycle repair,https://raw.githubusercontent.com/ariel-at-brightdata/labeling/main/motorcycle-small-engine-repair_channels/mp4/UCjpk818lMvGEiyu75iybVzw-score-4.mp4,,,,,,
Motorcycle repair,https://raw.githubusercontent.com/ariel-at-brightdata/labeling/main/motorcycle-small-engine-repair_channels/mp4/UCjq_jDVvjA4oCkXESk4ij9g-score-4.mp4,,,,,,
Motorcycle repair,https://raw.githubusercontent.com/ariel-at-brightdata/labeling/main/motorcycle-small-engine-repair_channels/mp4/UCjqzH4GFQPFYDeJ-chyeRXA-score-4.mp4,,,,,,
Motorcycle repair,https://raw.githubusercontent.com/ariel-at-brightdata/labeling/main/motorcycle-small-engine-repair_channels/mp4/UCjrDuNiJcdDhCSEnKFYTK8w-score-5.mp4,,,,,,
Motorcycle repair,https://raw.githubusercontent.com/ariel-at-brightdata/labeling/main/motorcycle-small-engine-repair_channels/mp4/UCjuP1VjtdgWvBykUp_jPnRg-score-5.mp4,,,,,,
Motorcycle repair,https://raw.githubusercontent.com/ariel-at-brightdata/labeling/main/motorcycle-small-engine-repair_channels/mp4/UCjuUVjozzt1kZfmq_z_v0Pg-score-4.mp4,,,,,,
Motorcycle repair,https://raw.githubusercontent.com/ariel-at-brightdata/labeling/main/motorcycle-small-engine-repair_channels/mp4/UCk8wQXtTd99RbIWqg6NT0AQ-score-4.mp4,,,,,,
Motorcycle repair,https://raw.githubusercontent.com/ariel-at-brightdata/labeling/main/motorcycle-small-engine-repair_channels/mp4/UCkAWK1muMmefDKgp1ApJ5_g-score-4.mp4,,,,,,
Motorcycle repair,https://raw.githubusercontent.com/ariel-at-brightdata/labeling/main/motorcycle-small-engine-repair_channels/mp4/UCkCoNcDrTxuhUNt-gHqoVTg-score-4.mp4,,,,,,
Motorcycle repair,https://raw.githubusercontent.com/ariel-at-brightdata/labeling/main/motorcycle-small-engine-repair_channels/mp4/UCkGlaSYGoOAVtu1U-v-RF8Q-score-4.mp4,,,,,,
Motorcycle repair,https://raw.githubusercontent.com/ariel-at-brightdata/labeling/main/motorcycle-small-engine-repair_channels/mp4/UCkIAAEQP8mFLLMqk5wqi9WQ-score-5.mp4,,,,,,
Motorcycle repair,https://raw.githubusercontent.com/ariel-at-brightdata/labeling/main/motorcycle-small-engine-repair_channels/mp4/UCkJPCelkkavYPRZPbSV2L1w-score-4.mp4,,,,,,
Motorcycle repair,https://raw.githubusercontent.com/ariel-at-brightdata/labeling/main/motorcycle-small-engine-repair_channels/mp4/UCkJfNuCvPwQLUF9fpiooVDA-score-4.mp4,,,,,,
Motorcycle repair,https://raw.githubusercontent.com/ariel-at-brightdata/labeling/main/motorcycle-small-engine-repair_channels/mp4/UCkK6mwnDdOiALHiZyV7Np8g-score-4.mp4,,,,,,
Motorcycle repair,https://raw.githubusercontent.com/ariel-at-brightdata/labeling/main/motorcycle-small-engine-repair_channels/mp4/UCkKBBJFiIYEpxWqNp3u-56w-score-4.mp4,,,,,,
Motorcycle repair,https://raw.githubusercontent.com/ariel-at-brightdata/labeling/main/motorcycle-small-engine-repair_channels/mp4/UCkO8kTOYy0XufFtbU361xRg-score-4.mp4,,,,,,
Motorcycle repair,https://raw.githubusercontent.com/ariel-at-brightdata/labeling/main/motorcycle-small-engine-repair_channels/mp4/UCkPxzCBgQMfnW9H9bQ0OKXQ-score-4.mp4,,,,,,
Motorcycle repair,https://raw.githubusercontent.com/ariel-at-brightdata/labeling/main/motorcycle-small-engine-repair_channels/mp4/UCkT3vlQIySUJ7AMc8Zkp8-g-score-5.mp4,,,,,,
Motorcycle repair,https://raw.githubusercontent.com/ariel-at-brightdata/labeling/main/motorcycle-small-engine-repair_channels/mp4/UCkVLCaSzy-WwyOy4OzFFJZA-score-4.mp4,,,,,,
Motorcycle repair,https://raw.githubusercontent.com/ariel-at-brightdata/labeling/main/motorcycle-small-engine-repair_channels/mp4/UCkWznzc1GZtaGrJJcmK25Cg-score-5.mp4,,,,,,
Motorcycle repair,https://raw.githubusercontent.com/ariel-at-brightdata/labeling/main/motorcycle-small-engine-repair_channels/mp4/UCkX0h7cVIzJ59RK2nsdUOSQ-score-5.mp4,,,,,,
Motorcycle repair,https://raw.githubusercontent.com/ariel-at-brightdata/labeling/main/motorcycle-small-engine-repair_channels/mp4/UCkanlTeBDTUwuCHV5ulpy8A-score-4.mp4,,,,,,
Motorcycle repair,https://raw.githubusercontent.com/ariel-at-brightdata/labeling/main/motorcycle-small-engine-repair_channels/mp4/UCkb1mdMFGkJjdTWwTBnABKw-score-4.mp4,,,,,,
Motorcycle repair,https://raw.githubusercontent.com/ariel-at-brightdata/labeling/main/motorcycle-small-engine-repair_channels/mp4/UCkdht_Hnk23ohx2KlIlbjxw-score-4.mp4,,,,,,
Motorcycle repair,https://raw.githubusercontent.com/ariel-at-brightdata/labeling/main/motorcycle-small-engine-repair_channels/mp4/UCkp6jRVJcVp8ELLSoMlIyyQ-score-4.mp4,,,,,,
Motorcycle repair,https://raw.githubusercontent.com/ariel-at-brightdata/labeling/main/motorcycle-small-engine-repair_channels/mp4/UCkpVQnmE2pm5zMjEWiQmA-g-score-4.mp4,,,,,,
Motorcycle repair,https://raw.githubusercontent.com/ariel-at-brightdata/labeling/main/motorcycle-small-engine-repair_channels/mp4/UCkvvtRIR7OLswr-SsHPDqhQ-score-5.mp4,,,,,,
Motorcycle repair,https://raw.githubusercontent.com/ariel-at-brightdata/labeling/main/motorcycle-small-engine-repair_channels/mp4/UCkzAmBY0DohjYsNvysBXW_w-score-4.mp4,,,,,,
Motorcycle repair,https://raw.githubusercontent.com/ariel-at-brightdata/labeling/main/motorcycle-small-engine-repair_channels/mp4/UCl4XV_ekQ3EoLkPi0XyMp2g-score-4.mp4,,,,,,
Motorcycle repair,https://raw.githubusercontent.com/ariel-at-brightdata/labeling/main/motorcycle-small-engine-repair_channels/mp4/UCl7TVquO56GlIFv69bEE_uA-score-4.mp4,,,,,,
Motorcycle repair,https://raw.githubusercontent.com/ariel-at-brightdata/labeling/main/motorcycle-small-engine-repair_channels/mp4/UClAHdEm7SUM03B_PhpzH1vA-score-4.mp4,,,,,,
Motorcycle repair,https://raw.githubusercontent.com/ariel-at-brightdata/labeling/main/motorcycle-small-engine-repair_channels/mp4/UClBB6uHeIOti-8XR9vDw_sg-score-5.mp4,,,,,,
Motorcycle repair,https://raw.githubusercontent.com/ariel-at-brightdata/labeling/main/motorcycle-small-engine-repair_channels/mp4/UClJY-5HHtMXRF7rjHsuUgTA-score-4.mp4,,,,,,
Motorcycle repair,https://raw.githubusercontent.com/ariel-at-brightdata/labeling/main/motorcycle-small-engine-repair_channels/mp4/UClKPVNwzxZT8dKsujz13S8A-score-4.mp4,,,,,,
Motorcycle repair,https://raw.githubusercontent.com/ariel-at-brightdata/labeling/main/motorcycle-small-engine-repair_channels/mp4/UClN605tjrle9UIifsON9_CA-score-4.mp4,,,,,,
Motorcycle repair,https://raw.githubusercontent.com/ariel-at-brightdata/labeling/main/motorcycle-small-engine-repair_channels/mp4/UClSzppR5pls0_KVcsl83yEw-score-4.mp4,,,,,,
Motorcycle repair,https://raw.githubusercontent.com/ariel-at-brightdata/labeling/main/motorcycle-small-engine-repair_channels/mp4/UClZ4wxspZSdMwMGVfo-dz-Q-score-4.mp4,,,,,,
Motorcycle repair,https://raw.githubusercontent.com/ariel-at-brightdata/labeling/main/motorcycle-small-engine-repair_channels/mp4/UCldPSEB819gI5aKdXQ6jixA-score-4.mp4,,,,,,
Motorcycle repair,https://raw.githubusercontent.com/ariel-at-brightdata/labeling/main/motorcycle-small-engine-repair_channels/mp4/UCle1tLx9ErXjLDaZUOHIy6w-score-5.mp4,,,,,,
Motorcycle repair,https://raw.githubusercontent.com/ariel-at-brightdata/labeling/main/motorcycle-small-engine-repair_channels/mp4/UClljhWVu1wLJRTuc4cP5cOQ-score-5.mp4,,,,,,
Motorcycle repair,https://raw.githubusercontent.com/ariel-at-brightdata/labeling/main/motorcycle-small-engine-repair_channels/mp4/UClsB9EF4Jsc2RXbHtaOJduA-score-5.mp4,,,,,,
Motorcycle repair,https://raw.githubusercontent.com/ariel-at-brightdata/labeling/main/motorcycle-small-engine-repair_channels/mp4/UClu0YKwPZR7fX6PpQf5LAgQ-score-4.mp4,,,,,,
Motorcycle repair,https://raw.githubusercontent.com/ariel-at-brightdata/labeling/main/motorcycle-small-engine-repair_channels/mp4/UClv7X3q__xcdaW32eqEb5Pg-score-5.mp4,,,,,,
Motorcycle repair,https://raw.githubusercontent.com/ariel-at-brightdata/labeling/main/motorcycle-small-engine-repair_channels/mp4/UClvc2vG8D6Ry5O9NVtr1Daw-score-4.mp4,,,,,,
Motorcycle repair,https://raw.githubusercontent.com/ariel-at-brightdata/labeling/main/motorcycle-small-engine-repair_channels/mp4/UCm-HbJSAbO0h5YJwi2j0PUw-score-4.mp4,,,,,,
Motorcycle repair,https://raw.githubusercontent.com/ariel-at-brightdata/labeling/main/motorcycle-small-engine-repair_channels/mp4/UCm13D9WvmIn8RqO368kRE4g-score-4.mp4,,,,,,
Motorcycle repair,https://raw.githubusercontent.com/ariel-at-brightdata/labeling/main/motorcycle-small-engine-repair_channels/mp4/UCm2_ex9tLqZI5Ji0-bWv86A-score-5.mp4,,,,,,
Motorcycle repair,https://raw.githubusercontent.com/ariel-at-brightdata/labeling/main/motorcycle-small-engine-repair_channels/mp4/UCm2iLBXLC73vPu_3M4y4b3Q-score-4.mp4,,,,,,
Motorcycle repair,https://raw.githubusercontent.com/ariel-at-brightdata/labeling/main/motorcycle-small-engine-repair_channels/mp4/UCm51y4iV9NH935LbfUg1ZuQ-score-5.mp4,,,,,,
Motorcycle repair,https://raw.githubusercontent.com/ariel-at-brightdata/labeling/main/motorcycle-small-engine-repair_channels/mp4/UCm8kvQiQVxJBiCj0Jgeuc1w-score-4.mp4,,,,,,
Motorcycle repair,https://raw.githubusercontent.com/ariel-at-brightdata/labeling/main/motorcycle-small-engine-repair_channels/mp4/UCm9E2qxzx9ne_TkTNasbwhg-score-5.mp4,,,,,,
Motorcycle repair,https://raw.githubusercontent.com/ariel-at-brightdata/labeling/main/motorcycle-small-engine-repair_channels/mp4/UCm9y7lDZw0L2H1mXfyHJ-Jw-score-4.mp4,,,,,,
Motorcycle repair,https://raw.githubusercontent.com/ariel-at-brightdata/labeling/main/motorcycle-small-engine-repair_channels/mp4/UCmDKo9Eq-yzlWhjhX-Yn81Q-score-5.mp4,,,,,,
Motorcycle repair,https://raw.githubusercontent.com/ariel-at-brightdata/labeling/main/motorcycle-small-engine-repair_channels/mp4/UCmF1WcsE6twH_w00VJSeSJg-score-4.mp4,,,,,,
Motorcycle repair,https://raw.githubusercontent.com/ariel-at-brightdata/labeling/main/motorcycle-small-engine-repair_channels/mp4/UCmFN55B57UOm9mFNfiynYCg-score-5.mp4,,,,,,
Motorcycle repair,https://raw.githubusercontent.com/ariel-at-brightdata/labeling/main/motorcycle-small-engine-repair_channels/mp4/UCmILXsZG6pSRdnwXzgaUuPA-score-4.mp4,,,,,,
Motorcycle repair,https://raw.githubusercontent.com/ariel-at-brightdata/labeling/main/motorcycle-small-engine-repair_channels/mp4/UCmPFUjc3tCLnzLvOZ6MGjBQ-score-5.mp4,,,,,,
Motorcycle repair,https://raw.githubusercontent.com/ariel-at-brightdata/labeling/main/motorcycle-small-engine-repair_channels/mp4/UCmQI0fZCxQmw20STu658eOA-score-4.mp4,,,,,,
Motorcycle repair,https://raw.githubusercontent.com/ariel-at-brightdata/labeling/main/motorcycle-small-engine-repair_channels/mp4/UCmUbiP_MS1h7kEeYNauv5Xg-score-4.mp4,,,,,,
Motorcycle repair,https://raw.githubusercontent.com/ariel-at-brightdata/labeling/main/motorcycle-small-engine-repair_channels/mp4/UCmaGSa1UsdYTIJ_-uBuNvnQ-score-5.mp4,,,,,,
Motorcycle repair,https://raw.githubusercontent.com/ariel-at-brightdata/labeling/main/motorcycle-small-engine-repair_channels/mp4/UCmbNKNuyUfnbJmcPOjA0nTA-score-5.mp4,,,,,,
Motorcycle repair,https://raw.githubusercontent.com/ariel-at-brightdata/labeling/main/motorcycle-small-engine-repair_channels/mp4/UCmcm9R315hkT4AJytyTdJgQ-score-5.mp4,,,,,,
Motorcycle repair,https://raw.githubusercontent.com/ariel-at-brightdata/labeling/main/motorcycle-small-engine-repair_channels/mp4/UCmlp1YBtt0b3gv4SrfcSlcQ-score-5.mp4,,,,,,
Motorcycle repair,https://raw.githubusercontent.com/ariel-at-brightdata/labeling/main/motorcycle-small-engine-repair_channels/mp4/UCmm9JCP8XYP4T2ELUSOo8Ag-score-5.mp4,,,,,,
Motorcycle repair,https://raw.githubusercontent.com/ariel-at-brightdata/labeling/main/motorcycle-small-engine-repair_channels/mp4/UCmnkWx-foSeQrVALDQoIFpg-score-5.mp4,,,,,,
Motorcycle repair,https://raw.githubusercontent.com/ariel-at-brightdata/labeling/main/motorcycle-small-engine-repair_channels/mp4/UCmt-Ao3LSaw3AkwWZcsA_ug-score-4.mp4,,,,,,
Motorcycle repair,https://raw.githubusercontent.com/ariel-at-brightdata/labeling/main/motorcycle-small-engine-repair_channels/mp4/UCmysn0BBP7_sVF8J5pfFiqg-score-4.mp4,,,,,,
Motorcycle repair,https://raw.githubusercontent.com/ariel-at-brightdata/labeling/main/motorcycle-small-engine-repair_channels/mp4/UCn6NrIAseqfIobTuBZNNc8w-score-4.mp4,,,,,,
Motorcycle repair,https://raw.githubusercontent.com/ariel-at-brightdata/labeling/main/motorcycle-small-engine-repair_channels/mp4/UCn7kQltxS_HXvHt_TpA80Sw-score-4.mp4,,,,,,
Motorcycle repair,https://raw.githubusercontent.com/ariel-at-brightdata/labeling/main/motorcycle-small-engine-repair_channels/mp4/UCnCJ8F37fcQofPRwmcEnPCQ-score-4.mp4,,,,,,
Motorcycle repair,https://raw.githubusercontent.com/ariel-at-brightdata/labeling/main/motorcycle-small-engine-repair_channels/mp4/UCnCqEs_etRYWAtiKDRI8UKg-score-4.mp4,,,,,,
Motorcycle repair,https://raw.githubusercontent.com/ariel-at-brightdata/labeling/main/motorcycle-small-engine-repair_channels/mp4/UCnJWSKme7gTpeuc4pzDhfHg-score-4.mp4,,,,,,
Motorcycle repair,https://raw.githubusercontent.com/ariel-at-brightdata/labeling/main/motorcycle-small-engine-repair_channels/mp4/UCnJtCJoUIzOi0urIDivOVsQ-score-5.mp4,,,,,,
Motorcycle repair,https://raw.githubusercontent.com/ariel-at-brightdata/labeling/main/motorcycle-small-engine-repair_channels/mp4/UCnKZiAfET-4JN5kZZNjMiQQ-score-4.mp4,,,,,,
Motorcycle repair,https://raw.githubusercontent.com/ariel-at-brightdata/labeling/main/motorcycle-small-engine-repair_channels/mp4/UCnMoZ5MpfcLZaMHuDOnzRMA-score-5.mp4,,,,,,
Motorcycle repair,https://raw.githubusercontent.com/ariel-at-brightdata/labeling/main/motorcycle-small-engine-repair_channels/mp4/UCnPZBr-i_YprRTToe8wQQ-w-score-4.mp4,,,,,,
Motorcycle repair,https://raw.githubusercontent.com/ariel-at-brightdata/labeling/main/motorcycle-small-engine-repair_channels/mp4/UCnS4UnF3_BkxAKIWjMx2U7A-score-4.mp4,,,,,,
Motorcycle repair,https://raw.githubusercontent.com/ariel-at-brightdata/labeling/main/motorcycle-small-engine-repair_channels/mp4/UCnU4L4gJWoz5sV5e0KB49ag-score-4.mp4,,,,,,
Motorcycle repair,https://raw.githubusercontent.com/ariel-at-brightdata/labeling/main/motorcycle-small-engine-repair_channels/mp4/UCnUOLTxgO9C1I4cgj3GshAA-score-4.mp4,,,,,,
Motorcycle repair,https://raw.githubusercontent.com/ariel-at-brightdata/labeling/main/motorcycle-small-engine-repair_channels/mp4/UCnU_dRsm-ffaP43ppZ6h_Uw-score-4.mp4,,,,,,
Motorcycle repair,https://raw.githubusercontent.com/ariel-at-brightdata/labeling/main/motorcycle-small-engine-repair_channels/mp4/UCnZUDXkl3EwFdnMmTdOm4tw-score-4.mp4,,,,,,
Motorcycle repair,https://raw.githubusercontent.com/ariel-at-brightdata/labeling/main/motorcycle-small-engine-repair_channels/mp4/UCnca3D75LV-HA2vEGILlO9Q-score-4.mp4,,,,,,
Motorcycle repair,https://raw.githubusercontent.com/ariel-at-brightdata/labeling/main/motorcycle-small-engine-repair_channels/mp4/UCnhG750O8FXdvkvUG77BhIA-score-4.mp4,,,,,,
Motorcycle repair,https://raw.githubusercontent.com/ariel-at-brightdata/labeling/main/motorcycle-small-engine-repair_channels/mp4/UCni32YWv5_PIiwfNv4v56Nw-score-4.mp4,,,,,,
Motorcycle repair,https://raw.githubusercontent.com/ariel-at-brightdata/labeling/main/motorcycle-small-engine-repair_channels/mp4/UCni9CJRfw-aHWlpNWSOQDmA-score-4.mp4,,,,,,
Motorcycle repair,https://raw.githubusercontent.com/ariel-at-brightdata/labeling/main/motorcycle-small-engine-repair_channels/mp4/UCnkbHiwYZlewZP-YOc8Pzgw-score-5.mp4,,,,,,
Motorcycle repair,https://raw.githubusercontent.com/ariel-at-brightdata/labeling/main/motorcycle-small-engine-repair_channels/mp4/UCnz40022dsN-F-uONTssVug-score-5.mp4,,,,,,
Motorcycle repair,https://raw.githubusercontent.com/ariel-at-brightdata/labeling/main/motorcycle-small-engine-repair_channels/mp4/UCo-f54CCU-FzGbL5wniWaeA-score-4.mp4,,,,,,
Motorcycle repair,https://raw.githubusercontent.com/ariel-at-brightdata/labeling/main/motorcycle-small-engine-repair_channels/mp4/UCo0HrjlWYm2LypE5zWbWlcA-score-4.mp4,,,,,,
Motorcycle repair,https://raw.githubusercontent.com/ariel-at-brightdata/labeling/main/motorcycle-small-engine-repair_channels/mp4/UCo2zp6PkT80klBCYnVPigwQ-score-4.mp4,,,,,,
Motorcycle repair,https://raw.githubusercontent.com/ariel-at-brightdata/labeling/main/motorcycle-small-engine-repair_channels/mp4/UCo4bKaRbyyD2V88tTuve6xg-score-5.mp4,,,,,,
Motorcycle repair,https://raw.githubusercontent.com/ariel-at-brightdata/labeling/main/motorcycle-small-engine-repair_channels/mp4/UCo5DgsP5YSoe04q7ypIM1Bw-score-4.mp4,,,,,,
Motorcycle repair,https://raw.githubusercontent.com/ariel-at-brightdata/labeling/main/motorcycle-small-engine-repair_channels/mp4/UCo6hOCe_U52GNnZ7HSLjH3A-score-5.mp4,,,,,,
Motorcycle repair,https://raw.githubusercontent.com/ariel-at-brightdata/labeling/main/motorcycle-small-engine-repair_channels/mp4/UCo7iSpBrmeQCnGl6L1_xP0Q-score-4.mp4,,,,,,
Motorcycle repair,https://raw.githubusercontent.com/ariel-at-brightdata/labeling/main/motorcycle-small-engine-repair_channels/mp4/UCo8_PWpkOmMm4p1r_znHW9g-score-4.mp4,,,,,,
Motorcycle repair,https://raw.githubusercontent.com/ariel-at-brightdata/labeling/main/motorcycle-small-engine-repair_channels/mp4/UCoAgwosBxki1ecFQrMf7FTg-score-4.mp4,,,,,,
Motorcycle repair,https://raw.githubusercontent.com/ariel-at-brightdata/labeling/main/motorcycle-small-engine-repair_channels/mp4/UCoJiOATJTe_1g_i2oPm_amQ-score-4.mp4,,,,,,
Motorcycle repair,https://raw.githubusercontent.com/ariel-at-brightdata/labeling/main/motorcycle-small-engine-repair_channels/mp4/UCoMqm_F3uZp_wCufqmtVKuA-score-4.mp4,,,,,,
Motorcycle repair,https://raw.githubusercontent.com/ariel-at-brightdata/labeling/main/motorcycle-small-engine-repair_channels/mp4/UCoN0KvW9FmBo6OIzrGPSd9g-score-5.mp4,,,,,,
Motorcycle repair,https://raw.githubusercontent.com/ariel-at-brightdata/labeling/main/motorcycle-small-engine-repair_channels/mp4/UCoTgxUYbE8Go6i74a5fni4Q-score-5.mp4,,,,,,
Motorcycle repair,https://raw.githubusercontent.com/ariel-at-brightdata/labeling/main/motorcycle-small-engine-repair_channels/mp4/UCoXn4MjmIwWLhVI2L8FcNjQ-score-5.mp4,,,,,,
Motorcycle repair,https://raw.githubusercontent.com/ariel-at-brightdata/labeling/main/motorcycle-small-engine-repair_channels/mp4/UCoccvZmGapWKOLlOrT1K4lA-score-4.mp4,,,,,,
Motorcycle repair,https://raw.githubusercontent.com/ariel-at-brightdata/labeling/main/motorcycle-small-engine-repair_channels/mp4/UCocvU-Y3B3MHE9vRzvC8MHw-score-4.mp4,,,,,,
Motorcycle repair,https://raw.githubusercontent.com/ariel-at-brightdata/labeling/main/motorcycle-small-engine-repair_channels/mp4/UCohdB8NiwEhFT-1_4p26otw-score-4.mp4,,,,,,
Motorcycle repair,https://raw.githubusercontent.com/ariel-at-brightdata/labeling/main/motorcycle-small-engine-repair_channels/mp4/UCok85e3DxqXeF3j_JqzMh2g-score-4.mp4,,,,,,
Motorcycle repair,https://raw.githubusercontent.com/ariel-at-brightdata/labeling/main/motorcycle-small-engine-repair_channels/mp4/UCokUo2q4Gx_4xvF2BiM0Zeg-score-5.mp4,,,,,,
Motorcycle repair,https://raw.githubusercontent.com/ariel-at-brightdata/labeling/main/motorcycle-small-engine-repair_channels/mp4/UCooYqjsHM89B4Z9Er2gPJPA-score-4.mp4,,,,,,
Motorcycle repair,https://raw.githubusercontent.com/ariel-at-brightdata/labeling/main/motorcycle-small-engine-repair_channels/mp4/UCosyjUxc2dSMBNzVin9uPTQ-score-4.mp4,,,,,,
Motorcycle repair,https://raw.githubusercontent.com/ariel-at-brightdata/labeling/main/motorcycle-small-engine-repair_channels/mp4/UCotHyzKRJrF-1iFTV9Higrw-score-4.mp4,,,,,,
Motorcycle repair,https://raw.githubusercontent.com/ariel-at-brightdata/labeling/main/motorcycle-small-engine-repair_channels/mp4/UCow-2dnxAIDKAfLPuEU7ieA-score-4.mp4,,,,,,
Motorcycle repair,https://raw.githubusercontent.com/ariel-at-brightdata/labeling/main/motorcycle-small-engine-repair_channels/mp4/UCoxl1_uFRoGQqXqGZLUxJCQ-score-4.mp4,,,,,,
Motorcycle repair,https://raw.githubusercontent.com/ariel-at-brightdata/labeling/main/motorcycle-small-engine-repair_channels/mp4/UCozQ5X_vVuGGIWmvlLcsWQQ-score-4.mp4,,,,,,
Motorcycle repair,https://raw.githubusercontent.com/ariel-at-brightdata/labeling/main/motorcycle-small-engine-repair_channels/mp4/UCp1LCiKXsAv3qg_zEIkYMHA-score-4.mp4,,,,,,
Motorcycle repair,https://raw.githubusercontent.com/ariel-at-brightdata/labeling/main/motorcycle-small-engine-repair_channels/mp4/UCp1Rn9AlO0XlYZpjRad6a8g-score-4.mp4,,,,,,
Motorcycle repair,https://raw.githubusercontent.com/ariel-at-brightdata/labeling/main/motorcycle-small-engine-repair_channels/mp4/UCp4MnVqzywW6hxSQp34rjcQ-score-4.mp4,,,,,,
Motorcycle repair,https://raw.githubusercontent.com/ariel-at-brightdata/labeling/main/motorcycle-small-engine-repair_channels/mp4/UCp5-EMjWWLAdFRo9Aci9r1w-score-4.mp4,,,,,,
Motorcycle repair,https://raw.githubusercontent.com/ariel-at-brightdata/labeling/main/motorcycle-small-engine-repair_channels/mp4/UCp736LR_stDuziFOAOQwsaQ-score-4.mp4,,,,,,
Motorcycle repair,https://raw.githubusercontent.com/ariel-at-brightdata/labeling/main/motorcycle-small-engine-repair_channels/mp4/UCp9NPbe_0aLLruiR0JdDRSA-score-4.mp4,,,,,,
Motorcycle repair,https://raw.githubusercontent.com/ariel-at-brightdata/labeling/main/motorcycle-small-engine-repair_channels/mp4/UCp9jaii9DZ8QfUIM9PWK1Gw-score-5.mp4,,,,,,
Motorcycle repair,https://raw.githubusercontent.com/ariel-at-brightdata/labeling/main/motorcycle-small-engine-repair_channels/mp4/UCpBnyb9q9BGZzAgZIHpjmkA-score-4.mp4,,,,,,
Motorcycle repair,https://raw.githubusercontent.com/ariel-at-brightdata/labeling/main/motorcycle-small-engine-repair_channels/mp4/UCpEzgptdr4MQ_31o5bUPdbg-score-4.mp4,,,,,,
Motorcycle repair,https://raw.githubusercontent.com/ariel-at-brightdata/labeling/main/motorcycle-small-engine-repair_channels/mp4/UCpHmjomCSyz7C4Du90g1kHw-score-4.mp4,,,,,,
Motorcycle repair,https://raw.githubusercontent.com/ariel-at-brightdata/labeling/main/motorcycle-small-engine-repair_channels/mp4/UCpJIVLWUHHZIqSuj064A3cw-score-4.mp4,,,,,,
Motorcycle repair,https://raw.githubusercontent.com/ariel-at-brightdata/labeling/main/motorcycle-small-engine-repair_channels/mp4/UCpP4GI3LR-o2x3_fiZ9LP7w-score-5.mp4,,,,,,
Motorcycle repair,https://raw.githubusercontent.com/ariel-at-brightdata/labeling/main/motorcycle-small-engine-repair_channels/mp4/UCpPOsYDvX0I_4sg7mtzKfRw-score-4.mp4,,,,,,
Motorcycle repair,https://raw.githubusercontent.com/ariel-at-brightdata/labeling/main/motorcycle-small-engine-repair_channels/mp4/UCpZ7H_lHbMUqqw0Gn4i8JVA-score-4.mp4,,,,,,
Motorcycle repair,https://raw.githubusercontent.com/ariel-at-brightdata/labeling/main/motorcycle-small-engine-repair_channels/mp4/UCpcdWG6Vy7XYshLYbfxFQWw-score-4.mp4,,,,,,
Motorcycle repair,https://raw.githubusercontent.com/ariel-at-brightdata/labeling/main/motorcycle-small-engine-repair_channels/mp4/UCphlpXyt_XwSLzIRcqY4Msg-score-4.mp4,,,,,,
Motorcycle repair,https://raw.githubusercontent.com/ariel-at-brightdata/labeling/main/motorcycle-small-engine-repair_channels/mp4/UCpkfaPsYep4wZVPIz8mhW6A-score-5.mp4,,,,,,
Motorcycle repair,https://raw.githubusercontent.com/ariel-at-brightdata/labeling/main/motorcycle-small-engine-repair_channels/mp4/UCpqca7L2YYDN-BIHUQ2TfAA-score-5.mp4,,,,,,
Motorcycle repair,https://raw.githubusercontent.com/ariel-at-brightdata/labeling/main/motorcycle-small-engine-repair_channels/mp4/UCpu-AkLKkRtWTdD9_ICF8SQ-score-4.mp4,,,,,,
Motorcycle repair,https://raw.githubusercontent.com/ariel-at-brightdata/labeling/main/motorcycle-small-engine-repair_channels/mp4/UCpvf_uSPZdLgB__NN9Gw69w-score-4.mp4,,,,,,
Motorcycle repair,https://raw.githubusercontent.com/ariel-at-brightdata/labeling/main/motorcycle-small-engine-repair_channels/mp4/UCq4BtIjk85BPAaHy2nx_9Gw-score-5.mp4,,,,,,
Motorcycle repair,https://raw.githubusercontent.com/ariel-at-brightdata/labeling/main/motorcycle-small-engine-repair_channels/mp4/UCq54MwTUmDgitPfIkMu08sQ-score-4.mp4,,,,,,
Motorcycle repair,https://raw.githubusercontent.com/ariel-at-brightdata/labeling/main/motorcycle-small-engine-repair_channels/mp4/UCq6b3fityx3Glka6S14A-2g-score-5.mp4,,,,,,
Motorcycle repair,https://raw.githubusercontent.com/ariel-at-brightdata/labeling/main/motorcycle-small-engine-repair_channels/mp4/UCqAIyTTw5GvNr60l7G4Acmw-score-4.mp4,,,,,,
Motorcycle repair,https://raw.githubusercontent.com/ariel-at-brightdata/labeling/main/motorcycle-small-engine-repair_channels/mp4/UCqGbXNCGXg7KgNyRAjSSHTQ-score-5.mp4,,,,,,
Motorcycle repair,https://raw.githubusercontent.com/ariel-at-brightdata/labeling/main/motorcycle-small-engine-repair_channels/mp4/UCqHYj_pBMoBL2Ev1nZOkaZA-score-5.mp4,,,,,,
Motorcycle repair,https://raw.githubusercontent.com/ariel-at-brightdata/labeling/main/motorcycle-small-engine-repair_channels/mp4/UCqI2HZ1_B1asBWHpMq2GQZg-score-4.mp4,,,,,,
Motorcycle repair,https://raw.githubusercontent.com/ariel-at-brightdata/labeling/main/motorcycle-small-engine-repair_channels/mp4/UCqYEyZAPfejZAVX2E4i31bg-score-4.mp4,,,,,,
Motorcycle repair,https://raw.githubusercontent.com/ariel-at-brightdata/labeling/main/motorcycle-small-engine-repair_channels/mp4/UCq_Di2nc2bxcaXpN7bfKZtg-score-4.mp4,,,,,,
Motorcycle repair,https://raw.githubusercontent.com/ariel-at-brightdata/labeling/main/motorcycle-small-engine-repair_channels/mp4/UCqdW9EI6o-5tGbJmN8NXZ0Q-score-4.mp4,,,,,,
Motorcycle repair,https://raw.githubusercontent.com/ariel-at-brightdata/labeling/main/motorcycle-small-engine-repair_channels/mp4/UCqqeROyCJrgS8cugvCTxHxQ-score-4.mp4,,,,,,
Motorcycle repair,https://raw.githubusercontent.com/ariel-at-brightdata/labeling/main/motorcycle-small-engine-repair_channels/mp4/UCqsN7CybJBqP1QV8TosTBVw-score-4.mp4,,,,,,
Motorcycle repair,https://raw.githubusercontent.com/ariel-at-brightdata/labeling/main/motorcycle-small-engine-repair_channels/mp4/UCr-gABSwfpeix2dBvyAUEHg-score-4.mp4,,,,,,
Motorcycle repair,https://raw.githubusercontent.com/ariel-at-brightdata/labeling/main/motorcycle-small-engine-repair_channels/mp4/UCr4ZM10t1_EHxlfzEuuUffw-score-4.mp4,,,,,,
Motorcycle repair,https://raw.githubusercontent.com/ariel-at-brightdata/labeling/main/motorcycle-small-engine-repair_channels/mp4/UCrA1Cl94pQDPiTVth0iEEhQ-score-4.mp4,,,,,,
Motorcycle repair,https://raw.githubusercontent.com/ariel-at-brightdata/labeling/main/motorcycle-small-engine-repair_channels/mp4/UCrA8hwMVyyo7CQDIsqiFgig-score-4.mp4,,,,,,
Motorcycle repair,https://raw.githubusercontent.com/ariel-at-brightdata/labeling/main/motorcycle-small-engine-repair_channels/mp4/UCrF90hmfhhlOQfiYXDPJeaw-score-4.mp4,,,,,,
Motorcycle repair,https://raw.githubusercontent.com/ariel-at-brightdata/labeling/main/motorcycle-small-engine-repair_channels/mp4/UCrIVnEX7mQuTiEsK4MH2aRw-score-4.mp4,,,,,,
Motorcycle repair,https://raw.githubusercontent.com/ariel-at-brightdata/labeling/main/motorcycle-small-engine-repair_channels/mp4/UCrMWE81NsdQdFwXvLt5TbwA-score-4.mp4,,,,,,
Motorcycle repair,https://raw.githubusercontent.com/ariel-at-brightdata/labeling/main/motorcycle-small-engine-repair_channels/mp4/UCrQ3-qfqLutluf5VUyI3YRg-score-4.mp4,,,,,,
Motorcycle repair,https://raw.githubusercontent.com/ariel-at-brightdata/labeling/main/motorcycle-small-engine-repair_channels/mp4/UCrQnlFw4yYW67M8qbWKeVXA-score-5.mp4,,,,,,
Motorcycle repair,https://raw.githubusercontent.com/ariel-at-brightdata/labeling/main/motorcycle-small-engine-repair_channels/mp4/UCrRo3uhiisv2BvqYT9H_U3w-score-5.mp4,,,,,,
Motorcycle repair,https://raw.githubusercontent.com/ariel-at-brightdata/labeling/main/motorcycle-small-engine-repair_channels/mp4/UCrUZaleAAdg5b3iIEU-d3pA-score-4.mp4,,,,,,
Motorcycle repair,https://raw.githubusercontent.com/ariel-at-brightdata/labeling/main/motorcycle-small-engine-repair_channels/mp4/UCrZNPaznmmDHJOIIJfNmvVg-score-4.mp4,,,,,,
Motorcycle repair,https://raw.githubusercontent.com/ariel-at-brightdata/labeling/main/motorcycle-small-engine-repair_channels/mp4/UCrdkDdDVl8qH-q_sGyT-FSA-score-4.mp4,,,,,,
Motorcycle repair,https://raw.githubusercontent.com/ariel-at-brightdata/labeling/main/motorcycle-small-engine-repair_channels/mp4/UCrhGpMlV8Fo2bi9PzHqYaag-score-4.mp4,,,,,,
Motorcycle repair,https://raw.githubusercontent.com/ariel-at-brightdata/labeling/main/motorcycle-small-engine-repair_channels/mp4/UCrkv8-ClK1kPnfRk8psCgKQ-score-4.mp4,,,,,,
Motorcycle repair,https://raw.githubusercontent.com/ariel-at-brightdata/labeling/main/motorcycle-small-engine-repair_channels/mp4/UCrlgGXyzAUKFPm5qKZoiMCA-score-4.mp4,,,,,,
Motorcycle repair,https://raw.githubusercontent.com/ariel-at-brightdata/labeling/main/motorcycle-small-engine-repair_channels/mp4/UCs1ECnU733Fcfw3MrCIXOWQ-score-4.mp4,,,,,,
Motorcycle repair,https://raw.githubusercontent.com/ariel-at-brightdata/labeling/main/motorcycle-small-engine-repair_channels/mp4/UCs1X9qQtRJJZwurb5FGt_cA-score-5.mp4,,,,,,
Motorcycle repair,https://raw.githubusercontent.com/ariel-at-brightdata/labeling/main/motorcycle-small-engine-repair_channels/mp4/UCs5gkvLllxl3pKbXqSy-Fzg-score-4.mp4,,,,,,
Motorcycle repair,https://raw.githubusercontent.com/ariel-at-brightdata/labeling/main/motorcycle-small-engine-repair_channels/mp4/UCs6hErRmgcPM9QRvnDukgvw-score-4.mp4,,,,,,
Motorcycle repair,https://raw.githubusercontent.com/ariel-at-brightdata/labeling/main/motorcycle-small-engine-repair_channels/mp4/UCs8jCEBdzpKRqdGK6ES79LA-score-4.mp4,,,,,,
Motorcycle repair,https://raw.githubusercontent.com/ariel-at-brightdata/labeling/main/motorcycle-small-engine-repair_channels/mp4/UCs9YLmucQXR8g1wozTeXTeA-score-4.mp4,,,,,,
Motorcycle repair,https://raw.githubusercontent.com/ariel-at-brightdata/labeling/main/motorcycle-small-engine-repair_channels/mp4/UCsBObZ-gGMf9vVbVf78rPTw-score-4.mp4,,,,,,
Motorcycle repair,https://raw.githubusercontent.com/ariel-at-brightdata/labeling/main/motorcycle-small-engine-repair_channels/mp4/UCsTUgJdHFjllhwUjQQL4gPg-score-4.mp4,,,,,,
Motorcycle repair,https://raw.githubusercontent.com/ariel-at-brightdata/labeling/main/motorcycle-small-engine-repair_channels/mp4/UCsTzYoB-XxLUC3LXrGrWTDg-score-4.mp4,,,,,,
Motorcycle repair,https://raw.githubusercontent.com/ariel-at-brightdata/labeling/main/motorcycle-small-engine-repair_channels/mp4/UCsUMzZ6YZ4qoNGYeE3EMsiA-score-4.mp4,,,,,,
Motorcycle repair,https://raw.githubusercontent.com/ariel-at-brightdata/labeling/main/motorcycle-small-engine-repair_channels/mp4/UCsX91fb870ln6l0IQ6J1aFw-score-4.mp4,,,,,,
Motorcycle repair,https://raw.githubusercontent.com/ariel-at-brightdata/labeling/main/motorcycle-small-engine-repair_channels/mp4/UCsZSwnIO_t1bF8OlzSgoGsA-score-5.mp4,,,,,,
Motorcycle repair,https://raw.githubusercontent.com/ariel-at-brightdata/labeling/main/motorcycle-small-engine-repair_channels/mp4/UCsaly_22M8BZ-c0gX99wkDA-score-4.mp4,,,,,,
Motorcycle repair,https://raw.githubusercontent.com/ariel-at-brightdata/labeling/main/motorcycle-small-engine-repair_channels/mp4/UCsg_wBnv5k-aVrSQOC7_2Xw-score-4.mp4,,,,,,
Motorcycle repair,https://raw.githubusercontent.com/ariel-at-brightdata/labeling/main/motorcycle-small-engine-repair_channels/mp4/UCshK8UJeG92JaWMs-gC9C-Q-score-5.mp4,,,,,,
Motorcycle repair,https://raw.githubusercontent.com/ariel-at-brightdata/labeling/main/motorcycle-small-engine-repair_channels/mp4/UCsij8LgyLc387ojEfxeP7cQ-score-4.mp4,,,,,,
Motorcycle repair,https://raw.githubusercontent.com/ariel-at-brightdata/labeling/main/motorcycle-small-engine-repair_channels/mp4/UCsnviT3kUANy8y5LMRmj40A-score-5.mp4,,,,,,
Motorcycle repair,https://raw.githubusercontent.com/ariel-at-brightdata/labeling/main/motorcycle-small-engine-repair_channels/mp4/UCsrGFvWOViYxKSk539nwYRw-score-4.mp4,,,,,,
Motorcycle repair,https://raw.githubusercontent.com/ariel-at-brightdata/labeling/main/motorcycle-small-engine-repair_channels/mp4/UCswR88-SQnctTm-4BcKc7RQ-score-4.mp4,,,,,,
Motorcycle repair,https://raw.githubusercontent.com/ariel-at-brightdata/labeling/main/motorcycle-small-engine-repair_channels/mp4/UCsyhdjKy5m4HSKmj1BZ542A-score-5.mp4,,,,,,
Motorcycle repair,https://raw.githubusercontent.com/ariel-at-brightdata/labeling/main/motorcycle-small-engine-repair_channels/mp4/UCt8B8YvcZAg3dw27DwQNPQA-score-4.mp4,,,,,,
Motorcycle repair,https://raw.githubusercontent.com/ariel-at-brightdata/labeling/main/motorcycle-small-engine-repair_channels/mp4/UCt9nMUL0OkSCrXRgGDpVmfA-score-4.mp4,,,,,,
Motorcycle repair,https://raw.githubusercontent.com/ariel-at-brightdata/labeling/main/motorcycle-small-engine-repair_channels/mp4/UCtAcl8o1LdMBbggXnDCLkqg-score-5.mp4,,,,,,
Motorcycle repair,https://raw.githubusercontent.com/ariel-at-brightdata/labeling/main/motorcycle-small-engine-repair_channels/mp4/UCtB1GFjlOs-rcHJL_UsoTZw-score-4.mp4,,,,,,
Motorcycle repair,https://raw.githubusercontent.com/ariel-at-brightdata/labeling/main/motorcycle-small-engine-repair_channels/mp4/UCtHqh2aM_KgT6GW6ohBJotg-score-4.mp4,,,,,,
Motorcycle repair,https://raw.githubusercontent.com/ariel-at-brightdata/labeling/main/motorcycle-small-engine-repair_channels/mp4/UCtMF1u1XaHvDbZIifNsOpoQ-score-4.mp4,,,,,,
Motorcycle repair,https://raw.githubusercontent.com/ariel-at-brightdata/labeling/main/motorcycle-small-engine-repair_channels/mp4/UCtP5mN7yWZIZ7dEG3dkT65A-score-5.mp4,,,,,,
Motorcycle repair,https://raw.githubusercontent.com/ariel-at-brightdata/labeling/main/motorcycle-small-engine-repair_channels/mp4/UCtSX_kAn7ECTTdWU8Cmpztg-score-4.mp4,,,,,,
Motorcycle repair,https://raw.githubusercontent.com/ariel-at-brightdata/labeling/main/motorcycle-small-engine-repair_channels/mp4/UCtTuT5lT8bg4Hhty6k_atlg-score-4.mp4,,,,,,
Motorcycle repair,https://raw.githubusercontent.com/ariel-at-brightdata/labeling/main/motorcycle-small-engine-repair_channels/mp4/UCt_IODhnq_9i-qNDcTd3oow-score-5.mp4,,,,,,
Motorcycle repair,https://raw.githubusercontent.com/ariel-at-brightdata/labeling/main/motorcycle-small-engine-repair_channels/mp4/UCtaUSvW-_Ao7qOlFZZ5BbAQ-score-4.mp4,,,,,,
Motorcycle repair,https://raw.githubusercontent.com/ariel-at-brightdata/labeling/main/motorcycle-small-engine-repair_channels/mp4/UCtdbbZTWMA90eETbyleZubQ-score-4.mp4,,,,,,
Motorcycle repair,https://raw.githubusercontent.com/ariel-at-brightdata/labeling/main/motorcycle-small-engine-repair_channels/mp4/UCtg9v-88QYEPbDVlYSUZ-tA-score-5.mp4,,,,,,
Motorcycle repair,https://raw.githubusercontent.com/ariel-at-brightdata/labeling/main/motorcycle-small-engine-repair_channels/mp4/UCtjEYzqOJf1E3doiKWKMDpQ-score-5.mp4,,,,,,
Motorcycle repair,https://raw.githubusercontent.com/ariel-at-brightdata/labeling/main/motorcycle-small-engine-repair_channels/mp4/UCtk5udmt05wnzJmeUGTPpUg-score-4.mp4,,,,,,
Motorcycle repair,https://raw.githubusercontent.com/ariel-at-brightdata/labeling/main/motorcycle-small-engine-repair_channels/mp4/UCtmcVwvYPm1Cmfkw5aHRlbA-score-4.mp4,,,,,,
Motorcycle repair,https://raw.githubusercontent.com/ariel-at-brightdata/labeling/main/motorcycle-small-engine-repair_channels/mp4/UCtoW1-8R8Bp7rLqMOS-pBdg-score-4.mp4,,,,,,
Motorcycle repair,https://raw.githubusercontent.com/ariel-at-brightdata/labeling/main/motorcycle-small-engine-repair_channels/mp4/UCtrVcSDEeavj9TWJNWXFUCQ-score-4.mp4,,,,,,
Motorcycle repair,https://raw.githubusercontent.com/ariel-at-brightdata/labeling/main/motorcycle-small-engine-repair_channels/mp4/UCttLz9ho1PSVcdW2y_I4RRQ-score-5.mp4,,,,,,
Motorcycle repair,https://raw.githubusercontent.com/ariel-at-brightdata/labeling/main/motorcycle-small-engine-repair_channels/mp4/UCtu0176fa08AJv7PbTYhxKQ-score-4.mp4,,,,,,
Motorcycle repair,https://raw.githubusercontent.com/ariel-at-brightdata/labeling/main/motorcycle-small-engine-repair_channels/mp4/UCtwLEWgMuwkygWyXXMeLrvQ-score-5.mp4,,,,,,
Motorcycle repair,https://raw.githubusercontent.com/ariel-at-brightdata/labeling/main/motorcycle-small-engine-repair_channels/mp4/UCtwUreURtx8D3sThyuCTkkw-score-4.mp4,,,,,,
Motorcycle repair,https://raw.githubusercontent.com/ariel-at-brightdata/labeling/main/motorcycle-small-engine-repair_channels/mp4/UCtyC85kuhjoqQkeg803pSew-score-5.mp4,,,,,,
Motorcycle repair,https://raw.githubusercontent.com/ariel-at-brightdata/labeling/main/motorcycle-small-engine-repair_channels/mp4/UCtz-3JQxi-jgAgnuhjWJwvQ-score-5.mp4,,,,,,
Motorcycle repair,https://raw.githubusercontent.com/ariel-at-brightdata/labeling/main/motorcycle-small-engine-repair_channels/mp4/UCtzHUrBER-ij-6uM11P8qRw-score-4.mp4,,,,,,
Motorcycle repair,https://raw.githubusercontent.com/ariel-at-brightdata/labeling/main/motorcycle-small-engine-repair_channels/mp4/UCu1Q2nayPksUwoOfMXsz7Ow-score-4.mp4,,,,,,
Motorcycle repair,https://raw.githubusercontent.com/ariel-at-brightdata/labeling/main/motorcycle-small-engine-repair_channels/mp4/UCu4iP5lAYCn9X_2v4P0B3Sg-score-5.mp4,,,,,,
Motorcycle repair,https://raw.githubusercontent.com/ariel-at-brightdata/labeling/main/motorcycle-small-engine-repair_channels/mp4/UCu7HD_6EKkKZZV6w1N4tiqg-score-5.mp4,,,,,,
Motorcycle repair,https://raw.githubusercontent.com/ariel-at-brightdata/labeling/main/motorcycle-small-engine-repair_channels/mp4/UCu8GtdPztRWNBurxflWf0_g-score-5.mp4,,,,,,
Motorcycle repair,https://raw.githubusercontent.com/ariel-at-brightdata/labeling/main/motorcycle-small-engine-repair_channels/mp4/UCuAzuPTEkmeRXNyIIhPAyaQ-score-4.mp4,,,,,,
Motorcycle repair,https://raw.githubusercontent.com/ariel-at-brightdata/labeling/main/motorcycle-small-engine-repair_channels/mp4/UCuOEjj0UWdA9giThzrO7-YQ-score-4.mp4,,,,,,
Motorcycle repair,https://raw.githubusercontent.com/ariel-at-brightdata/labeling/main/motorcycle-small-engine-repair_channels/mp4/UCuPEV-v3oW6zGRh92nyxNrQ-score-5.mp4,,,,,,
Motorcycle repair,https://raw.githubusercontent.com/ariel-at-brightdata/labeling/main/motorcycle-small-engine-repair_channels/mp4/UCuQ3pNWrvup7_ZOqsa2xURA-score-4.mp4,,,,,,
Motorcycle repair,https://raw.githubusercontent.com/ariel-at-brightdata/labeling/main/motorcycle-small-engine-repair_channels/mp4/UCuTLALDN9NbeFpLdpOURqyw-score-4.mp4,,,,,,
Motorcycle repair,https://raw.githubusercontent.com/ariel-at-brightdata/labeling/main/motorcycle-small-engine-repair_channels/mp4/UCuU6fVQzAO-NugrTuubgl6Q-score-5.mp4,,,,,,
Motorcycle repair,https://raw.githubusercontent.com/ariel-at-brightdata/labeling/main/motorcycle-small-engine-repair_channels/mp4/UCuV2Jkwv0IIwXQUv1h9HTpQ-score-4.mp4,,,,,,
Motorcycle repair,https://raw.githubusercontent.com/ariel-at-brightdata/labeling/main/motorcycle-small-engine-repair_channels/mp4/UCuVkwTTzsYjKRNA4buqYeVw-score-4.mp4,,,,,,
Motorcycle repair,https://raw.githubusercontent.com/ariel-at-brightdata/labeling/main/motorcycle-small-engine-repair_channels/mp4/UCuZp_W1_Cz20b6bNxMLshxw-score-4.mp4,,,,,,
Motorcycle repair,https://raw.githubusercontent.com/ariel-at-brightdata/labeling/main/motorcycle-small-engine-repair_channels/mp4/UCugjEYg-5lnxgBy_0nePfVg-score-4.mp4,,,,,,
Motorcycle repair,https://raw.githubusercontent.com/ariel-at-brightdata/labeling/main/motorcycle-small-engine-repair_channels/mp4/UCukAP7IixYcF0EJLt-M8DmA-score-5.mp4,,,,,,
Motorcycle repair,https://raw.githubusercontent.com/ariel-at-brightdata/labeling/main/motorcycle-small-engine-repair_channels/mp4/UCula1jMzc-wo4kuPFXtyu5A-score-4.mp4,,,,,,
Motorcycle repair,https://raw.githubusercontent.com/ariel-at-brightdata/labeling/main/motorcycle-small-engine-repair_channels/mp4/UCutatUYyokcq4z2tW_hU2wA-score-4.mp4,,,,,,
Motorcycle repair,https://raw.githubusercontent.com/ariel-at-brightdata/labeling/main/motorcycle-small-engine-repair_channels/mp4/UCuufC0k6dijUHUu8CkietGQ-score-5.mp4,,,,,,
Motorcycle repair,https://raw.githubusercontent.com/ariel-at-brightdata/labeling/main/motorcycle-small-engine-repair_channels/mp4/UCv5UfiIMhotPWqPqVoJcuzQ-score-4.mp4,,,,,,
Motorcycle repair,https://raw.githubusercontent.com/ariel-at-brightdata/labeling/main/motorcycle-small-engine-repair_channels/mp4/UCv92S09Xl48JGY7Z0Uo683A-score-5.mp4,,,,,,
Motorcycle repair,https://raw.githubusercontent.com/ariel-at-brightdata/labeling/main/motorcycle-small-engine-repair_channels/mp4/UCv9LpgN72g5EIL2BXWM2FHQ-score-4.mp4,,,,,,
Motorcycle repair,https://raw.githubusercontent.com/ariel-at-brightdata/labeling/main/motorcycle-small-engine-repair_channels/mp4/UCv9PkfRHVHKwLkAgKw9LZEQ-score-5.mp4,,,,,,
Motorcycle repair,https://raw.githubusercontent.com/ariel-at-brightdata/labeling/main/motorcycle-small-engine-repair_channels/mp4/UCvDT1FQojeov8CiuA37m9ug-score-4.mp4,,,,,,
Motorcycle repair,https://raw.githubusercontent.com/ariel-at-brightdata/labeling/main/motorcycle-small-engine-repair_channels/mp4/UCvExDb9Aig17yuNxiYaI2fg-score-5.mp4,,,,,,
Motorcycle repair,https://raw.githubusercontent.com/ariel-at-brightdata/labeling/main/motorcycle-small-engine-repair_channels/mp4/UCvKuQV90LNnFjTLKs83YlIg-score-4.mp4,,,,,,
Motorcycle repair,https://raw.githubusercontent.com/ariel-at-brightdata/labeling/main/motorcycle-small-engine-repair_channels/mp4/UCvLOCXbhPpEXOwmCti0knyw-score-4.mp4,,,,,,
Motorcycle repair,https://raw.githubusercontent.com/ariel-at-brightdata/labeling/main/motorcycle-small-engine-repair_channels/mp4/UCvREeYKj9Jyunxof-BOOi6w-score-5.mp4,,,,,,
Motorcycle repair,https://raw.githubusercontent.com/ariel-at-brightdata/labeling/main/motorcycle-small-engine-repair_channels/mp4/UCvUQOaAWDCWIJy0A157dqzQ-score-4.mp4,,,,,,
Motorcycle repair,https://raw.githubusercontent.com/ariel-at-brightdata/labeling/main/motorcycle-small-engine-repair_channels/mp4/UCvZDTpDuRfme-eGLqonfBDg-score-4.mp4,,,,,,
Motorcycle repair,https://raw.githubusercontent.com/ariel-at-brightdata/labeling/main/motorcycle-small-engine-repair_channels/mp4/UCv_qyVJKZsAGANRT7IcAKTQ-score-5.mp4,,,,,,
Motorcycle repair,https://raw.githubusercontent.com/ariel-at-brightdata/labeling/main/motorcycle-small-engine-repair_channels/mp4/UCvdB99ROgSTccftlhgvWOVQ-score-5.mp4,,,,,,
Motorcycle repair,https://raw.githubusercontent.com/ariel-at-brightdata/labeling/main/motorcycle-small-engine-repair_channels/mp4/UCvkjjo2NVfJUEwwjUZGL5WQ-score-4.mp4,,,,,,
Motorcycle repair,https://raw.githubusercontent.com/ariel-at-brightdata/labeling/main/motorcycle-small-engine-repair_channels/mp4/UCvpWzppAXe0tr-4Ks2qP7rQ-score-5.mp4,,,,,,
Motorcycle repair,https://raw.githubusercontent.com/ariel-at-brightdata/labeling/main/motorcycle-small-engine-repair_channels/mp4/UCvtDKPuFLVlHaOmdVyyxTqA-score-5.mp4,,,,,,
Motorcycle repair,https://raw.githubusercontent.com/ariel-at-brightdata/labeling/main/motorcycle-small-engine-repair_channels/mp4/UCvwFFkBLx0PU4nvUVRZoBbQ-score-4.mp4,,,,,,
Motorcycle repair,https://raw.githubusercontent.com/ariel-at-brightdata/labeling/main/motorcycle-small-engine-repair_channels/mp4/UCw12OTn7To-UKGNnqnq5Vkg-score-4.mp4,,,,,,
Motorcycle repair,https://raw.githubusercontent.com/ariel-at-brightdata/labeling/main/motorcycle-small-engine-repair_channels/mp4/UCw2nfbD6xE_F1EHlkfRTZMw-score-4.mp4,,,,,,
Motorcycle repair,https://raw.githubusercontent.com/ariel-at-brightdata/labeling/main/motorcycle-small-engine-repair_channels/mp4/UCw5kKxf9Xr7fXHIhUu4_DzQ-score-5.mp4,,,,,,
Motorcycle repair,https://raw.githubusercontent.com/ariel-at-brightdata/labeling/main/motorcycle-small-engine-repair_channels/mp4/UCwCEqWG6dY5IxivIc6SO6tQ-score-4.mp4,,,,,,
Motorcycle repair,https://raw.githubusercontent.com/ariel-at-brightdata/labeling/main/motorcycle-small-engine-repair_channels/mp4/UCwEPMQkT0geWBz3CstffVsg-score-4.mp4,,,,,,
Motorcycle repair,https://raw.githubusercontent.com/ariel-at-brightdata/labeling/main/motorcycle-small-engine-repair_channels/mp4/UCwIiTDcTH-sp2xq9M1ORwlQ-score-4.mp4,,,,,,
Motorcycle repair,https://raw.githubusercontent.com/ariel-at-brightdata/labeling/main/motorcycle-small-engine-repair_channels/mp4/UCwJbJo7AADxfGd-hefHH2cA-score-5.mp4,,,,,,
Motorcycle repair,https://raw.githubusercontent.com/ariel-at-brightdata/labeling/main/motorcycle-small-engine-repair_channels/mp4/UCwKVm7BgIg0CPbAHyUG-7wQ-score-4.mp4,,,,,,
Motorcycle repair,https://raw.githubusercontent.com/ariel-at-brightdata/labeling/main/motorcycle-small-engine-repair_channels/mp4/UCwLspaL6sOrBRGcXqZXlEPw-score-4.mp4,,,,,,
Motorcycle repair,https://raw.githubusercontent.com/ariel-at-brightdata/labeling/main/motorcycle-small-engine-repair_channels/mp4/UCwMsIcTTouN8b9Z5ZvLHsuQ-score-4.mp4,,,,,,
Motorcycle repair,https://raw.githubusercontent.com/ariel-at-brightdata/labeling/main/motorcycle-small-engine-repair_channels/mp4/UCwPWg_077wqFsFZuiGY1HYw-score-4.mp4,,,,,,
Motorcycle repair,https://raw.githubusercontent.com/ariel-at-brightdata/labeling/main/motorcycle-small-engine-repair_channels/mp4/UCwfs_QbYvGglIgERM-cUkFA-score-5.mp4,,,,,,
Motorcycle repair,https://raw.githubusercontent.com/ariel-at-brightdata/labeling/main/motorcycle-small-engine-repair_channels/mp4/UCwgilB6H4y_AqdWSztHUdNw-score-5.mp4,,,,,,
Motorcycle repair,https://raw.githubusercontent.com/ariel-at-brightdata/labeling/main/motorcycle-small-engine-repair_channels/mp4/UCwhV-frCNQb0RAub5giaZgQ-score-4.mp4,,,,,,
Motorcycle repair,https://raw.githubusercontent.com/ariel-at-brightdata/labeling/main/motorcycle-small-engine-repair_channels/mp4/UCwi0mCiPj1ZXiGJClWEAApA-score-4.mp4,,,,,,
Motorcycle repair,https://raw.githubusercontent.com/ariel-at-brightdata/labeling/main/motorcycle-small-engine-repair_channels/mp4/UCwjGnUZQIy8HWFL5PPA__Ug-score-4.mp4,,,,,,
Motorcycle repair,https://raw.githubusercontent.com/ariel-at-brightdata/labeling/main/motorcycle-small-engine-repair_channels/mp4/UCwlvNCx9raJTQWxVlBtS_GQ-score-5.mp4,,,,,,
Motorcycle repair,https://raw.githubusercontent.com/ariel-at-brightdata/labeling/main/motorcycle-small-engine-repair_channels/mp4/UCwo3N8an_0AUYjnj_u0P3fQ-score-4.mp4,,,,,,
Motorcycle repair,https://raw.githubusercontent.com/ariel-at-brightdata/labeling/main/motorcycle-small-engine-repair_channels/mp4/UCwpjUKeIqpZzKXGDnZAtVcQ-score-4.mp4,,,,,,
Motorcycle repair,https://raw.githubusercontent.com/ariel-at-brightdata/labeling/main/motorcycle-small-engine-repair_channels/mp4/UCwr6-Hj_uw1moJ_l8CiEKHQ-score-5.mp4,,,,,,
Motorcycle repair,https://raw.githubusercontent.com/ariel-at-brightdata/labeling/main/motorcycle-small-engine-repair_channels/mp4/UCwsxqEVq4YsSa1IV1VPLL9w-score-4.mp4,,,,,,
Motorcycle repair,https://raw.githubusercontent.com/ariel-at-brightdata/labeling/main/motorcycle-small-engine-repair_channels/mp4/UCx7_Edgvh6NV2qdH8NF-iKA-score-4.mp4,,,,,,
Motorcycle repair,https://raw.githubusercontent.com/ariel-at-brightdata/labeling/main/motorcycle-small-engine-repair_channels/mp4/UCx8CBo23zjBlBLYQ7WJkPyA-score-4.mp4,,,,,,
Motorcycle repair,https://raw.githubusercontent.com/ariel-at-brightdata/labeling/main/motorcycle-small-engine-repair_channels/mp4/UCxPURoTs8SGslNVL7cK-2EQ-score-4.mp4,,,,,,
Motorcycle repair,https://raw.githubusercontent.com/ariel-at-brightdata/labeling/main/motorcycle-small-engine-repair_channels/mp4/UCxQ9aK6FbbZ7_r6EXBguixA-score-5.mp4,,,,,,
Motorcycle repair,https://raw.githubusercontent.com/ariel-at-brightdata/labeling/main/motorcycle-small-engine-repair_channels/mp4/UCxWRTQd-VJsPZM1NLsSyUJw-score-5.mp4,,,,,,
Motorcycle repair,https://raw.githubusercontent.com/ariel-at-brightdata/labeling/main/motorcycle-small-engine-repair_channels/mp4/UCxXr0OYBzeEswqHTbLzrWZg-score-4.mp4,,,,,,
Motorcycle repair,https://raw.githubusercontent.com/ariel-at-brightdata/labeling/main/motorcycle-small-engine-repair_channels/mp4/UCxaUIg-2or9YVf2LBqLkOLA-score-4.mp4,,,,,,
Motorcycle repair,https://raw.githubusercontent.com/ariel-at-brightdata/labeling/main/motorcycle-small-engine-repair_channels/mp4/UCxblrQ0FaEIK_dsYpOko1tQ-score-4.mp4,,,,,,
Motorcycle repair,https://raw.githubusercontent.com/ariel-at-brightdata/labeling/main/motorcycle-small-engine-repair_channels/mp4/UCxt1WqLcU5-phAljCKKrcGA-score-4.mp4,,,,,,
Motorcycle repair,https://raw.githubusercontent.com/ariel-at-brightdata/labeling/main/motorcycle-small-engine-repair_channels/mp4/UCxuCdd9oeblxSySbE4BHHWg-score-4.mp4,,,,,,
Motorcycle repair,https://raw.githubusercontent.com/ariel-at-brightdata/labeling/main/motorcycle-small-engine-repair_channels/mp4/UCxz-Z2xxDon_7H5ilkRRJQw-score-4.mp4,,,,,,
Motorcycle repair,https://raw.githubusercontent.com/ariel-at-brightdata/labeling/main/motorcycle-small-engine-repair_channels/mp4/UCxzPvxhnOIfJcf1m3YN8nGg-score-4.mp4,,,,,,
Motorcycle repair,https://raw.githubusercontent.com/ariel-at-brightdata/labeling/main/motorcycle-small-engine-repair_channels/mp4/UCy4-4AFgc21Z9QKdGSOD9TA-score-4.mp4,,,,,,
Motorcycle repair,https://raw.githubusercontent.com/ariel-at-brightdata/labeling/main/motorcycle-small-engine-repair_channels/mp4/UCy6yN2zwN8WT3IbF1NzzC8w-score-4.mp4,,,,,,
Motorcycle repair,https://raw.githubusercontent.com/ariel-at-brightdata/labeling/main/motorcycle-small-engine-repair_channels/mp4/UCy837hozSmKvWpF-1MYAEMQ-score-4.mp4,,,,,,
Motorcycle repair,https://raw.githubusercontent.com/ariel-at-brightdata/labeling/main/motorcycle-small-engine-repair_channels/mp4/UCyGTjyrrcy-cIW3syoQYytw-score-4.mp4,,,,,,
Motorcycle repair,https://raw.githubusercontent.com/ariel-at-brightdata/labeling/main/motorcycle-small-engine-repair_channels/mp4/UCyHHZNuUqfwhSSU_gEQFHiA-score-4.mp4,,,,,,
Motorcycle repair,https://raw.githubusercontent.com/ariel-at-brightdata/labeling/main/motorcycle-small-engine-repair_channels/mp4/UCyIRk9DJHz3cu1pF4_dN4aQ-score-5.mp4,,,,,,
Motorcycle repair,https://raw.githubusercontent.com/ariel-at-brightdata/labeling/main/motorcycle-small-engine-repair_channels/mp4/UCyIjqL9BllTbHMvR9BPJjVQ-score-4.mp4,,,,,,
Motorcycle repair,https://raw.githubusercontent.com/ariel-at-brightdata/labeling/main/motorcycle-small-engine-repair_channels/mp4/UCyPOsdb1TJuo-q4Y7Fs7FUg-score-4.mp4,,,,,,
Motorcycle repair,https://raw.githubusercontent.com/ariel-at-brightdata/labeling/main/motorcycle-small-engine-repair_channels/mp4/UCyQvwkef0Aq5mff7fB1NPnw-score-5.mp4,,,,,,
Motorcycle repair,https://raw.githubusercontent.com/ariel-at-brightdata/labeling/main/motorcycle-small-engine-repair_channels/mp4/UCyR4RPK8oC08a7LCahal8Fw-score-4.mp4,,,,,,
Motorcycle repair,https://raw.githubusercontent.com/ariel-at-brightdata/labeling/main/motorcycle-small-engine-repair_channels/mp4/UCyTzjHFUB2J9cvihuPox5Mg-score-4.mp4,,,,,,
Motorcycle repair,https://raw.githubusercontent.com/ariel-at-brightdata/labeling/main/motorcycle-small-engine-repair_channels/mp4/UCyYEMRNvjvO_Y1hjxxYtK2Q-score-4.mp4,,,,,,
Motorcycle repair,https://raw.githubusercontent.com/ariel-at-brightdata/labeling/main/motorcycle-small-engine-repair_channels/mp4/UCyf9o8o5lWqyEcagBggUgZg-score-4.mp4,,,,,,
Motorcycle repair,https://raw.githubusercontent.com/ariel-at-brightdata/labeling/main/motorcycle-small-engine-repair_channels/mp4/UCygTjQ1oZUJcXSQ7-ewH7Bw-score-4.mp4,,,,,,
Motorcycle repair,https://raw.githubusercontent.com/ariel-at-brightdata/labeling/main/motorcycle-small-engine-repair_channels/mp4/UCym7jCzvzbEql82q4PFGo2Q-score-4.mp4,,,,,,
Motorcycle repair,https://raw.githubusercontent.com/ariel-at-brightdata/labeling/main/motorcycle-small-engine-repair_channels/mp4/UCym_qs5PNMkP7Dg-kFZoVWQ-score-4.mp4,,,,,,
Motorcycle repair,https://raw.githubusercontent.com/ariel-at-brightdata/labeling/main/motorcycle-small-engine-repair_channels/mp4/UCyn49JZ7ZbRgOMAB-VGzaOA-score-5.mp4,,,,,,
Motorcycle repair,https://raw.githubusercontent.com/ariel-at-brightdata/labeling/main/motorcycle-small-engine-repair_channels/mp4/UCyoBvS2iFuVqtLuiktDOVRA-score-4.mp4,,,,,,
Motorcycle repair,https://raw.githubusercontent.com/ariel-at-brightdata/labeling/main/motorcycle-small-engine-repair_channels/mp4/UCz1YXNi5_D2NzuuZeZCuT2A-score-4.mp4,,,,,,
Motorcycle repair,https://raw.githubusercontent.com/ariel-at-brightdata/labeling/main/motorcycle-small-engine-repair_channels/mp4/UCz29t5MOMhMrn_vPZtPac4g-score-4.mp4,,,,,,
Motorcycle repair,https://raw.githubusercontent.com/ariel-at-brightdata/labeling/main/motorcycle-small-engine-repair_channels/mp4/UCz3uynaLTFL9AGF-jHcW5aw-score-4.mp4,,,,,,
Motorcycle repair,https://raw.githubusercontent.com/ariel-at-brightdata/labeling/main/motorcycle-small-engine-repair_channels/mp4/UCz4Q3GrOGjxONA20ZRO3VJg-score-4.mp4,,,,,,
Motorcycle repair,https://raw.githubusercontent.com/ariel-at-brightdata/labeling/main/motorcycle-small-engine-repair_channels/mp4/UCz4cGq3N4Lnq6q11bkANkmg-score-4.mp4,,,,,,
Motorcycle repair,https://raw.githubusercontent.com/ariel-at-brightdata/labeling/main/motorcycle-small-engine-repair_channels/mp4/UCz4gH-7lgMpqLonDUkRtPhQ-score-4.mp4,,,,,,
Motorcycle repair,https://raw.githubusercontent.com/ariel-at-brightdata/labeling/main/motorcycle-small-engine-repair_channels/mp4/UCz9K7v9oh8fe9MiGRCjop-Q-score-5.mp4,,,,,,
Motorcycle repair,https://raw.githubusercontent.com/ariel-at-brightdata/labeling/main/motorcycle-small-engine-repair_channels/mp4/UCz9bTTSb-_TU10LICqCY4JQ-score-5.mp4,,,,,,
Motorcycle repair,https://raw.githubusercontent.com/ariel-at-brightdata/labeling/main/motorcycle-small-engine-repair_channels/mp4/UCzBjzrj_NGDvmmeAy3msswg-score-4.mp4,,,,,,
Motorcycle repair,https://raw.githubusercontent.com/ariel-at-brightdata/labeling/main/motorcycle-small-engine-repair_channels/mp4/UCzEzFaNWQIOYGwDucsjR8Dw-score-4.mp4,,,,,,
Motorcycle repair,https://raw.githubusercontent.com/ariel-at-brightdata/labeling/main/motorcycle-small-engine-repair_channels/mp4/UCzG41HVDeDXS8gzy5D1revA-score-4.mp4,,,,,,
Motorcycle repair,https://raw.githubusercontent.com/ariel-at-brightdata/labeling/main/motorcycle-small-engine-repair_channels/mp4/UCzGBAx1RNAbDR88BJA9Vzvg-score-5.mp4,,,,,,
Motorcycle repair,https://raw.githubusercontent.com/ariel-at-brightdata/labeling/main/motorcycle-small-engine-repair_channels/mp4/UCzHYJLVcRE0hw3Z_tfAbfTg-score-4.mp4,,,,,,
Motorcycle repair,https://raw.githubusercontent.com/ariel-at-brightdata/labeling/main/motorcycle-small-engine-repair_channels/mp4/UCzJdVm61DKnRPTo3K1oWgig-score-5.mp4,,,,,,
Motorcycle repair,https://raw.githubusercontent.com/ariel-at-brightdata/labeling/main/motorcycle-small-engine-repair_channels/mp4/UCzTtjDJJdOjw0vLcSj3KDaw-score-4.mp4,,,,,,
Motorcycle repair,https://raw.githubusercontent.com/ariel-at-brightdata/labeling/main/motorcycle-small-engine-repair_channels/mp4/UCzUL6dfAn4XvOukfwqTb1-g-score-5.mp4,,,,,,
Motorcycle repair,https://raw.githubusercontent.com/ariel-at-brightdata/labeling/main/motorcycle-small-engine-repair_channels/mp4/UCzUklyTMH6hQo9XfOh-T08w-score-4.mp4,,,,,,
Motorcycle repair,https://raw.githubusercontent.com/ariel-at-brightdata/labeling/main/motorcycle-small-engine-repair_channels/mp4/UCzWdXFDgBvL0sZMPW6PL-ZQ-score-4.mp4,,,,,,
Motorcycle repair,https://raw.githubusercontent.com/ariel-at-brightdata/labeling/main/motorcycle-small-engine-repair_channels/mp4/UCzgkNOQk4sdeicspxGlCeBA-score-4.mp4,,,,,,
Motorcycle repair,https://raw.githubusercontent.com/ariel-at-brightdata/labeling/main/motorcycle-small-engine-repair_channels/mp4/UCzmZAa-KaKpJoXhPQlQ_wOQ-score-4.mp4,,,,,,
Motorcycle repair,https://raw.githubusercontent.com/ariel-at-brightdata/labeling/main/motorcycle-small-engine-repair_channels/mp4/UCznNLFdnJXvqRxo2Q4_NEcw-score-4.mp4,,,,,,
Motorcycle repair,https://raw.githubusercontent.com/ariel-at-brightdata/labeling/main/motorcycle-small-engine-repair_channels/mp4/UCzpbc_1N1Vv-ognyI5_rNxA-score-5.mp4,,,,,,
Motorcycle repair,https://raw.githubusercontent.com/ariel-at-brightdata/labeling/main/motorcycle-small-engine-repair_channels/mp4/UCzvXZlEWVwz49_ZX_0VCMCg-score-5.mp4,,,,,,
Motorcycle repair,https://raw.githubusercontent.com/ariel-at-brightdata/labeling/main/motorcycle-small-engine-repair_channels/mp4/UCzvjkzByJvX-SPSSD5lBeHw-score-4.mp4,,,,,,
