url,handle,name,subscribers,videos_count,score_0_5,reason,discovery_keywords,channel_id,vertical,topic,stage,scored_at,source,live_videos_count
https://www.youtube.com/@academia-santale,@academia-santale,Academia Santale,3100,63,5,"Dedicated microelectronics academy channel teaching laptop motherboard diagnosis, reballing, oscilloscope and chip-level repair.",reparación de laptops | curso de reparación de laptops | reparación de fuentes de poder,UCNI02U_NSW3wuDnhdJ7NtCw,hands,laptop-computer-repair,wave4,2026-09-14,scraper,63
https://www.youtube.com/@anyrepaireng,@AnyrepairENG,Anyrepair ENG,1870,74,5,Dedicated notebook board-level repair lab channel explicitly filming in-depth repairs for reference.,réparation ordinateur portable,UC6jg-NmvLCQxf7Y8RTeq4Gg,hands,laptop-computer-repair,wave1,2026-09-14,scraper,74
https://www.youtube.com/@btlh,@BTLH,BUKAN TEKNISI LAPTOP HANDAL,11600,107,5,"Dedicated laptop motherboard repair channel with course offering, focused on board-level repair work.",servis laptop | صيانة لابتوب | 笔记本维修 | réparation ordinateur portable,UCsjK_7mE5fiQAZc3gBGby8w,hands,laptop-computer-repair,wave1,2026-09-14,scraper,107
https://www.youtube.com/@chengyun1668,@chengyun1668,程工修笔记本,410,106,5,Dedicated laptop repair channel with authentic real repair footage explicitly emphasized as original technical documentation.,صيانة لابتوب | 笔记本维修 | réparation ordinateur portable,UC_WaPPI1Ve8CTZN2ULXnUFQ,hands,laptop-computer-repair,wave1,2026-09-14,scraper,106
https://www.youtube.com/@daymoncomputer,@DaymonComputer,Daymon Computer-Mac Expert,958,153,5,Dedicated MacBook chip-level repair channel explicitly showing practical repair work bench sessions.,laptop repair Bangla,UCuVSks3owfFmHxCt4q5KcrA,hands,laptop-computer-repair,wave1,2026-09-14,scraper,153
https://www.youtube.com/@digisonicdrc,@digisonicdrc,DIGISONIC RESEARCH CENTRE,11300,137,5,Chip-level GPU repair research channel explicitly covering BGA replacement and advanced diagnostics.,GPU repair,UCBe2KorDnWkb9u08wjF20ZA,hands,laptop-computer-repair,wave4,2026-09-14,scraper,137
https://www.youtube.com/@etechnotebook,@etechnotebook,E-tech soluções em Notebook,1950,86,5,Dedicated notebook board-level repair channel teaching strategies for repairing notebook circuit boards.,reparación de laptops,UCl72R_3lzR1R-dePU2qGFJg,hands,laptop-computer-repair,wave1,2026-09-14,scraper,86
https://www.youtube.com/@fix_service_kyiv,@fix_service_kyiv,FIX SERVICE | Kyiv,186,54,5,"Motherboard repair shop channel with BGA repair, soldering, diagnostics, real bench work in Kyiv.",ремонт материнских плат ноутбука,UC8-vlfihKzhlWIGR_2A4IzQ,hands,laptop-computer-repair,wave4,2026-09-14,scraper,54
https://www.youtube.com/@forterfix,@ForterFIX,Forter FIX,4390,69,5,Dedicated microsoldering/GPU/console repair channel with live repair streams and custom diagnostic tools.,GPU repair | PS5 repair | Nintendo Switch repair | microsoldering,UCsLKegXdqiRtPj_ySXUx5zA,hands,laptop-computer-repair,wave4,2026-09-14,scraper,69
https://www.youtube.com/@gamefixphilly,@Gamefixphilly,Gamefix Philly,311,810,5,"Established motherboard/HDMI board-level repair brand specializing in BGA, SMD and component rework with viral repair videos.",game console repair,UCQdW7Tt7Ft956gWEznroiaw,hands,laptop-computer-repair,wave1,2026-09-14,scraper,810
https://www.youtube.com/@hitech9742,@hitech9742,HiTech,166,92,5,"Dedicated laptop repair channel covering disassembly, hardware replacements, troubleshooting and upgrades with step-by-step tutorials.",laptop disassembly,UCmFeDht_-DcJ_CexPVYVl0A,hands,laptop-computer-repair,wave1,2026-09-14,scraper,92
https://www.youtube.com/@idreestech,@idreestech,idrees tech,13300,196,5,"Component-level repair shop for PC, PlayStation, Xbox and GPU boards with microsoldering and troubleshooting emphasis.",console repair | game console repair | GPU repair | PS4 repair | micro soldering,UCy5aK6FOGTrHo5kEzDDeh7Q,hands,laptop-computer-repair,wave4,2026-09-14,scraper,196
https://www.youtube.com/@jane-love1,@Jane-love1,Jane & 简单爱,376,189,5,Dedicated BGA reballing/chip-level repair channel with tutorials on BGA rework station and tools for laptops and Macs.,BGA reballing laptop,UCOCSsGsUqUhi8OvUyYlLpDg,hands,laptop-computer-repair,wave4,2026-09-14,scraper,189
https://www.youtube.com/@juan4repair,@Juan4Repair,Juan4Repair,6220,142,5,"Dedicated Mac board-level repair channel covering logic board diagnostics, microsoldering, IC replacement step by step.",reparación de laptops,UCNCHRbujcgpFf8PDi14aEWA,hands,laptop-computer-repair,wave1,2026-09-14,scraper,142
https://www.youtube.com/@laptopdisassembly,@LaptopDisassembly,Laptop Disassembly,10600,248,5,Channel explicitly dedicated to step-by-step laptop disassembly tutorials and small fixes.,laptop disassembly,UCmxYazWlemI_A_w0eWpGJaA,hands,laptop-computer-repair,wave1,2026-09-14,scraper,248
https://www.youtube.com/@laptopdisassembly9886,@laptopdisassembly9886,Laptop disassembly,6700,64,5,Silent hands-and-tools laptop disassembly videos explicitly for repair/learning purposes.,laptop disassembly | صيانة لابتوب | تعمیر لپ تاپ | 笔记本维修 | réparation ordinateur portable,UCzE0q-LGrRq22833Ld77Aeg,hands,laptop-computer-repair,wave1,2026-09-14,scraper,64
https://www.youtube.com/@laptopecho,@laptopecho,Laptop Echo,1470,93,5,"Silent hands-on teardown and RAM/SSD upgrade tutorial channel with no talking, purely visual disassembly work.",laptop disassembly,UC5rSJ_91ZzEgKsHuEA763Pg,hands,laptop-computer-repair,wave1,2026-09-14,scraper,93
https://www.youtube.com/@laptopnuts,@Laptopnuts,Laptop Nuts,7280,369,5,Dedicated laptop disassembly video blog showing internals across various laptop models for repair purposes.,laptop screen replacement | laptop disassembly,UChJfxeHe4r62t9EsxoUbRLA,hands,laptop-computer-repair,wave1,2026-09-14,scraper,369
https://www.youtube.com/@laptoprepairaid,@LaptopRepairAid,LaptopRepairAid,2170,118,5,"Channel dedicated to laptop keyboard, LCD, hard drive and fan removal/disassembly tutorials.",laptop screen replacement,UCqZONj66W8eYtKO1JZAfeTw,hands,laptop-computer-repair,wave1,2026-09-14,scraper,118
https://www.youtube.com/@laptopscreen,@Laptopscreen,LaptopScreen.com,17000,245,5,"Dedicated channel of step-by-step laptop, tablet and iPhone screen replacement tutorials for numerous brands.",laptop screen replacement,UCLCwfbgROuoZoWbNqDjILhw,hands,laptop-computer-repair,wave1,2026-09-14,scraper,245
https://www.youtube.com/@mactechvenezuela,@mactechvenezuela,Mac Tech Venezuela,1770,143,5,Component-level MacBook and iMac repair channel explicitly focused on board-level hardware repairs.,reparación de laptops,UCGQFJdZaRXkxDseaqEqtYRw,hands,laptop-computer-repair,wave1,2026-09-14,scraper,143
https://www.youtube.com/@master380,@Master380,Master380,427000,198,5,"Dedicated repair channel fixing laptops, GPUs, MacBooks and consoles with BGA reballing and soldering shown.",노트북 수리,UC1sltGDBxbZyiZySoUBu22A,hands,laptop-computer-repair,wave4,2026-09-14,scraper,198
https://www.youtube.com/@masterliu1892,@masterliu1892,Master Liu,95700,673,5,"Specialized MacBook logic board repair channel with advanced repair techniques and repair tool brand, strong hands-on focus.",laptop repair course | MacBook repair | computer repair technician workshop | logic board repair,UCT1he_hovJKEpmSX_0Q8p9g,hands,laptop-computer-repair,wave4,2026-09-14,scraper,674
https://www.youtube.com/@masterliutechnology,@MasterLiuTechnology,Laptop Repair,5420,826,5,"Experienced MacBook motherboard repair channel with offline and online training courses, strong chip-level repair evidence.",laptop repair | laptop repairing | laptop screen replacement | laptop disassembly | laptop repair course | Laptop reparieren | electronics repair course,UCYPr1mAzC_1489nrwqUE8XA,hands,laptop-computer-repair,wave4,2026-09-14,scraper,827
https://www.youtube.com/@mpdavig,@mpdavig,XFiX,11100,84,5,"Dedicated Xbox repair/mod channel with specific titled videos on thermal paste, fan swaps, drive repairs and no-power fixes.",console repair | game console repair,UCDiiRMe1ew0S08we5INEmAw,hands,laptop-computer-repair,wave1,2026-09-14,scraper,84
https://www.youtube.com/@nityatechinstitute,@nityatechinstitute,Nitya Tech Institute,7770,252,5,"Advanced chip-level training institute covering schematics, boardview, BIOS programming and live practical repair sessions.",laptop repairing | laptop motherboard repair | chip level repair | laptop disassembly | laptop repair course | laptop repairing Hindi | computer repairing Hindi,UCnthW0zclWXf0BPrbrGIJnQ,hands,laptop-computer-repair,wave1,2026-09-14,scraper,252
https://www.youtube.com/@norgantech,@norgantech,Norgan Technology - Electronics Repair,203,74,5,"Board-level electronics repair channel focused on laptop no-power faults, GPU issues, and signal tracing diagnostics.",laptop hinge repair | laptop no power repair | GPU repair | Nintendo Switch repair | electronics repair,UCqRw5X6e7hOWWdoWUnsRN3A,hands,laptop-computer-repair,wave4,2026-09-14,scraper,74
https://www.youtube.com/@northwestrepair,@northwestrepair,northwestrepair,230000,432,5,Titles show detailed GPU repair on Alienware laptops with board-level troubleshooting and error codes.,laptop motherboard repair | laptop disassembly,UCvDDbj3qJYg-5FSPFWJxqMw,hands,laptop-computer-repair,wave1,2026-09-14,scraper,432
https://www.youtube.com/@pc-repair-lab,@pc-repair-lab, パソコン分解・修理チャンネル,3880,550,5,"Dedicated PC disassembly/repair channel by a repair engineer covering teardown, part replacement and full disassembly videos.",パソコン修理,UC2bmwH1izd_HPx9fU2jimsg,hands,laptop-computer-repair,wave4,2026-09-14,scraper,550
https://www.youtube.com/@pcddrepairs,@PCDDRepairs,PC DD Repairs,11000,196,5,Livestreamed board-level microsoldering repairs on PCs/laptops with clear hands-on hardware work.,MacBook repair | desktop computer repair,UCvFdAv7Q6IAyXc0QMYM0Huw,hands,laptop-computer-repair,wave4,2026-09-14,scraper,196
https://www.youtube.com/@pcformulaph,@pcformulaph,PC Formula,20,50,5,Repair shop titles show clear board-level logic board repairs on MacBooks and laptops.,MacBook logic board repair,UCpZD8o8eQDxr4PVdZOB7FJw,hands,laptop-computer-repair,wave4,2026-09-14,scraper,50
https://www.youtube.com/@polamasowe,@PolaMasowe,Pola Masowe,98400,246,5,"Titles show real board-level repair work: reballing, PS3 warranty repair, laptop liquid damage fix.",naprawa laptopa,UCo2eMPfwxyGm_2p1AGvkLVA,hands,laptop-computer-repair,wave4,2026-09-14,scraper,246
https://www.youtube.com/@port-repair,@Port-repair,Port-repair,4620,152,5,"Console repair workshop channel specializing in PS5, Switch and controller micro-soldering repairs shown weekly.",game console repair,UCI8d7Cx2ngdseTd85EBYOOQ,hands,laptop-computer-repair,wave1,2026-09-14,scraper,152
https://www.youtube.com/@powerbookmedic,@PowerbookMedic,Powerbook Medic,33000,342,5,"Dedicated Apple logic-board component-level repair channel with take-apart guides, strong hands-on evidence.",GPU repair | MacBook logic board repair,UCDCBjnm6Ge1JoM5jt4M0iRw,hands,laptop-computer-repair,wave4,2026-09-14,scraper,342
https://www.youtube.com/@repairlabz,@RepairLabz,Repair Labz,297,237,5,"Board-level microsoldering repair shop covering PS5, Xbox, Switch, laptops with live diagnostics.",GPU repair | PS5 repair | Xbox repair | Nintendo Switch repair | microsoldering,UCWisvAJAx_GkXoevBdEZGpw,hands,laptop-computer-repair,wave4,2026-09-14,scraper,237
https://www.youtube.com/@retroregenrepairs,@retroregenrepairs,Retro Regen,138,93,5,Documents actual bench work repairing and restoring vintage consoles and computers.,console repair,UCvuM69oZzExaBpirChNFW9g,hands,laptop-computer-repair,wave1,2026-09-14,scraper,93
https://www.youtube.com/@rialabdialbinorifici,@RIALABdiAlbinoRifici,RIALAB di Albino Rifici,2230,353,5,"Board-level microscope repair channel covering motherboard repairs for iPhone, PS5, Xbox, MacBook.",riparazione notebook,UCIgfJc32frkxi3-F3EUOLqw,hands,laptop-computer-repair,wave4,2026-09-14,scraper,353
https://www.youtube.com/@screensurgeons,@ScreenSurgeons,Screen Surgeons,27800,501,5,Dedicated channel specifically for laptop screen replacement tutorials across brands and models.,laptop screen replacement,UCKmQVR05np3It4LaaUSxGoQ,hands,laptop-computer-repair,wave1,2026-09-14,scraper,501
https://www.youtube.com/@sellbrokedotcom,@Sellbrokedotcom,SellBroke,8360,350,5,"Dedicated laptop teardown, upgrade and repair channel with explicit step-by-step disassembly guides for multiple brands.",صيانة لابتوب | 笔记本维修 | réparation ordinateur portable,UCI0N0v_IKvFeywb3zHvn_uw,hands,laptop-computer-repair,wave1,2026-09-14,scraper,350
https://www.youtube.com/@serwisgoodfix,@SerwisGoodfix,Serwis Goodfix,4520,138,5,"Polish laptop/console repair service channel showing CPU/GPU reballing, BGA/SMD soldering, water damage cleaning on camera.",BGA reballing laptop | naprawa laptopa,UCcR-pZSXjci7AAPRFZc1vSw,hands,laptop-computer-repair,wave4,2026-09-14,scraper,138
https://www.youtube.com/@sietechnotebookreparatur,@SiETechNotebookReparatur,SiE-Tech Notebook Reparatur,9580,326,5,Repair workshop diary channel showing identification and fixing of mainboard problems in detail.,laptop tamiri | Laptop reparieren,UC1lN1KHuBlldGsYRSSbSBLA,hands,laptop-computer-repair,wave1,2026-09-14,scraper,326
https://www.youtube.com/@ststele,@ststele,STS Telecom,149000,268,5,"Board-level repair channel using stereo microscope on semi-modern electronics, strong hands-on focus.",MacBook logic board repair,UC39yMXOL0ubFxLWwF1RwelA,hands,laptop-computer-repair,wave4,2026-09-14,scraper,268
https://www.youtube.com/@suchumainpclaptopvga,@suchumainpclaptopvga,Phân Tích & Sữa Chữa Main PC - Laptop - Vga ,7,60,5,"Dedicated PC/laptop/VGA board-level repair channel covering fault diagnosis, mainboard and VGA chip-level fixes.",sửa main laptop,UCt2gyAD3on_ZDGineENaHFQ,hands,laptop-computer-repair,wave4,2026-09-14,scraper,60
https://www.youtube.com/@wielkielektronik,@WielkiElektronik,Wielki Elektronik,214000,478,5,"Console and laptop repair channel showing microscope reballing, board-level repairs and detailed bench work.",naprawa laptopa,UChHgSwkXdAUi5XtS5vCAjiw,hands,laptop-computer-repair,wave4,2026-09-14,scraper,478
https://www.youtube.com/@xiankalao,@XianKaLao,维修的大佬湿,1530,261,5,Dedicated GPU repair channel sharing hands-on graphics card maintenance and troubleshooting process daily.,笔记本维修,UCWgNcEwB-r3hp8PCPeWK3dQ,hands,laptop-computer-repair,wave1,2026-09-14,scraper,261
https://www.youtube.com/@a1sistembilisim,@a1sistembilisim,A1 Sistem Bilişim Mac iMac Laptop EkranKartı Tamir,580,231,5,"Titles show VRAM replacement, GPU repair and thermal maintenance on real laptops, dedicated hardware repair channel.",laptop tamiri,UCPWyhY3uhXwqlaSbNMsUoSw,hands,laptop-computer-repair,wave1,2026-09-14,both,366
https://www.youtube.com/@anarbolorchimegg7643,@anarbolorchimegg7643,小波维修,774,281,5,"Chip-level laptop repair channel showing RAM upgrades, board-level work and real bench jobs on MacBooks and Asus laptops.",笔记本维修,UCfJQ__uoXu__oTPUsrXPIaQ,hands,laptop-computer-repair,wave1,2026-09-14,both,281
https://www.youtube.com/@deansrepairs,@DeansRepairs,DEANS REPAIRS,1700,157,5,"Dedicated repair shop channel with real console/laptop diagnostics, microsoldering, HDMI replacements and stick drift fixes.",computer repair | game console repair,UC7os6-rQYSmg1L3XDe4qTIQ,hands,laptop-computer-repair,wave1,2026-09-14,both,157
https://www.youtube.com/@dellpartspeople,@dellpartspeople,Parts-People Dell Laptop Experts,411000,10145,5,Dell/Alienware motherboard repair channel with titles showing detailed board-level diagnostics and repair work.,laptop repair | laptop repairing | laptop motherboard repair | laptop disassembly | computer repair shop | laptop repair Bangla | réparation ordinateur portable | Laptop reparieren | laptop hinge repair | laptop DC jack repair | laptop no power repair | desktop computer repair | laptop teardown | laptop repair Sinhala | réparation PC portable | PC reparieren | computer hardware technician | laptop motherboard | electronics repair | electronic repairing | TV motherboard repair,UCUdgDNPGYCRJraG3BGxF2UA,hands,laptop-computer-repair,wave4,2026-09-14,both,10145
https://www.youtube.com/@dotlineit,@DotlineIt,Dot line It,363,109,5,"Dedicated laptop repair shop with titles showing no-power diagnostics, board-level checks, and screen/battery replacement work.",laptop repair | تعمیر لپ تاپ | 笔记本维修 | réparation ordinateur portable,UCsEvPQWq0qpc9VdyzxQxiqQ,hands,laptop-computer-repair,wave1,2026-09-14,both,109
https://www.youtube.com/@easyfix247,@easyfix247,EASY FIX 24_7,232,73,5,"Titles show detailed step-by-step no-power laptop repair and full servicing videos, dedicated chip-level channel.",laptop motherboard | laptop motherboard repair | صيانة لابتوب | 笔记本维修 | réparation ordinateur portable,UCH71mg4Hxi-9J3md0epJ3vw,hands,laptop-computer-repair,wave1,2026-09-14,both,73
https://www.youtube.com/@harshadpatel,@HarshadPatel,Harshad Patel – Laptop Chip-Level Repair Expert,63900,223,5,Long-running laptop motherboard chip-level repair expert channel focused on hands-on diagnostics and BIOS/voltage fixes.,laptop repair | laptop repairing | laptop motherboard repair | chip level repair | laptop repair course | laptop repairing Hindi | computer repairing Hindi | Laptop reparieren | laptop motherboard chip level repair | MacBook repair | laptop teardown | computer repair technician workshop | laptop motherboard | motherboard repair,UCe__oKXxu-HjrMd0Vv7U_KA,hands,laptop-computer-repair,wave4,2026-09-14,both,223
https://www.youtube.com/@hksir211,@hksir211,Laptop _MacBook _Repair,377,149,5,"Professional chip-level MacBook/laptop repair channel detailing SoC reballing, BIOS work and board repair.",MacBook logic board repair | chip level repair,UClk7e7VQvWJlykUGncyMw5w,hands,laptop-computer-repair,wave4,2026-09-14,both,149
https://www.youtube.com/@ifixit4u-uk,@IFIXIT4U-UK,Alon Repairs by IFIXIT4U,2860,57,5,"Workbench channel filming real logic board repairs, microsoldering, BIOS flashing and diagnostics.",computer repair,UCQq2TqSciSI6x9LO4ELEpKQ,hands,laptop-computer-repair,wave1,2026-09-14,both,57
https://www.youtube.com/@karmanov-01,@karmanov-01,💻 СЛАВНЫЙ РЕМОНТ 💻 ,340,93,5,"Russian channel dedicated to real laptop/PC repairs including diagnostics, soldering, board restoration and BIOS work.",ремонт ноутбуков,UCBhBoB8cfkNkQY-iYXNWn8g,hands,laptop-computer-repair,trial100,2026-09-14,both,95
https://www.youtube.com/@kentechmedia,@kentechmedia,Fix IT Ken ,270,68,5,"Real hands-on titles show SSD swaps, screen replacement step-by-step, and battery/hardware fixes.",laptop repair,UCScVCMPxqzMoAl8BPeLssDg,hands,laptop-computer-repair,wave1,2026-09-14,both,89
https://www.youtube.com/@lapcoresolution,@lapcoresolution,LapCore Solution,227,137,5,"Dedicated motherboard/chip-level laptop repair channel with real workshop cases: BIOS fixing, short circuit, charging issues.",laptop repair | motherboard repair | laptop motherboard repair | laptop repair Bangla | صيانة لابتوب | 笔记本维修 | réparation ordinateur portable,UCA59rWIs8Z7dZjClGYQhG2w,hands,laptop-computer-repair,wave1,2026-09-14,both,137
https://www.youtube.com/@laptechinfo,@laptechinfo,Laptech Info,715,88,5,"Detailed laptop chip-level repair channel covering motherboard troubleshooting, MOSFETs, short circuits, schematics, strong topic match.",laptop repair course | laptop repair | laptop motherboard | laptop service | TV repair | LED TV repair,UCeVPp-bAi8TqezalhQ-_Yog,hands,laptop-computer-repair,wave4,2026-09-14,both,88
https://www.youtube.com/@laptopcourse2,@laptopcourse2,Laptop Course 2,948,154,5,"Dedicated chip-level laptop repair course channel with motherboard fault-finding, MOSFET/IC testing, BIOS demos.",laptop repair | chip level repair | laptop motherboard repair | laptop repair course | Laptop reparieren,UCPqzjekhao4XcS7REsNXL4A,hands,laptop-computer-repair,wave1,2026-09-14,both,176
https://www.youtube.com/@laptoptechnician,@LAPTOPTECHNICIAN,Laptop Technician,4280,102,5,"Explicitly real laptop repair videos from disassembly to completion, step-by-step process shown on camera.",laptop repair | صيانة لابتوب | 笔记本维修 | réparation ordinateur portable,UCWuCqj-QgOpwKTTB7K4QMGA,hands,laptop-computer-repair,wave1,2026-09-14,both,102
https://www.youtube.com/@mraltjay,@MrAltjay,Albertjay G.,428,97,5,"GPU repair channel with clear titles showing disassembly, thermal paste replacement, and board-level diagnostics on graphics cards.",chip level repair,UCicPAxYPNhMXR7GVst2YaaQ,hands,laptop-computer-repair,wave1,2026-09-14,both,122
https://www.youtube.com/@njtech.solutions,@NJTech.Solutions,NJTech LaptopChiplevel Repairing Service &Training,415,455,5,"Dedicated laptop chip-level repair channel with titles on power stages, battery backup, IC/CPU errors—clear board-level bench work.",laptop repair | laptop repairing | laptop service,UCGytE-T02lpgfdTHW-EehHw,hands,laptop-computer-repair,wave1,2026-09-14,both,490
https://www.youtube.com/@profixelektronik,@ProfixElektronik,Profix Elektronik I Emre Sağlam,8790,653,5,Turkish technical service channel specializing in GPU and laptop board-level repair under microscope.,laptop tamiri | elektronik tamir,UCoPHMnvVBV6b1080tCkxqDg,hands,laptop-computer-repair,wave4,2026-09-14,both,653
https://www.youtube.com/@russianlaptoprepair,@RussianLaptopRepair,Russian Laptop Repair,2710,69,5,"Dedicated laptop repair and modding channel explicitly filming real repair work in real time, strong hands-on format.",laptop disassembly | ремонт ноутбуков | BGA reballing laptop | laptop repair | electronics repair,UCYNcF_Q_BDNt5n8f9niqAjw,hands,laptop-computer-repair,wave4,2026-09-14,both,69
https://www.youtube.com/@seninfotechpurnia,@seninfotechpurnia,SEN INFOTECH PURNIA,401,133,5,Laptop service center channel with titles showing chip-level motherboard tracing and no-power diagnosis step by step.,chip level repair | laptop service | laptop repair course,UC6ouFEMKMLITElbDiuVNaYg,hands,laptop-computer-repair,wave1,2026-09-14,both,218
https://www.youtube.com/@serviceplanet,@SERVICEPLANET,SERVICE planet,3730,98,5,Dedicated laptop and desktop motherboard chip-level repair channel description directly matching the topic.,motherboard repair | laptop motherboard repair | chip level repair | صيانة لابتوب | تعمیر لپ تاپ | réparation ordinateur portable,UCbnmvssJcHFAyKz42Vk-8Qw,hands,laptop-computer-repair,wave1,2026-09-14,both,98
https://www.youtube.com/@techdevicerepair,@TechDeviceRepair,Tech Device Repair - TDR,117000,532,5,"Micro-soldering motherboard and HDMI port repair channel for consoles and laptops under microscope, strong hands-on evidence.",laptop repair,UC3sNyp8KcUj7gZ_0FrZMvzw,hands,laptop-computer-repair,wave1,2026-09-14,both,532
https://www.youtube.com/@totalcomputersolution-d5y,@TotalComputerSolution-d5y,Total Computer Solution ,274,78,5,"Chip-level laptop repair channel with titles showing board-level diagnosis, voltage checks and no-power repairs on bench.",laptop repair | صيانة لابتوب | تعمیر لپ تاپ | réparation ordinateur portable,UCmhe2AwroxGSbKurkO4ynvw,hands,laptop-computer-repair,wave1,2026-09-14,both,77
https://www.youtube.com/@mr.tech310,@Mr.tech310,@mr.tech310,38,72,5,"Titles show GPU no-display, dead laptop fixes and keyboard repair, clear hands-on hardware bench work.",electronic repair | electronic repairing,UCKLcJ2ucENCInA_kV0Q0fAw,hands,laptop-computer-repair,wave4,2026-09-14,pool,72
https://www.youtube.com/@alpharettaprocomputer,@AlpharettaProComputer,Sheldon Guan,55,67,5,"Dedicated computer repair channel with titles showing SSD heatsink install, keyboard/palmrest replacement, fan repair on real laptops.",computer repair,UCRuQXOOllJPzvtBATRU20ew,hands,laptop-computer-repair,wave1,2026-09-14,filter,73
https://www.youtube.com/@arsipteknisi,@ArsipTeknisi,Arsip Teknisi,1420,84,5,"Dedicated laptop motherboard repair channel using schematics and boardview, core board-level PC hardware focus.",motherboard repair,UCihfT0YtYe2iQ4afpC21oGg,hands,laptop-computer-repair,wave1,2026-09-14,filter,84
https://www.youtube.com/@dony3dkomputer,@dony3dkomputer,Dony 3D komputer,127,113,5,"Dedicated laptop repair channel with titles showing keyboard, LCD, hinge replacement and dead laptop diagnosis on camera.",servis laptop,UCScGFmGsoFAl_bTlzhMg0Iw,hands,laptop-computer-repair,wave1,2026-09-14,filter,167
https://www.youtube.com/@inoelrepara,@InoelRepara,Inoel Repair,12300,185,5,"Dedicated motherboard repair channel with clip titles showing socket testing, ATX connector removal, real bench work.",motherboard repair,UCypC6l4gcyZK0G4UmcgmrAA,hands,laptop-computer-repair,wave1,2026-09-14,filter,185
https://www.youtube.com/@josanstech,@josanstech,JOSAN’s TECH,151,208,5,"Titles show SSD/battery/RAM replacement disassembly guides on specific laptop models, clear hands-on hardware repair format.",computer repair,UC0Tqnc8eCJzZhcEpHnKtA2w,hands,laptop-computer-repair,wave1,2026-09-14,filter,971
https://www.youtube.com/@mrgitasdidi,@MrGitasdidi,Gitaruga,76600,184,5,Dedicated desktop motherboard repair channel showing real diagnostics and board-level repair work.,motherboard repair,UCnia4qj0Wgm8q_iUq-6lUbQ,hands,laptop-computer-repair,wave1,2026-09-14,filter,184
https://www.youtube.com/@%d0%a0%d0%b5%d0%bc%d0%be%d0%bd%d1%82%d0%90%d0%9a%d0%91,@%D0%A0%D0%B5%D0%BC%D0%BE%D0%BD%D1%82%D0%90%D0%9A%D0%91,Laptop Battery Lab,269,90,4,"Video blog specifically about laptop battery repair, a focused hands-on hardware repair niche.",reparación de laptops | ремонт ноутбуков,UCFMsBSUhiOMk0nkIzck2j1g,hands,laptop-computer-repair,wave1,2026-09-14,scraper,90
https://www.youtube.com/@%e0%b8%8b%e0%b8%b0%e0%b8%9b%e0%b9%8a%e0%b8%b0%e0%b8%8b%e0%b8%b0%e0%b9%80%e0%b8%9b%e0%b9%89%e0%b8%94%e0%b8%9a%e0%b9%89%e0%b8%b2%e0%b8%99%e0%b8%a3%e0%b9%88%e0%b8%ad%e0%b8%87%e0%b8%9f%e0%b8%ad%e0%b8%87%e0%b8%88.%e0%b9%81%e0%b8%9e%e0%b8%a3%e0%b9%88,@%E0%B8%8B%E0%B8%B0%E0%B8%9B%E0%B9%8A%E0%B8%B0%E0%B8%8B%E0%B8%B0%E0%B9%80%E0%B8%9B%E0%B9%89%E0%B8%94%E0%B8%9A%E0%B9%89%E0%B8%B2%E0%B8%99%E0%B8%A3%E0%B9%88%E0%B8%AD%E0%B8%87%E0%B8%9F%E0%B8%AD%E0%B8%87%E0%B8%88.%E0%B9%81%E0%B8%9E%E0%B8%A3%E0%B9%88,ซะป๊ะซะเป้ด บ้านร่องฟอง จ.แพร่,674,501,4,"Computer shop owner teaching notebook motherboard repair alongside farming content, hands-on repair training implied.",ซ่อมโน๊ตบุ๊ค,UCYzJPHemeTu7bb0rzFyNDNg,hands,laptop-computer-repair,wave4,2026-09-14,scraper,501
https://www.youtube.com/@%e0%b9%82%e0%b8%95%e0%b9%8a%e0%b8%b0%e0%b8%8a%e0%b9%88%e0%b8%b2%e0%b8%87,@%E0%B9%82%E0%B8%95%E0%B9%8A%E0%B8%B0%E0%B8%8A%E0%B9%88%E0%B8%B2%E0%B8%87,Repair table,40500,912,4,"Thai repair shop channel covering notebook CPU swaps, mainboard PC repair, and console repair.",ซ่อมคอมพิวเตอร์,UCnj23GOnqoVexTWJz4rUURA,hands,laptop-computer-repair,wave1,2026-09-14,scraper,913
https://www.youtube.com/@%e5%88%98%e5%a4%a7%e5%b8%88%e5%85%84%e7%ac%94%e8%ae%b0%e6%9c%ac%e7%bb%b4%e4%bf%ae,@%E5%88%98%E5%A4%A7%E5%B8%88%E5%85%84%E7%AC%94%E8%AE%B0%E6%9C%AC%E7%BB%B4%E4%BF%AE,刘大师兄笔记本维修,576,80,4,"Dedicated MacBook/laptop chip-level repair channel with 18 years experience, screen and board repair focus.",صيانة لابتوب | 笔记本维修 | réparation ordinateur portable,UCnRobW80vfLrruhs8siztFA,hands,laptop-computer-repair,wave1,2026-09-14,scraper,80
https://www.youtube.com/@%e5%b0%8f%e6%b3%a2%e7%bb%b4%e4%bf%ae,@%E5%B0%8F%E6%B3%A2%E7%BB%B4%E4%BF%AE,小波维修,2660,574,4,Laptop motherboard chip-level and signal-level repair specialist with 13 years experience described.,笔记本维修,UCrBHiPUeFx2MFNpOnIzeXWQ,hands,laptop-computer-repair,wave1,2026-09-14,scraper,574
https://www.youtube.com/@%e5%b0%8f%e9%a9%ac%e8%a3%85%e6%9c%ba,@%E5%B0%8F%E9%A9%AC%E8%A3%85%E6%9C%BA,小马装机日记,2310,118,4,Door-to-door PC building diary channel focused on cable management and turning parts into finished builds.,装机,UCtn8HDvB8vEm8MrAQ_c2FMg,hands,laptop-computer-repair,wave1,2026-09-14,scraper,118
https://www.youtube.com/@%e7%ac%94%e8%ae%b0%e6%9c%ac%e7%bb%b4%e4%bf%ae%e9%a6%86%e5%a4%a7%e5%b8%88%e5%85%84,@%E7%AC%94%E8%AE%B0%E6%9C%AC%E7%BB%B4%E4%BF%AE%E9%A6%86%E5%A4%A7%E5%B8%88%E5%85%84,笔记本维修馆大师兄,1490,97,4,"Professional computer repair channel name with description promising hands-on repair sharing, laptop repair focus.",笔记本维修,UCb4ZFzgA1OXtAXJPUlMg_xQ,hands,laptop-computer-repair,wave1,2026-09-14,scraper,97
https://www.youtube.com/@%ea%b3%b0%ed%8c%8c%eb%8b%a4%ec%bb%b4%ed%93%a8%ed%84%b0-q7q,@%EA%B3%B0%ED%8C%8C%EB%8B%A4%EC%BB%B4%ED%93%A8%ED%84%B0-q7q,곰파다컴퓨터 (곰부장),589,282,4,"Laptop disassembly, SSD/RAM swap, LCD replacement, cooler replacement content described directly.",노트북 수리,UCmxZs-NWgzwki3HbF--STbQ,hands,laptop-computer-repair,wave4,2026-09-14,scraper,282
https://www.youtube.com/@%eb%85%b8%ed%8a%b8%eb%b6%81%ec%95%a1%ec%a0%95%ec%88%98%eb%a6%ac%ec%a0%84%eb%ac%b8%ec%a0%90,@%EB%85%B8%ED%8A%B8%EB%B6%81%EC%95%A1%EC%A0%95%EC%88%98%EB%A6%AC%EC%A0%84%EB%AC%B8%EC%A0%90,노트북액정수리 전문점 노트북스크린,571,53,4,"Specialized laptop LCD screen and motherboard repair shop, clear part-replacement hardware focus.",노트북 수리,UCM5-L06lI4kPzEQnmhA005A,hands,laptop-computer-repair,wave4,2026-09-14,scraper,53
https://www.youtube.com/@%eb%8f%84%eb%9d%bc%ec%9d%b4%eb%b2%84tv,@%EB%8F%84%EB%9D%BC%EC%9D%B4%EB%B2%84tv,도라이버TV,24900,978,4,Channel explicitly focused on laptop disassembly/repair methods with over 700 disassembled laptop images referenced.,노트북 수리,UCzyoQO_I9wAWRxXx7BKwLMA,hands,laptop-computer-repair,wave4,2026-09-14,scraper,978
https://www.youtube.com/@101gigabyte,@101Gigabyte,101 Gigabyte ,348,108,4,"Channel explicitly covers computer/laptop repairs, maintenance, cleaning and PC component assembly and upgrades.",сборка ПК,UCwOZmjotVgaSMVDpK0VFKnA,hands,laptop-computer-repair,wave1,2026-09-14,scraper,108
https://www.youtube.com/@23compservice,@23CompService,23compservice,11800,95,4,"Dedicated complex board-level repair of GPUs and desktop motherboards, clear chip-level repair shop.",صيانة الكمبيوتر | 电脑维修,UCPJDXka5b-XRXbOwT5irdcw,hands,laptop-computer-repair,wave4,2026-09-14,scraper,95
https://www.youtube.com/@5-minutesreiwapcch501,@5-minutesreiwapcch501,5-minutes Reiwa PC CH,2500,317,4,"Dedicated PC repair DIY channel encouraging viewers to try repairs themselves, hands-on format implied.",reparación de tarjeta madre laptop | conserto de placa mãe notebook | ремонт материнских плат ноутбука,UCb45L_8dftYeuzawvMcKxIQ,hands,laptop-computer-repair,wave4,2026-09-14,scraper,317
https://www.youtube.com/@616pcrepair,@616pcrepair,616 PC Repair,1910,63,4,"Small dedicated laptop repair channel filming actual repair jobs, though sporadic uploads.",laptop disassembly,UC4YsBmuTfOBb_JbfzRUEfJg,hands,laptop-computer-repair,wave1,2026-09-14,scraper,63
https://www.youtube.com/@6dammk9,@6DAMMK9,6DAMMK9,214,271,4,Channel mainly focused on GPU repair with some PC showcase and gaming videos mixed in.,GPU repair,UCXxqbC2Z5vwWpHpRLtzTCLw,hands,laptop-computer-repair,wave4,2026-09-14,scraper,271
https://www.youtube.com/@abhishekkumar1a2,@abhishekkumar1a2,Abhishek Computer,76,93,4,Computer hardware/software technician channel specializing in old motherboard troubleshooting with real repair vlogs.,computer hardware technician,UCDcqyLmSpxAaA6dNBkjMt4w,hands,laptop-computer-repair,wave4,2026-09-14,scraper,93
https://www.youtube.com/@abo-taha2024,@ABO-TAHA2024,صيانه الكمبيوتر للمهندس محمد فؤاد سالمان,3720,87,4,"Educational channel by certified instructor teaching computer, receiver, screen and laptop maintenance with structured curriculum.",صيانة الكمبيوتر,UCegEeU9E6jJw031xEhLT0Mw,hands,laptop-computer-repair,wave4,2026-09-14,scraper,87
https://www.youtube.com/@aditya11ttt,@Aditya11ttt,Aditya11ttt,37000,445,4,Dedicated laptop chip-level repair training channel offering hands-on internship-style repair instruction on hard disks and laptops.,laptop repair | laptop disassembly | laptop repair course,UCXbA-gXbMAKbUKImRX-HBHg,hands,laptop-computer-repair,wave1,2026-09-14,scraper,445
https://www.youtube.com/@adonayinformatica2327,@adonayinformatica2327,ADONAY INFORMATICA,1900,147,4,"Dedicated channel to notebook motherboard repair with regular posting schedule, strong board-level repair focus.",réparation ordinateur portable,UCl49XeYKXN9WCPBIMoRoW4A,hands,laptop-computer-repair,wave1,2026-09-14,scraper,147
https://www.youtube.com/@alexandriacustoms,@alexandriacustoms,Alexandria Customs,16700,377,4,Custom gaming PC build and repair shop channel explicitly covering builds and repair videos.,PS5 repair,UCcwIescmtMt348FgEz7Ih-w,hands,laptop-computer-repair,wave4,2026-09-14,scraper,377
https://www.youtube.com/@alexlaptoprepair,@AlexLaptopRepair,Alexlaptoprepair سامح عبدالجواد,48800,337,4,"Dedicated microsoldering/logic board repair channel with courses and tool reviews, strong board-level repair focus.",laptop repair | laptop repairing | Laptop reparieren | PS5 repair | logic board repair | microsoldering,UCjwjM0f-HCTwddgL1VXQ5Rg,hands,laptop-computer-repair,wave4,2026-09-14,scraper,337
https://www.youtube.com/@andrewpaul,@AndrewPaul,Andrew Paul,39700,136,4,"Channel dedicated to troubleshooting and repair of consoles, PCs and laptops on camera.",Nintendo Switch repair,UCtfcWatnWeEY_vq_UOL4PDQ,hands,laptop-computer-repair,wave4,2026-09-14,scraper,136
https://www.youtube.com/@anhkhoa0804,@anhkhoa0804,Anh Khoa Computer,19,65,4,"Vietnamese motherboard/GPU/laptop repair channel with training, board-level repair focus.",sửa main laptop,UC7co5bK10aY8WIyCsm4fEDg,hands,laptop-computer-repair,wave4,2026-09-14,scraper,65
https://www.youtube.com/@antminerrepair,@AntminerRepair,Antminer Repair,4140,53,4,"Niche channel dedicated to repairing Antminer hashboards, real board-level hardware repair content.",computer hardware technician,UCbhPcNsHn1JJAbFBoPHTC3Q,hands,laptop-computer-repair,wave4,2026-09-14,scraper,53
https://www.youtube.com/@apex.technology,@Apex.Technology,"Сборка современных ПК, ремонт ноутбуков",183,133,4,"Channel focused on modern PC building and laptop repair, core hands-on hardware assembly content.",ремонт ноутбуков,UCrmWI_YKfE4wAeIVgFwfUoQ,hands,laptop-computer-repair,wave1,2026-09-14,scraper,133
https://www.youtube.com/@applejuice3605,@applejuice3605,Apple Juice,4800,94,4,"Apple repair shop filming repair process on camera, includes board-level repair though phones/tablets also covered.",パソコン修理,UCnFD-W1VPouzb5t8l6BloBg,hands,laptop-computer-repair,wave4,2026-09-14,scraper,94
https://www.youtube.com/@armatechelectromz-kb5ss,@ArmatechElectroMZ-kb5ss,Armatech Repair MZ,1620,54,4,"Portuguese channel focused on electronics maintenance for consoles, GPUs and notebooks, board-level repair implied.",PS4 repair,UC5QJI9vTnGVcfs2xUm8aXyg,hands,laptop-computer-repair,wave4,2026-09-14,scraper,54
https://www.youtube.com/@arvutibuilds,@ArvutiBuilds,Arvuti Builds,263,120,4,Step-by-step custom PC build guide covering component selection and assembly with precision.,PC build | gaming PC build,UC8x4FNhZS_8LpGFOG9HXl9w,hands,laptop-computer-repair,wave1,2026-09-14,scraper,120
https://www.youtube.com/@ashikcomputerandhardwarelab,@AshikComputerAndHardwareLab,Ashik Computer and Hardware Lab,128000,3190,4,"Chip-level laptop/desktop repair training and service lab in Bangladesh, strong hands-on hardware focus.",laptop repair Bangla,UCEU8koQrTuJrKv4fz_cAoJA,hands,laptop-computer-repair,wave1,2026-09-14,scraper,3190
https://www.youtube.com/@ativeinformatica,@ativeinformatica,Ative Informática,622,95,4,Specialist notebook repair channel showing real diagnostics and electronic repairs on camera.,conserto de placa mãe notebook,UCvVjlOR5T9qEGVEktAIovRg,hands,laptop-computer-repair,wave4,2026-09-14,scraper,95
https://www.youtube.com/@aurummultiserviservicotecn3251,@aurummultiserviservicotecn3251,Aurum multiservi servico tecnico,8080,89,4,"Shop channel showing laptop/PC/tablet disassembly, maintenance and common faults on camera.",reparación de tarjeta madre laptop,UCOFbJvwGJKWFKOoRGWzzGdA,hands,laptop-computer-repair,wave4,2026-09-14,scraper,89
https://www.youtube.com/@awrepairtechsolution,@awrepairtechsolution,AW Repair & Tech Solution,109,78,4,"Self-described laptop hardware expert since 2014, servicing focus suggests hands-on repair content.",laptop repair Bangla,UC8GlFyrunO0vmXXjYrV5ceg,hands,laptop-computer-repair,wave1,2026-09-14,scraper,78
https://www.youtube.com/@baducomputer,@BaDuComputer,Bá Dư Computer - Since 2009,100,188,4,"Vietnamese repair shop specializing in laptop/GPU/mainboard repair and CPU socket pin replacement, strong hands-on signal.",sửa main laptop,UC55ipmbeTEkOKweLd-SD2KA,hands,laptop-computer-repair,wave4,2026-09-14,scraper,188
https://www.youtube.com/@bespokecustomloops,@BespokeCustomLoops,CUSTOM LOOPS,28,89,4,Custom water-cooled PC build channel showing build progression from parts to finished product.,custom water cooling PC build,UCTZ_1rGhmFPKX_a4f6pRqeQ,hands,laptop-computer-repair,wave4,2026-09-14,scraper,89
https://www.youtube.com/@bielettronica,@bielettronica,Bielettronica ,5150,313,4,"Console repair lab showing real PlayStation, Xbox, Switch repairs, cleaning and maintenance on camera.",riparazione notebook,UCMadhOqDsgLJYhgXOzsEFZg,hands,laptop-computer-repair,wave4,2026-09-14,scraper,313
https://www.youtube.com/@bobjohnson,@Bobjohnson,Bob Johnson's Computer Stuff Inc.,19800,1048,4,Toughbook refurbish/repair shop channel with repair tutorials mixed with rugged laptop reviews.,laptop disassembly,UCdbuXeiBYZHzEU158JyGMvA,hands,laptop-computer-repair,wave1,2026-09-14,scraper,1048
https://www.youtube.com/@bongkar_laptop,@Bongkar_laptop,Bongkar Laptop,8340,137,4,"Indonesian channel explicitly about laptop disassembly, cleaning, upgrading and repair work.",laptop fan cleaning thermal paste,UCJBTFnNRGLczefc0FX7GihA,hands,laptop-computer-repair,wave4,2026-09-14,scraper,137
https://www.youtube.com/@brunolopez2224,@brunolopez2224,Laptop Lab,537,79,4,"Laptop repair training channel with practical tutorials on diagnostics, motherboard analysis and hardware upgrades.",reparación de laptops | reparación de computadoras,UC_SF1FTBPvYKLsg4zOS7iZQ,hands,laptop-computer-repair,wave1,2026-09-14,scraper,79
https://www.youtube.com/@buildpcasahobby,@buildpcasahobby,Build PC as a Hobby,210,93,4,"Hobbyist channel dedicated to budget gaming PC builds, personal project format suggests hands-on build videos.",gaming PC build,UCuk-1bZzCut_NDDrKMqryEQ,hands,laptop-computer-repair,wave1,2026-09-14,scraper,93
https://www.youtube.com/@bunkaikoubou_jp,@bunkaikoubou_jp,分解工房,24100,108,4,Dedicated teardown/repair guide channel for PCs and smartphones showing disassembly steps.,パソコン修理,UCiOJEJOBsAAO5UZydbu_0zg,hands,laptop-computer-repair,wave4,2026-09-14,scraper,108
https://www.youtube.com/@buyitfixit,@BuyitFixit,Buy it Fix it,86400,316,4,Long-running electronics and amusement machine/video game repair hobbyist channel with hands-on fix attempts.,game console repair,UChwnFBBtasi2kn2TDK5OsWg,hands,laptop-computer-repair,wave1,2026-09-14,scraper,316
https://www.youtube.com/@byulcomkorea1181,@byulcomkorea1181,BYULCOM Korea,2370,147,4,"Korean custom water-cooled PC assembly company likely showing build work, though description is business-focused.",custom water cooling PC build,UCdXHY6ZfeYUoxAdSvi3LN-g,hands,laptop-computer-repair,wave4,2026-09-14,scraper,147
https://www.youtube.com/@cabridiy,@CabriDIY,CabriDIY,60500,281,4,"French gaming hardware repair content creator with dedicated repair service, likely hands-on console/PC fixes.",console repair,UCuct2fNB1nSdS8Dl6XzdA1g,hands,laptop-computer-repair,wave1,2026-09-14,scraper,282
https://www.youtube.com/@charsu,@CharSu,CharSu,16500,426,4,"Persian electronics repair channel focused on board-level repair including motherboards, monitors, and other devices.",تعمیر مادربرد لپ تاپ,UCZqUPOrPPpdGi3rkjH7jZkg,hands,laptop-computer-repair,wave4,2026-09-14,scraper,426
https://www.youtube.com/@chromebookparts,@Chromebookparts,ChromebookParts.com,3380,453,4,"Chromebook parts supplier promoting self-repair with resources, likely has repair tutorial videos supporting hardware replacement.",laptop disassembly,UC0m1NHPKl_DaX1XMziq2_3w,hands,laptop-computer-repair,wave1,2026-09-14,scraper,453
https://www.youtube.com/@classicconsolerepairs,@ClassicConsoleRepairs,Classic Console Repairs,245,91,4,"Rebuilding classic consoles and handhelds with mods, clear hands-on repair/restoration focus.",console repair | game console repair,UC5yRiK1h01NkoBLFZlCElZg,hands,laptop-computer-repair,wave1,2026-09-14,scraper,91
https://www.youtube.com/@comfixlomsak,@comfixlomsak,ศูนย์ซ่อมโน๊ตบุ๊คหล่มสัก,1700,61,4,"Notebook repair shop mentioning chip replacement service, business description with hardware focus.",ซ่อมคอมพิวเตอร์ | صيانة لابتوب | réparation ordinateur portable,UC6RyUsrrdJXi70-UE9jN2kg,hands,laptop-computer-repair,wave1,2026-09-14,scraper,61
https://www.youtube.com/@compsmaster,@CompsMaster,CompsMaster,206000,607,4,"Professional computer and electronics repair channel with Q&A video answers about repair topics, hands-on repair focus implied.",ремонт материнских плат ноутбука | ремонт блоков питания,UCBQuNXUGkT--_gWLRThjN9w,hands,laptop-computer-repair,wave4,2026-09-14,scraper,607
https://www.youtube.com/@computechsanzo,@Computechsanzo,COMPUTECH SANZO,176,269,4,"POV/FPV PC build videos showing real component installation, thermal paste and cable management.",PC build,UCXcjznVGbvx6QJznLnrtmOg,hands,laptop-computer-repair,wave1,2026-09-14,scraper,269
https://www.youtube.com/@computergeeksrepair,@computergeeksrepair,Computer Geek's Repair,2240,189,4,Computer/electronics repair channel with focused description on repair videos including battery and fan/thermal work.,laptop battery replacement | laptop fan cleaning thermal paste | Xbox repair,UC0Tqd4MpjEBsD44rxCeoGEQ,hands,laptop-computer-repair,wave4,2026-09-14,scraper,189
https://www.youtube.com/@computerworld-pandveswar,@computerworld-pandveswar,Computer World (Pandaveswar),298,58,4,Computer chip level repairing shop channel name directly matches PC hardware repair focus.,chip level repair,UC_EzfAvv2dTE6K1X6nPuaAg,hands,laptop-computer-repair,wave1,2026-09-14,scraper,58
https://www.youtube.com/@consoletechtamil,@ConsoleTechTamil,CONSOLE TECH TAMIL,2070,182,4,"Console repair service centre (PS/Xbox) filming service work, likely real bench jobs in Tamil.",console repair,UC7JGNj2AUwnrLQkhGGYQS5w,hands,laptop-computer-repair,wave1,2026-09-14,scraper,182
https://www.youtube.com/@consoletherapy,@ConsoleTherapy,Console Therapy,5260,86,4,"Dedicated console repair channel offering step-by-step troubleshooting and DIY fixes for PS5, Xbox, Switch.",console repair | game console repair,UCqem6ZyB9Xh_-ZHcdr0bOmg,hands,laptop-computer-repair,wave1,2026-09-14,scraper,86
https://www.youtube.com/@craftsaito,@CraftSaito,Craft Saito クラフトサイト 作業系動画,1380,168,4,Laptop repair-focused channel with varied hands-on work also covering car audio and DIY tasks.,パソコン修理,UCLycyYDYBu5uu1DQF3C91dA,hands,laptop-computer-repair,wave4,2026-09-14,scraper,168
https://www.youtube.com/@creativehardware934,@creativehardware934,Creative Hardware,1930,85,4,"Dedicated laptop and desktop repair training channel in Bangladesh, name and description strongly hardware-focused.",laptop repair Bangla,UCuQojOmnW8bp-6XwHUF-gRQ,hands,laptop-computer-repair,wave1,2026-09-14,scraper,85
https://www.youtube.com/@cust0m_l4b,@Cust0m_l4b,Custom Lab - Negozio e Laboratorio Computer Roma,794,94,4,"Custom PC building and repair shop in Rome doing gaming PC builds, upgrades and assembly with real work implied.",riparazione notebook,UCwq9sHZDcagpwCxaOAjBClA,hands,laptop-computer-repair,wave4,2026-09-14,scraper,94
https://www.youtube.com/@customgamingpc5240,@customgamingpc5240,Custom Gaming pc ,28,173,4,Channel explicitly shows step-by-step PC building guides with parts selection instruction.,custom water cooling PC build,UCFvOG3z1zTrM1OMekF5jZdw,hands,laptop-computer-repair,wave4,2026-09-14,scraper,173
https://www.youtube.com/@custompaynts,@CustomPaynts,Custom Paynts,212,100,4,"Xbox modding, cleaning and repair channel with hands-on console hardware work as main content.",console repair,UCOrtEjIJAlemPOnDP2xuhKQ,hands,laptop-computer-repair,wave1,2026-09-14,scraper,100
https://www.youtube.com/@customrigsde,@CustomrigsDe,"CustomRigsDE Custom PC-Builds, Hardware & Reviews",1240,94,4,"Custom PC builds, hardware, watercooling and casemodding channel since 2017.",custom water cooling PC build,UCxIluFTl89kJke4AvLQeigA,hands,laptop-computer-repair,wave4,2026-09-14,scraper,94
https://www.youtube.com/@cycomputerservices8284,@cycomputerservices8284,C&Y Computer Services,1650,72,4,"Computer repair shop listing LCD/battery/keyboard/motherboard replacement and desktop assembly, strong hands-on hardware focus.",computer repair shop | صيانة لابتوب | réparation ordinateur portable,UC1hV3qVDnADy4P51fBIlh3A,hands,laptop-computer-repair,wave1,2026-09-14,scraper,72
https://www.youtube.com/@dataprodatarecoverylab,@dataprodatarecoverylab,DataPro Data Recovery Lab,6920,1308,4,"Tutorial format explicitly covers PCB board swap and firmware transfer for hard drive repair, hands-on data-recovery hardware work.",hard drive data recovery repair,UCBNfXIVuHJo1IAdrj2SQQrw,hands,laptop-computer-repair,wave4,2026-09-14,scraper,1308
https://www.youtube.com/@doctorchipchannel,@doctorchipchannel,DoctorChip,1620,157,4,"Channel explicitly focused on practical computer maintenance and repair learning, aligns with hands-on hardware topic.",montagem de PC,UCAK3PKeA-pFGyX6LUwdDN4Q,hands,laptop-computer-repair,wave1,2026-09-14,scraper,157
https://www.youtube.com/@doggheadtech,@doggheadtech,DoggheadTech,383,76,4,Gaming console repair and refurbishment channel documenting hands-on electronics fixes.,console repair,UCfWZqxvA66uZhGkKbIe4gcQ,hands,laptop-computer-repair,wave1,2026-09-14,scraper,76
https://www.youtube.com/@dr-graphic,@dr-graphic,dr-graphic,1010,50,4,"Specialized GPU/motherboard/laptop chip-level repair center with BGA machine and ultrasonic equipment, strong hardware repair signals.",تعمیر لپ تاپ,UCv5USsT0vOf1buhJHEK4zrA,hands,laptop-computer-repair,wave1,2026-09-14,scraper,50
https://www.youtube.com/@dr.laptop.a,@dr.laptop.A,Dr.Laptop,151,77,4,"Dedicated repair-focused channel showing teardowns of tech devices to demonstrate fixability, aligning with hands-on hardware work.",laptop battery replacement,UCGkuOYxgRD2HuCmHenPSKqg,hands,laptop-computer-repair,wave4,2026-09-14,scraper,77
https://www.youtube.com/@easyconsolefixes,@EasyConsoleFixes,Easy Console Fixes,2200,60,4,Retro and modern console repair attempts channel with clear hands-on troubleshooting focus.,console repair,UCH8AdSdxhpDaf0v-U_obqug,hands,laptop-computer-repair,wave1,2026-09-14,scraper,60
https://www.youtube.com/@easylaptop,@easylaptop,Disassembling,1640,92,4,"Channel explicitly dedicated to laptop disassembly, upgrade and repair guidance videos.",laptop keyboard replacement | laptop DC jack repair,UCTRRwnorZ8s2nRfXQHY7QXw,hands,laptop-computer-repair,wave4,2026-09-14,scraper,92
https://www.youtube.com/@easypcrepairs,@EasyPcRepairs,EasyPcRepairs,32400,95,4,"Dedicated PC repair/build/upgrade channel with onscreen guides and maintenance tips, mostly hands-on.",graphics card repair | PC reparieren,UCZq-49HjGBTh1WX3dr1UOug,hands,laptop-computer-repair,wave4,2026-09-14,scraper,95
https://www.youtube.com/@edneysolucoesinformatica,@edneysolucoesinformatica,edney soluções informática,18600,536,4,"Dedicated to desktop motherboard repair solutions, name and description strongly indicate board-level repair content.",conserto de placa mãe notebook,UCgV71865htxDT_onpbt8fDg,hands,laptop-computer-repair,wave4,2026-09-14,scraper,536
https://www.youtube.com/@egglabrcr,@egglabrcr,The Egg Lab - Retro Console Restoration,100,64,4,"Retro console restoration channel with repairs, mods and electronics tinkering, hands-on hobbyist repair focus.",console repair | game console repair | electronics repair,UCDMWzqGSYo0P7GSWyybRZEQ,hands,laptop-computer-repair,wave4,2026-09-14,scraper,64
https://www.youtube.com/@electronicloop-de,@electronicloop-de,electronicloop.de,3030,106,4,German notebook and mainboard chip-level repair shop channel with clear board-repair focus.,MacBook logic board repair | reparación de tarjeta madre laptop | conserto de placa mãe notebook | ремонт материнских плат ноутбука,UC1-i5wQc_4qWmpcsBjxPz-A,hands,laptop-computer-repair,wave4,2026-09-14,scraper,106
https://www.youtube.com/@eleonorasayaka,@eleonorasayaka,Eleonora Sayaka Chialva,82900,63,4,Restoration channel documenting computer and console restoration work as hands-on hobby videos.,riparazione notebook,UCi7e_UV82r4cBvp1ACOku8w,hands,laptop-computer-repair,wave4,2026-09-14,scraper,63
https://www.youtube.com/@elhoutcomputer7201,@elhoutcomputer7201,elhout computer,1900,60,4,"Arabic channel dedicated to laptop, PC and console hardware repair with circuit analysis and fault-tracing focus.",صيانة لابتوب | صيانة الكمبيوتر | صيانة الكترونيات,UCJF3EG6qYVspnvjmrsE7TTA,hands,laptop-computer-repair,wave4,2026-09-14,scraper,60
https://www.youtube.com/@elves_godinho,@Elves_Godinho,Elves Godinho ,809,317,4,Technician with 20+ years experience posting technical tips and real diagnostics on notebook/MacBook motherboard repairs.,conserto de placa mãe notebook,UCpMv_seo6VtZUf9rCfB8zew,hands,laptop-computer-repair,wave4,2026-09-14,scraper,317
https://www.youtube.com/@emamali326,@emamali326,Hardware Fix,1090,61,4,"Arabic hardware-fix channel explicitly covering desktop/laptop repair, monitor faults, disassembly and thermal paste steps.",صيانة لابتوب,UCW0rt4BPrzYp2VXuRTA_hbQ,hands,laptop-computer-repair,wave1,2026-09-14,scraper,61
https://www.youtube.com/@enedreparaciones,@enedreparaciones,EneD-Reparaciones ,614,59,4,"Channel dedicated to graphics card repairs, a focused board-level hardware repair niche.",reparación de computadoras,UCNjdSV-19fX_H2GhBh8hjKg,hands,laptop-computer-repair,wave1,2026-09-14,scraper,59
https://www.youtube.com/@er.yadavnilesh,@Er.YadavNilesh,ER YADAV NILESH,283,260,4,"Chip-level engineer offering repair, replacement tutorials and gaming PC assembly guides.",MacBook logic board repair,UCFb_waE4WKO-DvSz__utaLQ,hands,laptop-computer-repair,wave4,2026-09-14,scraper,260
https://www.youtube.com/@errorsolution1589,@errorsolution1589,ERROR SOLUTION,24,86,4,Laptop and desktop repair training channel emphasizing practical skills over academic knowledge.,laptop repair Bangla,UCrt7xLGOThpCkn7DiJX0DGQ,hands,laptop-computer-repair,wave1,2026-09-14,scraper,86
https://www.youtube.com/@especialistaemnotebook,@especialistaemnotebook,Especialistas em Notebook,76,52,4,"Dedicated notebook repair shop description mentioning BGA soldering, motherboard repair and data recovery lab work.",conserto de notebook,UC3ooulEBix6-8tdzewy6bxA,hands,laptop-computer-repair,wave1,2026-09-14,scraper,52
https://www.youtube.com/@etemadlaptop,@etemadlaptop,ETEMAD LAPTOP,2750,97,4,"Persian laptop repair center offering multi-brand repair and motherboard course, business-style description with credible hands-on service.",تعمیر لپ تاپ,UCZpAjMh-KhgayyKm_oGceqQ,hands,laptop-computer-repair,wave1,2026-09-14,scraper,97
https://www.youtube.com/@faultfindinggame,@FaultFindingGame,Fault Finding Game,16000,237,4,"Experienced laptop/desktop engineer sharing repair videos, strong hands-on hardware repair evidence.",laptop motherboard repair,UC5FfVImLTJzFlCNXVS-IPqw,hands,laptop-computer-repair,wave1,2026-09-14,scraper,237
https://www.youtube.com/@fcom39,@FCOM39,Lo So F,39900,743,4,Channel teaching PC/notebook motherboard repair and power supply repair for beginners and technicians.,ซ่อมคอมพิวเตอร์,UCe7lACVGOQuHg8ZWJlGTsRQ,hands,laptop-computer-repair,wave1,2026-09-14,scraper,743
https://www.youtube.com/@figonova,@FigoNOVA,NOVA Repair,801,104,4,"Dedicated repair footage channel for consoles including PS5/Xbox, direct hands-on repair focus.",PS5 repair | Xbox repair | Nintendo Switch repair,UC_St92tZ0EjLPrpo0KzLqtQ,hands,laptop-computer-repair,wave4,2026-09-14,scraper,104
https://www.youtube.com/@fixandrepairdaily,@FixandRepairDaily,Fix and Repair Daily,154,53,4,Retro tech and console repair/preservation channel focused on fixing old computers and games.,game console repair,UCBLySBGudxkM5m0JMV_EQ5g,hands,laptop-computer-repair,wave1,2026-09-14,scraper,53
https://www.youtube.com/@fixbyte-1,@fixbyte-1,fix-byte1,263,195,4,"IC replacement, chip-level motherboard repairing and keyboard replacement described as core content.",laptop motherboard repair,UCeXXRzjVOOiHkvDZEF4LbrA,hands,laptop-computer-repair,wave1,2026-09-14,scraper,195
https://www.youtube.com/@fixdanet,@FixDaNet,Internet Tips & Tricks,200,118,4,Board-level electronics repair channel emphasizing component replacement and diagnostics on various devices.,PS5 repair,UC4ThZhgbLD43s4tJqig0jAQ,hands,laptop-computer-repair,wave4,2026-09-14,scraper,118
https://www.youtube.com/@fixingmoddingbuilding,@fixingmoddingbuilding,Fixing Modding Building,15500,663,4,"Hobbyist console and electronics repair/mod channel saving faulty tech, hands-on repair focus.",PS5 repair | Nintendo Switch repair | controller repair stick drift,UCFz7yWm_zeT0irmUa2GEGtQ,hands,laptop-computer-repair,wave4,2026-09-14,scraper,663
https://www.youtube.com/@fixkey,@FIXKEY,HOW TO FIX Laptop Key,181,79,4,"Specialized channel providing tutorials for laptop keyboard key repair/replacement, a narrow hands-on hardware niche.",laptop disassembly,UCx8zPLKI1LHIdUhPJ4Zd_jg,hands,laptop-computer-repair,wave1,2026-09-14,scraper,79
https://www.youtube.com/@fixmoi,@FixMoi,Fix Moi,401,139,4,"Electronics repair channel emphasizing microsoldering, strong board-level repair signal.",console repair | game console repair,UCt061gUwz-a4AIrOTjMB9xg,hands,laptop-computer-repair,wave1,2026-09-14,scraper,139
https://www.youtube.com/@fixmorewasteless,@FixMoreWasteLess,Fix More Waste Less,5100,61,4,Dedicated console repair hobbyist channel documenting bricked console repairs and mods.,console repair | game console repair,UC0WuHAq9GsdJ7yfeP-ak8iw,hands,laptop-computer-repair,wave1,2026-09-14,scraper,61
https://www.youtube.com/@flfnpc,@FLFnPC,FLFn,154000,61,4,Channel explicitly films PC builds and custom case work on camera as its main activity.,сборка ПК,UCPO6-1DHznXMH0ay6PQuuqA,hands,laptop-computer-repair,wave1,2026-09-14,scraper,61
https://www.youtube.com/@fndesmontareremontar,@fndesmontareremontar,FN - Desmontar e Remontar,252,134,4,"Channel dedicated to notebook/PC disassembly, assembly, maintenance, diagnostics and upgrades with practical focus.",montagem de computador,UCBcGUWBlMIVF0job99L3ZwQ,hands,laptop-computer-repair,wave4,2026-09-14,scraper,134
https://www.youtube.com/@folk_mahachai_it,@Folk_Mahachai_IT,Folk_Mahachai_IT.,342,158,4,Dedicated channel for computer and notebook board repair work covering hardware and software troubleshooting.,ซ่อมโน๊ตบุ๊ค,UCHD55-Kcx7QipU8cyyfYwWg,hands,laptop-computer-repair,wave4,2026-09-14,scraper,158
https://www.youtube.com/@freedomfix,@freedomfix,freedomfix,1390,141,4,"Dedicated laptop repair channel covering screen replacement, motherboard repair and power systems.",ซ่อมโน๊ตบุ๊ค,UCHeko0I4yOcgjjcXbpSBggQ,hands,laptop-computer-repair,wave4,2026-09-14,scraper,141
https://www.youtube.com/@frenchmac.fr-shorts,@FrenchMac.fr-shorts,French Mac,677,121,4,MacBook repair shop channel with titles showing real repair jobs on damaged and faulty laptops.,réparation ordinateur portable,UC_bDtzeoHdFZ5bqmqJmOppg,hands,laptop-computer-repair,wave1,2026-09-14,scraper,121
https://www.youtube.com/@fsmotherboard,@FSMotherboard,FS Motherboard,7620,52,4,"Specializes in desktop motherboard closed-circuit repairs, showing various models and repair tips.",conserto de placa mãe notebook,UCphcxtfUcYQldKiZXdcUFqw,hands,laptop-computer-repair,wave4,2026-09-14,scraper,52
https://www.youtube.com/@futurefixdelhi,@futurefixdelhi,Future Fix Delhi,109,101,4,Chip-level mobile and laptop repair channel emphasizing practical motherboard testing videos for technicians.,laptop DC jack repair | laptop water damage repair,UCa4GZPMJGfUI7jFZ76YM3ww,hands,laptop-computer-repair,wave4,2026-09-14,scraper,101
https://www.youtube.com/@gaddawitech,@GADDAWITECH,GADDAWI TECH,28000,330,4,"Dedicated maintenance channel covering desktops, laptops, tablets, monitors and PlayStation hardware with regular technical videos.",صيانة الكمبيوتر,UCG6OWwPS5s49kOX5uo0NzGw,hands,laptop-computer-repair,wave4,2026-09-14,scraper,330
https://www.youtube.com/@gadgetschampion,@gadgetschampion,Gadgetschampion,55,288,4,PlayStation/Xbox/drone repair business with titles showing actual stick drift and overheating repairs performed.,game console repair,UCuww_SJTsL5Tk33Ix7Go_ag,hands,laptop-computer-repair,wave1,2026-09-14,scraper,288
https://www.youtube.com/@gamesrepair001,@Gamesrepair001,Sv Game repairing ,770,134,4,"Dedicated console repair channel covering PS/Xbox hardware, accessories repair, with some software content mixed in.",console repair | game console repair,UCZ_Bo1xnRzmW00rHb9iPR4g,hands,laptop-computer-repair,wave1,2026-09-14,scraper,134
https://www.youtube.com/@gametechrefuge,@GameTechRefuge,Game Tech Refuge,1550,58,4,Soldering-focused console repair/hobby channel with hands-on hardware work implied by description.,game console repair,UCMeqbD202qj2mytjr7Uu1Rg,hands,laptop-computer-repair,wave1,2026-09-14,scraper,58
https://www.youtube.com/@gamextc,@Gamextc,Gamextc,2420,163,4,Console customization/repair channel with teardown videos and step-by-step guides across multiple console brands.,game console repair,UCugGRb9bAB37T6ItI4Sclfw,hands,laptop-computer-repair,wave1,2026-09-14,scraper,163
https://www.youtube.com/@gbnetinformatica8682,@gbnetinformatica8682,GBNET Informatica | Assistenza PC Castelli Romani,568,119,4,"Repair lab explicitly showing PC/notebook repair, diagnosis and PC gaming assembly on camera.",riparazione notebook,UCoYxwT5YcpbfDKXr39_AGpw,hands,laptop-computer-repair,wave4,2026-09-14,scraper,119
https://www.youtube.com/@gcrp0584,@GCRP0584,Graphics Card Repair Pakistan,849,73,4,"Electronics repair shop explicitly covering GPU, motherboard, console repairs with hands-on troubleshooting focus.",graphics card repair | GPU repair | electronics repair,UCnmcFU4J7ikZGBRu5OO3c7Q,hands,laptop-computer-repair,wave4,2026-09-14,scraper,73
https://www.youtube.com/@geekyinventor,@GeekyInventor,Geeky Inventor,897,308,4,"DIY builds, custom watercooling, laptop mods and hands-on tech hacks channel.",custom water cooling PC build,UCMHPGTeSi5S6ntpzlSyQsgw,hands,laptop-computer-repair,wave4,2026-09-14,scraper,308
https://www.youtube.com/@genesisboardfix,@genesisboardfix,Genesis Board Fix | MacBook Repair Hyderabad,769,262,4,Hyderabad MacBook/iPhone board-level repair centre explicitly showing real repair cases and microsoldering work.,MacBook repair | MacBook logic board repair,UCgQZbnc_xS0Evuw1VdL3XPw,hands,laptop-computer-repair,wave4,2026-09-14,scraper,262
https://www.youtube.com/@goodlifeglobaltech,@GoodLifeGlobalTech,GoodLifeGlobalTech,49,56,4,Titles show real screen and keyboard replacement work on multiple laptop models plus phone repair.,laptop keyboard replacement,UCJVhyhRVDi5UmzSedX9N3ZQ,hands,laptop-computer-repair,wave4,2026-09-14,scraper,56
https://www.youtube.com/@gpufixtijuana,@gpufixtijuana,Gpu Fix Tijuana,9330,379,4,Small GPU repair business channel implying bench work on graphics cards.,graphics card repair | GPU repair,UC3XR0aY3DXl3IkWHFdcsiPw,hands,laptop-computer-repair,wave4,2026-09-14,scraper,379
https://www.youtube.com/@graphicscardrepairs-tk7ql,@GraphicsCardRepairs-tk7ql,GPU Solutions,32600,124,4,Dedicated GPU restoration business channel specializing in Nvidia/AMD/Intel graphics card repair work.,graphics card repair | GPU repair,UCgSk9-gW8J-OteJfdX9Q_rQ,hands,laptop-computer-repair,wave4,2026-09-14,scraper,124
https://www.youtube.com/@guerakitpc,@GueRakitPC,GRP Bench & Builds,1590,317,4,"Dedicated budget PC building channel with bench/build focus and gaming tests, aligning well with hands-on PC assembly.",rakit PC,UCMvImJPthREynra-XKLYE_w,hands,laptop-computer-repair,wave4,2026-09-14,scraper,317
https://www.youtube.com/@haige-no.1,@Haige-No.1,海哥电脑维修,1180,419,4,Desktop and laptop computer repair channel sharing everyday repair experience in a lighthearted tone.,笔记本维修,UC95jMLM6BqBXbbPdec4BltA,hands,laptop-computer-repair,wave1,2026-09-14,scraper,419
https://www.youtube.com/@handydandysrepairs,@handydandysrepairs,Handy Dandy's Repairs,544,76,4,"Repair channel covering game consoles, accessories and computers/components with hands-on repair focus.",Xbox repair | Nintendo Switch repair,UC_2hWyZ3CDeCczPuOcJt5VA,hands,laptop-computer-repair,wave4,2026-09-14,scraper,76
https://www.youtube.com/@happypcbuildpc,@happypcbuildpc,HappyPC - PRO сборки и железо,72600,219,4,"Custom PC build channel explicitly filming real builds with watercooling, testing temps, and showing the process.",сборка ПК,UCjGdwnnMBOCvjCEEpxtqUwg,hands,laptop-computer-repair,wave1,2026-09-14,scraper,219
https://www.youtube.com/@hardwarefix8969,@hardwarefix8969,hardwarefix,236,104,4,"Explicitly laptop and desktop disassembly, assembly and basic error fixing channel with hands-on framing.",صيانة لابتوب | تعمیر لپ تاپ | 笔记本维修 | réparation ordinateur portable,UC9sgPmAZIlyQITOLVatFkmQ,hands,laptop-computer-repair,wave1,2026-09-14,scraper,104
https://www.youtube.com/@hardwareinside360,@hardwareinside360,Hardware Inside,1070,69,4,"Channel explicitly about servicing motherboards, laptops and monitors, suggesting hands-on repair content.",computer hardware technician,UCwe4NTvZvUTYJb28xltXqeQ,hands,laptop-computer-repair,wave4,2026-09-14,scraper,69
https://www.youtube.com/@hardwarerump,@HardwareRump,Hardware Rump,25000,57,4,"Workshop channel filming PC builds for clients, overclocking and hardware testing on camera.",сборка компьютера,UCKSBrzPEZVtjLTkSZM69k-A,hands,laptop-computer-repair,wave4,2026-09-14,scraper,57
https://www.youtube.com/@hefei-yifei,@hefei-yifei,合肥怡飞苹果电脑维修 MAC FIX ---维修案例分享,2740,233,4,Apple computer repair shop with 25 years experience sharing repair case videos including board-level work.,电脑维修,UC_TPRpeE5r5HhdX11fx729A,hands,laptop-computer-repair,wave4,2026-09-14,scraper,233
https://www.youtube.com/@hiahiahia77,@hiahiahia77,【bilibili】PC Building SHOW,1390,154,4,Experienced computer assembler channel focused on PC building demonstrations.,PC build | PC building,UCQ17zmvmCxjyrbRfzOz5ZYw,hands,laptop-computer-repair,wave1,2026-09-14,scraper,154
https://www.youtube.com/@hiendpc,@HiendPc,HiendPc Serwis,88,71,4,"Computer service with retro IT/gaming focus emphasizing repair over replacement, likely bench footage.",naprawa laptopa,UCHieIUBMA8yyDhDnrQAYgPw,hands,laptop-computer-repair,wave4,2026-09-14,scraper,71
https://www.youtube.com/@hitechrepairinggzp7842,@hitechrepairinggzp7842,HiTech Repairing Gzp,2480,141,4,"Bios/schematic-focused laptop repair channel with shop address, signals chip-level bench work.",laptop motherboard repair,UCctZ9rkZQWerWvmUyeHy0HA,hands,laptop-computer-repair,wave1,2026-09-14,scraper,141
https://www.youtube.com/@hocvienitvn,@hocvienitvn,Học Viện IT,28700,1657,4,Vietnamese repair training institute for laptops/PC/MacBook/phones with 80% practical hands-on training emphasis.,sửa main laptop,UCHxseOCIgFjJQeCKkuosihQ,hands,laptop-computer-repair,wave4,2026-09-14,scraper,1657
https://www.youtube.com/@hpcblg,@hpcblg,HAPPYPC ,372000,944,4,Computer repair shop channel with titles showing dead PC repairs and full PC builds with benchmarks.,сборка ПК,UCuQsxUWAr6isMoTkYKSQitA,hands,laptop-computer-repair,wave1,2026-09-14,scraper,944
https://www.youtube.com/@hussaini2026,@Hussaini2026,Hussaini~2026,24,65,4,"Laptop/desktop repair shop channel explicitly showing troubleshooting, diagnosis, repair and testing steps.",laptop repair Bangla,UC9frHHv3c1R4ZMSy-Rub5LA,hands,laptop-computer-repair,wave1,2026-09-14,scraper,65
https://www.youtube.com/@huuhoangsuamainvga,@huuhoangsuamainvga,Hữu Hoàng Sửa Main VGA,34,81,4,Channel explicitly shares real motherboard/VGA repair troubleshooting process with fault analysis and fixes.,sửa main laptop,UCTpz0uI9HuXTj9569mkJu8g,hands,laptop-computer-repair,wave4,2026-09-14,scraper,81
https://www.youtube.com/@imaczone,@iMacZone,iMac Zone,2030,76,4,"Long-time hardware technician sharing Mac/PC repair experience, hands-on repair focus implied.",MacBook logic board repair,UCHw2xy9nT3C4dZMHJ83bkXw,hands,laptop-computer-repair,wave4,2026-09-14,scraper,76
https://www.youtube.com/@informatyk,@informatyk,Informatyk.Support,2050,114,4,"IT technician doing SMD-level board repairs alongside software work, shows bench service content.",naprawa laptopa,UCvXzkmbu3fYkN-MEMee67oQ,hands,laptop-computer-repair,wave4,2026-09-14,scraper,114
https://www.youtube.com/@inventors104,@Inventors104,Inventor 104,1430,133,4,Channel dedicated to troubleshooting dead laptops with detailed component-level diagnostic instructions.,صيانة لابتوب,UCzmitvdEelbD2m8U-snnb3g,hands,laptop-computer-repair,wave1,2026-09-14,scraper,133
https://www.youtube.com/@iron_top,@iron_top,Железный ТОП,1770,109,4,Detailed PC building and cleaning/thermal paste service description shows real hands-on hardware tasks.,сборка компьютера,UCD7j5M-uE5Y_U4iYwse8d5w,hands,laptop-computer-repair,wave4,2026-09-14,scraper,109
https://www.youtube.com/@itechnician.repairs,@iTechnician.repairs,iTechnician Mac&PC Repair ,535,52,4,Mac/PC repair channel explicitly describing motherboard diagnostics and micro-soldering tutorials on camera.,laptop hinge repair | laptop DC jack repair | laptop no power repair | computer hardware technician | microsoldering,UCNsyFbrsaNLlUC7wG62NFUA,hands,laptop-computer-repair,wave4,2026-09-14,scraper,52
https://www.youtube.com/@ivestcomputer,@ivestcomputer,Ivest,2240,53,4,Channel focused on laptop/tablet disassembly video instructions plus reviews of repaired tech.,reparación de laptops | صيانة لابتوب | 笔记本维修 | réparation ordinateur portable | صيانة الكترونيات | ремонт усилителя,UCx5b57Zv70_y7NQiVMm9KzA,hands,laptop-computer-repair,wave4,2026-09-14,scraper,53
https://www.youtube.com/@jceletroinfo,@jceletroinfo,JC EletroInfo,246,51,4,Assistência técnica channel showing upgrade and maintenance results on computers/notebooks with hands-on repair focus.,montagem de PC,UCIDhxiuQk8ui27Chi6fHc8g,hands,laptop-computer-repair,wave1,2026-09-14,scraper,51
https://www.youtube.com/@jckoo-vm6ty,@jcKoo-vm6ty,j.c. Koo,7,56,4,"Specialized laptop LCD screen replacement channel, clear focused hardware part-swap topic.",노트북 수리,UCuU4EPhcLQRUezYb8Bd5bWw,hands,laptop-computer-repair,wave4,2026-09-14,scraper,56
https://www.youtube.com/@jfixx1,@JFIXX1,JFIXX,13400,165,4,"Repair journey channel with microsoldering titles, power supply repair, and motherboard troubleshooting streams.",GPU repair,UC4KnXKJ3IUIJ4-GHKy7BMBg,hands,laptop-computer-repair,wave4,2026-09-14,scraper,165
https://www.youtube.com/@joeydoesshorts,@JoeyDoesShorts,Joey Does Shorts,86100,209,4,Short-form console/laptop repair diagnostics channel showing power draw testing and fault fixing across devices.,console repair,UCxzugQN-OxxTASVgkP3YwOg,hands,laptop-computer-repair,wave1,2026-09-14,scraper,209
https://www.youtube.com/@jojococostudio,@jojococostudio,jojococo,23700,59,4,"Dedicated to building, modifying and watercooling computers with hands-on focus.",custom water cooling PC build,UCFWdE3RhgKu5K1a5Cj1h67w,hands,laptop-computer-repair,wave4,2026-09-14,scraper,59
https://www.youtube.com/@joonsholic,@joonsholic,JJ C,109,301,4,"Channel covers laptop/PC assembly repair, custom water cooling and overclocking teardowns, strong hands-on hardware focus.",노트북 수리,UC9Qn2tCKx-T4s9oM6SWXeUQ,hands,laptop-computer-repair,wave4,2026-09-14,scraper,301
https://www.youtube.com/@juanitofix3103,@juanitofix3103,Juanito Fix,3730,136,4,"Spanish-language channel dedicated to console repair, cleaning and maintenance on camera.",console repair,UCVDPILpJq0tothZqe6Yp3fg,hands,laptop-computer-repair,wave1,2026-09-14,scraper,136
https://www.youtube.com/@justnoteservice,@JustNoteService,JustNote,64400,213,4,"Service center channel showing internal work, equipment and tools reviews, hands-on laptop repair focus.",ремонт ноутбуков,UCTzaX6UqsLEW8xHFjjz6Upw,hands,laptop-computer-repair,wave1,2026-09-14,scraper,213
https://www.youtube.com/@kalika_laptop_repair_center,@kalika_laptop_repair_center,Kalika Laptop Repair Centre ,506,161,4,Chip-level laptop and electronics repair centre emphasizing motherboard/IC fixes and hardware restoration across brands.,laptop repair | laptop repairing | laptop motherboard repair | chip level repair | laptop screen replacement | Laptop reparieren | laptop keyboard replacement | laptop hinge repair | laptop fan cleaning thermal paste | laptop motherboard chip level repair | laptop teardown | electronic repair,UCQqWTDyARdJKVn3FnKSAdIg,hands,laptop-computer-repair,wave4,2026-09-14,scraper,161
https://www.youtube.com/@kangetsespc,@KangetsesPC,Kang et ses PC,150000,192,4,"Hardware-focused French channel with GPU VRAM mod, PC transformation build, and market investigation videos showing hands-on work.",montage PC,UC3-dl8nKItitMxM9DNTDAfQ,hands,laptop-computer-repair,wave1,2026-09-14,scraper,192
https://www.youtube.com/@karimakeservice,@KARIMAKESERVICE,KARIMAKESERVICE,57,78,4,"Dedicated laptop, PC and printer repair/service channel with technician tutorials and real-world fault diagnosis.",servis laptop | electronics repair,UCo-sU02-Xrglgb5VqnAezdg,hands,laptop-computer-repair,wave4,2026-09-14,scraper,78
https://www.youtube.com/@karlosinforbyte,@KarlosInforByte,A Informática de um jeito fácil!!! ,73,111,4,Advanced board repair channel covering capacitor replacement and reballing for notebooks and desktops.,conserto de placa mãe notebook,UCLz87I7R8ZOWSOUBzg-Ujbw,hands,laptop-computer-repair,wave4,2026-09-14,scraper,111
https://www.youtube.com/@kelatos%e6%97%a5%e6%9c%ac%e8%aa%9eja,@Kelatos%E6%97%A5%E6%9C%AC%E8%AA%9EJA,Kelatos 日本語 JA,42,3287,4,"Step-by-step repair tutorials for PCs, tablets, Surface, robots and vacuums from a professional repair service.",パソコン修理,UCifXPX3Og-8UsjfhcLoId-A,hands,laptop-computer-repair,wave4,2026-09-14,scraper,3288
https://www.youtube.com/@khmerlaptoprepair,@Khmerlaptoprepair,KHMER Laptop Repair,4200,896,4,"Khmer laptop repair shop listing detailed chip-level and hardware services (mainboard, VGA, chip reballing) suggesting bench work.",laptop repair | laptop screen replacement | Laptop reparieren | laptop keyboard replacement | laptop no power repair | laptop teardown | monitor repair | UPS repair,UCGsmCwuFmgtktOiNnD3BpxA,hands,laptop-computer-repair,wave4,2026-09-14,scraper,896
https://www.youtube.com/@kikihobbyrepair,@kikihobbyrepair,Kiki Hobby Repair,4730,83,4,"Hands-on console, tablet and laptop repair hobbyist channel with described high success rate on real jobs.",GPU repair | Xbox repair | Nintendo Switch repair,UCdrGWiDZ0RVPeg6Ltw0gJhg,hands,laptop-computer-repair,wave4,2026-09-14,scraper,83
https://www.youtube.com/@konkastecnologia,@konkastecnologia,Konkas Tecnologia,1360,206,4,Repair shop channel showing real day-to-day PC maintenance and technician work on cameras.,montagem de PC,UCKKjAzDmAUsPFvu4u4xYLBQ,hands,laptop-computer-repair,wave1,2026-09-14,scraper,206
https://www.youtube.com/@kosteamd,@kosteamd,Костя Малашенко,20900,114,4,"Individual repairer of laptops and game consoles, direct hands-on hardware repair service description.",ремонт ноутбуков,UC9CKOnaGrBSb73BFHP-Em3g,hands,laptop-computer-repair,wave1,2026-09-14,scraper,114
https://www.youtube.com/@l3pje,@l3pje,Peter “L3p” Brands,10300,102,4,"Dedicated PC hardware, casemodding and watercooling channel with hands-on build focus.",custom water cooling PC build,UCcyylD7W0fwOvs0NqZBYFJQ,hands,laptop-computer-repair,wave4,2026-09-14,scraper,102
https://www.youtube.com/@labcompgreece,@LabCompGreece,"Lab CompGreece - Ремонт компьютеров, гаджетов",9050,124,4,"Repair channel showing disassembly and cleaning of laptops and electronics, explicit demonstration intent stated.",ремонт ноутбуков,UC3-l3LEi6JvOv04xV_qjO2Q,hands,laptop-computer-repair,wave1,2026-09-14,scraper,124
https://www.youtube.com/@lalbabupssahani,@lalbabupssahani,lalbabu.p.s.sahani,79600,243,4,"Chip-level laptop and MacBook repair channel offering advanced training, real bench repair content implied.",laptop repair | laptop repairing | laptop repair course | صيانة لابتوب | 笔记本维修 | réparation ordinateur portable,UCuiZrgdbaA9YKpXJnyZ40EA,hands,laptop-computer-repair,wave1,2026-09-14,scraper,243
https://www.youtube.com/@lapfix,@lapfix,LapFix,59200,665,4,"Dedicated MacBook repair and data recovery center, name and description strongly indicate hands-on hardware bench work.",صيانة لابتوب | تعمیر لپ تاپ | 笔记本维修 | réparation ordinateur portable,UCG88LAOVxSNQfkB_xtpuZlw,hands,laptop-computer-repair,wave1,2026-09-14,scraper,665
https://www.youtube.com/@lapremtop,@LapRemTop,LapRemTop,7440,295,4,"Channel explicitly focused on laptop repair topics with ongoing content expansion, hands-on repair implied.",reparación de laptops | صيانة لابتوب | تعمیر لپ تاپ | ремонт ноутбуков | 笔记本维修,UCCrRT3nXBYAYdI1zuYcbzhw,hands,laptop-computer-repair,wave1,2026-09-14,scraper,295
https://www.youtube.com/@laptopcourse,@LaptopCourse,PAVITHRA LAPTOP CARE,7960,626,4,Laptop chip-level course channel with BIOS editing title showing specific hands-on hardware repair content.,laptop repair course,UCVaWmwyZf_bRklqPrppGLQw,hands,laptop-computer-repair,wave1,2026-09-14,scraper,626
https://www.youtube.com/@laptopdisassembly12cmf,@LaptopDisassembly12cmf,Laptop Disassembly,7070,379,4,"Channel explicitly about laptop disassembly and fixing, directly matching the disassembly topic.",laptop motherboard repair | laptop disassembly | صيانة لابتوب | 笔记本维修 | réparation ordinateur portable,UCsFl3pylPGOysKUS2gfBh0g,hands,laptop-computer-repair,wave1,2026-09-14,scraper,379
https://www.youtube.com/@laptopdr,@laptopdr,Disassembling & Assembling computer,16100,667,4,"Channel focused on laptop disassembly and assembly with practical tips, matching hands-on hardware repair format.",laptop repairing Hindi | computer repairing Hindi,UC2f3BUrrLVXImQUyfIPWNyg,hands,laptop-computer-repair,wave1,2026-09-14,scraper,667
https://www.youtube.com/@laptoperrors,@Laptoperrors,LAPTOP ERRORS,4850,2550,4,Laptop and desktop motherboard repair channel explicitly naming board-level repair alongside mobile and electronics repair.,laptop hinge repair | laptop no power repair,UCtMgMUIqQiTz8ZbwG_Qy_vg,hands,laptop-computer-repair,wave4,2026-09-14,scraper,2550
https://www.youtube.com/@laptopfixprojapan,@LaptopFixProJAPAN,Various disassembly methods ,3770,298,4,"Channel dedicated to detailed disassembly/repair demos of Mac, PCs, tablets, game consoles and phones.",笔记本维修,UC4PaWKOuYunk5yMT2ey_S1Q,hands,laptop-computer-repair,wave1,2026-09-14,scraper,298
https://www.youtube.com/@laptophocasi,@laptophocasi,Laptop Hocası,812,52,4,Dedicated channel on laptop and desktop motherboard repair alongside tech reviews and error fixes.,laptop tamiri,UCl_4c3-5vOS17BLF2ybHEXw,hands,laptop-computer-repair,wave1,2026-09-14,scraper,52
https://www.youtube.com/@laptophospital7337,@laptophospital7337,Laptop Hospital,245,228,4,Laptop Hospital name and description explicitly about repairing laptops of various brands and common issues.,reparación de computadoras,UCDK-O-8tccTofIzZP8GM9MQ,hands,laptop-computer-repair,wave1,2026-09-14,scraper,228
https://www.youtube.com/@laptopkeyrepair,@LaptopKeyRepair,LaptopKeyRepair,277,357,4,Channel specifically dedicated to laptop keycap replacement/repair videos across all laptop brands.,laptop keyboard replacement,UCo9KldfFLVkbrV4DnrT349Q,hands,laptop-computer-repair,wave4,2026-09-14,scraper,357
https://www.youtube.com/@laptopnamdinh,@laptopnamdinh,FIX Laptop NĐ,1500,113,4,"Laptop repair channel with specific service listings for screen, keyboard, SSD, RAM and mainboard replacement.",sửa main laptop,UCKiJzJMGk8Nvr1vQVZaZDxQ,hands,laptop-computer-repair,wave4,2026-09-14,scraper,113
https://www.youtube.com/@laptoponline3167,@laptoponline3167,LaptopOnline,3170,104,4,"Channel dedicated to laptop circuit analysis, fault diagnosis and repair experience sharing, strong hardware focus.",sửa main laptop,UCCBrZxPmX6OUGwvj91qtVTQ,hands,laptop-computer-repair,wave4,2026-09-14,scraper,104
https://www.youtube.com/@laptoprepairmaster,@Laptoprepairmaster,Laptop repair master,2110,234,4,"Chip-level maintenance and screen pressing team for MacBooks and notebooks, strong hardware repair signal.",laptop repair | laptop repairing,UCGvmxIh05VFOSc1TIhbatXg,hands,laptop-computer-repair,wave1,2026-09-14,scraper,234
https://www.youtube.com/@laptopservicecenterrajshahi,@laptopservicecenterrajshahi,Laptop Service Center Rajshahi,475,116,4,Laptop service center description explicitly covers no-display/no-power repairs and laptop/desktop parts.,laptop service center,UC4xajTmcoJkYoqfYPFGYVuA,hands,laptop-computer-repair,wave4,2026-09-14,scraper,116
https://www.youtube.com/@lapzen1293,@LapZen1293,LapZen,1120,144,4,"Laptop/AIO/MacBook repair channel listing specific hardware faults like dead laptop, battery, overheating, liquid damage.",صيانة لابتوب | تعمیر لپ تاپ | réparation ordinateur portable,UCDzfKQ-Vxxf-dpzq9sSz8nA,hands,laptop-computer-repair,wave1,2026-09-14,scraper,144
https://www.youtube.com/@lcdguarantee,@LCDGuarantee,LCD Guarantee,179,59,4,"Dedicated laptop screen replacement channel with step-by-step repair tutorials, though includes some product reviews.",laptop screen replacement | monitor repair,UC8V5RZnJq2YbgzER7a50kTw,hands,laptop-computer-repair,wave4,2026-09-14,scraper,59
https://www.youtube.com/@letspcrepair,@letspcrepair,Let's PC Repair,23200,159,4,"Japanese PC repair hobbyist channel taking repair requests, hands-on fix content implied.",GPU repair | パソコン修理 | PC reparieren | computer hardware technician,UCZpoPnt9fDtKfgI6jskJe5g,hands,laptop-computer-repair,wave4,2026-09-14,scraper,159
https://www.youtube.com/@liangzaixiuji-z4t,@liangzaixiuji-z4t,Handsome Guy Repairs,4340,65,4,Computer repair channel focused on graphics card troubleshooting with hands-on demonstrations and hardware maintenance.,笔记本维修,UCyCGdUAUbQCvJVvUVKJNUlw,hands,laptop-computer-repair,wave1,2026-09-14,scraper,65
https://www.youtube.com/@liquidhaus,@LiquidHaus,LiquidHaus,6300,98,4,Dedicated custom PC and watercooling building channel with clear hands-on build focus.,custom water cooling PC build,UCuXc4KL1SfinLSeeOWB7VBA,hands,laptop-computer-repair,wave4,2026-09-14,scraper,98
https://www.youtube.com/@louisrossmannre-upfullqual9135,@louisrossmannre-upfullqual9135,Louis Rossmann Re-Up FULL QUALITY,934,353,4,"Re-upload of Rossmann's microsoldering repair content, same hands-on hardware value as original.",MacBook logic board repair,UCaERVkjLUYq-fI6vnqKiDDw,hands,laptop-computer-repair,wave4,2026-09-14,scraper,353
https://www.youtube.com/@lucianoinformatica,@lucianoinformatica,Luciano Informática,140000,340,4,Repair shop channel sharing real hardware repair work and computer hardware information.,conserto de placa mãe notebook,UCurrxoyuSUwYwUfO2dzSh4Q,hands,laptop-computer-repair,wave4,2026-09-14,scraper,340
https://www.youtube.com/@mac789macbooknotebookpc,@Mac789MacbookNotebookPc,Mac 789 ศูนย์ซ่อม Macbook Notebook Pc ปทุมธานี,1650,138,4,Macbook/notebook repair center listing screen replacement and RAM upgrades across many brands.,ซ่อมคอมพิวเตอร์,UC1oY_actm0Fl9gwR9k6GZOg,hands,laptop-computer-repair,wave1,2026-09-14,scraper,138
https://www.youtube.com/@macandkeys-m8p,@MacandKeys-m8p,Mac and Keys,33,377,4,"Channel explicitly focused on Apple parts replacement videos, strong hands-on repair signal.",laptop keyboard replacement,UCsfoXNy7zkehrAkm6EPxpUQ,hands,laptop-computer-repair,wave4,2026-09-14,scraper,377
https://www.youtube.com/@macbookfixer,@macbookfixer,MacbookFixer,1760,85,4,Dedicated MacBook logic board repair channel explaining diagnostic steps for chip-level board issues.,MacBook repair | MacBook logic board repair,UCrQYHBAlrMnoMKCgGbtBCSg,hands,laptop-computer-repair,wave4,2026-09-14,scraper,85
https://www.youtube.com/@macbookrepairsexpertmaccare,@MacBookRepairsExpertMaccare,MacBook Repair Center Laptop Repair Expert Maccare,1110,333,4,"Chip-level repair, training and data recovery center for laptops/MacBooks/desktops, strong hardware repair signals.",laptop repairing | chip level repair,UCqHTlG-NpNPbaY6-3nORHEA,hands,laptop-computer-repair,wave1,2026-09-14,scraper,333
https://www.youtube.com/@maccomfunny,@MacComFunny,맥컴퍼니,653,71,4,"MacBook and PC repair store explicitly covering logic board repair, PC assembly, and general laptop repair.",노트북 수리,UCpevxpLrauFRm3BbnhY2TEA,hands,laptop-computer-repair,wave4,2026-09-14,scraper,71
https://www.youtube.com/@machonachoproductions,@MachoNachoProductions,Macho Nacho Productions,442000,307,4,Dedicated retro gaming mod/repair channel with titles on Pokemon tech repairs and PS2 modding.,console repair | game console repair,UC4CsqctrGOn4NTz09sAhXwQ,hands,laptop-computer-repair,wave1,2026-09-14,scraper,307
https://www.youtube.com/@maclapitcarenoida,@maclapitcarenoida,MacLap IT Care - Laptop MacBook Repair Experts,81,57,4,Laptop/MacBook repair center explicitly mentioning real repair case videos including logic board and display work.,MacBook repair | MacBook logic board repair | laptop teardown,UCR0pvxdmnPC6gaWshvq4jbQ,hands,laptop-computer-repair,wave4,2026-09-14,scraper,57
https://www.youtube.com/@macomputerandhardwarelab7108,@macomputerandhardwarelab7108,MA COMPUTER AND HARDWARE LAB,14500,984,4,Dedicated computer hardware lab channel focused on motherboard and hard-disk servicing with sales component.,computer hardware technician,UCDEo8FJdSS9IdqnnGweJcOg,hands,laptop-computer-repair,wave4,2026-09-14,scraper,984
https://www.youtube.com/@malaykumar920,@malaykumar920,Malay Kumar,264,112,4,"Description explicitly covers PC assembly, SSD upgrades, motherboard repair tutorials in Tamil.",laptop repair Tamil,UCjRFJLU-5EmNgukHjTVIf_w,hands,laptop-computer-repair,wave1,2026-09-14,scraper,112
https://www.youtube.com/@marfixvince,@MarfixVince,MarFix TechTube,1040,162,4,Electronics repair channel focused on laptops and desktop components maintenance and repair.,computer hardware technician,UCELkfq8ccWp9ol_75cHApXw,hands,laptop-computer-repair,wave4,2026-09-14,scraper,162
https://www.youtube.com/@markowyserwis,@MarkowySerwis,MarkowySerwis,2840,243,4,Repair channel showing real step-by-step laptop and console repairs from fault diagnosis to fix.,naprawa laptopa,UC1mfs6mRYZiq2AsGe5wH1gw,hands,laptop-computer-repair,wave4,2026-09-14,scraper,243
https://www.youtube.com/@maytinh1166khavancan,@MayTinh1166KhaVanCan,Calculator 1166 Kha Van Can,21500,903,4,"PC/laptop hardware channel focused on mainboard, PSU repair experience sharing with practical troubleshooting content described.",sửa máy tính,UCLNDhMXx0tXY0aNrpCs7Hfg,hands,laptop-computer-repair,wave1,2026-09-14,scraper,903
https://www.youtube.com/@maz.reparateur,@maz.reparateur,Maz Réparateur,8340,380,4,"Laptop motherboard repair service channel, name and handle indicate board-level repair focus.",réparation ordinateur portable,UC8uq7TbgIdqz3U_hxYhruqg,hands,laptop-computer-repair,wave1,2026-09-14,scraper,380
https://www.youtube.com/@medijasleen,@MediJasleen,Medi Jasleen,4450,115,4,Indonesian vlog by a laptop technician/teacher covering laptop and electronics repair as regular content.,صيانة لابتوب | 笔记本维修 | réparation ordinateur portable,UCRXNQ4BL1w7JoX7HATKkugA,hands,laptop-computer-repair,wave1,2026-09-14,scraper,115
https://www.youtube.com/@metapcs,@METAPCs,META PCs,1690000,1929,4,"Custom PC building shop with titles showing hands-on builds, troubleshooting, and mini PC assembly.",PC building | gaming PC build | montagem de PC,UCiKNvzMjBFowg5Sj6pevymA,hands,laptop-computer-repair,wave1,2026-09-14,scraper,1929
https://www.youtube.com/@mflab,@MFLAB,M.F. LAB,2250,94,4,"Personal studio focused on notebook disassembly, RAM/SSD upgrade tutorials and hardware repair.",PC upgrade guide,UClTkI1mfaMRC2Z32VdR5U7g,hands,laptop-computer-repair,wave4,2026-09-14,scraper,94
https://www.youtube.com/@mickfixesjunk,@mickfixesjunk,Mick Fixes Junk,208,52,4,"Fixes speakers, laptops, cars, computers and consoles, broad hands-on repair channel.",console repair | game console repair,UCFC95-rl3A4UaJ798lnAXRg,hands,laptop-computer-repair,wave1,2026-09-14,scraper,52
https://www.youtube.com/@mipcmayorista7058,@mipcmayorista7058,MI PC MAYORISTA,3030,287,4,"Hands-on tutorial channel explicitly covering laptop screen, keyboard, hinge replacement and SSD installs.",reparación de computadoras,UCKIk3gQ7vBKVtGYGYaNcFTg,hands,laptop-computer-repair,wave1,2026-09-14,scraper,287
https://www.youtube.com/@mreirepair,@mreirepair,Mr EI Repair,919,293,4,"Tear-down and repair channel covering phones, tablets, laptops, PCs, VR headsets, gaming consoles with hands-on format implied.",laptop water damage repair,UCCHp14PGCGNNhFPuhBYKkwA,hands,laptop-computer-repair,wave4,2026-09-14,scraper,293
https://www.youtube.com/@multisolution1,@MultiSolution1,Multi Solution,4970,318,4,"Laptop motherboard and body repair, assembly/disassembly channel with BIOS work, hands-on repair focus.",laptop disassembly,UCy1A4liYitztaVEuKqNOfQA,hands,laptop-computer-repair,wave1,2026-09-14,scraper,319
https://www.youtube.com/@mx3042,@mx3042,صيانة M ْX,2500,338,4,"Channel teaching computer hardware repair, fault diagnosis and reviving old parts, strong hardware focus.",صيانة لابتوب | صيانة الكترونيات,UCkaLY4SS8gDS_T_lbi3-ItA,hands,laptop-computer-repair,wave4,2026-09-14,scraper,338
https://www.youtube.com/@n-technaresh,@n-technaresh,N-Tech Naresh Laptop Repairing&Training Institute,14000,223,4,"Laptop repairing training institute with practical chip-level and MacBook repair content, business-heavy description.",laptop repair | laptop repairing | chip level repair | laptop repair course | laptop repairing Urdu | Laptop reparieren | laptop no power repair | laptop motherboard chip level repair | laptop repairing institute | chip level training institute | electronics repair course,UCkiG2u5ur7AAJB8Wr_075Wg,hands,laptop-computer-repair,wave4,2026-09-14,scraper,223
https://www.youtube.com/@nadotechnology7730,@nadotechnology7730,Nado Technology,475,85,4,Advanced computer/laptop repair training institute explicitly focused on hands-on repair skill training.,صيانة لابتوب | 笔记本维修 | réparation ordinateur portable,UCd9mmf1d6vrT7K1wLpCyuNw,hands,laptop-computer-repair,wave1,2026-09-14,scraper,85
https://www.youtube.com/@nbfix893,@nbfix893,ชมรมช่างซ่อมโน๊ตบุ๊ค nbfix,4460,210,4,"Dedicated notebook repair knowledge channel covering circuit loading, BIOS work and repair courses.",ซ่อมโน๊ตบุ๊ค,UCerlhjpv828DoU20X9K9__Q,hands,laptop-computer-repair,wave4,2026-09-14,scraper,210
https://www.youtube.com/@neandertaltech,@NeandertalTech,NeandertalTech,3080,135,4,Laptop/PC motherboard diagnostics and SMD repair channel with real repair tutorials described.,reparación de tarjeta madre laptop | reparación de fuentes de poder,UCCYd2GKWfvsZpV7VXkjujDw,hands,laptop-computer-repair,wave4,2026-09-14,scraper,135
https://www.youtube.com/@newretrorepair,@NewRetroRepair,New Retro Repair,2730,56,4,Retro console repair channel spanning multiple systems with hands-on tinkering.,console repair | game console repair,UC3UNqHA4DfwXXr3_vokAEHA,hands,laptop-computer-repair,wave1,2026-09-14,scraper,56
https://www.youtube.com/@nibbantechnologies,@nibbantechnologies,Nibban💻Technologies,363,61,4,"Laptop chip-level repair experts channel, MacBook/iMac focus with clear board-level hardware repair evidence.",chip level repair,UCWTSpXq2MqVDOrYOAlI-bGQ,hands,laptop-computer-repair,wave1,2026-09-14,scraper,61
https://www.youtube.com/@niktelio,@NikTelio,Nik Telio,12100,59,4,"DIY electronics channel featuring BGA reballing and rework repair videos, clear board-level hardware work.",laptop motherboard repair,UCivbLT7sRO-de3CCj9y7J6A,hands,laptop-computer-repair,wave1,2026-09-14,scraper,59
https://www.youtube.com/@norcalconsolefixx,@NorCalConsolefixx,Norcal Console Service & Repair ,48,61,4,Console and controller repair channel run by a repair technician documenting work.,game console repair,UCbuj77RjWHz61qY3drEpCWQ,hands,laptop-computer-repair,wave1,2026-09-14,scraper,61
https://www.youtube.com/@notebook1,@notebook1,Notebook1 Ассоциация сервисных центров,157000,344,4,"Professional laptop, monoblock and game-console repair service channel with a strong hands-on repair focus.",reparación de laptops | ремонт ноутбуков,UCNntnT1Asa2kcK3Ernvxmzw,hands,laptop-computer-repair,wave1,2026-09-14,scraper,344
https://www.youtube.com/@notebook31,@notebook31,notebook-31,871000,511,4,"Detailed repair channel covering laptops, PCs, phones and GPUs with explicit process transparency including errors and nuances.",ремонт ноутбуков,UCR1HSvPGgweMlKoHRkSkwjw,hands,laptop-computer-repair,wave1,2026-09-14,scraper,511
https://www.youtube.com/@notebookcenterru,@notebookcenterru,fx-laptop,1950,637,4,"Notebook center channel titled around laptop disassembly how-tos, minimal but relevant description.",laptop disassembly,UCE5xztaVDCMV6L5_oFluD-Q,hands,laptop-computer-repair,wave1,2026-09-14,scraper,637
https://www.youtube.com/@oddtinkering,@OddTinkering,Odd Tinkering,2830000,165,4,Restoration channel implying hands-on hardware repair/refurbishment work.,console repair | game console repair,UCf_suVrG2dA5BTjJhNLwthQ,hands,laptop-computer-repair,wave1,2026-09-14,scraper,165
https://www.youtube.com/@omardahroug316,@omardahroug316,GRT LAB,92,82,4,"Motherboard maintenance channel name suggests board-level repair work, minimal but relevant description.",BGA reballing laptop,UCHDy9HckINIUR-_IKnZBkMg,hands,laptop-computer-repair,wave4,2026-09-14,scraper,82
https://www.youtube.com/@onestonetech,@OneStoneTech,光头哥Mac维修,124,52,4,"Mac repair specialist channel covering board-level chip repair, RAM/SSD upgrades, screen replacement, and cleaning.",笔记本维修,UCHFLCWqUK_KkzfgVNvxUGPw,hands,laptop-computer-repair,wave1,2026-09-14,scraper,52
https://www.youtube.com/@onlaptopro,@OnLaptopRo,OnLaptop Service Laptop | GSM | Calculatoare,1700,231,4,"Repair shop description lists board-level laptop repair, reballing, display and battery replacement, upgrades.",BGA reballing laptop,UCEeDkiNZ408aIcHBbmeQgnQ,hands,laptop-computer-repair,wave4,2026-09-14,scraper,231
https://www.youtube.com/@optimizelogicrepair2784,@optimizelogicrepair2784,Optimize Logic Repair,1450,119,4,"Electronics repair shop working on MacBooks, Windows laptops, consoles and graphics cards, solid hardware repair scope.",laptop motherboard repair | PS5 repair | electronics repair | power supply repair | electronics repair shop,UC3uw34JchaewByfYurGY1Uw,hands,laptop-computer-repair,wave4,2026-09-14,scraper,119
https://www.youtube.com/@ormocgamingconsolerepairtv9895,@ormocgamingconsolerepairtv9895,Ormoc Fix,1270,193,4,"Electronics repair channel covering laptops, phones, and game consoles with repair-focused description.",console repair | game console repair | PS4 repair | laptop repair tagalog | monitor repair,UChz4TCG3gxh5O9cCP_VAA_w,hands,laptop-computer-repair,wave4,2026-09-14,scraper,193
https://www.youtube.com/@paulperezpcmods,@PaulPerezPcmods,PaulPerezPcmods,1850,71,4,"Custom PC modding channel with build timelapses, RGB lighting and liquid cooling focus.",custom water cooling PC build,UCqtMSYILmxQeWdxu0gICitQ,hands,laptop-computer-repair,wave4,2026-09-14,scraper,71
https://www.youtube.com/@pavithralaptopcarehindi,@Pavithralaptopcarehindi,Pavithra Laptop Care Hindi,2590,60,4,"Chip-level laptop repair solutions channel, name and description strongly signal board-level bench work.",laptop repair | chip level repair | laptop repair course | laptop repairing Hindi,UC07oK6W0z2ttHmIKend_DCg,hands,laptop-computer-repair,wave1,2026-09-14,scraper,60
https://www.youtube.com/@pc-diy,@pc-diy,PC DIY,2000,222,4,"Japanese channel dedicated to PC parts replacement and upgrade tutorials, strong hands-on disassembly focus.",PC upgrade guide,UCXn24hXmxvgZ6oLBq2tDkQA,hands,laptop-computer-repair,wave4,2026-09-14,scraper,222
https://www.youtube.com/@pcafinado,@pcafinado,PC Afinado Informática,12400,303,4,"Brazilian bench-repair channel showing daily electronic repairs on notebooks, GPUs and consoles with quality/transparency focus.",computer hardware technician,UCrSi3sE9Woc8IUBlzJUBNgg,hands,laptop-computer-repair,wave4,2026-09-14,scraper,303
https://www.youtube.com/@pcbsolder,@pcbsolder,PCB Solder,51700,246,4,"Long-running BGA/SMD/IC repair specialist for consumer electronics, strong board-level repair signal.",PS5 repair,UCPLCh24djGfnn2rCmiACI5g,hands,laptop-computer-repair,wave4,2026-09-14,scraper,246
https://www.youtube.com/@pcbuildmod,@PCBUILDMOD,PC BUILD & MOD,640,53,4,"Custom PC build and watercooling channel by an enthusiast, likely showing hands-on assembly work.",PC building,UCcR2D_GUPcRZMHytx8-QZeA,hands,laptop-computer-repair,wave1,2026-09-14,scraper,53
https://www.youtube.com/@pcexpert186,@PCExpert186,PC-Expert,160000,381,4,15-year laptop repair specialist channel sharing hands-on repair knowledge and experience.,reparación de laptops | ремонт ноутбуков,UCLAkaWhM73EJ_SvNOkoOGWQ,hands,laptop-computer-repair,wave1,2026-09-14,scraper,381
https://www.youtube.com/@pclaptopreparaturalexmartin,@PCLaptopreparaturAlexMartin,PC und Laptopreparatur Alex Martin ,5470,175,4,German PC/laptop repair shop channel describing repair process insights and shop footage from a real repair business.,PC reparieren,UC6SRXOhiKuq_AV_0In0hc1A,hands,laptop-computer-repair,wave4,2026-09-14,scraper,175
https://www.youtube.com/@pcmaxinformatica,@pcmaxinformatica,PC MAX INFORMÁTICA,1790,263,4,Bench-based printer and computer repair channel showing real diagnostic and repair work from a technician's daily practice.,montagem de PC,UCIrFsBhHpEOX1UJKbcvgUWw,hands,laptop-computer-repair,wave1,2026-09-14,scraper,263
https://www.youtube.com/@pcodnowa,@pcodnowa,PCodnowa,2900,203,4,Self-described laptop and computer repair channel sharing hands-on experience from actual service work.,naprawa laptopa,UCVvqcItNbgtl6WEUguRJByA,hands,laptop-computer-repair,wave4,2026-09-14,scraper,203
https://www.youtube.com/@pcpoint,@PcPoinT,PcPoinT,525,138,4,"Creative workshop and store channel showing PC builds, laptop and graphics card cleaning and repair work examples.",ремонт материнских плат ноутбука,UCf4vqmbh-t2FuXNI5bFJaIQ,hands,laptop-computer-repair,wave4,2026-09-14,scraper,138
https://www.youtube.com/@pcpro_habis,@pcpro_habis,PCプロ ハビス沼津店,36,64,4,"PC repair shop specializing in board-level repair and data recovery for hard-to-fix computers, business-driven but hardware focused.",パソコン修理,UC9mSTdIkNW-T7Ncl0JJiNkg,hands,laptop-computer-repair,wave4,2026-09-14,scraper,64
https://www.youtube.com/@phanthanhlaptop,@phanthanhlaptop,Laptop Phan Thanh,229,139,4,"In-depth hardware repair training channel for laptops, PCs and Macbooks.",sửa main laptop,UCIz4M_I6rcrF8XYcuZFGk-g,hands,laptop-computer-repair,wave4,2026-09-14,scraper,139
https://www.youtube.com/@pomeroypowerjackrepair,@pomeroypowerjackrepair,Pomeroy DC Jack Repair,7840,369,4,Dedicated DC jack and laptop repair channel with how-to fix guides showing real hands-on hardware work.,laptop motherboard repair,UChttFRSkP1hH8e3RokiFTNg,hands,laptop-computer-repair,wave1,2026-09-14,scraper,369
https://www.youtube.com/@powerjackrepair,@Powerjackrepair,Power Jack Repair,16500,1381,4,"Specialized channel dedicated to laptop DC power jack repair and replacement, a clear hands-on hardware niche.",laptop disassembly,UCdfYbzDVtyhM_7ilb54vFNA,hands,laptop-computer-repair,wave1,2026-09-14,scraper,1381
https://www.youtube.com/@pressstarttofeelold,@PressStartToFeelOld,PressStartToFeelOld,51,73,4,"Bench-cam retro and modern console/controller repair channel with shell swaps, screen upgrades and joystick mods.",Nintendo Switch repair,UCQFO8wdHpDBL3ceF_GkKrBg,hands,laptop-computer-repair,wave4,2026-09-14,scraper,73
https://www.youtube.com/@primetechsupportespanol,@PrimeTechSupportEspanol,Prime Tech Support Espanol,335,86,4,"Repair shop channel specializing in MacBooks, GPUs, laptops with chip-level repair language suggesting bench work.",reparación de computadoras,UCGXjbfQYMZ581TkAHmetecg,hands,laptop-computer-repair,wave1,2026-09-14,scraper,86
https://www.youtube.com/@projectrebootuk,@ProjectRebootUK,Project Reboot (Scrapstore.Reboot),555,104,4,Charity computer refurbishment channel filming real repair/build/mend work on donated PCs and laptops.,graphics card repair,UCuvTXngQyTYsQC1olDYDppA,hands,laptop-computer-repair,wave4,2026-09-14,scraper,104
https://www.youtube.com/@protomdz,@protomdz,Proto,1780000,2505,4,"Titles show multiple PC building videos for gaming, work and architecture use cases, fitting hands-on build format.",armar PC,UCIIHM_DjF-4kSyUifxsnkuw,hands,laptop-computer-repair,wave1,2026-09-14,scraper,2505
https://www.youtube.com/@punkndisorderlygamer,@PunkNDisorderlyGamer,PunkNDisorderlyGamer,4890,86,4,"Amateur electronics repair, troubleshooting and modding channel with soldering tools listed, mostly video game hardware.",console repair,UCW5ZSlO2E5lcPiDrB_gJYuQ,hands,laptop-computer-repair,wave1,2026-09-14,scraper,86
https://www.youtube.com/@quikfixlaptopkeys,@quikfixlaptopkeys,QuikFix Laptop Keyboard Keys,4540,140,4,"Niche channel specifically on laptop keycap replacement, a narrow but clear hardware task focus.",laptop keyboard replacement,UCm1_U63icGoVle6XC_xfEFg,hands,laptop-computer-repair,wave4,2026-09-14,scraper,140
https://www.youtube.com/@quocthien77,@QUOCTHIEN77,GÓC TUỔI TRẺ,1850,194,4,"Detailed mainboard repair training course covering circuit analysis, IC diagnostics, and real repair cases with schematics.",sửa main laptop,UCOO42XIXw6Am5qewOQdQNxA,hands,laptop-computer-repair,wave4,2026-09-14,scraper,194
https://www.youtube.com/@quynhhastore,@quynhhastore,QuynhHa Computer,1360,333,4,Vietnamese channel dedicated to hardware repair knowledge and real-life laptop/PC/mainboard repair experience.,sửa main laptop,UC0Q0eyC9Bruu3B5um15namA,hands,laptop-computer-repair,wave4,2026-09-14,scraper,333
https://www.youtube.com/@raevenpagdilao213,@raevenpagdilao213,JOHN ALSHAMEL LAPTOP REPAIR,419,122,4,Personal laptop repair channel sharing hands-on repair experience from technician's work in Saudi Arabia.,laptop repair | laptop repairing | laptop screen replacement | Laptop reparieren,UCcXdH8esqYLiU1l1vve5mQQ,hands,laptop-computer-repair,wave1,2026-09-14,scraper,122
https://www.youtube.com/@raminfotechlaptopserviceguduva,@RaminfotechLaptopServiceGuduva,Raminfotech Laptop Service Guduvanchery,22,54,4,"Laptop service business listing detailed hardware services including screen, motherboard, hinge and chip-level repair.",laptop repairing | chip level repair | laptop repair Tamil | servis laptop,UCUDMJtwQtThpT-jD4WdVp6w,hands,laptop-computer-repair,wave1,2026-09-14,scraper,54
https://www.youtube.com/@ranjit-singh-repair-rsr,@Ranjit-Singh-Repair-RSR,Ranjit Singh,205,97,4,Focused PlayStation console and controller repair channel with step-by-step troubleshooting guides.,game console repair,UCNu8OmubqIPMf4v-53ZRgbg,hands,laptop-computer-repair,wave1,2026-09-14,scraper,97
https://www.youtube.com/@rcrssa,@RCRSSA,RCRS - Retro Console Repair Shop,735,97,4,Retro console repair shop channel dedicated to filmed repairs and modifications of classic hardware.,console repair | game console repair,UCbDiq3IBRBr91GJgnzKvNMQ,hands,laptop-computer-repair,wave1,2026-09-14,scraper,97
https://www.youtube.com/@rebuiltpc,@rebuiltpc,REBUILT PC,487,58,4,"PC and laptop repair, maintenance, build and upgrade channel description directly matches hardware work.",reparación de computadoras | armar PC,UCZULMIIu1pmqJ37Yb6s1Xjg,hands,laptop-computer-repair,wave1,2026-09-14,scraper,58
https://www.youtube.com/@refernce1,@Refernce1,Reference,12300,188,4,"Arabic channel explicitly focused on desktop/laptop, GPU, console and TV repair with scientific fault-tracing approach.",صيانة لابتوب,UCXEh55d9860OOuVMmlcB7mw,hands,laptop-computer-repair,wave1,2026-09-14,scraper,188
https://www.youtube.com/@remnootservice,@RemNootService,RemNoot Service,234,82,4,"Dedicated laptop repair service center description mentioning repair, maintenance and modernization of computers and laptops.",ремонт ноутбуков,UC6UH1OK5ldFLXFe02VaH8ow,hands,laptop-computer-repair,wave1,2026-09-14,scraper,82
https://www.youtube.com/@remyogurt765,@remyogurt765,remYogurt,8480,436,4,"Dedicated channel for laptop and video card repair with shipping logistics described, clear hardware repair focus.",ремонт ноутбуков,UC52XyUes_XynaCZvM8vcGMQ,hands,laptop-computer-repair,wave1,2026-09-14,scraper,436
https://www.youtube.com/@repairfun,@repairFUN,リペア研究所 for ダイナショップ,3750,281,4,"Repair channel showing disassembly, repair and upgrades across many laptop brands like dynabook, Lenovo, HP.",reparación de laptops,UCDTBHI7NtkDaAL9xQJqZmsQ,hands,laptop-computer-repair,wave1,2026-09-14,scraper,281
https://www.youtube.com/@repairstories,@RepairStories,Repair Stories,780,157,4,Dedicated retro hardware repair channel restoring and modifying graphics cards and motherboards with real repair work shown.,ремонт материнских плат ноутбука,UCGvB8YYzYBVygvEWYWyse0w,hands,laptop-computer-repair,wave4,2026-09-14,scraper,157
https://www.youtube.com/@repairwizardkorea,@repairwizardKorea,수리마법사RepairWizard,1120,124,4,"PCB/BGA/SMD repair specialist for electronic devices, clearly board-level hands-on repair work.",노트북 수리,UCK8TZhrb2Mai-d0U_0Up8_g,hands,laptop-computer-repair,wave4,2026-09-14,scraper,124
https://www.youtube.com/@reparaciondelaptopsypcs,@reparaciondelaptopsypcs,Aprende a reparar laptops y pc. ,267,129,4,Practical laptop/PC repair course channel promising hands-on maintenance and repair training with certification.,reparación de laptops,UCQh7Dj2QROaGfAZZ8_AuELQ,hands,laptop-computer-repair,wave1,2026-09-14,scraper,129
https://www.youtube.com/@resqrepair,@RESQREPAIR,RESQ,54900,990,4,Data recovery and logicboard repair shop with described hands-on services across device types.,MacBook logic board repair,UCLrS7einmzTbMO8s9LGekVA,hands,laptop-computer-repair,wave4,2026-09-14,scraper,990
https://www.youtube.com/@retro.revolution,@Retro.Revolution,Retro Revolution,17100,185,4,"DS handheld restoration, testing and modding channel with clear hands-on repair focus.",console repair,UCFZMX4iy-HWE18BC94-FO5Q,hands,laptop-computer-repair,wave1,2026-09-14,scraper,185
https://www.youtube.com/@retrorenegaderepairs,@RetroRenegadeRepairs,Retro Renegade Repairs,20600,115,4,Dedicated retro and modern game console repair and upgrade channel with hands-on hardware focus.,console repair,UCp7hqXl2bPoYTi_GIWT2C1w,hands,laptop-computer-repair,wave1,2026-09-14,scraper,115
https://www.youtube.com/@retrorepairs,@RetroRepairs,RetroRepairs,78200,139,4,"Buys damaged retro items and documents repair attempts, clear hands-on repair format.",console repair,UCclt_FYsR8R_fMFXOuUjFEA,hands,laptop-computer-repair,wave1,2026-09-14,scraper,139
https://www.youtube.com/@retrosalesaustralia,@RetroSalesAustralia,Retro Sales,12200,80,4,Retro console repair and troubleshooting tutorials with detailed hands-on focus.,console repair | game console repair,UC4gcyARkYf7kSBdE59tmumg,hands,laptop-computer-repair,wave1,2026-09-14,scraper,80
https://www.youtube.com/@retrostashrepairs,@retrostashrepairs,Retro Stash Repairs,4160,80,4,Retro console/gameboy repairs and mods channel with hands-on repair focus.,console repair | game console repair,UCNndPHQAvLf1mCbXciZojmw,hands,laptop-computer-repair,wave1,2026-09-14,scraper,80
https://www.youtube.com/@reypc_computer,@Reypc_Computer,Reypc computer ,558,121,4,"Persian hardware education channel promising step-by-step disassembly, assembly and troubleshooting of computer hardware.",تعمیر مادربرد لپ تاپ,UCpsUHYROJIV-7LuobOk4tqw,hands,laptop-computer-repair,wave4,2026-09-14,scraper,121
https://www.youtube.com/@rfcomputeritaly,@RFComputerItaly,RF Computer,1500,55,4,"Professional repair shop covering board-level repairs for notebooks, smartphones, tablets and consoles.",riparazione notebook,UCKU0G4l3xih7Th-oENXsNKQ,hands,laptop-computer-repair,wave4,2026-09-14,scraper,55
https://www.youtube.com/@rheezetech,@rheezetech,Rheeze Tech,147,109,4,"IT technician channel explicitly covering laptop disassembly, repair guides and upgrade tutorials.",laptop battery replacement,UC0JbTvwpjrVgGQ-yDsM6zaQ,hands,laptop-computer-repair,wave4,2026-09-14,scraper,109
https://www.youtube.com/@rklcrepairknowledge,@RKLCRepairKnowledge,RKLC Repair Knowledge,19300,226,4,Experienced laptop/desktop repair technician promising detailed step-by-step advanced practical repair videos.,laptop repairing | laptop motherboard repair | chip level repair | laptop repair course | laptop repairing Hindi,UCaIkz00tuwa0FD6bLE-Lj5g,hands,laptop-computer-repair,wave1,2026-09-14,scraper,226
https://www.youtube.com/@rockieoficial,@RockieOficial,Rockie,292000,195,4,Titles show step-by-step budget gaming PC builds with clear assembly process across multiple videos.,armar PC,UCFJBsityvF0Z9dfxecDfm7g,hands,laptop-computer-repair,wave1,2026-09-14,scraper,195
https://www.youtube.com/@roysrepair,@RoysRepair,Roy's Repair & Resale,568,153,4,"Console and electronics repair enthusiast channel with commentary, hands-on repair focus implied by description.",console repair | game console repair | electronics repair,UCAsT__rVVsvev_K2e_qPm2w,hands,laptop-computer-repair,wave4,2026-09-14,scraper,153
https://www.youtube.com/@russierussrepairs,@RussieRussRepairs,RussieRussRepairs,1030,111,4,"Hobbyist electronics/console repair channel with hands-on troubleshooting attempts, self-described amateur repair content.",console repair | electronic repair,UCIYXJFJXzHWct2P8wm1FvFQ,hands,laptop-computer-repair,wave4,2026-09-14,scraper,111
https://www.youtube.com/@sayakas_digital_attic,@Sayakas_Digital_Attic,Sayaka's Digital Attic,247000,114,4,"Restoration work documentation on computers and consoles, personal hands-on repair channel.",console repair,UC2OYnh5nKWUnzj5D1Xt9Kdw,hands,laptop-computer-repair,wave1,2026-09-14,scraper,114
https://www.youtube.com/@segredosdosnotebooks,@SegredosDosNotebooks,Segredos Dos Notebooks,33100,72,4,"Portuguese notebook maintenance/repair channel with tips content, suggests hands-on hardware work though generic description.",réparation ordinateur portable,UCT-kssDc5aRJeNs-l3wQ8Bg,hands,laptop-computer-repair,wave1,2026-09-14,scraper,72
https://www.youtube.com/@serliandri2321,@serliandri2321,Kang Service Komputer,39,99,4,Indonesian channel explicitly focused on laptop/PC disassembly tutorials and hardware component repair.,servis komputer,UCxnJXSXZhfB-85gar7J6t5A,hands,laptop-computer-repair,wave4,2026-09-14,scraper,99
https://www.youtube.com/@shafi_kc,@shafi_kc,Shafi kc,361,53,4,Dedicated laptop chip-level repair channel with motherboard diagnosis and practical demonstrations described.,chip level repair,UC8ZZNB0C5aUXsW0NT_XcjRQ,hands,laptop-computer-repair,wave1,2026-09-14,scraper,53
https://www.youtube.com/@shanesretrogames,@ShanesRetroGames,ShanesRetroGames,361,56,4,Dedicated retro game console repair/restoration/mod channel showing hands-on fixing of classic hardware.,console repair,UCY1GibjFopHowkbTHlvwp6Q,hands,laptop-computer-repair,wave1,2026-09-14,scraper,56
https://www.youtube.com/@shanthatechnologies,@shanthatechnologies,shanthatechnologies,1410,155,4,"Channel explicitly focused on advanced chip-level laptop and desktop repair tips, strong board-level repair signal.",تعمیر لپ تاپ | 笔记本维修,UCBjQylmxw19QAMF8rjCAwcw,hands,laptop-computer-repair,wave1,2026-09-14,scraper,155
https://www.youtube.com/@shreechakratechnologies,@shreechakratechnologies,Shree Chakra Technologies,3760,106,4,"Laptop and Apple repair channel promising expert repair tutorials for screens, batteries, hard drives on camera.",computer repairing Telugu,UC3JNKQS_9SMWjNy9Bd9ck-Q,hands,laptop-computer-repair,wave1,2026-09-14,scraper,106
https://www.youtube.com/@shuvocomputer,@ShuvoComputer,Shuvo Computer,9900,511,4,Computer hardware engineer/trainer channel explicitly for chip-level laptop and desktop training and repairing.,laptop repair Bangla,UCi3sACCMG7N4zS-Gl-CknUA,hands,laptop-computer-repair,wave1,2026-09-14,scraper,511
https://www.youtube.com/@siggmo,@siggmo,Siggmo,4670,468,4,"Dedicated laptop disassembly guide channel tied to a parts shop, likely hands-on teardown videos.",laptop disassembly,UCguvrPInRLbJux6GPEjuXMQ,hands,laptop-computer-repair,wave1,2026-09-14,scraper,468
https://www.youtube.com/@simplemodz,@SIMPLEMODZ,SIMPLEMODZ,11100,142,4,"Custom gaming PC builds, mods and water cooling with titles showing specific SFF build projects.",custom water cooling PC build,UC4SvqZfAynEkoMjX4uT1Ecg,hands,laptop-computer-repair,wave4,2026-09-14,scraper,142
https://www.youtube.com/@singularitycomputers,@SingularityComputers,SingularityComputers,138000,593,4,Custom PC building and water-cooling component business with hands-on build videos.,PC build | PC building,UCqChlb8y4cQ0jAFaNFPQLqA,hands,laptop-computer-repair,wave1,2026-09-14,scraper,593
https://www.youtube.com/@smtclaptoprepairing,@SMTCLAPTOPREPAIRING,SMTC LAPTOP REPAIRING,349,84,4,"Laptop/desktop repairing training institute emphasizing hands-on lab practicals, courses in hardware and chip-level work.",laptop repair | laptop repair course,UC-GJWttgY-8Wdk8bkwPBuaQ,hands,laptop-computer-repair,wave1,2026-09-14,scraper,84
https://www.youtube.com/@socal_fix,@Socal_fix,SocalFix ,176,120,4,Board-level repair channel on semi-modern devices with hands-on repair focus.,PS5 repair,UCCCyw5BIzx1B82UbNREYzVQ,hands,laptop-computer-repair,wave4,2026-09-14,scraper,120
https://www.youtube.com/@steam_deck_repair,@Steam_deck_repair,Ремонт Steam deck Москва ,127000,211,4,"Steam Deck and handheld gaming PC repair shop channel, hardware-focused with contact/business info.",Nintendo Switch repair,UCrhKPW_u7z8Fv3D2X7CCHXg,hands,laptop-computer-repair,wave4,2026-09-14,scraper,211
https://www.youtube.com/@superlevelzyt,@SuperLevelZYT,Super Level Z,1080,173,4,"iFixit ambassador restoring video game consoles, hands-on repair and restore focus.",console repair | game console repair,UCmidSI-hG_6sPqNPulp33Ew,hands,laptop-computer-repair,wave1,2026-09-14,scraper,173
https://www.youtube.com/@sureshitsolution,@SureshItsolution,Suresh IT Solution Hub,96,94,4,"Titles show laptop battery change, motherboard display checking, and gaming laptop repair on camera.",laptop motherboard repair,UCayaDLZogHpP99wzswZVTJA,hands,laptop-computer-repair,wave1,2026-09-14,scraper,94
https://www.youtube.com/@sypthv8,@Sypthv8,Sypthv8,687,51,4,"Arcade and video game modification and repair how-tos, hands-on hardware focus.",console repair | game console repair,UCdAhlWED0KOX63JSv4gb_ag,hands,laptop-computer-repair,wave1,2026-09-14,scraper,51
https://www.youtube.com/@szybkikompserwis%c5%81%c3%b3d%c5%ba,@SzybkikompSerwis%C5%81%C3%B3d%C5%BA,SzybkiKompSerwisŁódź,50,78,4,"Mobile PC service channel with titles showing diagnostics, service and PC builds on camera.",naprawa laptopa,UC-cEnv56A8PeVnAqEcNpFfA,hands,laptop-computer-repair,wave4,2026-09-14,scraper,78
https://www.youtube.com/@takerujunction,@takerujunction,タケルジャンクション / TakeruJunction,46800,162,4,Junk PC and audio equipment repair hobbyist channel sharing hands-on fix knowledge.,パソコン修理,UCfRmSn9pcH4r23YIJUPt6QQ,hands,laptop-computer-repair,wave4,2026-09-14,scraper,162
https://www.youtube.com/@tamirmasam,@tamirmasam,TAMİR MASAM,1770,58,4,"Computer repair shop channel explicitly making videos about repair, parts and maintenance work.",laptop tamiri,UCcfixQEbEItgoXCgB9MPqhw,hands,laptop-computer-repair,wave1,2026-09-14,scraper,58
https://www.youtube.com/@tcrscircuit,@TCRSCircuit,TCRS Circuit,14100,367,4,MacBook logic board repair and data recovery shop with strong board-level repair focus described.,laptop motherboard repair,UCTqjuDiJ3ZmRXSF0y1tfIBQ,hands,laptop-computer-repair,wave1,2026-09-14,scraper,367
https://www.youtube.com/@techayaz,@techayaz,TECH AYAZ,2570,462,4,"Practical RAM/SSD/HDD upgrade and hardware troubleshooting videos for laptops and PCs, clear hands-on focus.",laptop keyboard replacement | PC upgrade guide,UCmQ7gpjINvZn0EyxoI9_xvw,hands,laptop-computer-repair,wave4,2026-09-14,scraper,462
https://www.youtube.com/@techfixcomputerlab,@techfixcomputerlab,TechFix computer Lab,775,56,4,Dedicated laptop and MacBook chip-level repair channel with hands-on hardware focus described.,chip level repair,UCrAR6Dxvn34RcgDm1dEwHeg,hands,laptop-computer-repair,wave1,2026-09-14,scraper,56
https://www.youtube.com/@techfixtales,@techfixtales,Tech Fix Tales,3350,296,4,Repair shop channel explicitly filming entire diagnose-and-repair process including GPU repair.,laptop hinge repair | GPU repair,UCn8hYpqzVnBQfcDv12eayVQ,hands,laptop-computer-repair,wave4,2026-09-14,scraper,296
https://www.youtube.com/@techiamolabs,@TechiamoLabs,Techiamo Labs,336,278,4,Practical tech repair channel covering PS5/Xbox hardware fixes and controller repair alongside phones and electronics.,game console repair,UCiSXqIxPddn_Qgxp7B8NimQ,hands,laptop-computer-repair,wave1,2026-09-14,scraper,278
https://www.youtube.com/@techidiot1120,@techidiot1120,Tech Idiot,750,72,4,Description explicitly mentions laptop panel/hinge reworks and motherboard chip-level services alongside software.,laptop repair Tamil,UC7ksI1iTf2Xr86Kv-kBot_w,hands,laptop-computer-repair,wave1,2026-09-14,scraper,72
https://www.youtube.com/@techmaniabd,@TechManiaBD,TechMania |BD|,238000,560,4,"PC build and hardware troubleshooting channel with real-world repair cases alongside reviews, solid hands-on hardware focus.",PC build | laptop repair Bangla | GPU repair | UPS repair,UC9WnF4bRBQz3ec04sE5HAjQ,hands,laptop-computer-repair,wave4,2026-09-14,scraper,560
https://www.youtube.com/@techmantrabysg,@TechMantrabySG,Tech Mantra by SG,593,54,4,"Dedicated DIY channel explicitly showing laptop HDD, keyboard, RAM and display replacement steps.",laptop keyboard replacement,UCp_Lf1gDHp2ONDy9VrB8eUA,hands,laptop-computer-repair,wave4,2026-09-14,scraper,54
https://www.youtube.com/@technician365,@technician365,Tech365,2440,193,4,"Laptop repair shop covering screen, keyboard, battery, RAM, hinge and chip-level repairs across major brands.",laptop repair Tamil,UCs3W550u2eYpAcOlA4fK2kg,hands,laptop-computer-repair,wave1,2026-09-14,scraper,193
https://www.youtube.com/@technologia41,@technologia41,Yigit,96,68,4,"Channel dedicated to repairs, cleaning and construction of electronic devices, fitting hands-on hardware format.",laptop fan cleaning thermal paste,UCizpz3sO1aN4PTiK_LT8ZsQ,hands,laptop-computer-repair,wave4,2026-09-14,scraper,68
https://www.youtube.com/@techrestoread,@techrestoread,Tech Restore AD,17900,83,4,Tech restoration channel fixing found/salvaged electronics with hands-on repair focus.,console repair | game console repair,UCufNs9ybn7_bqY0AjLTooYQ,hands,laptop-computer-repair,wave1,2026-09-14,scraper,83
https://www.youtube.com/@techsolwin,@techsolwin,Techsolwin,175000,309,4,"PC builds, hardware, troubleshooting and upgrades channel explicitly focused on hands-on computer hardware topics.",PC reparieren | computer hardware technician,UCI1A8pWrOdBr0HtfIZYw9aQ,hands,laptop-computer-repair,wave4,2026-09-14,scraper,309
https://www.youtube.com/@techtackleofficial,@TechTackleOfficial,TechTackle | PC Builds & ASMR⁠,337,59,4,ASMR PC build and laptop hinge restoration channel showing hands-on hardware assembly with no narration.,laptop hinge repair,UCMtRP759gEqoRK6p6EhbewA,hands,laptop-computer-repair,wave4,2026-09-14,scraper,59
https://www.youtube.com/@tecnicodameianoite,@tecnicodameianoite,Técnico da Meia Noite Informática,110,77,4,Computer/laptop repair and PC gamer assembly channel explicitly showing maintenance work to viewers.,montagem de PC,UCe0Vba7c0YuQCyDZ4Vl710Q,hands,laptop-computer-repair,wave1,2026-09-14,scraper,77
https://www.youtube.com/@tekkiesincbartlett,@TekkiesIncBartlett,Tekkies ,2100,55,4,"Shop making real-world repair videos and DIY guides for consoles, computers and GPUs.",console repair | game console repair,UCkSEJir7-VaalbPwjkUzzIg,hands,laptop-computer-repair,wave1,2026-09-14,scraper,55
https://www.youtube.com/@teknisilaptoppalangkaraya,@Teknisilaptoppalangkaraya,Teknisi Laptop Palangkaraya,4790,114,4,"Indonesian channel focused on laptop mainboard repair with schematic/BIOS resources, hands-on board-level focus.",صيانة لابتوب,UC9PE8YqM6qi5X-Rq_ggrh4w,hands,laptop-computer-repair,wave1,2026-09-14,scraper,114
https://www.youtube.com/@teknobiyotik-p,@teknobiyotik-p,batıkent_,132,135,4,"Computer repair shop listing specific laptop hardware services: chipset repair, screen replacement, fan cleaning, keyboard replacement.",bilgisayar tamiri,UCdrI1ab9OKMFWoPYqWYHVOg,hands,laptop-computer-repair,wave4,2026-09-14,scraper,135
https://www.youtube.com/@teslaifix,@teslaifix,Tesla iFix,3760,226,4,"Channel dedicated to laptop and graphics card repairs, aligns strongly with board-level topic.",curso de reparación de laptops,UCVH7INWrQpCEUwmN8nhR4LA,hands,laptop-computer-repair,wave4,2026-09-14,scraper,226
https://www.youtube.com/@thecod3r,@TheCod3r,TheCod3r,130000,1090,4,Console repair channel (PS4/PS5/Switch/Xbox) with how-to repair videos and livestreams walking through repair process.,console repair | game console repair | PS4 repair | PS5 repair | Xbox repair | Nintendo Switch repair | controller repair stick drift | electronics repair,UCeHILuUwWmHDQqbocxUvVoA,hands,laptop-computer-repair,wave4,2026-09-14,scraper,1090
https://www.youtube.com/@thegamebench,@TheGameBench,The Game Bench,14000,120,4,"Dedicated channel on hardware repair, maintenance and modification of consoles and PCs, retro and modern.",graphics card repair | PC upgrade guide,UCRtsB02133NK0VTIygA_pYQ,hands,laptop-computer-repair,wave4,2026-09-14,scraper,120
https://www.youtube.com/@theretrostation,@TheRetroStation,The Retro Station,3170,63,4,"Retro repair, restoration and modding channel with hands-on hobbyist focus.",console repair,UCXlwzTU7Fl5vYjDrrQjUt6Q,hands,laptop-computer-repair,wave1,2026-09-14,scraper,63
https://www.youtube.com/@tincay100,@TinCay100,Linh Kiện Laptop Tin Cậy 100,4150,525,4,"Laptop parts supplier channel focused on disassembly/replacement tutorial videos for screens, keyboards, batteries, RAM, SSD.",sửa main laptop,UCA6krdiEt1Xlm8B8wUfh1JQ,hands,laptop-computer-repair,wave4,2026-09-14,scraper,525
https://www.youtube.com/@titanrepairs,@titanrepairs,TitanRepairs,2850,101,4,Dedicated retro console repair channel restoring old game consoles and accessories with hands-on fixes.,console repair | game console repair,UCb4NxjRtFYOEo1CvYu-zcCw,hands,laptop-computer-repair,wave1,2026-09-14,scraper,101
https://www.youtube.com/@tocken_coffee,@tocken_coffee,トッケンオアシス / ToC’s Lab Oasis,35000,198,4,"Gadget/junk/PC/phone/console repair-and-mod channel with life-hack framing, hands-on repair skills central to content.",パソコン修理,UCyYktmeyC-OMletHBXuPEGg,hands,laptop-computer-repair,wave4,2026-09-14,scraper,198
https://www.youtube.com/@tortellorepairs,@tortellorepairs,Tortello Repair Services,367,88,4,Repair shop channel filming board repairs and screen replacements from real customer jobs.,PS5 repair | Xbox repair,UCjAXuYIHWB365XqO0OBruAg,hands,laptop-computer-repair,wave4,2026-09-14,scraper,88
https://www.youtube.com/@torumodpc,@ToruModPC,MODDER-TORU,2480,127,4,"PC modding and custom build channel with sleeving products, hands-on modding focus.",custom water cooling PC build,UCApFiECoIU6d84Fi2oGTbZw,hands,laptop-computer-repair,wave4,2026-09-14,scraper,127
https://www.youtube.com/@tronicsfixlongs,@TronicsFixLongs,TronicsFix Longs,46600,53,4,"Extended cuts of TronicsFix, a well-known hands-on console repair channel, board-level work implied.",console repair | game console repair,UC7_gLMPj6VjHH3fWWItlfpA,hands,laptop-computer-repair,wave1,2026-09-14,scraper,53
https://www.youtube.com/@trungtinhpc8334,@trungtinhpc8334,Trung Tính Pc,7960,946,4,"Professional hardware channel specializing in mainboard, PC, laptop, LCD and VGA repair.",sửa main laptop,UCFS_dPHCno019K1pCKu0FJw,hands,laptop-computer-repair,wave4,2026-09-14,scraper,946
https://www.youtube.com/@tv-sq4sh,@TV-sq4sh,우리동네도라이바TV (노트북수리82suri),18400,397,4,"Repair shop channel explicitly disassembling/repairing laptops, monitors and TVs on camera for viewers to follow.",노트북 수리,UCb9Td4pYK4eLgX2pg8b1mAQ,hands,laptop-computer-repair,wave4,2026-09-14,scraper,397
https://www.youtube.com/@tv9729,@tv9729,춘컴TV,4510,183,4,"Repair and teardown channel covering computers, laptops, monitors and TVs with disassembly content shown.",노트북 수리,UClWJ1c0wvFTn431bhjb3wSw,hands,laptop-computer-repair,wave4,2026-09-14,scraper,183
https://www.youtube.com/@ufixtek,@uFixTek,UFIXTEK,39100,1379,4,Electronics repair channel focused on laptop/console disassembly and repair guides with 17+ years experience claimed.,laptop disassembly | electronic repair | electronics repair shop,UCbnjsfxrZn-Oi8VOtqD90Ag,hands,laptop-computer-repair,wave4,2026-09-14,scraper,1379
https://www.youtube.com/@ufotechvn,@UFOTechVN,UFOTech,3870,115,4,"Laptop/Macbook repair and advanced repair training channel, strong technical focus suggesting bench-level hands-on content.",sửa laptop,UCzTLn-tJugFPlzvIExirFOw,hands,laptop-computer-repair,wave1,2026-09-14,scraper,115
https://www.youtube.com/@video.games.repair.centre,@Video.Games.Repair.centre,PSP SHOP PAKISTAN,1190,99,4,"Dedicated console repair workshop in Lahore servicing PS/Xbox/Switch, strong repair-shop signal.",PS4 repair | PS5 repair | Nintendo Switch repair,UCvqGOz2G32HPhl_WJpkooow,hands,laptop-computer-repair,wave4,2026-09-14,scraper,99
https://www.youtube.com/@vietosc,@VIETOSC,Viet Phanvan,602,1299,4,Vietnamese vocational training center for deep laptop/Macbook/Surface hardware repair including CPU replacement.,sửa main laptop,UCTsoEQaYM0HZyoAeU69WHcw,hands,laptop-computer-repair,wave4,2026-09-14,scraper,1299
https://www.youtube.com/@vikramlaptop,@VikramLaptop,VIKRAM LAPTOP HUB ,395,50,4,Dedicated laptop chip-level and software repair training channel with hands-on hardware focus.,chip level repair | laptop repair course,UCMrOtxCuAUDixMHsx7gA4bA,hands,laptop-computer-repair,wave1,2026-09-14,scraper,50
https://www.youtube.com/@vnfix9011,@vnfix9011,vnfix,4190,76,4,"Dedicated advanced laptop/PC hardware repair training channel, strong topical match.",sửa main laptop,UCPXx9nzb2ZexclcdT4ABe5Q,hands,laptop-computer-repair,wave4,2026-09-14,scraper,76
https://www.youtube.com/@wildfingertv,@WildFingerTV,WildFingerTV,319,70,4,"Laptop repair center channel explicitly focused on disassembly, cleaning and upgrade tips with hands-on repair notes.",노트북 수리,UC4SpxjER2dqgF8U6Nv0LJUQ,hands,laptop-computer-repair,wave4,2026-09-14,scraper,70
https://www.youtube.com/@xiaocaiinstall,@XiaoCaiInstall,小蔡电脑服务,7060,231,4,"Channel dedicated to PC building and computer repair, sharing daily assembly work on camera.",装机,UCjkUr5PsjGx4LIJkN2VXhEQ,hands,laptop-computer-repair,wave1,2026-09-14,scraper,231
https://www.youtube.com/@yetigamerepairs,@YetiGameRepairs,Yeti Game Repairs,690,242,4,Dedicated console and accessory repair channel documenting technician work as a learning resource.,game console repair,UCkrkUwZSnKSw1yjPrrshrVg,hands,laptop-computer-repair,wave1,2026-09-14,scraper,242
https://www.youtube.com/@yonamayo,@yonamayo,夜な夜な真夜中研究所,1970,67,4,Retro PC junk repair and modification channel focused on hands-on hardware fixes and modifications.,パソコン修理,UC7Ol_qN5lDP0MqdnWekmsZA,hands,laptop-computer-repair,wave4,2026-09-14,scraper,67
https://www.youtube.com/@365laptoprepairla,@365laptoprepairLA,365 Laptop Repair,6280,178,4,Repair shop channel explicitly aiming to show tutorial videos of screen replacements and computer repairs.,laptop repair | computer repair | laptop repairing | laptop motherboard repair | laptop screen replacement | laptop disassembly | Laptop reparieren,UCEOBXqwfBTVqhLES4eFpRiw,hands,laptop-computer-repair,wave1,2026-09-14,both,178
https://www.youtube.com/@a1laptopsarvicecenter,@A1Laptopsarvicecenter,A1 Laptop service senter,94,84,4,"Dedicated laptop chip-level servicing channel with titles on keyboard replacement, hinge repair, motherboard diagnostics and no-display fixes.",laptop service,UCmRaMs8xMc_hrSQKb2P59_Q,hands,laptop-computer-repair,wave1,2026-09-14,both,126
https://www.youtube.com/@abhioutlook,@abhioutlook,NEXTON COMPUTERS,244,212,4,"Computer shop channel with titles showing hinge repair, dead laptop diagnosis and PC build guide on camera.",computer repair,UChu74HvoizhZzgFgWVTWQYw,hands,laptop-computer-repair,trial100,2026-09-14,both,282
https://www.youtube.com/@acepctechzonecomputerrepairser,@acepctechzonecomputerrepairser,Ace PC TechZone Computer Repair Services,42,129,4,"Titles show PC build, unit cleaning, GPU upgrade and hardware maintenance work on camera.",computer repair,UC2eB8xUCrAOUYn4NvK0GEFQ,hands,laptop-computer-repair,wave1,2026-09-14,both,129
https://www.youtube.com/@affan_mastertech,@Affan_MASTERtech,Affan MASTERtech,1270,172,4,Chip-level MacBook and generic laptop repair channel focused on board-level fixes.,laptop repair,UCqG9YHFVBjvMlw1dMj_hQhQ,hands,laptop-computer-repair,wave1,2026-09-14,both,172
https://www.youtube.com/@akcomputerstv,@akcomputersTV,AK COMPUTER SALES ,592,4684,4,Sales/service channel listing detailed laptop hardware repair and replacement services across many components.,laptop repair Tamil | computer repair | motherboard repair | laptop service,UClL33gzys_B5w1v4uTn3L2w,hands,laptop-computer-repair,wave4,2026-09-14,both,4684
https://www.youtube.com/@allcastillosoporte,@allcastillosoporte,All Castillo Soporte,6820,268,4,"Component-level laptop repair technician channel with 20+ years experience, courses and diagnostics content.",reparación de laptops,UCAmCNPOED1Rl5NGpV90cGfQ,hands,laptop-computer-repair,wave1,2026-09-14,both,268
https://www.youtube.com/@allteckrepairspecialist9196,@allteckrepairspecialist9196,allteck repair specialist,73,153,4,"Titles show real bench repairs: charge port, LCD screen and PC loading issue across laptops and phones.",computer repair | console repair | game console repair,UCR41gBIMDDKGarfURqouV0Q,hands,laptop-computer-repair,wave1,2026-09-14,both,173
https://www.youtube.com/@alopcbilgisayar,@alopcbilgisayar,AloPC Bilgisayar ,158,59,4,Turkish shop channel with titles showing motherboard repair and tablet assembly work on camera.,laptop tamiri | bilgisayar tamiri,UCmCQYx01z5P_jPYMJP0tbcw,hands,laptop-computer-repair,wave1,2026-09-14,both,60
https://www.youtube.com/@amms-computer,@AMMS-Computer,AMMS Computer,186,121,4,"Chip-level laptop and electronics repair channel with titles showing monitor, laptop no-display and UPS repair jobs.",laptop repair | chip level repair | laptop service,UClScVp_8rCV4V8ur4kHoNsA,hands,laptop-computer-repair,wave1,2026-09-14,both,171
https://www.youtube.com/@ascomputers-lr6sc,@ASComputers-lr6sc,AS COMPUTERS - Motherboard Chiplevel Repair,82,59,4,"Motherboard chip-level repair shop covering laptop, desktop, monitor, SMPS and printer repairs with hardware focus.",computer repairing | chip level repair | laptop motherboard chip level repair | desktop computer repair | laptop repair | computer repair | SMPS repair | monitor repair,UCkS6OSQeggcO32ewjaC0N2g,hands,laptop-computer-repair,wave4,2026-09-14,both,59
https://www.youtube.com/@autodidactrepairservice3721,@autodidactrepairservice3721,Autodidact Repair & Service,18,60,4,"Titles show real laptop keyboard, battery, and casing replacement jobs step by step on camera.",laptop service,UCTecfZ0DFI_tKf8FFHmz0_Q,hands,laptop-computer-repair,wave1,2026-09-14,both,60
https://www.youtube.com/@bdlaptopbazarservice,@bdlaptopbazarservice,Laptop Bazar Service,833,218,4,"Titles show real battery and charging port replacement jobs on multiple laptop brands, solid hands-on repair.",laptop motherboard | motherboard repair | laptop motherboard repair | laptop disassembly | laptop repair Bangla | Laptop reparieren,UCNIVnQsZHYjCsqmqBKvPV7w,hands,laptop-computer-repair,wave1,2026-09-14,both,271
https://www.youtube.com/@brixlaptoprepair127,@brixlaptoprepair127,Brix Laptop Repair,4170,177,4,"Laptop repair shop description details real hardware issues (no power, reballing, hinge repair, water damage) suggesting bench work.",laptop repair | laptop repairing | laptop motherboard repair | Laptop reparieren,UCsuNviYJZmo45BuSiGqXn9w,hands,laptop-computer-repair,wave1,2026-09-14,both,177
https://www.youtube.com/@buildswithv,@BuildsWithV,Builds With V,23600,143,4,"Dedicated hands-on PC building tutorials, component installation guides and custom modding projects.",PC building,UCuW_msQUTPwboI5YpbHoACw,hands,laptop-computer-repair,wave1,2026-09-14,both,143
https://www.youtube.com/@chiedzasolutions,@chiedzasolutions,Chiedza Solutions,84,63,4,"Family repair business doing computer and game console repairs plus custom PC builds, real bench work likely.",console repair | game console repair,UCKUE5Y-tZRPiFxBBa3Wa8lw,hands,laptop-computer-repair,wave1,2026-09-14,both,64
https://www.youtube.com/@christopherflannigan,@ChristopherFlannigan,Christopher Flannigan,104000,772,4,"Channel explicitly offers full step-by-step PC build guides for various budgets, strong hands-on build format.",PC building | gaming PC build,UC6qtJp2I5yUaEec7xb5TwyA,hands,laptop-computer-repair,wave1,2026-09-14,both,772
https://www.youtube.com/@clastech,@CLASTECH,Clastech ,283,53,4,"Titles show real laptop screen, battery, housing and keyboard replacements across multiple brands, strong hands-on evidence.",computer repair,UCGq6VzQvycwAu_9YYAk8Uww,hands,laptop-computer-repair,wave1,2026-09-14,both,57
https://www.youtube.com/@compmaster-il,@compmaster-il,CompMaster Israel — PC Build & Repair,6810,78,4,Dedicated PC repair/build shop with component-level laptop motherboard repair as core service.,computer repair | motherboard repair,UCkBD5G8ueCJk7-m1yhlwqxg,hands,laptop-computer-repair,wave1,2026-09-14,both,78
https://www.youtube.com/@compufactsystems1463,@compufactsystems1463, CFS- Chip Level Training Institute In Kolkata,3120,800,4,"Chip-level laptop and desktop motherboard repairing training institute with schematic and BIOS courses, strong hands-on repair evidence.",laptop repair | laptop repairing | motherboard repair | chip level repair | laptop service,UCcu6CB4wiCm6dHZd-rq1vvg,hands,laptop-computer-repair,trial100,2026-09-14,both,800
https://www.youtube.com/@computersrepaircotesaint-l7407,@computersrepaircotesaint-l7407,Computers repair Cote Saint-Luc,241,52,4,Laptop motherboard chip-level repair and micro-soldering shop description strongly aligns with board-level hardware work.,computer repair | laptop motherboard | laptop motherboard repair | chip level repair,UCRHV2jkZcRAgV2iktIlvO_A,hands,laptop-computer-repair,wave1,2026-09-14,both,52
https://www.youtube.com/@crepara,@CREPARA,C-REPARA,13000,57,4,"Electronics repair channel covering phones, laptops, consoles and microsoldering board-level work broadly.",reparación de laptops | reparación de computadoras,UCEkDBJf5vn5ueB6kDsGr3kQ,hands,laptop-computer-repair,wave1,2026-09-14,both,57
https://www.youtube.com/@diacomservice,@diacomservice,CRM,17500,409,4,"Motherboard repair service description spanning multiple cities, professional diagnosis and restoration of computers.",computer repair | laptop tamiri,UChFvGZa1tlAv3SEu5LqNvPQ,hands,laptop-computer-repair,wave1,2026-09-14,both,409
https://www.youtube.com/@diylaptoprepairs8284,@diylaptoprepairs8284,DIY Laptop Repairs,310,50,4,Dedicated laptop repair channel by HP-certified tech promising step-by-step hardware removal and replacement videos.,computer repair | laptop repairing | laptop screen replacement,UC8Gdqbd55YA5U8bk86C23yw,hands,laptop-computer-repair,wave1,2026-09-14,both,50
https://www.youtube.com/channel/ucsbns5zzchazkr4cqxd9bgw,@dk85277,Deepak Kashyap,54,58,4,"Laptop repair channel with titles showing screen replacement, thermal paste, fan cleaning and disassembly in timelapse format.",laptop repair,UCsbnS5ZZChAzKr4CQXD9bgw,hands,laptop-computer-repair,trial100,2026-09-14,both,57
https://www.youtube.com/@drbioscom,@DrBioscom,Dr-Bios com,24700,153,4,Dedicated laptop repairing training institute since 2014 teaching step-by-step chip-level repair skills.,laptop repair | laptop repairing | laptop motherboard repair,UCSfhNaQ8qN7h-FLjEgo0fqg,hands,laptop-computer-repair,wave1,2026-09-14,both,153
https://www.youtube.com/@drboardfix,@DrBoardFix,DrBoardFix,888,80,4,Dedicated motherboard repair training channel promising practical chip-level diagnostic steps for real bench techniques.,laptop motherboard | motherboard repair | laptop motherboard repair,UCdVR_vA1IDhxT_FwT7G2iug,hands,laptop-computer-repair,wave1,2026-09-14,both,82
https://www.youtube.com/@ecb_it_hub,@ECB_IT_HUB,Rajeev R krishnan,229,117,4,Titles show BIOS programming and laptop motherboard chip-level service work on camera.,laptop service | chip level repair,UCkP5CK5wO7RGiaVW9ZGF0Dw,hands,laptop-computer-repair,wave1,2026-09-14,both,127
https://www.youtube.com/@f1tekno,@f1tekno,F1 Teknoloji ve Bilişim Sistemleri,30,83,4,"Repair shop channel describing screen, keyboard and fan replacement videos with damaged device stories.",bilgisayar tamiri | laptop tamiri,UCD_tMiZGNLcZTpUCvVHsk8A,hands,laptop-computer-repair,wave1,2026-09-14,both,83
https://www.youtube.com/@firstchoicelaptopservice,@firstchoicelaptopservice,First Choice Laptop Service,41100,471,4,Laptop hardware service center specializing in chip/BGA level repair and spare parts across brands.,chip level repair | laptop service | laptop repair | laptop repairing | laptop motherboard repair | laptop disassembly | servis laptop | Laptop reparieren,UCc2CNibLA1YcBHUt72UqsTg,hands,laptop-computer-repair,wave1,2026-09-14,both,471
https://www.youtube.com/@fixitright911,@FixItRight911,FixItRight,215,311,4,Dedicated repair tutorial channel with screen replacement and hard drive upgrade step-by-step content.,computer repair | laptop screen replacement | laptop motherboard repair | laptop repair course,UCfmHONT_75ZmF4IxNSx9_9A,hands,laptop-computer-repair,wave1,2026-09-14,both,354
https://www.youtube.com/@gogamers,@GoGamers,Go Gamers,18300,178,4,Game store owner filming repair and information videos for PS4/Xbox/Nintendo consoles with real repair experience.,computer repair | console repair | game console repair,UCYfX9c1Q_8eWLSsnPeyKSLA,hands,laptop-computer-repair,wave1,2026-09-14,both,178
https://www.youtube.com/@graphicscardrepairing,@graphicscardrepairing,AR Advance Repairing,452,83,4,"GPU, laptop and desktop motherboard repairing lab with clear chip-level/board-level repair focus.",laptop repair | laptop repairing | motherboard repair,UC-Sae9GJ35z5_yjr8hXnBag,hands,laptop-computer-repair,wave1,2026-09-14,both,83
https://www.youtube.com/@hadirepairinglab,@hadirepairinglab,Hadi Repairing LaB,482,343,4,"Workshop channel describing real laptop repair, fault finding and motherboard repairing from a physical bench location.",laptop repair | laptop repairing | motherboard repair | laptop motherboard repair | chip level repair,UCFtmS5sByJEq52veuX2_-4w,hands,laptop-computer-repair,wave1,2026-09-14,both,343
https://www.youtube.com/@halifaxcomputersrepair,@HalifaxComputersRepair,Halifax Computers Repair,143,138,4,"Real repair videos shown: CMOS battery hardwiring, RAM installation, motherboard sourcing at a repair shop.",computer repair | computer repair shop,UC5hTKApL9ya0fWmik4-8N9Q,hands,laptop-computer-repair,wave1,2026-09-14,both,163
https://www.youtube.com/@idealcomputerandlaptoprepa1124,@idealcomputerandlaptoprepa1124,Ideal Computer and Laptop Repair,213,78,4,"Repair shop channel with titles showing keyboard change, HDD/RAM upgrade, and charging fixes on camera.",laptop repair | laptop repairing | laptop screen replacement | laptop disassembly | Laptop reparieren,UCGerbEsVGutLlbbyDICgzRw,hands,laptop-computer-repair,wave1,2026-09-14,both,78
https://www.youtube.com/@itcarecomputer,@ITCARECOMPUTER,IT CARE COMPUTER,2310,119,4,"Dedicated laptop/desktop chip-level repairing institute offering schematic, BIOS editing and motherboard repair courses with practical videos.",laptop repair | laptop repairing | motherboard repair | chip level repair | laptop motherboard repair | laptop repair course | laptop repair Bangla | تعمیر لپ تاپ | réparation ordinateur portable,UC0IjS2q67rhjN5v1DgNei4w,hands,laptop-computer-repair,wave1,2026-09-14,both,119
https://www.youtube.com/@itcareindore,@ITCAREINDORE,IT CARE INDORE,1720,543,4,"Laptop repair channel description lists concrete hands-on jobs like screen, keyboard, hinge and battery replacement.",laptop repair,UCLxvdJmwmfAT2DQWEDomhOA,hands,laptop-computer-repair,wave1,2026-09-14,both,543
https://www.youtube.com/@itsupportsolution.n,@itsupportsolution.n,Uttam tech solution,120,138,4,"Titles show real laptop hardware jobs (no power issue, hinge fabrication, backlight issue) despite some software content in description.",computer repair | motherboard repair,UCJx0snoynyM2EuFymGyCrVg,hands,laptop-computer-repair,trial100,2026-09-14,both,138
https://www.youtube.com/@izmirpclaptoptamir,@izmirpclaptoptamir,İzmir Pc Laptop Tamir ve Bilişim Hizmetleri,524,148,4,"Turkish laptop/PC repair and upgrade channel with titles showing GPU maintenance, case conversion and laptop repair.",laptop repair | laptop tamiri,UCbqOpPiuyZPlELPIpuxV-4g,hands,laptop-computer-repair,wave1,2026-09-14,both,152
https://youtube.com/c/jayztwocents,@Jayztwocents,JayzTwoCents,4340000,2746,4,"Established PC building and hardware channel with how-to content, though mixed with reviews and buyer guides.",PC building,UCkWQ0gDrqOCarmUKmppD7GQ,hands,laptop-computer-repair,trial100,2026-09-14,both,2747
https://www.youtube.com/@justinspiredkent,@JustInspiredKent,JustInspired Computer Repair,996,250,4,"Family-run computer and game console repair business claiming real repair videos across laptops, desktops, and consoles.",computer repair | console repair | game console repair | computer repair shop | desktop computer repair | PS5 repair | Xbox repair | PC reparieren | computer repair technician workshop | laptop repair | electronics repair | power supply repair,UCQtc_iOYwB5mVCFmmiNeGWQ,hands,laptop-computer-repair,wave4,2026-09-14,both,250
https://www.youtube.com/@kanasutechpark715,@kanasutechpark715,Kanasu Tech Park,2300,608,4,"Chip-level training institute description emphasizing live practicals on circuit sections, strong bench repair signal.",laptop motherboard | laptop motherboard repair | chip level repair | laptop repair course | laptop repair Tamil,UCkd-hZL3k3oJrgQaSOho-7g,hands,laptop-computer-repair,wave1,2026-09-14,both,608
https://www.youtube.com/@kayrabilgisayariletisim,@kayrabilgisayariletisim,Kayra Bilgisayar & İletişim,181,52,4,"Shop channel with titles showing PC building, thermal paste and gaming PC assembly work on camera.",bilgisayar tamiri | laptop tamiri,UC3gfA5AQBv6DIisYR4iK31w,hands,laptop-computer-repair,wave1,2026-09-14,both,57
https://www.youtube.com/@klsschool,@KLSSCHOOL,Yousup Meah,22800,187,4,Dedicated chip-level laptop/motherboard repair training institute channel with CRO/DSO fault-finding content.,laptop repair | laptop motherboard | motherboard repair | chip level repair | laptop repair course | laptop repair Bangla,UCgcn1psJXsOMjIv4olGrRJQ,hands,laptop-computer-repair,wave1,2026-09-14,both,187
https://www.youtube.com/@kohinoorcomputerservice,@kohinoorcomputerservice,KOHINOOR COMPUTER SERVICES,53,60,4,Laptop/computer repair channel with titles explicitly showing motherboard repair work on camera.,laptop repair,UCmxTlQt7gbxb3PUOerDChTw,hands,laptop-computer-repair,wave1,2026-09-14,both,60
https://www.youtube.com/@kshirojkumardas,@Kshirojkumardas,Kshirojkumar das,1530,50,4,"Dedicated laptop and desktop motherboard repair learning channel, clear chip-level hardware focus.",laptop repair | laptop repairing | motherboard repair,UCIbLSSJwEHlIglrym5ZUONA,hands,laptop-computer-repair,wave1,2026-09-14,both,50
https://www.youtube.com/@laboneinside,@laboneinside,www.laboneinside.com,13600,139,4,"Dedicated chip-level laptop repairing channel providing tutorials, parts info and BIOS bin files for professionals.",laptop repair | laptop repairing | chip level repair | laptop repairing Urdu | صيانة لابتوب | 笔记本维修 | réparation ordinateur portable,UCyHm_oQNYkp4d956K6gsE8g,hands,laptop-computer-repair,wave1,2026-09-14,both,139
https://www.youtube.com/@lapcaresolutions,@lapcaresolutions,LAPCARE SOLUTION ,255,223,4,"Laptop/desktop repair shop listing motherboard, BIOS, charging and battery repairs suggesting real bench work.",laptop repair | motherboard repair | chip level repair,UCYOsIGtMONQ3-Qdlh-LKZoA,hands,laptop-computer-repair,wave1,2026-09-14,both,205
https://www.youtube.com/@lappymaster100,@LappyMaster100,Lappy Master100 ,112,102,4,"Laptop motherboard repair channel with titles showing water damage repair, dead laptop diagnosis, hands-on hardware work.",motherboard repair | laptop motherboard repair,UC60MtuDBJj2edFQLGHec6FA,hands,laptop-computer-repair,wave1,2026-09-14,both,118
https://www.youtube.com/@laptex1377,@laptex1377,Laptex,48500,744,4,"Laptop repair training channel covering screen replacement, logic board repair, battery replacement and liquid damage repair.",laptop repair | laptop repairing | laptop motherboard repair | chip level repair | laptop screen replacement | laptop repair course | laptop repairing Urdu | Laptop reparieren,UCZIyJxTSt2fYQj-vFCpaQcA,hands,laptop-computer-repair,wave1,2026-09-14,both,744
https://www.youtube.com/@laptop_fix_2025,@LAPTOP_FIX_2025,Laptop Home Repair,5080,257,4,"Description explicitly lists laptop hardware repair, motherboard repair and maintenance tutorials, strong topic match by keywords.",laptop repair | computer repair | motherboard repair | laptop service | laptop repairing | laptop motherboard repair | laptop repair course | laptop repair Bangla | صيانة لابتوب | laptop tamiri | 笔记本维修 | réparation ordinateur portable | Laptop reparieren,UCWGWXw6mTKVbpTPLRWSYtOQ,hands,laptop-computer-repair,wave1,2026-09-14,both,257
https://www.youtube.com/@laptop_repairs,@laptop_repairs,Laptop Repairs ,215,110,4,"Laptop/MacBook repair centre listing motherboard, screen, keyboard, battery replacement and reballing services.",motherboard repair | laptop repairing | laptop motherboard repair,UCoxQdZyuj8i8DEd2xjD9vig,hands,laptop-computer-repair,wave1,2026-09-14,both,110
https://www.youtube.com/@laptopcarebhopal1500,@laptopcarebhopal1500,Laptop Care Bhopal,81,56,4,Laptop repair shop channel with titles showing MacBook repair and part replacement services on camera.,laptop repair | laptop repairing | laptop motherboard | laptop disassembly,UCxpE9rROvd1a1uWcW_g9wDw,hands,laptop-computer-repair,wave1,2026-09-14,both,63
https://www.youtube.com/@laptoprepairguy,@LaptopRepairGuy,笔记本维修厮,158000,1049,4,"Dedicated laptop repair channel discussing diagnosing and fixing laptops, likely hands-on bench work with lower title evidence.",笔记本维修 | صيانة لابتوب,UCgaTQ4N7-Q50UTLkYSHslCQ,hands,laptop-computer-repair,wave1,2026-09-14,both,1049
https://www.youtube.com/@laptoprepairingcourse,@Laptoprepairingcourse,SRGinfoTech Laptop Repairing & Training institute,10900,180,4,"Laptop repair and chip-level training institute with practical-based classes, strong keyword signals for hands-on repair.",laptop repairing | chip level repair | laptop repair course | laptop repairing Urdu | صيانة لابتوب | تعمیر لپ تاپ | 笔记本维修 | réparation ordinateur portable | laptop no power repair | laptop motherboard chip level repair | MacBook repair | MacBook logic board repair | صيانة الكمبيوتر | 电脑维修 | réparation PC portable | تعمیر مادربرد لپ تاپ | computer hardware technician | laptop repairing institute | chip level training institute | computer repair technician workshop | laptop repair,UCAZF97lrhr0vdA3o9ehC5Dg,hands,laptop-computer-repair,wave4,2026-09-14,both,180
https://www.youtube.com/@laptoprepairwala07,@LaptopRepairWala07,Laptop Repair Wala,169,129,4,Channel explicitly dedicated to laptop repairing videos by name and description.,laptop repair | laptop repairing | Laptop reparieren,UCQt6iz8CinGwteZgcxXs51Q,hands,laptop-computer-repair,wave1,2026-09-14,both,129
https://www.youtube.com/@laptops_gyan,@Laptops_gyan,The Laptop Fixer 💻,138,86,4,Dedicated laptop chip-level repair channel with practical training content and hardware tool videos.,chip level repair,UCY8qOIYOtNv8lb39brioUgg,hands,laptop-computer-repair,wave1,2026-09-14,both,86
https://www.youtube.com/@laptopservicecyberdeskexperts,@Laptopservicecyberdeskexperts,Laptop Service Center cyber desk,816,224,4,Laptop service center offering chip-level repair training with strong step-by-step and soldering keyword signals.,laptop disassembly | laptop repair course | servis laptop | laptop battery replacement | laptop fan cleaning thermal paste | laptop no power repair | laptop motherboard chip level repair | laptop service center | laptop repair | computer repair | laptop motherboard | motherboard repair | chip level repair | laptop service | chip level | motherboard repair,UC83CodsQhb9ublT54cWyvcg,hands,laptop-computer-repair,wave4,2026-09-14,both,224
https://www.youtube.com/@laptopsolver,@laptopsolver,Laptop Solver,3470,60,4,Dedicated laptop disassembly/repair tutorial channel description explicitly mentions bongkar pasang and component repair guides.,servis laptop,UC_jELSYm0zx-lzacxScPnEA,hands,laptop-computer-repair,wave1,2026-09-14,both,60
https://www.youtube.com/@lcdrepublictutorial,@lcdrepublictutorial,LCD Republic Tutorial,2920,220,4,"Dedicated laptop repair shop tutorial channel showing disassembly, install and repair of laptop parts.",laptop repair | laptop screen replacement,UCkjxZm-4pHj-T25ituK8I2A,hands,laptop-computer-repair,wave1,2026-09-14,both,220
https://www.youtube.com/@lciit,@LCIIT,LCIIT,49600,841,4,"Chip-level laptop repairing training institute offering BIOS editing and repair courses, practical bench-focused content likely.",laptop repairing | chip level repair | laptop repair course | laptop repairing Hindi | computer repairing Hindi | Laptop reparieren | laptop motherboard chip level repair | laptop teardown | laptop repairing institute | chip level training institute | computer repair technician workshop | laptop repair | motherboard repair | chip level | motherboard repair,UCLpZ97yUC-EUCoFQKIyKIZA,hands,laptop-computer-repair,wave4,2026-09-14,both,841
https://www.youtube.com/@lgfixinghyd,@lgfixinghyd,LG Fixing ,115,92,4,"Laptop/Mac chip-level repair shop with titles on RAM removal, SSD upgrade, brightness fix showing real bench work.",laptop repair | chip level repair,UC4Pmr13MYPvswXGXuc6jOWw,hands,laptop-computer-repair,wave1,2026-09-14,both,92
https://www.youtube.com/@macplusrescue_official,@macplusrescue_official,𝗠𝗮𝗰𝗣𝗹𝘂𝘀 𝗥𝗲𝘀𝗰𝘂𝗲,465,181,4,"MacBook repair channel with real repair cases, screen replacement, flexgate and water damage repairs described.",laptop repair,UCLg8fE-1csAeCsg_FRp154g,hands,laptop-computer-repair,wave1,2026-09-14,both,181
https://www.youtube.com/@mancavepc1730,@mancavepc1730,MancavePC,2900,72,4,"Custom PC building company channel focused on custom builds and water cooling loops, strong hands-on fit.",PC building,UC7H_NPDGXYVy5VM04weTF1w,hands,laptop-computer-repair,wave1,2026-09-14,both,72
https://www.youtube.com/@medbilisim4758,@medbilisim4758,med bilişim,1190,92,4,"Channel focused on laptop motherboard repair, BGA and SMD component work, strong hardware repair signals.",bilgisayar tamiri,UCRxtvkGDw89n5D0giZ83Fdg,hands,laptop-computer-repair,wave1,2026-09-14,both,92
https://www.youtube.com/@micromagerepair,@MicroMageRepair,Micro Mage Repair,4470,376,4,Console repair and micro-soldering education channel with strong repair/soldering/training hashtag focus.,console repair | game console repair,UC3knEJpo0vLo-bUfkgUGAVA,hands,laptop-computer-repair,wave1,2026-09-14,both,376
https://www.youtube.com/@mr.afreet,@MR.AFREET,عالم الكمبيوتر,4800,131,4,"Dedicated channel on motherboard fault repair, BIOS, power circuits and hardware troubleshooting with specific technical terms.",صيانة الكمبيوتر | computer hardware technician | laptop repair | computer repair | motherboard repair,UC81R97QuDKKSExozvhaqFPw,hands,laptop-computer-repair,wave4,2026-09-14,both,131
https://www.youtube.com/@mtstechnicalinstitute,@mtstechnicalinstitute,Mts Technical Institute Mumbai,339,152,4,"Institute channel explicitly teaching laptop chip-level repair, soldering, reballing and motherboard diagnostics with practical focus.",laptop repair | motherboard repair | chip level repair | laptop motherboard repair,UCSF5s3DDgy0vrCrg31-YaPw,hands,laptop-computer-repair,wave1,2026-09-14,both,190
https://www.youtube.com/@naqibainfotech07,@Naqibainfotech07,NAQIBA INFOTECH ,90,50,4,"Titles show real no-power/no-display laptop diagnostics with voltage checks and BIOS work, strong bench evidence.",laptop repair,UCPEXmUR4Ri5FhGfxePIwmJA,hands,laptop-computer-repair,wave1,2026-09-14,both,55
https://www.youtube.com/@nexgeninstitute,@nexgeninstitute,Nexgen Institute of mobile technology,167,96,4,"Mobile repairing institute with laptop service training and titles on IC reballing, voltage explanation and hands-on technician course.",laptop service,UCPNygvGZ3eO0K0iY-zrMOOQ,hands,laptop-computer-repair,wave1,2026-09-14,both,127
https://www.youtube.com/@pc_monkey,@PC_Monkey,PC Monkey,475000,531,4,"Channel explicitly focused on computer repair, upgrade and PC build videos for DIY audience.",computer repair,UCyKO9ljz1sfS975gjnlwpzA,hands,laptop-computer-repair,trial100,2026-09-14,both,531
https://www.youtube.com/@pctop_tech,@pctop_tech,pcTop,44,56,4,"Iranian laptop/computer repair clinic channel with titles showing fan service, laptop teardown and repair diagnostics on camera.",laptop repair | computer repair,UCG1hp7DgMtUkKc9GrOdc-aA,hands,laptop-computer-repair,trial100,2026-09-14,both,62
https://www.youtube.com/@philiptroniks,@philiptroniks,PHILIPTRONIKS REPAIR SOLUTIONS,3080,52,4,"Chip-level laptop repair shop listing hinge, charging, battery, keyboard replacement services suggesting hands-on bench work.",laptop repair | laptop motherboard repair | chip level repair | laptop screen replacement,UCIMWwoL7NiKDEvDt91fNdhg,hands,laptop-computer-repair,wave1,2026-09-14,both,52
https://www.youtube.com/@placestutoelectronicos,@PlacesTutoelectronicos,Tuto-Electrónicos / PLACES ,65600,325,4,"Specialized channel on PC/laptop motherboard and electronic board repair, though some general tech reviews included.",reparación de laptops | reparación electrónica,UCCx7xumLiAvlsEtWTL-J9rg,hands,laptop-computer-repair,wave4,2026-09-14,both,325
https://www.youtube.com/@pozzteang,@Pozzteang,Repair Upgrade PC,27800,238,4,"Laptop motherboard repair lesson/course channel covering chip replacement and startup chip repair, strong fit.",laptop repair,UCXTLjUH_fH6dY9ed82deUSQ,hands,laptop-computer-repair,wave1,2026-09-14,both,238
https://www.youtube.com/@purendrashakya,@PurendraShakya,Purendra Shakya,279,55,4,"Chip-level laptop motherboard repair training channel run by a hardware engineer, strong topical match.",laptop repair | laptop repairing | motherboard repair | laptop disassembly | laptop repair course,UCLxrzI3V5M1o5NP7lzUNabw,hands,laptop-computer-repair,wave1,2026-09-14,both,58
https://www.youtube.com/@rafigadgetfix,@rafigadgetfix,Rafi Gadget Fix & Training Center ,1950,628,4,Laptop and desktop motherboard chip-level repair training center with schematic diagram and BIOS editing courses.,laptop motherboard repair | chip level repair | laptop repair course | laptop motherboard chip level repair | laptop repair | laptop repairing | motherboard repair | chip level | motherboard repair,UCx3IfnIWwwvXzNXlwx7Kh5g,hands,laptop-computer-repair,wave4,2026-09-14,both,628
https://www.youtube.com/@raminfotechlaptopservice547,@raminfotechlaptopservice547,Ram infotech Laptop Service Chennai Pvt Ltd,33300,1620,4,"Laptop service center describing chip-level troubleshooting, motherboard and display repairs across multiple branches.",laptop motherboard | laptop service,UCywFjCjBEKW2AVo_ZMyFHsQ,hands,laptop-computer-repair,trial100,2026-09-14,both,1625
https://www.youtube.com/@reaperselectronics,@reaperselectronics,Reapers Electronics,1910,232,4,"Console HDMI repair and laptop/computer repair shop with diagnostics, building and mods described, strong hands-on focus.",console repair | game console repair | PS4 repair | PS5 repair | Xbox repair | Nintendo Switch repair | laptop repair | computer repair | electronics repair | electronics repair shop,UCMswHfPtg2umIeMnqGixvNA,hands,laptop-computer-repair,wave4,2026-09-14,both,232
https://www.youtube.com/@remont_pc,@remont_PC,Игорь Кособуцкий,962,89,4,"Titles show PC build, keyboard replacement, motherboard upgrade, printer board replacement -- solid hands-on hardware repair evidence.",ремонт компьютеров | ремонт ноутбуков,UCZ5G1IVVKipnUz2nNxGw70g,hands,laptop-computer-repair,wave1,2026-09-14,both,89
https://www.youtube.com/@repaircircuitpro4794,@repaircircuitpro4794,REPAIR CIRCUIT ok,68,53,4,"Dedicated laptop motherboard chip-level repair channel covering BIOS programming, schematic/boardview, voltage checking and dead laptop fixes.",laptop repair | laptop motherboard | motherboard repair | chip level repair,UCW3D3QPhOIMQCxwN95LGqZw,hands,laptop-computer-repair,wave1,2026-09-14,both,53
https://www.youtube.com/@repaire_blr,@repaire_blr,repaire,1040,155,4,"MacBook and gaming laptop chip-level repair shop specializing in motherboard, NAND, and boot loop fixes.",laptop repair | laptop motherboard | motherboard repair | chip level repair | laptop repair Tamil,UChEghf5wZa9SgAcHzvNIxCg,hands,laptop-computer-repair,wave1,2026-09-14,both,155
https://www.youtube.com/@reparanoia,@Reparanoia,Marcos Mora,857,224,4,Dedicated channel showing real laptop and desktop diagnostics and repairs like screen issues and MacBook recovery.,computer repair,UCPLknRKHneFCobInJPoAhrQ,hands,laptop-computer-repair,trial100,2026-09-14,both,224
https://www.youtube.com/@rinku_kashyap_p,@RINKU_KASHYAP_P,AK-Tech IT,213,160,4,Shop channel promising live demos and step-by-step chip-level repairing tutorials for dead laptops.,laptop repair | laptop repairing | laptop motherboard | laptop motherboard repair | chip level repair,UCIZzA8EQQbuD3xaMpuKQvOA,hands,laptop-computer-repair,wave1,2026-09-14,both,160
https://www.youtube.com/@rosalessupertech,@RosalesSuperTech,Rosales Super Tech,1480,162,4,Dedicated console repair content channel with regular repair-focused uploads per description.,console repair | game console repair,UCl135O2m5AJawwAK4GrXhBA,hands,laptop-computer-repair,wave1,2026-09-14,both,162
https://www.youtube.com/@rstshivam,@rstshivam,RST TECHNO,2370,93,4,Chip-level laptop and mobile repairing training channel with strong credentials and hands-on repair course focus.,laptop repair | laptop repairing | motherboard repair | chip level repair | laptop repair course | laptop repairing Hindi,UCvV0c5mu30mvGElAsI8-7xQ,hands,laptop-computer-repair,wave1,2026-09-14,both,93
https://www.youtube.com/@ruskomppenza,@RuskompPenza,Рускомп Пенза ,118,64,4,"Titles show PC assembly on Ryzen/RTX parts and PC repairs, clear hands-on build and repair content.",ремонт компьютеров,UCeFTCEO0wnveo-gkkppugyQ,hands,laptop-computer-repair,wave1,2026-09-14,both,69
https://www.youtube.com/@sanjaymicroprocessor,@sanjaymicroprocessor,Sanjay Microprocessor,304,60,4,"Laptop chip-level repair training channel covering motherboard repair, BIOS and schematic analysis with practical demos.",laptop motherboard | motherboard repair | laptop motherboard repair,UC1jhUv9uN1-JHr2OEvuKpLg,hands,laptop-computer-repair,wave1,2026-09-14,both,60
https://www.youtube.com/@sblgamesinc,@sblgamesinc,"SBL Games, Inc",3020,980,4,Dedicated console repair channel explicitly showcasing microsoldering and HDMI port replacement work.,console repair | game console repair,UCZ-UDXfq1YaW-pGODLr5DBA,hands,laptop-computer-repair,wave1,2026-09-14,both,980
https://www.youtube.com/@shreelaptoprepaircenter,@shreelaptoprepaircenter,Shree Laptop Repair Center,340,130,4,"Dedicated laptop repair channel describing motherboard, chip-level, hinge, screen and battery repair with real cases.",laptop repair | motherboard repair | laptop motherboard repair | chip level repair | laptop screen replacement,UCioxU75C7jklZTrx_3rbAXA,hands,laptop-computer-repair,wave1,2026-09-14,both,132
https://www.youtube.com/@shriraminstituteoftechnology,@SHRIRAMINSTITUTEOFTECHNOLOGY,SHRI RAM INSTITUTE OF TECHNOLOGY,25800,125,4,"Institute with 25+ years chip-level laptop/printer/monitor repair experience, exclusive labs suggest practical bench videos.",laptop repair | laptop repairing | laptop motherboard repair | chip level repair | laptop repair course | laptop motherboard chip level repair | MacBook repair | laptop teardown | laptop repairing institute | chip level training institute | computer repair technician workshop,UCesASBqkFxkIO2XmUcwcPCw,hands,laptop-computer-repair,wave4,2026-09-14,both,125
https://www.youtube.com/@siyasinternationaljaipur,@siyasinternationaljaipur,Siyas International,290,386,4,Service centre titles show real disassembly and panel repair jobs on Dell/HP laptops.,laptop repair | laptop service | laptop disassembly,UCJslzAKuxtFLiNJHaJBHw4w,hands,laptop-computer-repair,wave1,2026-09-14,both,389
https://www.youtube.com/@skillmeta,@skillmeta,Skill Meta,1780,118,4,"Training institute offering laptop and mobile chip-level practical repair courses, likely showing bench work.",laptop repair | laptop repairing | laptop motherboard | chip level repair | laptop repair course,UCEUj-nsoZHVksx0boJv1bhg,hands,laptop-computer-repair,wave1,2026-09-14,both,118
https://www.youtube.com/@skywardbeyondyourfuture,@SkywardBeyondYourFuture,Skyward Beyond Your Future,2190,192,4,"Educational channel explicitly teaching software, card-level and chip-level laptop/desktop repairing techniques.",laptop repair | laptop repairing | chip level repair | laptop repairing Hindi,UCRM3L-aRDVkMZ4_MWXLFTOA,hands,laptop-computer-repair,wave1,2026-09-14,both,192
https://www.youtube.com/@smooth.it.operator,@smooth.IT.operator,smooth.IT.operator,832,69,4,"Titles show real hands-on laptop RAM upgrade, thermal paste replacement, battery swap and fan cleaning work.",laptop repair,UCwVO1s9l8POoEDjz3WIzRng,hands,laptop-computer-repair,wave1,2026-09-14,both,78
https://www.youtube.com/@sufiyanlaptoprepairlaptopsale,@sufiyanlaptoprepairlaptopsale,Sufiyan Computer ,274,157,4,"Laptop repair shop titles show dead laptop repairs, fan issue fixes with real bench work implied.",laptop repair | computer repair | computer repairing,UCq-7rQGEdng4ippPh0SmIcA,hands,laptop-computer-repair,wave1,2026-09-14,both,227
https://www.youtube.com/@supertechlrc,@supertechlrc,supertechpro,1190,71,4,"Dedicated laptop chip level repair, reballing, reflow and BIOS programming shop channel matching board-level repair topic well.",chip level repair,UCBBOohnAp9bQAYf_AHSXmlA,hands,laptop-computer-repair,wave1,2026-09-14,both,71
https://www.youtube.com/@technocomkendari,@TechnocomKendari,Technocom Kendari,18000,98,4,Indonesian laptop repair center channel dedicated to showcasing laptop and PC repair tutorials and technology content.,laptop repair,UCfxR4xqURvf9fYF5-tB_Xog,hands,laptop-computer-repair,trial100,2026-09-14,both,98
https://www.youtube.com/@technoelectronicsolution,@technoelectronicsolution,Techno Electronic Solution,532,97,4,"Laptop chip level repair and training channel with titles showing board testing, charging section repair, hands-on bench work.",chip level repair | laptop repair course,UCOVSGarONfj60gGLyV0HFww,hands,laptop-computer-repair,wave1,2026-09-14,both,124
https://www.youtube.com/@tekaltechnician,@tekaltechnician,Tek AL Computer Repair,707,91,4,"Titles show actual PC build time-lapses with named components, cases and coolers assembled.",PC building | computer repair | computer repairing,UCJXpUylRvNlebHvaSwt67Dg,hands,laptop-computer-repair,wave1,2026-09-14,both,91
https://www.youtube.com/@tekminute,@tekminute,tekminute almost everything tech,832,159,4,"Tech channel covering PC building, custom water cooling, mods and hardware upgrades with practical real-world content.",PC building,UCSqBY1txCFjvwJ6zuS-pfRg,hands,laptop-computer-repair,wave1,2026-09-14,both,160
https://www.youtube.com/@thechipmaster_god,@thechipmaster_god,The Chipmaster,10500,169,4,"Chip-level motherboard repair channel emphasizing circuit analysis and use of oscilloscope/measurement tools, strong repair signals.",laptop motherboard repair | chip level repair | صيانة لابتوب | تعمیر لپ تاپ | réparation ordinateur portable | laptop motherboard chip level repair | graphics card repair | MacBook logic board repair | صيانة الكمبيوتر | 电脑维修 | réparation PC portable | تعمیر مادربرد لپ تاپ | laptop motherboard,UC6NQFJ2548VxaQnaqCf1GSw,hands,laptop-computer-repair,wave4,2026-09-14,both,169
https://www.youtube.com/@therepairshare673,@therepairshare673,The Repair Share,5510,188,4,"Laptop motherboard electronic repair channel with detailed tutorials and repair guides, clear board-level repair focus.",laptop motherboard repair | laptop no power repair | computer hardware technician | laptop motherboard | electronic repair | monitor repair,UCESjWHO_zMY_sfLxbzaSBjQ,hands,laptop-computer-repair,wave4,2026-09-14,both,188
https://www.youtube.com/@thshopayaz,@ThshopAyaz,ThshopAyaz Tech,123,96,4,"Dedicated laptop motherboard repair channel covering BIOS programming, IC replacement, and troubleshooting tutorials.",laptop repair | laptop repairing | laptop motherboard | motherboard repair,UCvHzR08VtylSb5DEjBjLsCA,hands,laptop-computer-repair,trial100,2026-09-14,both,102
https://www.youtube.com/@totalcomputersolutionsramg7348,@totalcomputersolutionsramg7348,Total Computer Solutions Ramgarh.,1510,359,4,"Chip-level laptop repair shop covering screen, logic board, battery, hinge and keyboard replacements.",laptop repair | laptop motherboard repair | صيانة لابتوب | 笔记本维修 | réparation ordinateur portable,UCrADtcVivkuBEULMvg0i4yg,hands,laptop-computer-repair,wave1,2026-09-14,both,359
https://www.youtube.com/@toysretroland,@toysretroland,ToysRetroland,52,59,4,"Dedicated console repair/restoration channel explicitly covering HDMI ports, drift, refurbishments and mods.",console repair | game console repair,UC7emK1h2u6_WL2fmiYy97MQ,hands,laptop-computer-repair,wave1,2026-09-14,both,63
https://www.youtube.com/@ultimatetechnicalsolutions,@ultimatetechnicalsolutions,Ultimate Technical Solutions,9170,319,4,"Computer/laptop repair service with titles showing GPU black-screen fix, real bench work.",graphics card repair | GPU repair | desktop computer repair | laptop repair | computer repair | motherboard repair,UCvualiI4A35eAAy7HcLa0-Q,hands,laptop-computer-repair,wave4,2026-09-14,both,319
https://www.youtube.com/@wahlaptop,@wahlaptop,Wahlaptop Repairing Lab,700,122,4,"Titles show real hands-on jobs: UPS battery install, MacBook heatsink/CPU repaste, heating fixes.",laptop repair | laptop repairing | PC building | laptop motherboard repair | laptop screen replacement,UCCpAwlVNisNztB9dtyRsy_Q,hands,laptop-computer-repair,wave1,2026-09-14,both,122
https://www.youtube.com/@wayayeo,@Wayayeo,Wayayeo Repairs,3680,70,4,Dedicated video game console repair and micro-soldering shop channel serving nationwide mail-in customers.,console repair | game console repair,UCyko_uvCxMtizY4vSnf8HKQ,hands,laptop-computer-repair,wave1,2026-09-14,both,70
https://www.youtube.com/@wefixcomputerservice,@wefixcomputerservice,WeFix Computer,100,104,4,"Titles show real chip-level MacBook repair work: CPU removal, hot air rework, NAND chip removal.",computer repair,UCgCQIve0H9DbnwMBiWuz8zQ,hands,laptop-computer-repair,wave1,2026-09-14,both,104
https://www.youtube.com/@xtremepcrgb,@XtremePCRGB,Xtreme PC RGB,11100,53,4,"Academy channel teaching laptop, PC and graphics card repair step-by-step from basic to advanced electronics.",reparación de laptops,UC0LX_s5MMm_73ZaGo5Y-GZg,hands,laptop-computer-repair,wave1,2026-09-14,both,53
https://www.youtube.com/@yogiedije,@yogiedije,LOG SERVIS,400,51,4,Indonesian workshop channel documenting real laptop repair jobs across multiple brands and faults.,laptop repair | laptop repairing | servis laptop,UCtjIQ9iK9mlFj7zhF7AWFOw,hands,laptop-computer-repair,trial100,2026-09-14,both,51
https://www.youtube.com/@bertronics,@Bertronics,BLworkshop,638,84,4,Laptop repair workshop with clear diagnostic videos on charging problems and no-power fixes across brands.,electronics repair | electronics technician workshop,UCd3Sr1gwoHmK1wn0JzKwZNA,hands,laptop-computer-repair,wave4,2026-09-14,pool,84
https://www.youtube.com/@cursortech9188,@cursortech9188,氪绅科技CursorTech,407,56,4,Chinese tech channel explicitly covering repair DIY handcraft and PC assembly content.,机械表维修,UCp-8pY4dFBadcYPTtCFLhiQ,hands,laptop-computer-repair,wave4,2026-09-14,pool,56
https://www.youtube.com/@informaticasolutions,@informaticasolutions,Informática Solutions - Electrónica de Avanzada,2960,95,4,"Specialized Apple Macbook/iMac board-level repair shop covering liquid damage, short circuits and GPU faults.",reparación electrónica,UC-F8Nc9_Dedf7yypZby0nfQ,hands,laptop-computer-repair,wave4,2026-09-14,pool,95
https://www.youtube.com/@japanistec,@Japanistec,Japanistec,889,130,4,"Electronics repair channel focused on GPUs, PCs and laptops with step-by-step hardware failure fixes.",electronics repair,UCw6CqZzrUxgyVqM9wKYyyOQ,hands,laptop-computer-repair,wave4,2026-09-14,pool,130
https://www.youtube.com/@kelatosinformatica,@kelatosinformatica,Kelatos ,3300,12622,4,"Spanish repair shop channel with tutorials on laptop, PC and graphics card repair plus data recovery, hands-on format.",reparación electrónica,UCaxAqLD9Mk5gvzqoDedlWSA,hands,laptop-computer-repair,wave4,2026-09-14,pool,12622
https://www.youtube.com/@officepcmac,@officepcmac,오피스피씨맥,56,492,4,"Korean IT service channel doing precise PCB board repair for all PC/laptop models, hands-on bench work implied.",시계 수리,UCwVjVJuF2Zq79yZoD86W8JA,hands,laptop-computer-repair,wave4,2026-09-14,pool,493
https://www.youtube.com/@remlab,@RemLab,РЕМЛАБ СЕРВИС,5810,61,4,"Repair service channel for PS4/PS5, Xbox, GPUs and laptops, business description but likely bench videos.",ремонт электроники,UCoNh7FsWrGmKGWXc80mHnAg,hands,laptop-computer-repair,wave4,2026-09-14,pool,61
https://www.youtube.com/@zainjunaid,@ZainJunaid,Zain Junaid,1600,227,4,"Component-level electronics repair hobbyist focusing on motherboards, GPUs and vintage computers for resale.",electronics repair | solar inverter repair,UCF9vNh_vNy11EolG01crrMA,hands,laptop-computer-repair,wave4,2026-09-14,pool,227
https://www.youtube.com/@%e0%b8%9a%e0%b8%b4%e0%b9%8a%e0%b8%81%e0%b8%84%e0%b8%ad%e0%b8%a1%e0%b8%a3%e0%b8%b2%e0%b8%a165,@%E0%B8%9A%E0%B8%B4%E0%B9%8A%E0%B8%81%E0%B8%84%E0%B8%AD%E0%B8%A1%E0%B8%A3%E0%B8%B2%E0%B8%A165,บิ๊กคอม ราม 65,694,306,4,"Repair shop channel with titles showing real laptop board diagnosis (no power, short circuit) and printer/powerbank teardowns.",ซ่อมคอมพิวเตอร์,UCSR2vO0rxOSOGBmvn7_x2RQ,hands,laptop-computer-repair,wave1,2026-09-14,filter,318
https://www.youtube.com/@abdeljaliltech,@abdeljaliltech,Abdeljalil TECH,3530,202,4,"BIOS chip programming, motherboard repair, dead laptop fixes described with clear board-level repair terms.",laptop repair | computer repair | motherboard repair,UCGGKeyOsvYfvgMdIk4r3ndg,hands,laptop-computer-repair,wave1,2026-09-14,filter,203
https://www.youtube.com/@adamant_it,@Adamant_IT,Adamant IT,206000,743,4,"Computer repair shop channel covering repairs and hardware reviews at mid-to-high level, real bench work implied.",computer repair,UCURRdjIBFE8TDJlPOuiob3Q,hands,laptop-computer-repair,wave1,2026-09-14,filter,743
https://www.youtube.com/@altamask57,@altamask57,Laptop Doctor ,162,67,4,"Titles show real disassembly, keyboard replacement and blue screen repair on specific laptop models, hands-on hardware evidence.",laptop repair,UCW_wPjFB4LDvCf2P1twcjBw,hands,laptop-computer-repair,wave1,2026-09-14,filter,67
https://www.youtube.com/c/arvutiabiesofto%c3%9c,@arvutiabi-esoft,ARVUTIABI-ESOFT OÜ,11100,129,4,"Estonian professional laptop/PC repair shop offering thermal paste replacement, custom builds and console repair services.",laptop repair | computer repair | console repair,UC8AJ8WkcEV_0xu2_EXXd2fA,hands,laptop-computer-repair,wave1,2026-09-14,filter,129
https://www.youtube.com/@asgextreme,@asgextreme,AbeS,64,73,4,"Titles show specific motherboards, heatsinks, and BIOS boards suggesting real board-level hardware repair/testing content.",computer repair,UCGCt99rpWe4H_nMJ9pcLuPg,hands,laptop-computer-repair,wave1,2026-09-14,filter,73
https://www.youtube.com/@asiantechlaptopservice,@AsianTechLaptopService,AsianTech Laptop Service,243,104,4,"Laptop repair channel with titles on charging problems, board-level dead laptop fixes and specific model diagnostics.",laptop service,UCl0rnXLmI3zWDvqWfjvKF0w,hands,laptop-computer-repair,wave1,2026-09-14,filter,108
https://www.youtube.com/@badger8th,@Badger8th,Badger8th,323,59,4,Regular PC build videos featuring specific component builds like a hands-on build channel.,PC building,UCw504yFMHCyD8r6MWuH9rMg,hands,laptop-computer-repair,wave1,2026-09-14,filter,59
https://www.youtube.com/@bakespcs,@BakesPCs,BakesPCs,50,52,4,"Titles show GPU repaste, disassembling a GPU, sleeper PC build—clear hands-on hardware work despite gaming tips mixed in.",PC building,UCe5RM7SFT1mfZV7WmUz65mw,hands,laptop-computer-repair,wave1,2026-09-14,filter,52
https://www.youtube.com/@ccgs295,@CCGS295,Classic computer Gaming store ,253,149,4,"Custom gaming PC shop channel explicitly covering PC building, upgrades, benchmarks and setup tours.",PC building | gaming PC build,UCXEfuxDOLaSmpe4BxwlWACw,hands,laptop-computer-repair,wave1,2026-09-14,filter,149
https://www.youtube.com/@desklap,@DESKLAP,DESK LAP TECHNOLOGIES (KOLKATA) ,169,101,4,"Titles show step-by-step desktop assembly videos and computer repair service, matching hands-on build/repair format.",laptop repair,UCbMOmJlHv6dLJwZNKWJqgpQ,hands,laptop-computer-repair,wave1,2026-09-14,filter,142
https://www.youtube.com/@electroreparaciones862,@electroreparaciones862,Electro Reparaciones,534,85,4,"Practical tutorials on phone screen replacement, Joy-Con drift fix and Switch battery/thermal paste replacement, hands-on.",reparación de móviles,UCC10sSiwkryWOLNOdhTqMDw,hands,laptop-computer-repair,wave4,2026-09-14,filter,91
https://www.youtube.com/@elektronesia,@elektronesia,Elektronesia,6260,82,4,Component-level laptop motherboard repair channel with step-by-step diagnosis guides for HP/Lenovo laptops.,motherboard repair,UCn50dhixSFdjWlZHILGRu0g,hands,laptop-computer-repair,wave1,2026-09-14,filter,83
https://www.youtube.com/channel/ucsarnm5mw4mhqcvgzqhp2ea,@FixMyMac-PC-Bangalore,FixMyMac & PC (Bangalore),20,96,4,Chip-level and motherboard repair titles show real board-level work on Macs and PCs in Bangalore shop.,laptop repair | computer repair | PC building,UCsArNM5mw4mHQCVgZQhP2eA,hands,laptop-computer-repair,wave1,2026-09-14,filter,125
https://www.youtube.com/@fixplayid,@fixplayid,FixPlay Com,558,322,4,Titles show laptop LCD replacement and full disassembly work mixed with some gaming content.,servis laptop,UCLYaq6gTSwUGGbLxquNWcZA,hands,laptop-computer-repair,wave1,2026-09-14,filter,326
https://www.youtube.com/@gamesystems,@gamesystems,GameSystems,12800,236,4,"Professional electronics repair channel with consoles, laptops, motherboards, micro-soldering and short-circuit diagnosis shown.",microsoldadura,UChJa0mxbwzKDn7hdwUoGc6A,hands,laptop-computer-repair,wave4,2026-09-14,filter,236
https://www.youtube.com/@gpr-garwoodprecisionrepair6256,@gpr-garwoodprecisionrepair6256,GPR - Garwood Precision Repair,211,53,4,"Titles show retro hardware fixes, Dreamcast power supply troubleshoot, SSD conversion - real hands-on repair work.",computer repair,UC-9bh3quu101i2IVl-o-KMA,hands,laptop-computer-repair,wave1,2026-09-14,filter,57
https://www.youtube.com/@homelaptop4899,@homelaptop4899,HOME LAPTOP,145,54,4,Titles show real laptop chipset reflow and repair work alongside some personal vlogging content.,servis laptop,UCjeEO7-dQ4R1rgZE6exAE4Q,hands,laptop-computer-repair,wave1,2026-09-14,filter,54
https://www.youtube.com/@iranfso4020,@iranfso4020,iranfso,886,1534,4,"Description details specific laptop hardware repairs (fan, battery, RAM, keyboard, screen exchange) across major brands.",laptop service,UCIRdVfBMIz60n_rVVHC_Skw,hands,laptop-computer-repair,wave1,2026-09-14,filter,1534
https://www.youtube.com/@itcarecomputers,@itcarecomputers,it care & computers,14100,439,4,Dedicated PC building and hardware tutorial channel targeting beginners with step-by-step build/upgrade content.,PC building | gaming PC build,UCSAf0iuOuFxZ_pKEtcZG-hQ,hands,laptop-computer-repair,trial100,2026-09-14,filter,439
https://www.youtube.com/@itsecservices,@Itsecservices,itsec,1000,119,4,"Titles show disassembling LCD and motherboard from Asus laptop, real hands-on teardown content.",computer repair,UC4qOZT2K1G0K5WrfgEPwnUQ,hands,laptop-computer-repair,wave1,2026-09-14,filter,151
https://www.youtube.com/@jerrywalker001,@JerryWalker001,Jerry Walker,10700,938,4,"Vintage computer repair and PCB reproduction channel with transistor-level builds and restoration projects, strong hands-on hardware focus.",computer repair,UCGkakWu37P6CuzIZbTlCmvg,hands,laptop-computer-repair,wave1,2026-09-14,filter,938
https://www.youtube.com/@kcapstation,@KcapStation,Kcap Station,63,78,4,Dedicated PC build channel with titles showing actual builds in specific cases with component selection.,PC building,UC3G9_NCdwlOen6hK1wIsQUA,hands,laptop-computer-repair,wave1,2026-09-14,filter,78
https://www.youtube.com/@kcomputertech,@kcomputertech,kcomputer tech vlog,87,187,4,Channel name and description directly reference laptop and PC motherboard repairing content.,motherboard repair,UCLYMmWVnL5f6wJqNbsa61vw,hands,laptop-computer-repair,wave1,2026-09-14,filter,226
https://www.youtube.com/@kolegainformatyk,@kolegainformatyk,IT Guy,634,147,4,"Titles show real laptop motherboard BIOS flash repair and liquid-damage MacBook fix, mixed with some non-hardware content.",laptop motherboard,UC84YL4lSYfnZzVp8nDs1A-A,hands,laptop-computer-repair,wave1,2026-09-14,filter,174
https://www.youtube.com/@koreanmobilesydney197,@koreanmobilesydney197,Korean Mobile Sydney시드니 코리안 모바일,238,77,4,Phone and computer repair shop with titles showing laptop keyboard replacement and motherboard short-circuit fixes on camera.,computer repair,UCzsYyyV06zAGL0fx-fHpzaQ,hands,laptop-computer-repair,wave1,2026-09-14,filter,77
https://www.youtube.com/@ksvcomputer994,@KSVComputer994,KSV Computer,175,63,4,Titles show real motherboard chip-level repair jobs including MSI and Gigabyte no-power fixes.,laptop motherboard,UCwMh5z-Rr_CAtbR_cCiATAg,hands,laptop-computer-repair,wave1,2026-09-14,filter,117
https://www.youtube.com/@lafixtechedu,@LaFixTechEDU,LaFixTechEDU | Sandeep Sonavane,142,92,4,Laptop repairing education channel with titles on BIOS programming and disassembly showing real step-by-step hands-on teaching.,laptop repair | laptop repairing,UChNQkTebYN_R5cv-8bKDFRw,hands,laptop-computer-repair,wave1,2026-09-14,filter,282
https://www.youtube.com/@laptop_clinic,@Laptop_clinic,Laptop Clinic Azhar,821,111,4,"Laptop clinic with titles showing motherboard repair, hinge/keyboard change and part replacement jobs.",laptop service,UC9c-RgYNGHy6BpjwB4f2qUw,hands,laptop-computer-repair,wave1,2026-09-14,filter,116
https://www.youtube.com/@laserimpact_solution,@laserimpact_solution,LASER IMPACT SOLUTION,1760,515,4,"Hindi channel teaching computer hardware, motherboard repair, and laptop/desktop repair skills.",motherboard repair,UCjdPoX7qi-oUlgmeDGNlhCQ,hands,laptop-computer-repair,wave1,2026-09-14,filter,515
https://www.youtube.com/@lazytitan57,@lazytitan57,LazyTitan57,191,104,4,"Titles show real hands-on work: Xbox disassembly/cleaning, laptop battery replacement, and PC build alongside gaming.",PC building,UCduhyXARqZuneJAsqhsPL-Q,hands,laptop-computer-repair,wave1,2026-09-14,filter,105
https://www.youtube.com/@macpcwireless,@MacPCWireless,Mac & PC Wireless,131,101,4,"Mac/PC repair shop with titles showing backlight repair, PC build, and Mac repair jobs on camera.",computer repair,UCapNQGYRkCyAHmachKvXTVg,hands,laptop-computer-repair,wave1,2026-09-14,filter,106
https://www.youtube.com/channel/ucnjskllqcaxjv1ar8bsl8ig,@mahi_ultralegend,Maahi,209,58,4,"Titles show laptop disassembly for multiple brands (Realme, Huawei, Asus), clear hands-on teardown content.",laptop service,UCnJSKLlqcaxJv1ar8bSl8Ig,hands,laptop-computer-repair,wave1,2026-09-14,filter,58
https://www.youtube.com/channel/ucsbsdkibhtvyrtcyvui1mcg,@MrsRepairTech,Mrs.RepairTech,66,65,4,"PC repair shop channel with titles showing PC rebuild and diagnosis sessions, clear hands-on troubleshooting format.",computer repair,UCSBsDKiBhtVYRTcYvui1MCg,hands,laptop-computer-repair,wave1,2026-09-14,filter,65
https://www.youtube.com/@oc_computer_repairs,@OC_Computer_Repairs,OC_Computers,108,62,4,"Computer repair shop channel with titles showing motherboard repair, dead laptop diagnostics, real bench work.",computer repair,UCPXTV90yxC5FBEF7HhQHGrg,hands,laptop-computer-repair,wave1,2026-09-14,filter,66
https://www.youtube.com/@paradisetech,@ParadiseTech,DIY Tech,19000,72,4,Computer repair shop owner making how-to videos on laptop/PC hardware refurbishing with direct hands-on framing.,computer repair,UCeh9vScIZet2MNytLBF20Xw,hands,laptop-computer-repair,wave1,2026-09-14,filter,72
https://www.youtube.com/@pctechgilmore,@pctechgilmore,PC TECH GILMORE ,964,218,4,Titles show actual PC builds and PSU replacement work with parts and specs named.,gaming PC build,UCYtFvSss7U_xKMeP04TesyA,hands,laptop-computer-repair,wave1,2026-09-14,filter,227
https://www.youtube.com/@pktechnicalvlog,@pktechnicalvlog,pk laptop repairing,397,67,4,"Titles show real laptop dead/no-power diagnostics, screen replacement and charging issue fixes with clear bench work.",laptop repair | laptop repairing,UCNa5ex_bWpBGpGRZmjXdnTQ,hands,laptop-computer-repair,wave1,2026-09-14,filter,72
https://www.youtube.com/@plinkslaptop,@PLinksLaptop,P Links Laptop,784,198,4,Titles show specific laptop model service and parts replacement jobs suggesting real bench work.,laptop service,UCC3n7ddGZgLcKr7WNLPvlJw,hands,laptop-computer-repair,wave1,2026-09-14,filter,198
https://www.youtube.com/@raficomputerbd,@raficomputerbd,Rafi Computer Sales & Service Center,2250,286,4,"Bengali channel description details laptop disassembly, assembly and hardware fix tutorials with hands-on repair focus.",laptop repair,UChBCNiCE1wNLB0emX67O6Aw,hands,laptop-computer-repair,wave1,2026-09-14,filter,287
https://www.youtube.com/@replapt,@Replapt,Replap,12700,138,4,Dedicated PC build channel promising in-depth videos on choosing components and building from scratch.,gaming PC build,UCRoyGFS3C1a8kmwP6SQsVgQ,hands,laptop-computer-repair,wave1,2026-09-14,filter,138
https://www.youtube.com/@retrobytemeister,@retrobytemeister,Retro Byte Meister,568,61,4,Vintage computer repair/restoration and console modding channel description strongly matches hands-on hardware topic.,computer repair,UCPIggfu0vP9aWZfYNkmdsYA,hands,laptop-computer-repair,wave1,2026-09-14,filter,63
https://www.youtube.com/@rigforge1,@RigForge1,RigForge,2,216,4,"PC building channel with titles showing open rack builds, GPU installs, SSD upgrades and case mods on camera.",PC building,UCC4fuTefm4zjznLmwW676vw,hands,laptop-computer-repair,wave1,2026-09-14,filter,216
https://www.youtube.com/@sdcomputer7,@sdcomputer7,Computer Tips,16100,81,4,"Description details motherboard chip-level repair (VRM, clock generator, north/south bridge) strongly matching board-level repair topic.",laptop repair | laptop repairing | motherboard repair,UCz3yN_ZUB8G8UDOfTEIHiQQ,hands,laptop-computer-repair,wave1,2026-09-14,filter,81
https://www.youtube.com/@servicelaptop4456,@servicelaptop4456,LAPTOP SERVICE,127,207,4,"Titles show real laptop hinge replacement and motherboard beep troubleshooting, indicating hands-on repair work.",laptop service,UCFeRTdlZfEnCYSzDipCwjgg,hands,laptop-computer-repair,wave1,2026-09-14,filter,207
https://www.youtube.com/channel/uc8vifwmxtbv0y5kvlo1dz-a,@servislaptopbogor,Servis Laptop Bogor,16,59,4,"Laptop repair shop channel with titles showing LCD replacement, thermal paste, and keyboard checks on camera.",servis laptop,UC8vIfwMxTBv0y5KvlO1DZ-A,hands,laptop-computer-repair,wave1,2026-09-14,filter,104
https://www.youtube.com/@siattechchipsolution,@SiatTechChipsolution,Siat Tech Chipsolution,4950,81,4,"Institute channel teaching chip-level mobile, laptop and AC PCB repair with practical training focus described.",laptop repair | laptop repairing,UCp5SkeaTjX-Mxh9kcrlbrew,hands,laptop-computer-repair,wave1,2026-09-14,filter,81
https://www.youtube.com/@skcomputerprl,@skcomputerprl,SK COMPUTER PURULIA,294,123,4,Titles show real laptop IO/USB port replacement and power troubleshooting shop videos.,computer repair,UCoRzXcoxUab8RZrtGb2R69Q,hands,laptop-computer-repair,wave1,2026-09-14,filter,125
https://www.youtube.com/@solarcircuit360,@solarcircuit360,solar circuit 360,7780,716,4,Dedicated laptop motherboard repair training channel with practical electronics repair tutorials.,laptop motherboard | motherboard repair,UCtATDI1FG9aVzE-rlC7oYEA,hands,laptop-computer-repair,wave4,2026-09-14,filter,716
https://www.youtube.com/@tech_barn_rebuilds,@Tech_Barn_Rebuilds,Tech Barn Rebuilds,2340,163,4,PC rebuild channel focused on upgrading prebuilts with SSD/PSU swaps and teardown content.,PC building,UC47-6LuriB1WCNvPXkDdm-g,hands,laptop-computer-repair,wave1,2026-09-14,filter,163
https://www.youtube.com/@thepcjj,@thepcjj,Alex Z. (MainComputer),8440,83,4,"Dedicated notebook repair channel with tutorials on laptop upgrades and replacements (SSD, HDD, RAM, battery).",computer repair,UCvbljDyvcVSasGDFqJ6orvg,hands,laptop-computer-repair,wave1,2026-09-14,filter,83
https://www.youtube.com/@utahcomputerrepair,@UtahComputerRepair,Steve Morris,32,156,4,Computer repair shop channel with titles showing hard drive replacement and PC repair demonstrations.,computer repair,UCmNXAabQTTzVGsuuSL09nHw,hands,laptop-computer-repair,wave1,2026-09-14,filter,156
https://www.youtube.com/@utechies,@utechies,uTechies,3370,245,4,"Chip-level laptop repair shop channel with strong repair credentials, though also sells second-hand laptops.",laptop repair,UCaongijdP4zsW2BjzZMODKw,hands,laptop-computer-repair,wave1,2026-09-14,filter,245
https://www.youtube.com/@wrongchip,@wrongchip,Wrong Chip,5170,71,4,"Channel dedicated to laptop repair, electronics and BIOS editing tutorials, likely hands-on bench content.",laptop repair,UCyc2TTBK5xviP866hzi6GOA,hands,laptop-computer-repair,wave1,2026-09-14,filter,71
https://www.youtube.com/@xarepairs,@xaRepairs,xaRepairs,1270,97,4,"Electronics repair and micro soldering with console modding, strong board-level repair focus.",micro soldering,UCfy0zQBCWJiptcYuSNPSpgw,hands,laptop-computer-repair,wave4,2026-09-14,filter,97
https://www.youtube.com/@xigox,@xigox,xigox®,357,151,4,"Titles show desktop motherboard replacement and repair shop work across multiple cities, real hardware jobs.",computer repair,UCKCHnJ0HmETnNVAIXcQxaGg,hands,laptop-computer-repair,wave1,2026-09-14,filter,151
