url,handle,name,subscribers,videos_count,score_0_5,reason,discovery_keywords,channel_id,vertical,topic,stage,scored_at
https://www.youtube.com/@holod_alex,@holod_alex,Ремонт холодильников.,1940,233,5,"Dedicated refrigerator repair channel covering soldering, capillary replacement, compressor replacement techniques.",ремонт холодильников,UCNnpORAP1M8RLP6lFZZfbLA,hands,appliance-repair,trial100,2026-09-14
https://www.youtube.com/channel/ucvpueidqwegukx1gsbdzqgg,@MrRahulTechnician01,Mr Rahul Technician,26,58,4,Titles show real washing machine repair and servicing jobs including diagnosing not-spin issues.,AC repair,UCVPUEiDqwegUkx1gsbdzqgg,hands,appliance-repair,trial100,2026-09-14
https://www.youtube.com/@saleemtechnicalinfo,@SaleemTechnicalinfo,Saleem Technical info,1980,268,4,Channel dedicated to fridge and freezer repair with step-by-step practical repairing tips described.,fridge repair,UCHmqmvXsW-_pbliiPu7xC3w,hands,appliance-repair,trial100,2026-09-14
https://www.youtube.com/@service-repair,@Service-Repair,Ac Repair Kopar Khairane ,584,51,4,"Titles show real washing machine gear change, PCB repair, mechanic footage across multiple appliances despite business-style desc.",AC repair,UCxYHh_2tVUcERoRKR1rol8Q,hands,appliance-repair,trial100,2026-09-14
https://www.youtube.com/@sirjamdeitech2194,@Techrepairgur26,Tech Repair Guru,3820,177,4,"Dedicated troubleshooting channel covering washing machine, fridge, motor and winding repairs.",washing machine repair | refrigerator repair,UCr3ojh7hu3NAQyvNkR-f_TQ,hands,appliance-repair,trial100,2026-09-14
https://www.youtube.com/@cfixd.,@cfixd.,CFIXD Home Appliances Repair and Service,121,73,4,"Dubai appliance repair service with titles covering washing machine, fridge, freezer, oven and dishwasher repair work.",washing machine repair | air conditioner repair | dishwasher repair,UCdc2itT2lo3wMa8_Hhht5Lg,hands,appliance-repair,trial100,2026-09-14
https://www.youtube.com/@jiadianweixuiliushifu,@jiadianweixuiliushifu,家电维修刘师傅,527,226,4,"Chinese home appliance repair channel with fridge, washing machine, AC repair tutorials, PCB replacement and installation content mixed in.",家电维修,UCRZx8qX_IFLtFH9jDVq75TQ,hands,appliance-repair,trial100,2026-09-14
https://www.youtube.com/@%d0%90%d0%ba%d0%b0%d0%b4%d0%b5%d0%bc%d0%b8%d1%8f.%d0%9c%d0%b0%d1%81%d1%82%d0%b5%d1%80%d0%be%d0%b2,@%D0%90%D0%BA%D0%B0%D0%B4%D0%B5%D0%BC%D0%B8%D1%8F.%D0%9C%D0%B0%D1%81%D1%82%D0%B5%D1%80%D0%BE%D0%B2,РЕМОНТ ХОЛОДИЛЬНИКОВ С НУЛЯ,2810,64,5,"Refrigerator repair channel with titles showing real jobs, brands, earnings and step-by-step fault fixing.",ремонт холодильников,UCACUB1851TnnrHdyolFPAHw,hands,appliance-repair,wave1,2026-09-14
https://www.youtube.com/@atxassistenciatecnica,@ATXASSISTENCIATECNICA,ATX Technical Assistance,6760,51,5,Dedicated step-by-step microwave and electric oven repair tutorial channel with clear practical focus.,appliance repair | 家电维修,UCpv0GEBM5U_pnL3orKBv41g,hands,appliance-repair,wave1,2026-09-14
https://www.youtube.com/@akairconditioner88,@Akairconditioner88,A.K AirConditioner,471,72,5,"Titles show detailed AC repairs: gas leak welding, condenser leak testing, valve replacement, restoration.",air conditioner repair,UCA4OjinUkuGuxuUEKafPaZQ,hands,appliance-repair,wave1,2026-09-14
https://www.youtube.com/@appliancefixlab,@ApplianceFixLab,Appliance Fix Lab,814,376,5,Dedicated appliance repair channel showcasing diagnostics and repair across many appliance types and brands.,appliance repair | washing machine repair | fridge repair | dryer repair,UCVBMw06QdQqfySyea1qK-lw,hands,appliance-repair,wave1,2026-09-14
https://www.youtube.com/@appliancefixwithnaurtex,@ApplianceFixWithNaurtex,Appliance Fix With  Naurtex,5670,66,5,"Explicitly real appliance repair channel showing diagnostics and root cause analysis for refrigerators, washers, ovens.",refrigerator repair | dishwasher repair,UCw6gabrav1rPTuo8XTdCNTQ,hands,appliance-repair,wave1,2026-09-14
https://www.youtube.com/@appliancerepairacademy,@ApplianceRepairAcademy,Appliance Repair Academy,16,62,5,"Dedicated appliance-repair training channel with real technician tutorials across refrigerators, washers, dryers, ovens.",washing machine repair | dryer repair | appliance repair technician | appliance repair course,UCvJJhHIrPieC9Fe-wbcygkw,hands,appliance-repair,wave1,2026-09-14
https://www.youtube.com/@applianceknowledge,@Applianceknowledge,APPLIANCE KNOWLEDGE ,2720,334,5,Technician-run channel breaking down washer/fridge/dryer diagnostics and repairs step by step for real audiences.,dishwasher repair | dryer repair,UCVniR5V9swBA2wMbs90q22w,hands,appliance-repair,wave1,2026-09-14
https://www.youtube.com/@appliances-help,@Appliances-Help,Appliance Help & Repair,753,189,5,"Florida appliance repair channel with detailed on-camera fixes: dryer belt/pulley, blower wheel, oven display repair.",appliance repair | home appliance repair | dishwasher repair | dryer repair,UCWj3kR-lN8nKiUrNfZqoLhQ,hands,appliance-repair,wave1,2026-09-14
https://www.youtube.com/@beardedappliancerepair,@BeardedApplianceRepair,Bearded Appliance Repair,57300,136,5,"Dedicated appliance repair channel covering ice makers, dishwashers and diagnostic troubleshooting DIY tips.",appliance repair | home appliance repair | dishwasher repair | dryer repair | appliance repair technician | appliance repair course | electronics repair,UCQDRFiJpJEMdnEjuYx8zn4w,hands,appliance-repair,wave1,2026-09-14
https://www.youtube.com/@billnewberry,@BillNewberry,Bill Newberry,190000,140,5,Dedicated appliance repair channel with troubleshooting and step-by-step repair videos across many appliance types.,appliance repair | refrigerator repair | dryer repair,UCzjWW4O7wxQCiB6eJMToSMA,hands,appliance-repair,wave1,2026-09-14
https://www.youtube.com/@dastechnician,@DASTECHNICIAN,DAS TECHNICIAN,49,83,5,"Dedicated AC/refrigeration technical channel with titles showing real repair jobs, error codes, compressor replacement, gas charging.",fridge repair Bangla,UCpx8_Qvl8Q4lFQtkAL6TF0g,hands,appliance-repair,wave1,2026-09-14
https://www.youtube.com/@djonibekdjamalov-m1r,@DjonibekDjamalov-m1r,Ремонт холодильников,40,64,5,"Refrigerator repair titles show motor replacement, capillary tube brazing, gas charging and diagnostics on camera.",ремонт холодильников,UClwQi93O_fHmV4L4DE6PrOQ,hands,appliance-repair,wave1,2026-09-14
https://www.youtube.com/@dmytro.troubleshooters,@Dmytro.troubleshooters,Troubleshooters Appliance Repair,270,311,5,"Dedicated appliance repair company channel explicitly showing real step-by-step washer, dryer, fridge repair jobs.",appliance repair | fridge repair | dishwasher repair,UCYg4Q18vg1dOIwQWgO2vF_Q,hands,appliance-repair,wave1,2026-09-14
https://www.youtube.com/@docelectromarc,@DocElectroMarc,Doc Electro Marc,19400,138,5,Appliance repair technician sharing free experience to help viewers repair rather than discard appliances.,réparation lave-linge,UC73j-EID6nZltrjzbyq6_Ng,hands,appliance-repair,wave1,2026-09-14
https://www.youtube.com/@easyfixapplianceltd,@EasyFixApplianceLTD,EasyFix Appliance LTD,64,136,5,"Vancouver repair company with detailed part-replacement videos: gasket, shock absorbers, igniter.",appliance repair | dishwasher repair,UCsxLSq-J95NL16mbmysqSPg,hands,appliance-repair,wave1,2026-09-14
https://www.youtube.com/@escaladeappliancerepair-fx7tf,@EscaladeApplianceRepair-fx7tf,Escalade Appliance Repair Services,21,212,5,Appliance repair company channel with detailed step-by-step washer gearcase and compressor repair video series.,appliance repair | fridge repair | dryer repair,UCAR1OgcAaoautLsvO8SVdGg,hands,appliance-repair,wave1,2026-09-14
https://www.youtube.com/@huangheng-m6k,@HuangHeng-m6k,家电维修黄哥H,2200,368,5,Home appliance repair technician sharing real repair process videos.,家电维修,UCAfN7WFLy7jMoSM474r6k5g,hands,appliance-repair,wave1,2026-09-14
https://www.youtube.com/@inshakhan-o1t,@InshaKhan-o1t,GENEX SOLUTION HELP LINE AIR CONDITION REPAIRING  ,52,68,5,"Titles show real refrigerator repairs: defrost problem solving, compressor change, gas charging.",washing machine repairing,UCcT2XkaqLY1TCRgdW-Sygaw,hands,appliance-repair,wave1,2026-09-14
https://www.youtube.com/@laowurepair,@LaoWuRepair,Old Wu Electrical Maintenance,5730,1922,5,Professional appliance maintenance channel sharing repair process and experience across various electrical appliances.,家电维修,UChO9tE2cadVzsioqEcBHOFQ,hands,appliance-repair,wave1,2026-09-14
https://www.youtube.com/channel/ucigmt4louxwh9jo6wpibxcg,@LarryjrCamacho78,Doctechnics,54,103,5,"Dedicated appliance repair channel with washing machine, dryer and dishwasher error-code fixing titles shown in detail.",electronics repair,UCigMT4LoUXWH9jO6WpIBXCg,hands,appliance-repair,wave1,2026-09-14
https://www.youtube.com/@macterckaya134,@Macterckaya134,РЕМОНТ СТИРАЛЬНЫХ МАШИН,414,57,5,13-year repair technician showing how he performs washing machine repairs on camera.,ремонт стиральных машин | réparation lave-linge,UC1ZBmxErfQ7ZqX9DLmLWJxA,hands,appliance-repair,wave1,2026-09-14
https://www.youtube.com/@master_lavadoras,@Master_Lavadoras,Master_Lavadoras,334,196,5,Dedicated washing machine repair channel with step-by-step diagnostic and repair videos in Spanish.,reparación de lavadoras,UCDKkYiaq3lP52m8ZsqD0tGw,hands,appliance-repair,wave1,2026-09-14
https://www.youtube.com/@mega-elektro21,@Mega-Elektro21,Mega-Elektro21,810,67,5,Dedicated appliance repair channel with detailed washing machine bearing replacement and dishwasher drawer repair titles.,electronics repair,UCoMZ6MidgZrgaGPd-R_gR7g,hands,appliance-repair,wave1,2026-09-14
https://www.youtube.com/@pawan_tec832,@Pawan_tec832,Pawan tec832,435,59,5,Dedicated washing machine PCB and drain repair channel with detailed error-code fixing titles.,electronics repair,UCuzu4G7Mf00hxK1WbZZm1Yg,hands,appliance-repair,wave1,2026-09-14
https://www.youtube.com/@r89..,@R89..,ช่างรถ  ซ่อมดะ,16,84,5,Channel explicitly teaches fridge and appliance repair on camera with dishwasher door switch replacement shown.,ซ่อมตู้เย็น,UCJTSqi53Al1PeXgl384ScOA,hands,appliance-repair,wave1,2026-09-14
https://www.youtube.com/@rsreparaciones,@RSReparaciones,RS Reparaciones,8260,1385,5,"Specialized channel showing real step-by-step diagnostics and repairs of washers, fridges and AC.",reparación de lavadoras | reparación de aire acondicionado,UCOocuUcMnCMjKIRzmLg9pgw,hands,appliance-repair,wave1,2026-09-14
https://www.youtube.com/@randysheretohelp,@RandysHereToHelp,Randy's Here To Help,3030,180,5,Washer/dryer repair technician channel dedicated to detailing common and complex appliance repairs.,appliance technician | conserto de máquina de lavar | ремонт стиральных машин | 家电维修 | réparation lave-linge,UC95bveL2_mWyXO3u3_q2OGQ,hands,appliance-repair,wave1,2026-09-14
https://www.youtube.com/@reparacionesspartan,@ReparacionesSpartan,FRÍO SPARTAN reparaciones ,2980,635,5,"Dedicated channel for real repair of appliances, electronics and AC units shown on camera.",reparación de lavadoras | reparación electrónica,UCy3yOVlxsVJlewu2ZErKzXg,hands,appliance-repair,wave1,2026-09-14
https://www.youtube.com/@scottthefixitguychannel,@ScottTheFixItGuyChannel,Scott The Fix-It Guy  -  Appliance Repair Videos ,80100,1477,5,"Dedicated appliance repair channel with 1500+ DIY videos on washers, dryers, dishwashers, ovens, fridges.",appliance repair | home appliance repair | washing machine repair | dishwasher repair | dryer repair,UC7fBqy8806u1r0NpPv_fQ2w,hands,appliance-repair,wave1,2026-09-14
https://www.youtube.com/@siraj_electronics,@Siraj_Electronics,Siraj Electronics,80,109,5,"Titles show AC service, IFB washing machine drain pipe repair and Bosch washing machine repair on camera.",electronic repair,UCin36XSrwSYoVZPamVce-fQ,hands,appliance-repair,wave1,2026-09-14
https://www.youtube.com/@tempermaq,@Tempermaq,Tempermaq,322000,1115,5,"Dedicated practical appliance repair teaching channel covering washers, fridges, freezers, microwaves, PCBs and compressors.",conserto de geladeira,UCC63YsIYAYe7gjLJRiOFELA,hands,appliance-repair,wave1,2026-09-14
https://www.youtube.com/@videoreparacion,@VideoReparacion,Video Reparacion,195000,586,5,"Family channel with step-by-step DIY repair guides for coffee makers, washers, AC, dryers, dishwashers.",reparación de lavadoras,UCSpvL_2T9EfdyCKEammNhjw,hands,appliance-repair,wave1,2026-09-14
https://www.youtube.com/@afastlocalrefrigeratorrepa2381,@afastlocalrefrigeratorrepa2381,A Fast Local Refrigerator Repair,61,141,5,Dedicated refrigerator repair business with titles showing real diagnostic and part replacement work like leaks and cooling fixes.,refrigerator repair | fridge repair | sửa tủ lạnh | reparación de refrigeradores | buzdolabı tamiri | تعمیر یخچال,UCoZM9xRhJ-ULFkeYyjAZVZw,hands,appliance-repair,wave1,2026-09-14
https://www.youtube.com/@akinfohomeappliancesrepair,@akinfohomeappliancesrepair,AK info Homeappliances Repair Training,522,161,5,"Home appliance repair training institute covering AC, fridge, washing machine with practical multimeter and PCB titles.",fridge repair | appliance repair course | UPS repair | electronics repair course,UCk8kH0_XLhKC1SSHmpvWX9w,hands,appliance-repair,wave1,2026-09-14
https://www.youtube.com/@angkieuinverter.daysuachua5225,@angkieuinverter.daysuachua5225,Đặng Kiều Inverter. Dạy sửa chữa bo mạch Điện Lạnh,2320,81,5,Dedicated training channel teaching PCB repair for AC/washer/fridge with hands-on practice on real boards.,sửa máy giặt | sửa tủ lạnh | sửa máy lạnh,UCbW_ea6Alu1QLBPH_g3o6gA,hands,appliance-repair,wave1,2026-09-14
https://www.youtube.com/@appliancesrepairtechnician,@appliancesrepairtechnician,Appliances Repair Technician,315,118,5,"Titles show specific washing machine repairs (no water input, not draining) with brand names and fix times, clear technician work.",washing machine repair | refrigerator repair | appliance repair technician | reparación de lavadoras | Waschmaschine reparieren | TV repair | LED TV repair | electronics repair no talking | TV repair technician,UCuRucSvPwBusFLmZryhVGAQ,hands,appliance-repair,wave1,2026-09-14
https://www.youtube.com/@chenxijiangjiadian,@chenxijiangjiadian,Chenxi Talks About Home Appliances,343,99,5,"Chinese channel with long titled videos on washing machine, fridge, and AC repair techniques and troubleshooting.",appliance repair | home appliance repair | 家电维修,UC4LU_EYHkXr3pYtYJ1mkuAg,hands,appliance-repair,wave1,2026-09-14
https://www.youtube.com/channel/uc0njjlycujpt7gou-cm6bea,@cool-techaalok, Home Appliance Repair ,55,65,5,"Hindi appliance repair channel with practical PCB, compressor and wiring repair titles.",appliance repair | home appliance repair | washing machine repair | fridge repair | AC repair | dishwasher repair | appliance repair technician | washing machine repair Hindi | fridge repair Hindi | AC repair Hindi,UC0NJjlYCUJpt7GOU-cm6BEA,hands,appliance-repair,wave1,2026-09-14
https://www.youtube.com/@dawoodstone4288,@dawoodstone4288,Daz Appliance Repair ,131,120,5,"Dedicated washer repair channel with tub replacement, bearing swap and disassembly videos shown step by step.",appliance repair | home appliance repair | fridge repair | dishwasher repair | appliance repair technician,UCjCKIORglXTlNsOwO49EqMw,hands,appliance-repair,wave1,2026-09-14
https://www.youtube.com/@electroluxmoscow7703,@electroluxmoscow7703,Electroluxmoscow ремонт крупной бытовой техники,1010,98,5,Dedicated appliance repair channel with bearing replacement instructions and training videos for washers/dryers/dishwashers.,ремонт стиральных машин | réparation lave-linge,UCNHRwubzChZN7gTirz7UJfQ,hands,appliance-repair,wave1,2026-09-14
https://www.youtube.com/@elreparadorelectrodomestic6830,@elreparadorelectrodomestic6830,el reparador ,412,64,5,"Titles show real repair jobs: washer not spinning, gas charging, maintenance, washer not wringing, diagnostics.",reparación de lavadoras,UCk5eHU0e5BuU5IijEEH_gCw,hands,appliance-repair,wave1,2026-09-14
https://www.youtube.com/@fixriteappliance,@fixriteappliance,FixRite Appliance Repair,1310,99,5,Dedicated appliance repair technician documenting POV repairs across common household appliances in the US.,appliance repair | refrigerator repair | microwave oven repair | dryer repair | appliance repair technician,UCUfDC-aaMp-TlIZ5djjaQnA,hands,appliance-repair,wave1,2026-09-14
https://www.youtube.com/@fridgerepairsingapore,@fridgerepairsingapore,Fridge repair singapore,54,216,5,Dedicated fridge repair channel with titles clearly showing diagnosis and part fixes like defrost heater and fan motor faults.,refrigerator repair | fridge repair | reparación de refrigeradores | buzdolabı tamiri | تعمیر یخچال,UC6rSNQ8MKVrWhtIbmMgEEXQ,hands,appliance-repair,wave1,2026-09-14
https://www.youtube.com/@frigmistri,@frigmistri,Hajipur Refrigerator ,167,193,5,Refrigerator repair specialist with titles showing actual part replacements like condenser/candeshar change on multiple fridge models.,washing machine repair Hindi | fridge repair Hindi,UCBqfWX4rYOSTHwyPsjuKwxw,hands,appliance-repair,wave1,2026-09-14
https://www.youtube.com/@h_161,@h_161,Ремонт холодильников,1330,109,5,Dedicated fridge repair channel by a technician documenting real jobs and daily work with new parts.,reparación de refrigeradores | buzdolabı tamiri | ремонт холодильников | ซ่อมตู้เย็น,UCjV3fLZJo_4-zY0RSezKA0A,hands,appliance-repair,wave1,2026-09-14
https://www.youtube.com/@hafizashfaq3060,@hafizashfaq3060,Hafiz Ashfaq,399,133,5,"Dedicated PCB repair academy for AC, fridge, washing machine, microwave boards with practical training focus.",appliance repair course | washing machine repair Hindi | washing machine repairing Urdu,UCb16WuGejjMOLZnSe13oDvA,hands,appliance-repair,wave1,2026-09-14
https://www.youtube.com/@lgrepaircenter,@lgrepaircenter,مرکز تعمیر لوازم خانگی ال جی,5,74,5,"Dedicated LG fridge/washing machine repair center with titles on compressor repair, gas charging and icemaker fixes.",تعمیر یخچال,UCnGi8CTiDqueYOhYpU_li4A,hands,appliance-repair,wave1,2026-09-14
https://www.youtube.com/@master-plus,@master-plus,Мастер Плюс,685000,422,5,Dedicated appliance repair channel focused on washing machines with hands-on complex repairs and experiments.,ремонт стиральных машин,UCXAmmER3VF4285Z68DNUx4Q,hands,appliance-repair,wave1,2026-09-14
https://www.youtube.com/@master_holodoff,@master_holodoff,Мастер Холодофф,18300,74,5,"Channel explicitly focused on refrigerator repair techniques, tools and craft secrets for fellow technicians.",reparación de refrigeradores | ремонт холодильников | تعمیر یخچال,UCqJ80SF7zuWQYc-IV5OV03A,hands,appliance-repair,wave1,2026-09-14
https://www.youtube.com/@missioncityappliancerepair,@missioncityappliancerepair,Mission City Appliance Repair,526,71,5,Dedicated appliance repair channel with specific washer/dryer error-code fixes and part installs shown.,appliance repair | dryer repair,UCVfBundpe0Cak3gUA80heTw,hands,appliance-repair,wave1,2026-09-14
https://www.youtube.com/@monalemr113,@monalemr113,阿飞电器维修,1690,110,5,Appliance repair channel documenting daily technician repair work with free technical videos.,家电维修,UCATYGsqtg8-1qhLi-WckaHw,hands,appliance-repair,wave1,2026-09-14
https://www.youtube.com/@remservice,@remservice,Ремонт и Сервис,25200,240,5,"Detailed repair channel covering washing machine diagnostics, PCB repair/reflashing, step-by-step fault fixing.",ремонт стиральных машин | conserto de máquina de lavar | réparation lave-linge | reparación electrónica | صيانة الكترونيات,UCRumcHCiArxwix16kt-c1Mg,hands,appliance-repair,wave1,2026-09-14
https://www.youtube.com/@remservise,@remservise,Ремонт Сервис,2440,54,5,"Dedicated appliance repair channel with video lessons on washing machines, fridges and dishwashers.",ремонт стиральных машин,UClBXyVJtS8thh3YeTMr0daA,hands,appliance-repair,wave1,2026-09-14
https://www.youtube.com/@repair911,@repair911,Repair 911,3680,329,5,Washing machine repair technician filming real on-site repair jobs and video instructions.,reparación de lavadoras | ремонт стиральных машин | réparation lave-linge,UCVDCD4kmDhsM2BIYpgbiifg,hands,appliance-repair,wave1,2026-09-14
https://www.youtube.com/@reparaciondelavadorasexpress,@reparaciondelavadorasexpress,reparacion de lavadoras,55,72,5,"Repair and maintenance channel covering water heaters, washers, fridges, dryers, stoves and ovens across brands.",reparación de lavadoras,UChwift5VGY5QLWannG3HlkQ,hands,appliance-repair,wave1,2026-09-14
https://www.youtube.com/@reparacionesneutrovolt,@reparacionesneutrovolt,Reparaciones Neutro Volt,67000,143,5,Channel dedicated to step-by-step washer/fridge repair and electric motor rewinding demonstrations.,reparación de lavadoras | reparación de refrigeradores,UCavyqG4jgQAedOYmu4DnODQ,hands,appliance-repair,wave1,2026-09-14
https://www.youtube.com/@rrr_training,@rrr_training,RRR Training,67,63,5,"Hands-on appliance repair training institute teaching AC, fridge, washing machine, microwave practical courses.",appliance repair course,UCbCPfGe1D4OXOx5a0afb-Cg,hands,appliance-repair,wave1,2026-09-14
https://www.youtube.com/channel/uccsuali66vtyk7y02kyylgq,@samsungrepaircenter,مرکز تعمیر لوازم خانگی سامسونگ,3,69,5,"Samsung appliance repair center with titles showing compressor swaps, gas charging and washing machine diagnostics.",تعمیر یخچال,UCcSUali66VtYK7Y02kyyLGQ,hands,appliance-repair,wave1,2026-09-14
https://www.youtube.com/@serviciofelix,@serviciofelix,Servicio Félix,12700,63,5,"Specialized washer repair shop channel showing diagnostics, step-by-step repairs and calibrations.",reparación de lavadoras,UC61gLPDTdLZ0__Fcmbuye8g,hands,appliance-repair,wave1,2026-09-14
https://www.youtube.com/@serviskulkasharian,@serviskulkasharian,Sinar Teknik ,133,78,5,"Dedicated fridge repair channel describing compressor, capillary, freon gas charging jobs from the field.",servis kulkas,UCmYFrTi0FyLTR_GNQkezQCg,hands,appliance-repair,wave1,2026-09-14
https://www.youtube.com/@sochi1976,@sochi1976,"Ремонт холодильников, стиральных машин в СОЧИ .",554,121,5,"Titles show bearing replacement on washing machines and fridge repairs across multiple brands, clear hands-on work.",ремонт холодильников | ремонт стиральных машин,UCOx-u2Rp8zM0m5t23f5LvNw,hands,appliance-repair,wave1,2026-09-14
https://www.youtube.com/@theapplianceman,@theapplianceman,theapplianceman,59200,537,5,Dedicated washer and dryer repair channel offering free step-by-step DIY repair videos.,dryer repair,UCeO4F41uVUYsfMRW42D8f0g,hands,appliance-repair,wave1,2026-09-14
https://www.youtube.com/@thefixpert,@thefixpert,TheFixpert,616,50,5,"Titles show detailed washing machine repair course content: spin motor, door lock, gearbox repairs.",appliance repair | home appliance repair | appliance repairing | microwave oven repair,UCqkfFFzQjTj03v-eYgFXISQ,hands,appliance-repair,wave1,2026-09-14
https://www.youtube.com/@wuliaojiadianweixiu,@wuliaojiadianweixiu,无聊家电维修,8,117,5,"Immersive first-person appliance repair vlog showing full disassembly, inspection and restoration process on camera.",appliance repair | home appliance repair | 家电维修,UCkml6LF0qsT9xIN5p_fuhvQ,hands,appliance-repair,wave1,2026-09-14
https://www.youtube.com/@%d0%9f%d0%b5%d1%82%d1%8f%d0%9f%d0%b5%d1%82%d1%80%d0%be%d0%b2-%d1%8b7%d0%b3,@%D0%9F%D0%B5%D1%82%D1%8F%D0%9F%D0%B5%D1%82%D1%80%D0%BE%D0%B2-%D1%8B7%D0%B3,Петя Петров,2010,98,4,"Personal journey learning appliance repair trade, focused on repairing used washing machines.",conserto de máquina de lavar | ремонт стиральных машин | réparation lave-linge,UCAbWXQ3b3a6nklVuSjl39Ig,hands,appliance-repair,wave1,2026-09-14
https://www.youtube.com/@%d0%a0%d0%b5%d0%bc%d0%be%d0%bd%d1%82%d0%91%d1%8b%d1%82%d0%be%d0%b2%d0%be%d0%b9%d0%a2%d0%b5%d1%85%d0%bd%d0%b8%d0%ba%d0%b8,@%D0%A0%D0%B5%D0%BC%D0%BE%D0%BD%D1%82%D0%91%D1%8B%D1%82%D0%BE%D0%B2%D0%BE%D0%B9%D0%A2%D0%B5%D1%85%D0%BD%D0%B8%D0%BA%D0%B8,Ремонт Бытовой Техники,14900,460,4,Channel named Household Appliance Repair with description referencing hands-on repair work.,ремонт блоков питания,UCu72Y_qMf0vNNFyNjyQWtwA,hands,appliance-repair,wave1,2026-09-14
https://www.youtube.com/@%d0%a1%d0%a2%d0%98%d0%a0%d0%9e%d0%9c%d0%90%d0%9d,@%D0%A1%D0%A2%D0%98%D0%A0%D0%9E%D0%9C%D0%90%D0%9D,СтиРоман ,3170,76,4,"Professional appliance repair shop channel covering washing machines, dishwashers, dryers, microwaves.",ремонт стиральных машин,UC-WVjWW-MiSdGZVLtHh7sKQ,hands,appliance-repair,wave1,2026-09-14
https://www.youtube.com/@%d0%a1%d0%b5%d0%bc%d0%b5%d0%bd%d0%a0%d1%83%d1%81%d1%81%d0%ba%d0%b8%d1%85-%d0%be9%d0%b2,@%D0%A1%D0%B5%D0%BC%D0%B5%D0%BD%D0%A0%D1%83%D1%81%D1%81%D0%BA%D0%B8%D1%85-%D0%BE9%D0%B2,Семен Русских,4390,97,4,"Self-taught repairman channel covering washing machines, fridges and microwaves with hands-on framing.",ремонт стиральных машин | ремонт холодильников,UCFU5hokvaywJxiPaQ8LhncQ,hands,appliance-repair,wave1,2026-09-14
https://www.youtube.com/@%d0%b1%d1%8b%d1%82%d0%be%d0%b2%d0%be%d0%b9%d1%80%d0%b5%d0%bc%d0%be%d0%bd%d1%82,@%D0%B1%D1%8B%D1%82%D0%BE%D0%B2%D0%BE%D0%B9%D1%80%D0%B5%D0%BC%D0%BE%D0%BD%D1%82,Ремонт бытовой техники. ,277,105,4,"Multi-appliance repair channel covering washing machines, ovens, cooktops, dishwashers, water heaters.",ремонт стиральных машин | 家电维修,UCKF45puCDFwOwpGWqfPgmbA,hands,appliance-repair,wave1,2026-09-14
https://www.youtube.com/@%d8%a7%d8%a8%d9%88%d8%b2%d9%8a%d8%a7%d8%af%d9%84%d8%b5%d9%8a%d8%a7%d9%86%d9%87777,@%D8%A7%D8%A8%D9%88%D8%B2%D9%8A%D8%A7%D8%AF%D9%84%D8%B5%D9%8A%D8%A7%D9%86%D9%87777,ابوزياد العالمى لصيانه و قطع غيار الغسالات ولشحن  ,153000,1944,4,Washing machine repair channel with titles showing drain pump fixes and part replacement like LG bearing.,تصليح غسالات,UC7RyBalXZ6UBgpogK3wW_9A,hands,appliance-repair,wave1,2026-09-14
https://www.youtube.com/@%d8%a7%d9%84%d8%aa%d8%a8%d8%b1%d9%8a%d8%af_%d8%a7%d9%84%d8%aa%d9%83%d9%8a%d9%8a%d9%81,@%D8%A7%D9%84%D8%AA%D8%A8%D8%B1%D9%8A%D8%AF_%D8%A7%D9%84%D8%AA%D9%83%D9%8A%D9%8A%D9%81,عالم التبريد,1900,133,4,Channel dedicated to refrigerator and commercial cooling maintenance with skill-teaching focus.,صيانة ثلاجات,UC-_wHhSJKRqXCnVI2C7yq8A,hands,appliance-repair,wave1,2026-09-14
https://www.youtube.com/@%d8%a7%d9%84%d9%85%d9%87%d9%86%d8%af%d8%b3%d9%85%d8%ad%d9%85%d8%af%d8%b3%d8%b9%d9%8a%d8%af-%d8%b62%d9%82,@%D8%A7%D9%84%D9%85%D9%87%D9%86%D8%AF%D8%B3%D9%85%D8%AD%D9%85%D8%AF%D8%B3%D8%B9%D9%8A%D8%AF-%D8%B62%D9%82,صيانه التكييف ( محمد سعيد),12400,235,4,"AC repair educational channel with titles on gas charging, fault diagnosis and troubleshooting cooling issues.",صيانة مكيفات,UCXqHnjw0SIbWvKNKdzmlF_A,hands,appliance-repair,wave1,2026-09-14
https://www.youtube.com/@%d8%b9%d8%a7%d8%b7%d9%81%d9%84%d8%b5%d9%8a%d8%a7%d9%86%d8%a9%d8%a7%d9%84%d8%a3%d8%ac%d9%87%d8%b2%d8%a9%d8%a7%d9%84%d9%85%d9%86%d8%b2%d9%84%d9%8a%d8%a9,@%D8%B9%D8%A7%D8%B7%D9%81%D9%84%D8%B5%D9%8A%D8%A7%D9%86%D8%A9%D8%A7%D9%84%D8%A3%D8%AC%D9%87%D8%B2%D8%A9%D8%A7%D9%84%D9%85%D9%86%D8%B2%D9%84%D9%8A%D8%A9,عاطف لصيانة الأجهزة المنزلية,14100,87,4,Dedicated home appliance repair channel covering washing machines and water heaters with detailed part names.,صيانة مكيفات | صيانة الكترونيات | إصلاح انفرتر,UCaFbhGZsxPwVYhQWNQ90XRg,hands,appliance-repair,wave1,2026-09-14
https://www.youtube.com/@%d9%81%d9%86%db%8c%da%a9%d8%a7%d8%b1-%d8%ac4%d8%b4,@%D9%81%D9%86%DB%8C%DA%A9%D8%A7%D8%B1-%D8%AC4%D8%B4,فنی کار,2590,57,4,"Channel description lists teaching repair of washing machines, fridges, vacuum cleaners, water heaters, and cars.",تعمیر یخچال,UC7DLYjmoG_-IsBJFjzJIMCw,hands,appliance-repair,wave1,2026-09-14
https://www.youtube.com/@%d9%85%d8%b3%d9%85%d8%a7%d8%b1%d9%88%d9%85%d9%81%d9%83,@%D9%85%D8%B3%D9%85%D8%A7%D8%B1%D9%88%D9%85%D9%81%D9%83,مسمار ومفك,2290,65,4,"Educational channel for home maintenance covering fans, stoves, water heaters, washing machines and AC repair.",صيانة ثلاجات,UCf-z8SU2D48J-5-t1ZPB7Eg,hands,appliance-repair,wave1,2026-09-14
https://www.youtube.com/@%d9%85_%d8%ac%d9%85%d9%8a%d9%84_%d9%86%d8%b9%d9%85%d8%a7%d9%86,@%D9%85_%D8%AC%D9%85%D9%8A%D9%84_%D9%86%D8%B9%D9%85%D8%A7%D9%86,صيانة وإصلاح الأجهزة | م/ جميل نعمان,1670,371,4,"Engineer-run channel focused on fridge and deep freezer repair, explaining compressor checks and cooling faults in detail.",صيانة ثلاجات,UChiqAXms7vvR4GHPBcUScUA,hands,appliance-repair,wave1,2026-09-14
https://www.youtube.com/@%da%a9%d8%a7%d8%b1%d9%88%d9%86_%d8%b3%d8%b1%d9%88%db%8c%d8%b3,@%DA%A9%D8%A7%D8%B1%D9%88%D9%86_%D8%B3%D8%B1%D9%88%DB%8C%D8%B3,karunserves,12900,227,4,"Professional training channel covering fridge, washing machine, dishwasher, AC and package appliance repair in detail.",تعمیر یخچال,UCGLgViv_BBMXXWhlH1hlTrA,hands,appliance-repair,wave1,2026-09-14
https://www.youtube.com/@%e0%b8%8a%e0%b9%88%e0%b8%b2%e0%b8%87%e0%b8%95%e0%b9%8b%e0%b8%ad%e0%b8%87%e0%b8%9e%e0%b8%b2%e0%b8%8b%e0%b9%88%e0%b8%ad%e0%b8%a1,@%E0%B8%8A%E0%B9%88%E0%B8%B2%E0%B8%87%E0%B8%95%E0%B9%8B%E0%B8%AD%E0%B8%87%E0%B8%9E%E0%B8%B2%E0%B8%8B%E0%B9%88%E0%B8%AD%E0%B8%A1,ช่างต๋อง พาซ่อม,10900,401,4,Electronics repair channel explicitly teaching repair of all types of home appliances.,ซ่อมตู้เย็น,UCZ8ZTrssDXiTyXYz2sECHAw,hands,appliance-repair,wave1,2026-09-14
https://www.youtube.com/channel/uczqn_ru5d01r9clwui8h5nq,@%E0%B8%8A%E0%B9%88%E0%B8%B2%E0%B8%87%E0%B9%81%E0%B8%AD%E0%B8%A3%E0%B9%8C%E0%B8%9A%E0%B9%88%E0%B8%B2%E0%B8%A7%E0%B8%A0%E0%B8%B9%E0%B9%84%E0%B8%97,พัลลภแอร์บ้าน,274,67,4,"AC and appliance repair channel with titles showing freezer repair, washing machine motor issues and AC cleaning.",ซ่อมตู้เย็น,UCZQN_RU5D01R9cLWuI8H5NQ,hands,appliance-repair,wave1,2026-09-14
https://www.youtube.com/@%e0%b8%9c%e0%b8%b9%e0%b9%89%e0%b8%8a%e0%b9%88%e0%b8%a7%e0%b8%a2%e0%b8%8a%e0%b9%88%e0%b8%b2%e0%b8%87,@%E0%B8%9C%E0%B8%B9%E0%B9%89%E0%B8%8A%E0%B9%88%E0%B8%A7%E0%B8%A2%E0%B8%8A%E0%B9%88%E0%B8%B2%E0%B8%87,ผู้ช่วยช่าง,18700,150,4,Channel explicitly guides checking and repairing washing machines and refrigerators.,ซ่อมตู้เย็น,UCDnFuR0v1toho4us3J28ukg,hands,appliance-repair,wave1,2026-09-14
https://www.youtube.com/@%e4%bf%ae%e7%94%b5%e5%99%a8%e7%9a%84%e5%b0%8f%e6%9d%8e,@%E4%BF%AE%E7%94%B5%E5%99%A8%E7%9A%84%E5%B0%8F%E6%9D%8E,修电器的小李,108,55,4,"Self-taught appliance repair series with numbered episodes covering microwaves, fans and LED lights.",家电维修,UCDxDxfeo0sZr_5YJp_BCSSg,hands,appliance-repair,wave1,2026-09-14
https://www.youtube.com/@%e5%ae%b6%e7%94%b5%e7%bb%b4%e4%bf%ae%e9%82%93%e5%b8%88%e5%82%85,@%E5%AE%B6%E7%94%B5%E7%BB%B4%E4%BF%AE%E9%82%93%E5%B8%88%E5%82%85,家电维修邓师傅,1210,312,4,"Twenty-year appliance repair veteran sharing repair experience and techniques, appliance-focused description.",家电维修,UC9YeeTRVqDRWh7aVBEEfueQ,hands,appliance-repair,wave1,2026-09-14
https://www.youtube.com/@%e5%b0%8f%e4%bc%9f%e5%8e%a8%e7%94%b5%e7%bb%b4%e4%bf%ae,@%E5%B0%8F%E4%BC%9F%E5%8E%A8%E7%94%B5%E7%BB%B4%E4%BF%AE,小伟厨电维修,400,174,4,"Kitchen appliance repair channel with titles on stove burners, water heaters and gas conversion repairs.",家电维修,UC-XhzwiWTYzz77ITZYEmnow,hands,appliance-repair,wave1,2026-09-14
https://www.youtube.com/@%e6%84%a4%e6%80%92%e7%9a%84%e7%94%b5%e5%b7%a5,@%E6%84%A4%E6%80%92%E7%9A%84%E7%94%B5%E5%B7%A5,愤怒的电工,10,50,4,"Repair technician sharing daily work covering electrical, refrigeration and appliance repair jobs.",家电维修,UChHxYi8HJLBQMa6REtIMRGg,hands,appliance-repair,wave1,2026-09-14
https://www.youtube.com/@%e6%bd%8d%e5%9d%8a%e5%ae%b6%e7%94%b5%e5%88%b6%e5%86%b7%e7%bb%b4%e4%bf%ae%e6%b8%85%e6%b4%97,@%E6%BD%8D%E5%9D%8A%E5%AE%B6%E7%94%B5%E5%88%B6%E5%86%B7%E7%BB%B4%E4%BF%AE%E6%B8%85%E6%B4%97,潍坊家电制冷维修清洗,202,168,4,Appliance refrigeration repair and cleaning channel documenting daily maintenance work.,家电维修 | 电视维修,UCsTm_lkTGkXspEGGoKKmGsg,hands,appliance-repair,wave1,2026-09-14
https://www.youtube.com/@%e8%b7%a8%e8%a1%8c%e6%9c%80%e5%a4%a7%e7%9a%84%e6%88%91,@%E8%B7%A8%E8%A1%8C%E6%9C%80%E5%A4%A7%E7%9A%84%E6%88%91,跨行最大的我,88,102,4,Channel focused on daily updated repair videos discussing appliance problems encountered.,家电维修,UCFNi_O3eS73rfqUPUGqe8Pg,hands,appliance-repair,wave1,2026-09-14
https://www.youtube.com/@%e9%98%bf%e5%85%b5%e7%94%b5%e5%99%a8%e7%bb%b4%e4%bf%ae-m1t,@%E9%98%BF%E5%85%B5%E7%94%B5%E5%99%A8%E7%BB%B4%E4%BF%AE-m1t,阿兵电器维修,3240,56,4,"Named appliance repair channel (阿兵电器维修) with repair-focused branding, though description is minimal.",家电维修,UCDeRw-USRCNQAXdq0AAvUYg,hands,appliance-repair,wave1,2026-09-14
https://www.youtube.com/@1khaledmohamed,@1Khaledmohamed,do it yourself,337000,471,4,"DIY channel explicitly teaching repair of refrigerators, washers, AC, blenders, fans and other appliances.",تصليح غسالات,UC1ljrciHW8KQuMh-v4XcUGg,hands,appliance-repair,wave1,2026-09-14
https://www.youtube.com/@ac.servicepoint,@AC.ServicePoint,AC Technicians.,44,67,4,AC repair shorts channel with titles showing gas overcharge and cooling problem troubleshooting.,AC repair Hindi,UCVuw6LqGtPK0SLS_Hu5FKYA,hands,appliance-repair,wave1,2026-09-14
https://www.youtube.com/@acrepairtips,@ACREPAIRTIPS,AC REPAIR TIPS!,24600,243,4,"Dedicated AC repair channel covering error codes, PCB repair, wiring diagrams for various AC types.",AC repair | AC repair Hindi,UCDfpqb2_lDU-ITEQldE1-HA,hands,appliance-repair,wave1,2026-09-14
https://www.youtube.com/@acrepairacademy,@ACRepairAcademy,"AC Repair Academy
",166,149,4,AC and refrigeration repair training channel with real service visit videos on cooling and gas leak fixes.,appliance repair | home appliance repair | refrigeration repair | AC repair,UCg8FUOsNG_iz1VpyXVcolyQ,hands,appliance-repair,wave1,2026-09-14
https://www.youtube.com/@actechnician_84054,@ACTechnician_84054,AC Technician 9.0,145,223,4,"Titles show real step-by-step washing machine and fridge repair troubleshooting, though one TV setup video appears.",washing machine repair | washing machine repairing | AC repair | appliance repair course,UCCc2VyjyDWT-tA3GdV0M0Pw,hands,appliance-repair,wave1,2026-09-14
https://www.youtube.com/@acrepairaman,@ACrepairAman,Aman AC,21,96,4,AC repair channel with daily titles referencing PCB repair and gas filling for inverter AC.,AC repair Hindi,UCjD5r2TzaK4v6thm1G-WHbA,hands,appliance-repair,wave1,2026-09-14
https://www.youtube.com/@actechnicalinfo,@ACtechnicalInfo,AC technical Info,35,53,4,"AC technical info channel covering installation, gas charging, PCB and compressor repair across brands.",AC repair Hindi,UCqJvReyBanKjiLvMJ1gFDig,hands,appliance-repair,wave1,2026-09-14
https://www.youtube.com/@alamtechnical0786,@ALAMTECHNICAL0786,ALAM TECHNICAL ,147,61,4,"HVAC technical training channel covering PCB repair, compressor faults and troubleshooting practically.",AC repair Hindi,UCJSR0zOciwrv9tQT_wLt_0A,hands,appliance-repair,wave1,2026-09-14
https://www.youtube.com/@appliance-king,@APPLIANCE-KING,APPLIANCE KING,65,113,4,"Dedicated multi-appliance repair channel covering washing machine, fridge, AC and microwave repair in Hindi.",washing machine repair Hindi | fridge repair Hindi | Waschmaschine reparieren,UCci9KapyIrPwpb91GpZh-TQ,hands,appliance-repair,wave1,2026-09-14
https://www.youtube.com/@abbastechnicaloffecial,@Abbastechnicaloffecial,ABBAS TECHNICAL,2380,412,4,"Practical step-by-step appliance repair channel covering fan, motor, cooler and washing machine repairs.",washing machine repair Hindi | washing machine repairing Urdu,UCp5nkgJM10Ggm0Cw6ZJpeCg,hands,appliance-repair,wave1,2026-09-14
https://www.youtube.com/@acfreezetechschool%e0%a6%b8%e0%a6%b9%e0%a6%9c%e0%a7%87%e0%a6%b6%e0%a6%bf%e0%a6%96%e0%a6%bf,@AcFreezeTechSchool%E0%A6%B8%E0%A6%B9%E0%A6%9C%E0%A7%87%E0%A6%B6%E0%A6%BF%E0%A6%96%E0%A6%BF,Ac Freeze Tech School সহজে শিখি ,18400,335,4,AC/fridge repair training school channel with tutorials on practical repair techniques.,fridge repair Bangla,UCWn2hEsLQYZ7xCM4rDTZjVA,hands,appliance-repair,wave1,2026-09-14
https://www.youtube.com/@ac_tech_chennai,@Ac_tech_chennai,Ac mechanic ch63,85,52,4,"AC mechanic channel with titles on blower motor service, jet pump service, gas leak repair work.",air conditioner repair | washing machine repair Tamil,UCB4I7ySNUw72YUUwpO7_91A,hands,appliance-repair,wave1,2026-09-14
https://www.youtube.com/@acstechnical-ansari3192,@AcsTechnical-Ansari3192,Acs Technical,203,103,4,"Channel name and description indicate AC, fridge, washing machine repair videos.",تعمیر یخچال,UC0LUEoR4DxwefFexF34Kumw,hands,appliance-repair,wave1,2026-09-14
https://www.youtube.com/@actechnician1m,@Actechnician1m,R & Ac Technician Kamareddy ,266,135,4,"AC/fridge/washing machine repair technician channel with clear repair-service focus, low subscriber count.",appliance repair | AC repair Hindi,UC7IIQctK7l-Fkx49eE8WRxw,hands,appliance-repair,wave1,2026-09-14
https://www.youtube.com/@adamservice25,@AdamService25,Adam Service,220,89,4,"Description explicitly covers washing machine, fridge, fan, blender, water pump, mixer repairs with tips shared.",servis kulkas,UCjyl10p-xenXYwwWY-rqfSQ,hands,appliance-repair,wave1,2026-09-14
https://www.youtube.com/@ahmadcoolcare,@Ahmadcoolcare,Ahmad cool care,99,105,4,"Titles show LG dishwasher install, front load washing machine harness wire change and fridge compressor replacement.",TV repair | TV repairing,UC142KmuPybW0sCikqEyOm7w,hands,appliance-repair,wave1,2026-09-14
https://www.youtube.com/@ahmadcooling787,@Ahmadcooling787,Ahmad cooling,1550,272,4,Field technician cooling channel showing professional service work with washing machine and AC error codes.,washing machine repair Hindi,UCovMgzMFByX9DxXpzYHueEA,hands,appliance-repair,wave1,2026-09-14
https://www.youtube.com/@ahmedahmed-ux8sr,@AhmedAhmed-ux8sr,Mateen Ahmad Abbasi,318,180,4,"HVAC technician channel with detailed repair titles: washing machine door rubber replacement, fridge error codes, fan repair.",washing machine repair | washing machine repairing | refrigerator repair | refrigeration repair | AC repair | appliance repair course,UCyTwMzL7XnJL1w72Rn7sY2A,hands,appliance-repair,wave1,2026-09-14
https://www.youtube.com/@ahmedalidiy,@AhmedAliDIY, خبير الاجهزة | Ahmed Ali DIY | appliance expert,955000,5148,4,"DIY appliance repair channel covering fridge, washing machine, dishwasher with titles referencing brands and faults.",تصليح غسالات,UCTByXexDshSJeEDsYTCZI-w,hands,appliance-repair,wave1,2026-09-14
https://www.youtube.com/@akashsharmaactech-j8x,@AkashsharmaACtech-j8x,Akash sharma ACtech,86,60,4,"Dedicated AC repair channel covering gas charging, leakage, servicing and troubleshooting tutorials.",fridge repair Hindi,UCge85kaR7HMYJ0LzNaGLUKA,hands,appliance-repair,wave1,2026-09-14
https://www.youtube.com/@aktifbeyazesyaservisi,@AktifBeyazEsyaServisi,Aktif Beyaz Eşya Servisi,28,192,4,"Dedicated white goods repair channel covering refrigerator, washing machine and dishwasher repair how-tos.",çamaşır makinesi tamiri | buzdolabı tamiri,UCrVWZd1gT8QE8wVYWtP8Kng,hands,appliance-repair,wave1,2026-09-14
https://www.youtube.com/@alamairconditioner-c4h,@Alamairconditioner-c4h,Alam air conditioner,97,132,4,Professional AC technician channel with described practical repair videos including gas charging and PCB repair.,washing machine repair | fridge repair | AC repair | air conditioner repair | washing machine repair Hindi | fridge repair Hindi | AC repair Hindi,UCRgNImll3NxdrSoodKM0Mhw,hands,appliance-repair,wave1,2026-09-14
https://www.youtube.com/@alexappliancerepair,@AlexApplianceRepair,Alex Appliance Repair,3080,286,4,Appliance repair channel description mentions diagnostics and real service calls with tutorial focus.,appliance repair | home appliance repair | dryer repair,UC9Rm0akQ-2UasfCwWZSe1_A,hands,appliance-repair,wave1,2026-09-14
https://www.youtube.com/@alfatimarefrigeration3162,@Alfatimarefrigeration3162,  AF Refrigeration,127,134,4,"ITI certified technician doing AC, fridge, washing machine, deep freezer, microwave, geyser repairs with titles showing gas charging and pump service.",washing machine repair Hindi,UCdzUncW2P6bKIuBrPW3kOjQ,hands,appliance-repair,wave1,2026-09-14
https://www.youtube.com/@allexwork,@AllexWork,Александр Бережняк,10100,350,4,"Name and description directly state appliance repair as core content, dedicated repair channel.",ремонт блоков питания,UCWqZz9k7j83s_rQWRfEMReA,hands,appliance-repair,wave1,2026-09-14
https://www.youtube.com/@ansarcoolingpoint,@Ansarcoolingpoint,ANSAR COOLING POINT – Fridge & AC Repair,151,70,4,Fridge and AC repair channel describing real working videos with step-by-step practical content.,appliance repair | refrigerator repair | microwave oven repair | fridge repair,UCC8fjBJpAy4NAIu8XFFOOiQ,hands,appliance-repair,wave1,2026-09-14
https://www.youtube.com/@anton.rybikov,@Anton.Rybikov,RYBIKOV,7350,928,4,Washing machine repair service channel with real job footage and breakdown analysis described.,ремонт стиральных машин,UCsq8WK397o8qtyOzVST2IAQ,hands,appliance-repair,wave1,2026-09-14
https://www.youtube.com/@anupactecnician,@Anupactecnician,Anup AC technician ,9290,810,4,"Hindi AC/fridge/washing machine technician channel covering PCB, gas charging, error codes.",washing machine repairing | washing machine repair Hindi | fridge repair Hindi | AC repair Hindi,UCuJUyjS21cCzA72sL7VXJiw,hands,appliance-repair,wave1,2026-09-14
https://www.youtube.com/@appliancesunlimited,@Appliancesunlimited,Appliances Unlimited,27,66,4,"Titles show real repair footage of dryers, freezers, washers with technical troubleshooting detail.",dishwasher repair,UCGlNZ62oIRr2NbAAySGbl6w,hands,appliance-repair,wave1,2026-09-14
https://www.youtube.com/@appliancevideo,@Appliancevideo,ApplianceVideo.com,257000,3081,4,Dedicated DIY appliance repair video channel produced by certified technicians for step-by-step diagnostics.,appliance repair | dryer repair | appliance repair technician,UCKWQAaPrSnNmy7-uokQEnYw,hands,appliance-repair,wave1,2026-09-14
https://www.youtube.com/@appliantologyorg,@AppliantologyOrg,SamuraiRepairman,36000,452,4,"Professional appliance repair training channel teaching troubleshooting for refrigerators, ovens, washers, dryers, microwaves.",appliance repair | refrigerator repair | fridge repair | dryer repair | appliance repair technician | appliance repair course,UCl-ylmXfQIX0ZoKe8i_d-Ww,hands,appliance-repair,wave1,2026-09-14
https://www.youtube.com/@aprendamosalgonuevohoy,@Aprendamosalgonuevohoy,Reparación de Electrodomésticos Escobar ,2130,105,4,Channel showing electronic components and appliance failures/repairs to improve service quality.,reparación de lavadoras,UCS1aCzHeutMyj-9zqOyNudQ,hands,appliance-repair,wave1,2026-09-14
https://www.youtube.com/@arif_khan213,@Arif_khan213, ac technician arif khan ,4480,71,4,"AC technician channel covering gas charging, PCB repair, inverter troubleshooting across multiple brands.",AC repair | fridge repair Hindi | AC repair Hindi,UCo9jgFDpgopzLJNx6ZLiZbA,hands,appliance-repair,wave1,2026-09-14
https://www.youtube.com/@assistecmaqlavadoras,@Assistecmaqlavadoras,Assistecmaq Lavadoras,13100,240,4,Washing machine repair channel with diagnostic tips and PCB repair across multiple brands.,conserto de máquina de lavar,UCuDo7McoqiQSa-RpiCTYlvw,hands,appliance-repair,wave1,2026-09-14
https://www.youtube.com/@atulwashingmachineexpert,@AtulWashingMachineExpert,Atul Washing Machine Expert,429,134,4,"Dedicated washing machine repair channel with parts, error codes, troubleshooting tutorials in Hindi.",washing machine repair | washing machine repair Hindi,UCZki2gzNqAZyy8pysWt_bJg,hands,appliance-repair,wave1,2026-09-14
https://www.youtube.com/@ayanelectronicsintelugu,@AyanElectronicsInTelugu,Ayan Electronics,4600,314,4,"AC, fridge and washing machine training channel in Telugu with detailed appliance categories, likely practical lessons.",fridge repair Telugu | electronics repair | inverter repair | TV repairing Telugu | electronics technician workshop | electronics repairing institute,UCN19hCubjLOagCBRSnhQ0ig,hands,appliance-repair,wave1,2026-09-14
https://www.youtube.com/@b.r.aircoolservice,@B.R.aircoolservice,"BR, Air cool service ",33,51,4,"AC repair and service channel with titles showing dismantling, cooling complaints and service jobs on camera.",air conditioner repair,UCsJPanEAB6d9SNwy9TMqpSQ,hands,appliance-repair,wave1,2026-09-14
https://www.youtube.com/@b.s.technical,@B.s.technical,B.S TECH REPAIR,49,81,4,"Dedicated repair channel covering AC, fridge, deep freezer, washing machine, TV and chimney installation and repair.",washing machine repair Hindi | fridge repair Hindi,UCQTY8pZY5q16WuxAScpaiKQ,hands,appliance-repair,wave1,2026-09-14
https://www.youtube.com/@babah-winka,@Babah-winka,@Bl.servis,754,96,4,"Repairs fans, rice cookers, stoves, fridges, speakers—solid appliance repair mix.",servis mesin cuci,UC69K2GVzUWW4DLgMfsZx7xA,hands,appliance-repair,wave1,2026-09-14
https://www.youtube.com/@bachanac,@BachanAC,Bachan Air Conditioning ,95,72,4,AC and washing machine repair specialist channel described as genuine local client service job videos.,washing machine repair | air conditioner repair,UCYDMhFEixeBOods3dQE2Zug,hands,appliance-repair,wave1,2026-09-14
https://www.youtube.com/@baguhantv,@Baguhantv,Baguhantv,1000,62,4,"Basic electronics/ref/aircon troubleshooting and repair tips channel, clearly appliance-repair focused for beginners.",fridge repair Hindi,UCtD1oSE8J26CBbX-Prf9IZQ,hands,appliance-repair,wave1,2026-09-14
https://www.youtube.com/@balajiacservicekeshwapar,@BalajiACServiceKeshwapar,Balaji Ac Service Keshwapar,1880,372,4,AC/fridge/washing machine repair tutorial channel emphasizing fault finding and practical tricks.,washing machine repairing | servis AC,UCtCpzA7YeKGNN9MrUCg2ZxQ,hands,appliance-repair,wave1,2026-09-14
https://www.youtube.com/@bhuttaskill,@BhuttaSkill,Tech Talents,711,85,4,"Dedicated AC/fridge repair channel with clear step-by-step titles on service, capillary choke, and compressor issues.",refrigerator repair | fridge repair,UCiE9srrgamF0ifmUNWFULhg,hands,appliance-repair,wave1,2026-09-14
https://www.youtube.com/@bilalcoolingservices,@BilalCoolingServices,𝐁𝐢𝐥𝐚𝐥 𝐀𝐜 𝐫𝐞𝐩𝐚𝐢𝐫🙏,174,61,4,"AC repair channel detailing error codes and wiring diagrams for AC, refrigerator, washing machine and microwave repair.",refrigerator repair | AC repair | washing machine repair Hindi | AC repair Hindi | washing machine repairing Urdu,UC63tMX3lDifQaHNBYW49UyQ,hands,appliance-repair,wave1,2026-09-14
https://www.youtube.com/@bittehnodoktor,@BitTehnoDoktor,Wash +,7570,149,4,"Channel looking inside washing machines and dishwashers, practical teardown format described.",ремонт стиральных машин | réparation lave-linge,UCLFB7TVInA4JA_ZapTjorjg,hands,appliance-repair,wave1,2026-09-14
https://www.youtube.com/@breakfixrepair,@BreakFixRepair,Break Fix Repair,80600,258,4,"DIY appliance repair channel with teardowns and troubleshooting of washers, dryers, dishwashers.",appliance repair | dryer repair,UCbHpbtbASZWkl3wwu7ARogA,hands,appliance-repair,wave1,2026-09-14
https://www.youtube.com/@buysparesfrance,@BuySparesFrance,BuySpares France,6120,63,4,"Dedicated appliance repair tutorial channel covering washers, fridges, cookers with step-by-step part replacement videos.",réparation lave-linge,UC0ZJlXxO7xzWpXB0v3SnbFA,hands,appliance-repair,wave1,2026-09-14
https://www.youtube.com/@buysparesde,@BuysparesDe,BuySpares Deutschland,2830,74,4,Dedicated appliance repair channel with tips and tutorials for household and garden equipment repair.,Waschmaschine reparieren,UCzHUdv1x233tBwnz8-cPS5Q,hands,appliance-repair,wave1,2026-09-14
https://www.youtube.com/@canalconserto,@CanalConserto,Canal Conserto,42400,120,4,"Dedicated repair channel covering fridges, washers, microwaves and dryers with clear repair focus.",conserto de máquina de lavar,UCJhLBEmx0ea9OKjFoYZsr1A,hands,appliance-repair,wave1,2026-09-14
https://www.youtube.com/@centralsolusiteknikservice,@CentralSolusiTeknikService,Central Washer Repair,3940,68,4,Dedicated washer repair channel with tips and tricks for top/front loaders.,Waschmaschine reparieren,UCKb7Th9KSFjsm1WCxZiN0Cw,hands,appliance-repair,wave1,2026-09-14
https://www.youtube.com/@chaogedianqiweixiu,@ChaoGeDianQiWeiXiu,超哥电器维修,2530,2273,4,AC and home appliance installation/repair channel sharing maintenance knowledge discussions.,家电维修 | 电视维修,UCpnRZscRDjo3Xr_3fxsbi4A,hands,appliance-repair,wave1,2026-09-14
https://www.youtube.com/@chillzone077,@ChillZone077,Chill Zone,207,58,4,"Daily AC repair shorts channel claiming real working videos of servicing, gas charging, wiring.",AC repair Hindi,UC64dd6SCqSCChUjxknf7leg,hands,appliance-repair,wave1,2026-09-14
https://www.youtube.com/@consertolandia-inverter,@Consertolandia-inverter,Consertolândia Refrigeração,83000,1428,4,Dedicated side-by-side refrigerator repair channel promising diagnostic and repair content.,conserto de geladeira,UCtX6ktV-oCrx8PuuI-_-6MA,hands,appliance-repair,wave1,2026-09-14
https://www.youtube.com/@cooltech24,@CoolTech24,CoolTech BD,39000,133,4,"Refrigeration & AC channel listing compressor testing, gas charging, wiring troubleshooting content.",fridge repair Bangla,UCYZtNzqIpCPHOtqpz7uoeyw,hands,appliance-repair,wave1,2026-09-14
https://www.youtube.com/@dcappliancerepair,@DCApplianceRepair,DC Appliance Repair,8240,195,4,Dedicated appliance repair channel teaching diagnosis and fixes for kitchen and laundry appliances.,appliance repair | home appliance repair | refrigerator repair | fridge repair | dishwasher repair | dryer repair | appliance repair technician,UCPurXuBvTtCpggOIhAxAlDg,hands,appliance-repair,wave1,2026-09-14
https://www.youtube.com/@daynghesuabodienlanh,@DayNgheSuaBoDienLanh,Dạy Nghề Sửa Board Điện Lạnh Phạm Minh,9440,424,4,Electronics/refrigeration teaching channel sharing PCB and appliance repair techniques from basic to advanced.,sửa máy giặt | sửa tủ lạnh | sửa máy lạnh | sửa chữa điện tử | sửa nguồn xung,UCL--TSM5AfwbokIrMHln_hw,hands,appliance-repair,wave1,2026-09-14
https://www.youtube.com/@deepfixtraininginstitute,@DeepFixTrainingInstitute,DeepFix Training Institute,273,54,4,"AC and appliance repair training institute covering PCB, compressor, gas charging with hands-on practical claims.",appliance repair course | electronics repair course,UCx85i8UbqtmHWiRlFeiAg5w,hands,appliance-repair,wave1,2026-09-14
https://www.youtube.com/@dhanutechwala,@DhanuTechwala,Dhanu Techwala,125,110,4,"Dedicated home appliance repair channel covering AC, fridge, washing machine, water cooler and cooler repair.",washing machine repair Hindi | fridge repair Hindi,UC4i6q2PGcodWJJIsXE70yBg,hands,appliance-repair,wave1,2026-09-14
https://www.youtube.com/@dienlanhmaichi,@DienlanhMaiChi,Điện lạnh Mai Chi,53200,492,4,Vietnamese refrigeration/electronics repair channel branded as knowledge and experience sharing for repairs.,electronic repair,UClyvU5tUuCCVaA8eP4EU6HA,hands,appliance-repair,wave1,2026-09-14
https://www.youtube.com/@dkrosalesandservice,@DkROsalesandservice,D k A TO Z electric,18,55,4,"Technical course channel covering motor winding, wiring, fan repair, refrigerator and deep freezer repair with practical focus.",washing machine repair Hindi,UCNwKqYSMVtHzs4gWWi-F6Qg,hands,appliance-repair,wave1,2026-09-14
https://www.youtube.com/@dnevnikxolodilchika,@Dnevnikxolodilchika,ДНЕВНИК ХОЛОДИЛЬЩИКА,1310,211,4,"Refrigeration equipment repair video diary explicitly unedited, showing full diagnostic and repair process.",ремонт холодильников | تعمیر یخچال,UCtdIWKMESiAk73DqGxjUjow,hands,appliance-repair,wave1,2026-09-14
https://www.youtube.com/@doorstephomeappliance,@DoorStepHomeAppliance,Door Step Home Appliances Service,5,72,4,"Titles show washing machine, fridge and AC repair service jobs across Tamil Nadu cities.",washing machine repair Tamil | TV repair Tamil | riparazione TV,UCig3eZLFHz-2eCgAR6fhFnA,hands,appliance-repair,wave1,2026-09-14
https://www.youtube.com/@dranhelmx,@DranhelMx,Electrofrío ,2390,328,4,"Practical tutorial channel on refrigeration, AC and electrical repair with step-by-step guides for technicians.",reparación de aire acondicionado,UCoxuVJbrKlaRUA6LoGR7mMQ,hands,appliance-repair,wave1,2026-09-14
https://www.youtube.com/@dreamtechnicalservice,@DreamTechnicalService,DREAM TECHNICAL SERVICE,1540,130,4,"Multi-appliance repair and install channel (AC, fridge, microwave, washing machine, TV) with technician support focus.",washing machine repair Hindi | watch repair Hindi,UCpzeZJ2vk28pDrWVFNLwH4A,hands,appliance-repair,wave1,2026-09-14
https://www.youtube.com/@drhomeservices,@DrhomeServices,Home Services Wala,120,75,4,"Multi-appliance repair channel covering washing machine, AC, fridge, microwave with step-by-step repair videos claimed.",Waschmaschine reparieren,UC_-Kh1UE64PehuPTPhqkEaw,hands,appliance-repair,wave1,2026-09-14
https://www.youtube.com/@erelectricrepair,@ERElectricRepair,ER Electric Repair,5510,151,4,"Repair centre channel listing AC, refrigerator, water heater and small appliance repairs as core content.",electronics repair,UCyUKz_Jys9Y0Mbkj8NninJg,hands,appliance-repair,wave1,2026-09-14
https://www.youtube.com/@electricrepairindia,@ElectricRepairIndia,Electric Repair,2360,99,4,"Home appliance repair training channel covering mixers, induction, fridges, ACs and motor winding with course focus.",appliance repair | home appliance repair | appliance repairing | microwave oven repair | appliance repair course | 家电维修 | SMPS repair | electronics repair course | réparation électronique,UCWYVvdCj_WiZCHCdDmaayQA,hands,appliance-repair,wave1,2026-09-14
https://www.youtube.com/@electricalskillsacademy,@ElectricalSkillsAcademy,Electrical Skills Academy ,80,89,4,"Practical technical training channel covering refrigerator, AC and other appliance repair courses.",fridge repair Hindi,UCAghillB_cvImto7JV4ePAQ,hands,appliance-repair,wave1,2026-09-14
https://www.youtube.com/@electricalmoterwinding,@Electricalmoterwinding,Tamrakar Electrical ⚡,1320,134,4,"Fan and motor winding/rewinding repair channel with real repair titles, though one wedding-event title suggests some drift.",washing machine repair Hindi,UCG73UHBqKFUxUJN4K55sN0g,hands,appliance-repair,wave1,2026-09-14
https://www.youtube.com/@electronicscreation,@ElectronicsCreation,Electronics Creation,26400,116,4,"Dedicated induction cooktop repair channel with parts and technique tips in Hindi, single-appliance focus.",صيانة الكترونيات,UCegjeloNzzKbZWkWKQftK9Q,hands,appliance-repair,wave1,2026-09-14
https://www.youtube.com/@elvisdivino,@Elvisdivino,Conserte máquina ,699,126,4,"Channel explicitly about how to repair washing machines, clear repair-focused format.",conserto de máquina de lavar,UC0cSQm3NzZMfZ84GqcpZyUg,hands,appliance-repair,wave1,2026-09-14
https://www.youtube.com/@emersonmarineli,@EmersonMarineli,Emerson Technical Assistance,6810,308,4,"Washing machine repair channel emphasizing sustainability and part replacement, real repair-focused description.",washing machine repair | dryer repair | conserto de máquina de lavar,UC_NpZ1tyYO-fLI5owe4uQiw,hands,appliance-repair,wave1,2026-09-14
https://www.youtube.com/@ermaneeshtech,@ErManeeshTech,Er Maneesh Tech,3760,489,4,"Multi-appliance repair channel covering washing machine, dishwasher, dryer and microwave demo, service and repair information.",microwave oven repair,UCZz4H3_uE990mO75W_Q_K-Q,hands,appliance-repair,wave1,2026-09-14
https://www.youtube.com/@fixwithdipankar,@FIXWITHDIPANKAR,THE DIPANKAR LAB,262,292,4,"Electronic repair channel with clear titles on table fan, wall fan and iron repair shown step-by-step.",electronic repair,UCPZ6WfVRZO_8i_8vOGLrWVQ,hands,appliance-repair,wave1,2026-09-14
https://www.youtube.com/@fastfreeappliancefixes,@FastFreeApplianceFixes,Fast Free Appliance Fixes - DIY Appliance Repair,5910,558,4,DIY appliance repair channel explicitly for training technicians and DIYers on various appliance fixes.,appliance repair | home appliance repair | dryer repair,UCbQy5UxlvaPPsDHvfvW76JQ,hands,appliance-repair,wave1,2026-09-14
https://www.youtube.com/@fixmachi,@Fixmachi,RD Fix the washing machine ,139000,138,4,Washing machine fix channel name with electronics-refrigeration repair knowledge sharing focus.,sửa chữa điện tử,UCkpCTjA2rGZexaUoX0cuw1g,hands,appliance-repair,wave1,2026-09-14
https://www.youtube.com/@fixmotech,@Fixmotech,Fixmotech,593,129,4,"Persian channel dedicated to appliance repair tutorials covering fridge, washer, dishwasher, AC, microwave.",appliance repair | تعمیر یخچال,UCNwYObgdKS320jOX_QKp2rg,hands,appliance-repair,wave1,2026-09-14
https://www.youtube.com/@forevertechhindi,@ForeverTechHindi,Forever Tech Hindi,167000,673,4,Dedicated technical channel covering washing machine and refrigerator repairs alongside HVAC and electronics solutions.,washing machine repair Hindi | fridge repair Hindi | AC repair Hindi | washing machine repairing Urdu,UCmumnvFe7_rlem0hjkAv-Iw,hands,appliance-repair,wave1,2026-09-14
https://www.youtube.com/@fully4info,@Fully4info,Fully4info,618,83,4,HVAC/refrigerator/microwave repair channel with titles showing AC capacitor and outdoor unit work.,appliance repair | home appliance repair | AC repair Hindi,UCIQtMC1S683eKTmdqNg6Ujg,hands,appliance-repair,wave1,2026-09-14
https://www.youtube.com/@gr.refrigeration,@GR.REFRIGERATION,G.R Refrigeration service (INVERTER REFRIGERATOR),13400,89,4,Refrigeration service channel explicitly teaching fridge/washing machine/AC repair in practical style.,fridge repair | washing machine repair Hindi | fridge repair Hindi | inverter repair,UCeO0QqxL1mpkRAQjobwLilQ,hands,appliance-repair,wave1,2026-09-14
https://www.youtube.com/@gamharefrigerationelectricserv,@GamharefrigerationElectricServ,Gamharefrigeration & Electric Service AtoZ Repair ,73,251,4,"Multi-appliance repair shop covering AC, fridge, washing machine, geyser, microwave, motor winding with short repair clips.",AC repair | microwave oven repair,UCMKMnryS374k7ouEdu4jfyA,hands,appliance-repair,wave1,2026-09-14
https://www.youtube.com/@gorakshcoolingservices,@Gorakshcoolingservices,Dairy Maintenance,21600,364,4,"Channel explicitly covers repair knowledge for fridge, AC, washing machine and water purifier with technical/electric video content.",صيانة ثلاجات | تعمیر یخچال,UCYmyyYRk62EAsZjgb8n4CJw,hands,appliance-repair,wave1,2026-09-14
https://www.youtube.com/@hvacinformation,@HVACINFORMATION,HVAC Tech Guru ,1230,626,4,"HVAC tech channel detailing AC repairing, gas filling, wiring and compressor troubleshooting steps.",AC repair Hindi,UC7NP4RLnBFwFzjdjsO7pp1Q,hands,appliance-repair,wave1,2026-09-14
https://www.youtube.com/@hadirepairingzone,@HadiRepairingZone,Hadi Repairing Zone,3830,202,4,Washing machine and PCB repair channel explicitly teaching repair and maintenance methods.,washing machine repairing,UCdqHLjkwMTurZ9_UNMtaxzA,hands,appliance-repair,wave1,2026-09-14
https://www.youtube.com/@harperandknowles,@HarperandKnowles,Harper & Knowles ,94400,316,4,Washer/dryer repair shop owner channel focused on appliance teardown and evaluation content.,washing machine repair | washing machine repairing | microwave oven repair | dishwasher repair | dryer repair,UCeEoClCbK6DbLg6HHX0FeSA,hands,appliance-repair,wave1,2026-09-14
https://www.youtube.com/@hisar_technician,@Hisar_technician,Hisar technician repair service center,946,162,4,"Multi-appliance service center with real repair titles across AC, washing machine, cold rooms.",fridge repair | AC repair | microwave oven repair | inverter repair,UCBp2ZxSr0c1Jk57yjQVFHlg,hands,appliance-repair,wave1,2026-09-14
https://www.youtube.com/@holod2003,@Holod2003,Ремонт холодильников Казань,5890,348,4,Refrigerator repair advice channel from an experienced technician sharing diagnostic tips and repair experience.,ремонт холодильников | تعمیر یخچال | ремонт блоков питания,UCsoA6UEf3zSw54tjAvmfK9Q,hands,appliance-repair,wave1,2026-09-14
https://www.youtube.com/@homeappliancesrepairing-t8p,@HomeAppliancesRepairing-t8p,Home Appliances Repairing ,115,95,4,Dedicated washing machine and home appliance repair tutorial channel with step-by-step troubleshooting focus.,washing machine repairing,UCuCtSpx3ohPwAJxAeGYuyTA,hands,appliance-repair,wave1,2026-09-14
https://www.youtube.com/@homeappliancerepai,@Homeappliancerepai,家电维修小杨,10000,316,4,Handle and name directly indicate home appliance repair channel run by a teacher figure.,家电维修,UCu0vL0VJ-_fdoLAzjlCcGKQ,hands,appliance-repair,wave1,2026-09-14
https://www.youtube.com/@homeappliances51kviews,@Homeappliances51kviews,Home appliances Repairing center ,1430,767,4,Washing machine repair and troubleshooting channel with clear technician focus across major brands.,washing machine repairing,UCP8Nd_jJMr3zqWPqTnMCLJg,hands,appliance-repair,wave1,2026-09-14
https://www.youtube.com/@hypeappliancerepair,@Hypeappliancerepair,Hype Appliance repair ,71,78,4,"Titles show actual repair work: wash plate removal, drain pump filter cleanout, gasket replacement, though some review-style content mixed in.",appliance repair | home appliance repair | dishwasher repair,UCuTDBhL8VzAg-Evuq8GS6hA,hands,appliance-repair,wave1,2026-09-14
https://www.youtube.com/@imranelectric,@IMRANELECTRIC,IMRAN ELECTRIC,8940,195,4,"Electrical appliance repair channel covering fans, coolers, washing machine motor and capacitor wiring tutorials.",washing machine repairing Urdu,UCHSZme51iPerV4IiaC0EsNQ,hands,appliance-repair,wave1,2026-09-14
https://www.youtube.com/@i_am_mr_khan,@I_AM_MR_KHAN,KHAN REFRIGERATION,148,55,4,"Description details real site-work AC repair, gas charging, and diagnosis with no fake content claimed.",air conditioner repair | AC repair | AC repair Hindi,UCukEMQSOpuf82RgNGLtiUAw,hands,appliance-repair,wave1,2026-09-14
https://www.youtube.com/@indiatechnicalinstitute,@IndiaTechnicalInstitute,India Technical Institute ,25600,4568,4,"Technical training institute teaching AC, fridge and washing machine PCB repair with practical courses.",electronics repair course | electronics repairing institute,UC2ylQCp4yNx_RygI3Q4jMMw,hands,appliance-repair,wave1,2026-09-14
https://www.youtube.com/@jceletromec,@JCEletroMec,JC EletroMec,8640,758,4,"Electromechanical repair channel covering appliances, motors and fans with practical tutorials.",electronics repair,UCiB9XOjeBjSbAuJetxsWJYQ,hands,appliance-repair,wave1,2026-09-14
https://www.youtube.com/@jmtutorial,@JMTUTORIAL,JM TUTORIAL,297000,324,4,Tagalog tutorial channel with detailed fan and washing machine repair topics including part replacement steps.,washing machine repair | washing machine repairing | washing machine repair Hindi | electronic repairing | inverter repair | TV repair shop | صيانة الكترونيات | LED TV no power repair | LED driver repair | electronics troubleshooting multimeter board | TV repair tagalog | electronics repair shop | TV repair technician,UCdfyf7ePKW5m2f--j9L1PWg,hands,appliance-repair,wave1,2026-09-14
https://www.youtube.com/@jtrewinding6533,@JTRewinding6533,JTRewinding,2540,958,4,"Repair channel covering refrigeration, AC, clipper rewinding, electric fans and washing machine repair.",amplifier repair,UCej3x7xePhrqoJycEPoNgeQ,hands,appliance-repair,wave1,2026-09-14
https://www.youtube.com/@jafshamsi,@JafShamsi,Jaf Shamsi,4090,111,4,AC and appliance repair tutorial channel with step-by-step troubleshooting guides in Urdu/English.,appliance repair | home appliance repair | AC repair | fridge repair Hindi | AC repair Hindi,UCKcAWLIJVsslehWvZB4ZzRg,hands,appliance-repair,wave1,2026-09-14
https://www.youtube.com/channel/uczi8bity7it692qk3vyc_la,@JeevanElectricalGuru,Jeevan Electrical Guru,62,120,4,"Titles show real repairs: induction stove, fan PCB, vacuum cleaner, winding machine counting meter, all practical demos.",washing machine repair | AC repair | water heater repair | washing machine repair Tamil,UCZi8bItY7It692qk3vyc_lA,hands,appliance-repair,wave1,2026-09-14
https://www.youtube.com/@jenek_ac,@Jenek_Ac,"Ремонт холодильников, обращайтесь",89,55,4,Private technician filming real fridge repairs including evaporator installation and brazing jobs.,ремонт холодильников,UCP1Qik0XdArTBdS_T4mKM_Q,hands,appliance-repair,wave1,2026-09-14
https://www.youtube.com/@jorge.elpelon,@Jorge.elpelon,EL Pelón HVAC,1870,144,4,POV HVAC technician work channel implying on-camera repair job footage.,reparación de aire acondicionado,UC-o-rzkP6Ix07Xu6oO_icIA,hands,appliance-repair,wave1,2026-09-14
https://www.youtube.com/@jorgefrontales,@JorgeFrontales,Jorge Frontales ,1240,165,4,"Technician channel with real diagnostics for fridges, washers and microwaves shown as practical fixes.",reparación de lavadoras,UCHywa8PyKe_LZaTm9G9meZg,hands,appliance-repair,wave1,2026-09-14
https://www.youtube.com/@kstips,@KSTiPs,KS TiPs,49600,83,4,"DIY channel covering AC, geyser, chimney, washing machine and fridge repair with step-by-step troubleshooting claimed.",AC repair | fridge repair Hindi | electronic repair,UC8tT5qHH_YpOvbZjWH_bZaA,hands,appliance-repair,wave1,2026-09-14
https://www.youtube.com/@kevincool,@KevinCool,Kevin Cool,107,86,4,"Dedicated AC, fridge, washing machine repair channel per description, likely hands-on repair videos.",washing machine repair Hindi,UCutUSxioywq9O4jQ5-XZYfQ,hands,appliance-repair,wave1,2026-09-14
https://www.youtube.com/@laapplianceguy,@LAapplianceguy,LAapplianceguy-Redneck Engineer ,21100,1264,4,"Appliance repair guy vlogging daily repair jobs, described as 'repair shenanigans'.",washing machine repair | fridge repair | dishwasher repair | dryer repair,UCp3cfg5_UzHb12Z5mXewrOQ,hands,appliance-repair,wave1,2026-09-14
https://www.youtube.com/@losdetallescuentan,@LosDetallesCuentan,LOS DETALLES CUENTAN,43800,534,4,Self-described washing machine repair technician channel aimed at helping viewers with repairs.,reparación de lavadoras,UCsFmKaZTmBFFpoOieO4feDg,hands,appliance-repair,wave1,2026-09-14
https://www.youtube.com/@lovelyacservicecentre,@Lovelyacservicecentre,Lovely Ac Service Centre ,443,274,4,"AC service centre channel explicitly mentions real work videos, gas charging, technician daily life content.",servis AC,UCYSLiFpoH44go0sjOJ1aZeA,hands,appliance-repair,wave1,2026-09-14
https://www.youtube.com/@mangeiservischannel,@MANGEISERVISCHANNEL,MANG EI SERVIS CHANNEL,224,54,4,"Dedicated electronics service channel explicitly teaching fridge, AC, washing machine repair techniques.",servis mesin cuci | servis kulkas,UCtnDj5IV95ToTJ7g6slWgrA,hands,appliance-repair,wave1,2026-09-14
https://www.youtube.com/@mkhometech,@MKHomeTech,MK Home Tech . 512k views . 5 day ago,258,195,4,"Home tech channel description covering electronics, AC error codes, washing machine and refrigerator repairs.",washing machine repair | refrigerator repair | washing machine repairing Urdu,UCMUZxO1QOCXkfW5EtRTaYww,hands,appliance-repair,wave1,2026-09-14
https://www.youtube.com/@mansurielectricals,@MansuriElectricals,Mansuri Electricals ,2270,670,4,"Dedicated motor winding and appliance repair channel covering washing machine, mixer, fan and cooler motor rewinding practicals.",washing machine repair | washing machine repair Hindi,UCd66Agmgoc9nqsSTchrb6dQ,hands,appliance-repair,wave1,2026-09-14
https://www.youtube.com/@masispria,@MasisPria,Masis Pria,21400,530,4,Washing machine and refrigerator repair tutorials including compressor repair described in detail.,electronic repair,UCBvHiIkDIBfzu4RndCJA_9g,hands,appliance-repair,wave1,2026-09-14
https://www.youtube.com/@master-gleb,@Master-Gleb,Глеб — мастер по ремонту | Москва,6890,163,4,Washing and dishwasher machine repair technician in Moscow explicitly stating he shows his work in videos.,conserto de máquina de lavar | ремонт стиральных машин | 家电维修 | réparation lave-linge,UCJnsIBBidIYpSwBhuGAheZg,hands,appliance-repair,wave1,2026-09-14
https://www.youtube.com/@misturatudoo,@MisturaTudoo,Mistura Tudo,63300,516,4,Channel focused specifically on appliance repair content for both general public and technicians.,conserto de TV LED,UCK5LdAc8-Hpwh1hKgKd1vqw,hands,appliance-repair,wave1,2026-09-14
https://www.youtube.com/@mohanaad,@Mohanaad,مهند لصيانة الاجهزة المنزلية,33900,177,4,Educational and practical channel for washing machine and refrigerator maintenance with program explanations.,تصليح غسالات,UCjtED11av9K8Owlu9ERL2qw,hands,appliance-repair,wave1,2026-09-14
https://www.youtube.com/@mr.shaan99,@Mr.shaan99,jugaad time,3310,143,4,"PCB and appliance repair channel covering induction, fans, mixers, washing machines with practical troubleshooting focus.",appliance repair | home appliance repair | washing machine repair | washing machine repair Hindi | electronics repair,UCEmHgdAsXlAXmskbZBgYZiA,hands,appliance-repair,wave1,2026-09-14
https://www.youtube.com/@mrarhangel099,@MrArhangel099,Ремонт стиральных машин,186,200,4,"Dedicated washing machine repair and cleaning channel, clear repair trade focus.",conserto de máquina de lavar | ремонт стиральных машин | réparation lave-linge,UCMufX-8weykwNCdtkGggaPA,hands,appliance-repair,wave1,2026-09-14
https://www.youtube.com/@mrbatishev,@MrBatishev,Андрей Ремонт Автохолодильников,1910,101,4,"Focused on car fridge compressor repair and motor rewinding, a specific appliance-repair niche.",ремонт блоков питания,UCZhvHidzWqgg9NbFtb1-z9g,hands,appliance-repair,wave1,2026-09-14
https://www.youtube.com/@mtechpatna,@Mtechpatna,M-tech patna ,38,59,4,"Technician channel doing AC, fridge, washing machine service and repair across multiple brands.",washing machine repair Hindi,UCj28Ww32xxyocIC00SIMKbQ,hands,appliance-repair,wave1,2026-09-14
https://www.youtube.com/@mukeeltotaltechnical,@MukeelTotalTechnical,Mukeel Total Technical,8020,947,4,"Electric repair channel covering AC, fridge, oven, fan, washing machine and wiring repair how-tos.",washing machine repair Hindi | fridge repair Hindi,UC-9wI_-5ts0bwqlCjkznv5g,hands,appliance-repair,wave1,2026-09-14
https://www.youtube.com/@mukeshactechnician92,@MukeshAcTechnician92,Mukesh AC technician ,51,52,4,"AC technician channel with practical knowledge on installation, repairing, service and gas charging.",AC repair Hindi,UCaJcI_jBsMyeV4duVMKdI8A,hands,appliance-repair,wave1,2026-09-14
https://www.youtube.com/@multiserviselektronik,@MultiservisElektronik,RAJATERBANG SERVIS ELEKTRONIK BATAM ONLINE,4,73,4,"Business listing servicing fridges, ACs, washing machines, dryers with gas charging mentioned.",servis mesin cuci,UCvHKBiuWZ9AkVT8sSnWq5fQ,hands,appliance-repair,wave1,2026-09-14
https://www.youtube.com/@naladimbyt,@Naladimbyt,Наладимбыт l Ремонт бытовой техники,111000,708,4,Appliance repair company channel showing real technician life and refrigerator repair training content.,ремонт холодильников,UCMN7W3QjOMm8yV-zPiHRnkg,hands,appliance-repair,wave1,2026-09-14
https://www.youtube.com/@narong0009,@Narong0009,ตู้เย็นซิ่ง เชียงใหม่,869,289,4,Thai fridge/freezer/washing machine repair shop with titles showing actual repair jobs like door switch replacement.,ซ่อมตู้เย็น,UChiERB9bhmJJHluWZHjWIAQ,hands,appliance-repair,wave1,2026-09-14
https://www.youtube.com/@nimbleappliancerepairs,@NimbleAppliancerepairs,Nimble Appliance Repairs ,415,57,4,"Dedicated appliance repair channel with real repair videos, fault-finding and error codes for washers, dishwashers, dryers, ovens.",dishwasher repair,UCyExQm9-3OA0xhOk6PvAeZA,hands,appliance-repair,wave1,2026-09-14
https://www.youtube.com/@pcbhacks,@PCBHacks,PCB Hacks,9050,293,4,"Dedicated PCB repair channel for washing machines, ACs, refrigerators and microwaves with fault-finding focus.",electronics technician | SMPS repair | inverter repair,UCtpnOnHncoYkVWli0XfFuxg,hands,appliance-repair,wave1,2026-09-14
https://www.youtube.com/@patelab-t3f,@PatelAB-t3f,fridge washing machine repairing channel,29,60,4,"Name directly indicates fridge and washing machine repair channel, empty description but strong repair-focused name.",washing machine repairing,UC_8bkVbUbCj8FYitSeqL6-g,hands,appliance-repair,wave1,2026-09-14
https://www.youtube.com/@patriotappliancerepairaustin,@PatriotApplianceRepairAustin,Patriot Appliance & Air Condioning Repair Service,87,84,4,"AC repair company with real job footage: coil replacement, compressor swap, condenser weld repair.",appliance repair | air conditioner repair,UCPDyyTK6ZRiTdSlr5J2UdIA,hands,appliance-repair,wave1,2026-09-14
https://www.youtube.com/@pcbexpertofficial,@PcbExpertOfficial,Pcb Expert ,1420,142,4,"Dedicated PCB repair channel covering AC, fridge, washing machine PCB repairing with practical demos and error codes.",fridge repair Hindi,UC7CZheAiYYzZedDs7obGXuw,hands,appliance-repair,wave1,2026-09-14
https://www.youtube.com/@phamluan2804,@Phamluan2804,Luân điện lạnh ,538,163,4,"Refrigeration repair guidance channel explicitly for home appliances, likely practical tutorials.",sửa tủ lạnh,UCykXs-n8Xd-lUAftLWCG1gQ,hands,appliance-repair,wave1,2026-09-14
https://www.youtube.com/@prowosheexpertsdoctor,@ProWosheExpertsDoctor,ProWoshe Experts Doctor,123,72,4,"Dedicated washing machine repair channel with specific error codes, spinning and drain problem titles.",washing machine repair | washing machine repairing | washing machine repair Hindi,UCHjhQTaRcBVlJjKLZwO9RCQ,hands,appliance-repair,wave1,2026-09-14
https://www.youtube.com/@professorodilon,@ProfessorOdilon,Professor Odilon,72000,304,4,"Refrigeration and appliance repair channel offering practical tips on fridges, washers and other equipment repair.",conserto de geladeira,UCZ2lX2KB7VlE4P9j1IUbzXQ,hands,appliance-repair,wave1,2026-09-14
https://www.youtube.com/@prostarappliancerepair,@ProstarApplianceRepair,Prostar Appliance Repair,,56,4,Appliance repair company channel promising step-by-step tutorials and demonstrations across multiple appliance types.,appliance repair technician,UCvm82kfY9iQW_q_-l8XrKwA,hands,appliance-repair,wave1,2026-09-14
https://www.youtube.com/@protechnicalsolutions,@Protechnicalsolutions,Pro Technical Solutions,1660,295,4,"Technical solutions channel focused on step-by-step washing machine, fridge, AC and PCB repair tutorials.",appliance repair | home appliance repair | appliance repairing | washing machine repair | air conditioner repair | washing machine repairing,UCt4CpJOL31uv5g624LlOGpw,hands,appliance-repair,wave1,2026-09-14
https://www.youtube.com/@ptacsolutions,@PtacSolutions,Ptac Solutions,9090,147,4,Dedicated PTAC unit repair channel showing hands-on work with specific brands like Amana and GE.,صيانة مكيفات,UCzLHHA1nTR09d3g4C_si-Cw,hands,appliance-repair,wave1,2026-09-14
https://www.youtube.com/@qualityexperienceyoutube,@QualityExperienceyoutube,AC Service Center (Quality Experience),170,171,4,AC/fridge/washing machine repair tutorial channel with specific error code fixes like OE and DE errors.,appliance repair | home appliance repair | AC repair | fridge repair Bangla,UC8Sc6Wg7agXKKR1JnrfUTOQ,hands,appliance-repair,wave1,2026-09-14
https://www.youtube.com/@quickandeasy5minuteappliance,@QuickAndEasy5MinuteAppliance,Quick and Easy - 5 Minute Appliance Fixes,64400,1274,4,"DIY appliance repair channel with quick fix format from experienced repairman, strong topical focus.",appliance repair | washing machine repair | refrigerator repair | dishwasher repair | dryer repair,UCGpInAejvpfVVE4FHB_L-Dg,hands,appliance-repair,wave1,2026-09-14
https://www.youtube.com/@quickservicetamil,@Quickservicetamil,Quick Service Tamil,26000,161,4,"Dedicated Tamil appliance repair channel covering washing machine, fridge, AC, grinder, microwave repair.",washing machine repair | AC repair | microwave oven repair | washing machine repair Tamil,UC9yoZt408o4XLalw-dC6wRw,hands,appliance-repair,wave1,2026-09-14
https://www.youtube.com/@rbt47spb,@RBT47SPB,РБТ47,1590,67,4,"Washing and dishwasher machine repair specialist in Saint Petersburg, business channel likely showing repair jobs.",conserto de máquina de lavar,UCRs6iEgQ6iLRiTY2VPOlkLg,hands,appliance-repair,wave1,2026-09-14
https://www.youtube.com/@rkmsstechnicalpoint,@RKMSSTechnicalPoint,R K M S S Technical Point,2560,408,4,"Technical point channel covering AC, washing machine, fridge error codes, wiring diagrams and fault repair instruction.",fridge repair Hindi,UCk-U4zaUpHkhF900dlOjQRw,hands,appliance-repair,wave1,2026-09-14
https://www.youtube.com/@rahulactechnician572,@Rahulactechnician572,Maa Tara AC servicing,128,90,4,"AC technician channel detailing split AC repair, gas charging, PCB repair, fridge and washing machine service.",fridge repair Bangla,UCIkci_OqvRHrHdvVVRO06hw,hands,appliance-repair,wave1,2026-09-14
https://www.youtube.com/@rajadhuware,@RajaDhuware,P. D. ELECTRONICS Raja Dhuware,4440,190,4,"Electronics channel with fan winding, motor winding, washing machine and refrigerator repair content listed.",washing machine repair Hindi,UCsTT-wpKQMRXlJkrb_F6dPA,hands,appliance-repair,wave1,2026-09-14
https://www.youtube.com/@rajpoottechnicalmind,@RajpootTechnicalMind,Rajpoot Technical Mind ,1140,510,4,Technical mind channel teaching AC mechanical/PCB and fridge PCB repair courses with practical focus.,fridge repair Hindi,UCo3ORGbtuY7YKvaMGoy-nWQ,hands,appliance-repair,wave1,2026-09-14
https://www.youtube.com/channel/uccs5rsxj_2urwbu4ibtuefa,@Rajusingh3539ks,Raju kumar Singh,4,53,4,"AC repair training channel with practical titles on capacitors, contactors, split AC servicing.",fridge repair | air conditioner repair | AC repair | fridge repair Hindi | AC repair Hindi,UCCS5rsxj_2UrWbU4iBtUEfA,hands,appliance-repair,wave1,2026-09-14
https://www.youtube.com/@refrigeraci%c3%b3npablovillamizar,@Refrigeraci%C3%B3nPabloVillamizar,REFRIGERACIÓN PABLO VILLAMIZAR,57,99,4,"Refrigeration technician channel with titles showing fridge inspection, gas leak correction and AC maintenance on camera.",reparación de aire acondicionado,UCTRy9KEqPVhPNiswNwnL0lQ,hands,appliance-repair,wave1,2026-09-14
https://www.youtube.com/@rendiarzu,@RendiArzu,Rendi Arzu,284,77,4,"Detailed description of hands-on repair process: disassembly, multitester checks, part replacement, testing across appliances.",servis mesin cuci,UClR5hknzxlqBVyDQBrQXKIw,hands,appliance-repair,wave1,2026-09-14
https://www.youtube.com/@repairingschool,@RepairingSchool,Repairing School,32800,162,4,Repairing School channel dedicated to washing machine and AC repair DIY tutorials.,appliance repair | home appliance repair | washing machine repair | AC repair | washing machine repairing,UCEf4wmHs10xCmHSmjvU07yw,hands,appliance-repair,wave1,2026-09-14
https://www.youtube.com/channel/ucg9qzojpuptrtlo5-b1o8ra,@S.A.SERVICES,S.A.SERVICES,109,64,4,"Titles show real repairs: washing machine selector switch, PCB/drain motor, fridge thermostat, deep freezer gas leak.",appliance service | washing machine repair Tamil,UCg9QzoJpUPTrTLO5-B1O8RA,hands,appliance-repair,wave1,2026-09-14
https://www.youtube.com/@servisdinamomarzuki22,@SERVISDINAMOMARZUKI22,SERVIS DINAMO MARZUKI,30400,521,4,"Motor rewinding service for fans, washing machines, submersible pumps—skilled hands-on winding work.",servis mesin cuci,UCxhILIF1G6S29eMP_du04Cw,hands,appliance-repair,wave1,2026-09-14
https://www.youtube.com/@servismesincucirangkasbitung,@SERVISMESINCUCIRANGKASBITUNG,SERVIS MESIN CUCI RANGKASBITUNG,17,62,4,Dedicated washing machine repair service with titles explicitly on washing machine and speaker repair calls.,servis mesin cuci,UCefhX0d9VGfPB7bNnfpsnzQ,hands,appliance-repair,wave1,2026-09-14
https://www.youtube.com/@shk169,@SHK169,bakLoL Ac WaLa,25,54,4,"AC repair channel with titles on gas charging, error codes, and pipe installation/testing.",AC repair | AC repair Hindi,UCLrY8uYAxi209qlIV9PWDBw,hands,appliance-repair,wave1,2026-09-14
https://www.youtube.com/@sjtechnician29,@SJTECHNICIAN29,SJ TECHNICIAN,502,176,4,AC and home appliance repair channel with expert-led practical videos on motors and troubleshooting.,AC repair | appliance repair course | watch repairing course,UC7aMFLfgEUNiUUvy7J3IzCA,hands,appliance-repair,wave1,2026-09-14
https://www.youtube.com/@sktechnicalservicesdubai,@SKTechnicalServicesDubai,SK Technical Services Dubai,8,51,4,"Dubai appliance repair company with titles showing PCB repair, fridge repair, drum replacement in progress.",appliance repair | home appliance repair | washing machine repair | fridge repair | dishwasher repair | dryer repair,UCbzh-cY2yc3sYYcvvJt1eRg,hands,appliance-repair,wave1,2026-09-14
https://www.youtube.com/@smartrepair-u4k,@SMARTREPAIR-u4k,SMART REPAIR,336,79,4,"Home appliance repair channel with titles on drain motor removal and inlet valve fault, plus some TV install content.",microwave oven repair | water heater repair | washing machine repairing,UC99PzkEQeZtZzYF4la3DgHg,hands,appliance-repair,wave1,2026-09-14
https://www.youtube.com/@sos_accessoire,@SOS_Accessoire,SOS Accessoire,167000,1437,4,"Appliance repair tutorial and parts channel with tutos for washers, fridges, vacuums with strong repair focus.",réparation lave-linge,UCIxQ2BmkzbWwC_1yh3h5nrA,hands,appliance-repair,wave1,2026-09-14
https://www.youtube.com/@srtechnicalbd5763,@SRTechnicalBD5763,"SR,Technical,BD",158,68,4,"Technical channel covering AC repair, fridge repair, PCB repair, compressor testing with practical tutorials.",fridge repair Bangla,UCLKBCkqeOd2_UntXI_8zlPg,hands,appliance-repair,wave1,2026-09-14
https://www.youtube.com/@sabrepairofficial,@SabRepairOfficial,Sab Repair,301000,1390,4,"Established repair-teaching channel covering AC, fridge, washing machine and general electronics repair since 2017.",washing machine repair Hindi,UCBY6LFm2oOtdQTgskcMKB8g,hands,appliance-repair,wave1,2026-09-14
https://www.youtube.com/@sausuadien,@Sausuadien,Sáu Sửa Điện,225,149,4,Personal channel sharing daily practical electronics/refrigeration/motor repair work experience.,sửa máy giặt,UCCY6utHxfTTi0wEYjWaBw8Q,hands,appliance-repair,wave1,2026-09-14
https://www.youtube.com/@schraubdoc,@SchraubDoc,Schraub Doc,21000,82,4,Dedicated German channel teaching washer/dryer/dishwasher repair with step-by-step guides.,Waschmaschine reparieren,UCVRkN0kY4fvVVi4syIvwWmQ,hands,appliance-repair,wave1,2026-09-14
https://www.youtube.com/@sdelaysamdoma,@SdelaySamDoma,"Ремонт бытовой техники, Газовое оборудование",3960,53,4,"Repairs washing machines, fridges, water heaters, microwaves, vacuums with stated intent to post repair videos.",ремонт стиральных машин,UCEIRqKfkp_oYyTCAj-SnIpg,hands,appliance-repair,wave1,2026-09-14
https://www.youtube.com/@serpukhovappliancerepair,@SerpukhovApplianceRepair,Serpukhov Appliance Repair,10,112,4,"Titles show real diagnostic and repair scenarios across multiple appliances (dryer noise, fridge cooling, washer) suggesting filmed job footage.",home appliance repair | fridge repair | dishwasher repair,UC6rfSNjATvYohl9K0p-66dA,hands,appliance-repair,wave1,2026-09-14
https://www.youtube.com/@serviceac-q2t,@ServiceAc-q2t,Service Ac,10,62,4,"AC, washing machine and fridge service business with titles confirming repeated repair service videos.",servis mesin cuci,UC7lpaRxxPvDlihlFpM_7KHg,hands,appliance-repair,wave1,2026-09-14
https://www.youtube.com/@serviciotecnicorez,@ServicioTecnicoREZ,Servicio Tecnico REZ,32,62,4,Washing machine repair and maintenance channel explicitly showing repair work performed.,reparación de lavadoras,UC7lfPEtCQrcMMFAlPJeJchg,hands,appliance-repair,wave1,2026-09-14
https://www.youtube.com/@shailenderdev1,@Shailenderdev1,SHAILENDERDEV ,2630,124,4,"Hindi channel with specific washing machine gearbox, timer, capacitor and condenser repair content.",washing machine repair | washing machine repair Hindi | fridge repair Hindi | washing machine repairing Urdu,UCYmAxSxo21T80mj8v8jhpmw,hands,appliance-repair,wave1,2026-09-14
https://www.youtube.com/@shakibcoolking,@ShakibCoolking,Shakib cool king @123,3980,71,4,"Multi-appliance repairing channel covering AC, cooler, induction, microwave and washing machine repair videos.",fridge repair Hindi,UCGHyhdZwvA8UGyXcw54Gwmw,hands,appliance-repair,wave1,2026-09-14
https://www.youtube.com/@sharmaenterprises115,@SharmaEnterprises115,Sharma Enterprises,365,53,4,"Titles show AC, washing machine, RO dispenser repair and testing on camera.",electronics repair,UCtZjy2wRI6qaQLs5kliUt7w,hands,appliance-repair,wave1,2026-09-14
https://www.youtube.com/@siriusappliancerepair,@SiriusApplianceRepair,Sirius Appliance Repair,510,59,4,"Appliance repair technician channel with real dryer, refrigerator, compressor repair videos shown.",appliance repair | dryer repair,UCXJeB0UOUhAd0ZocX78HnDQ,hands,appliance-repair,wave1,2026-09-14
https://www.youtube.com/@smartserviceofficial,@Smartserviceofficial,Smart Service Official,1200,95,4,"Hindi electronics/electrical repair channel with dedicated appliance topics like induction, mixer grinder, kettle repair.",appliance repair | home appliance repair | appliance repair course,UColJ6-ReS-Xa4deZcc_nXug,hands,appliance-repair,wave1,2026-09-14
https://www.youtube.com/@sonamelectric2,@Sonamelectric2,Sonam electric+,81,459,4,"Motor winding and appliance repair shop covering washing machines, freezers, gas charging with practical job titles.",inverter repair,UCoRqh9dPZeeqooY37WSULDg,hands,appliance-repair,wave1,2026-09-14
https://www.youtube.com/@splittechpro,@SplitTechPro,SplitTech Pro,229,111,4,AC and fridge repair channel with error-code diagnostics and noise-fix titles showing real technician work.,AC repair | fridge repair Hindi,UCKdDJ8WdU7o0bDi52vW01yA,hands,appliance-repair,wave1,2026-09-14
https://www.youtube.com/@stiralservis,@StiralServis,Stiral Servis,95900,412,4,"Multi-appliance repair channel covering washing machines, microwaves, coffee makers, hand-on hands-focused description.",ремонт стиральных машин,UCKdABpujP7PC0K7eQzBDINg,hands,appliance-repair,wave1,2026-09-14
https://www.youtube.com/@suachuadientudien,@Suachuadientudien,Kỹ sư Hiếu Cần Thơ. Sửa chữa điện tử-điện lạnh.,718,101,4,Vietnamese electronics/refrigeration repair engineer channel offering guidance on home appliance repairs.,sửa máy giặt | sửa máy lạnh | sửa chữa điện tử,UCUu7XHXDVaK5375r9ou9SWQ,hands,appliance-repair,wave1,2026-09-14
https://www.youtube.com/@suadienlanhdiennuoc,@Suadienlanhdiennuoc,SỬA CHỮA ĐIỆN LẠNH ĐIỆN NƯỚC HÀ NỘI,90,370,4,"Vietnamese multi-appliance repair business (AC, fridge, washing machine, water heater) in Hanoi.",sửa máy giặt | sửa máy lạnh,UC8Wx7hdJqn_BOK3fZas825g,hands,appliance-repair,wave1,2026-09-14
https://www.youtube.com/@superserviceplus,@SuperServicePlus,Super Service Plus,228,120,4,"Multi-appliance repair tutorial channel covering fridge, washing machine, AC, microwave with step-by-step DIY content.",fridge repair Bangla,UC8OylSF010rt21SjnMuyo0Q,hands,appliance-repair,wave1,2026-09-14
https://www.youtube.com/@suprafixappliancerepair,@SupraFixAppliancerepair,SupraFix Appliance Repair,8,51,4,"Titles show real repair jobs (dryer heating, washer repair, fridge repair) despite some install/grill content mixed in.",dryer repair,UCmpWBRDqdQlxz1CBPZ-SW5A,hands,appliance-repair,wave1,2026-09-14
https://www.youtube.com/@syaipulanwar-z4g,@SyaipulAnwar-z4g,Syaipul Anwar,149,111,4,"Titles show real AC, washing machine, and fridge repair jobs including part replacements like PTC and water level switch.",servis kulkas,UCS7s5fU2QzXvLiOuukOD1VA,hands,appliance-repair,wave1,2026-09-14
https://www.youtube.com/@tamirat_nikroz,@TAMIRAT_NIKROZ,تعمیرات لوازم خانگی,104,50,4,"Long-time technician describing repair of washing machines, fridges, packages and coolers with training for beginners.",تعمیر یخچال,UCdW1itgOV6FoGJzq2LkuA9w,hands,appliance-repair,wave1,2026-09-14
https://www.youtube.com/@themechanicway-to-easy,@THEmechanicway-to-easy,The Mechanic,63200,112,4,"Teaches home appliance repairs including AC/fridge servicing, practical repair-focused description.",appliance repair | home appliance repair | washing machine repair Tamil,UCwDsJdBGHTuhApaRTJSWu5Q,hands,appliance-repair,wave1,2026-09-14
https://www.youtube.com/@tmmappliancerepair,@TMMApplianceRepair,TMM Appliance Network,21500,511,4,"Appliance repair network channel featuring podcasts, tool reviews, hands-on training, and peer tech support content.",appliance repair | home appliance repair | refrigerator repair | microwave oven repair | dishwasher repair | dryer repair | appliance repair technician | appliance repair course,UCDi3O0EHuSpxRMGVewk8KgQ,hands,appliance-repair,wave1,2026-09-14
https://www.youtube.com/@talmenianmaster,@TalmenianMaster,Тальменский Мастер,903,56,4,Solo appliance repair master presenting sample work videos from his repair workshop.,ремонт стиральных машин,UCCtZxX7ANklHEWRaPJyJwew,hands,appliance-repair,wave1,2026-09-14
https://www.youtube.com/@techahmadnp,@TechAhmadNp,  Tech AD,3290,84,4,"AC, fridge, cooler, washing machine and electronics repair channel with specific practical topics like gas charging and compressor testing.",washing machine repair Hindi | fridge repair Hindi,UCYHsbO9aJUg5FCo-jvGCz-w,hands,appliance-repair,wave1,2026-09-14
https://www.youtube.com/@techfix.,@TechFIX.,TechFIX – Haushaltsgeräte,4220,54,4,"German channel dedicated to appliance repair tips, tricks and guides to fix rather than discard.",Waschmaschine reparieren,UCgw8yxI4XviMRgf_EXwo5xg,hands,appliance-repair,wave1,2026-09-14
https://www.youtube.com/@technicalpadhai5,@TechnicalPadhai5,Technical Padhai,121,78,4,"AC/fridge repair training course channel with PCB, gas charging, error code titles showing practical bench sessions.",AC repair | appliance repair course | AC repair Hindi,UCx2hHzGyTVAISSOqTIc7eww,hands,appliance-repair,wave1,2026-09-14
https://www.youtube.com/@technicianup17,@TechnicianUP17,Dilshad technician,258,209,4,Titles show real washing machine and fridge wiring/repair tutorials with step-by-step practical demonstrations.,washing machine repair | fridge repair,UCQcz6BN-6CqfmGDiuWcq5QA,hands,appliance-repair,wave1,2026-09-14
https://www.youtube.com/@tecnico_selach,@Tecnico_Selach,Técnico Lavadoras SELACH,6570,304,4,Dedicated washer/dryer repair training channel focused on Whirlpool/Kenmore/Maytag practical solutions.,reparación de lavadoras,UCfSmPbdrbxwtx186oFSzfig,hands,appliance-repair,wave1,2026-09-14
https://www.youtube.com/@teknisibajubiru,@TeknisiBajuBiru,Teknisi Baju Biru,3730,53,4,"Dedicated repair tutorial channel covering AC, washing machine, fridge, LED lamps and tools servicing.",servis mesin cuci,UCTb4WPUCbIXiJ9IM8yrHx2A,hands,appliance-repair,wave1,2026-09-14
https://www.youtube.com/@tesla_electronic,@Tesla_electronic,Tesla_Electronic,4830,52,4,Describes teaching repair of boards and mechanics of home appliances in simple methods for viewers.,تعمیر یخچال,UCku4P60LgYpyZXUIYrTImPA,hands,appliance-repair,wave1,2026-09-14
https://www.youtube.com/@th%e1%bb%a3m%c3%a1y-r6v,@Th%E1%BB%A3m%C3%A1y-r6v,Thợ máy điện,29,50,4,"Vietnamese channel dedicated to sharing practical home appliance repair experience across fridge, washer, fan, rice cooker.",sửa máy giặt,UCMtLCenouWpm9SN51Xn5hMg,hands,appliance-repair,wave1,2026-09-14
https://www.youtube.com/@theappliancefixerguy,@TheApplianceFixerGuy,TheApplianceFixerGuy,9360,122,4,"Dedicated appliance repair channel with step-by-step tutorials for refrigerators, washers, ovens, dishwashers.",appliance repair | dryer repair | appliance repair technician,UCblhwI9PKe6vc6NUrQdJ0Zw,hands,appliance-repair,wave1,2026-09-14
https://www.youtube.com/@theapplianceshub,@TheAppliancesHub,The Appliances Hub,1400,70,4,"Explicitly describes appliance repair videos, diagnostics, tools and real service work across a technician team.",dishwasher repair | dryer repair,UCbETIFAYbp3rvIYLGYUFdXg,hands,appliance-repair,wave1,2026-09-14
https://www.youtube.com/@therepairexpert_120,@TheRepairExpert_120,The Repair Expert,130,145,4,Repair channel showing AC and washing machine repair including PCB repair work.,fridge repair Bangla,UCzFh4xgkCvz3XEUJBch5UPA,hands,appliance-repair,wave1,2026-09-14
https://www.youtube.com/@thomasappliance,@Thomasappliance,Thomas Appliance Repair | Greg Thomas,6810,186,4,"Appliance repair business channel sharing dryer, washer, fridge tips and real service call walkthroughs.",appliance repair | home appliance repair | dishwasher repair | dryer repair | fridge repair,UCtQvYWOj-YqoQQrrpvmvT8Q,hands,appliance-repair,wave1,2026-09-14
https://www.youtube.com/@vishalkumar-l9d3q,@VishalKumar-l9d3q,VK Automation,681,92,4,"Titles show real AC PCB error fixes and washing machine spin motor repair, hands-on troubleshooting content.",SMPS repair,UCGg8Kw_wuUvWK1Z8bUVgztQ,hands,appliance-repair,wave1,2026-09-14
https://www.youtube.com/@wmtvuk,@WMTVUK,WM TV UK,12,53,4,Dedicated front-load washing machine repair channel with step-by-step diagnosis guides described.,washing machine repairing | Waschmaschine reparieren,UCwTkzkIxjq1fKXufgy5MApQ,hands,appliance-repair,wave1,2026-09-14
https://www.youtube.com/@work_shop-1,@WORK_SHOP-1,Telugu work shop chennur,265,129,4,"Technician channel teaching AC, fridge, washing machine repair and training with detailed appliance categories listed.",fridge repair Telugu | TV repairing Telugu,UCCMjhTqMdrS2gX70H9E0YOA,hands,appliance-repair,wave1,2026-09-14
https://www.youtube.com/@washerdryermoney,@WasherDryerMoney,Washer Dryer Money,46800,122,4,Channel dedicated to washer/dryer repair videos and appliance flipping tutorials with interviews of repairmen.,appliance repair | dryer repair,UCD0c6qeBC6MKaP_q1DcjuMg,hands,appliance-repair,wave1,2026-09-14
https://www.youtube.com/@wawanelectronic,@WawanElectronic,Wawan Electronic,493,58,4,"Electronics repair channel explicitly covering TV, fridge, washing machine servicing with shop contact.",servis mesin cuci,UCa5WtVSgCKrqH22Y8wgc5lA,hands,appliance-repair,wave1,2026-09-14
https://www.youtube.com/@youssriabushahawi,@YoussriAbuShahawi,الشهاوي لصيانه الاجهزة        المنزلية,1630,77,4,"Channel explicitly offers educational videos on repairing refrigerators, washing machines and deep freezers with tips from experts.",صيانة ثلاجات | صيانة الكترونيات,UC3wxih5UoQ_K102cJ2bpzfg,hands,appliance-repair,wave1,2026-09-14
https://www.youtube.com/@ziyaul.acpoint,@ZIYAUL.ACpoint,ZIYAUL Ac point ,166,52,4,"AC repair/installation channel listing PCB, wiring and motor connection tutorials for window/split AC.",AC repair Hindi,UCiX_RqY3FXeh__mzFcXCrZw,hands,appliance-repair,wave1,2026-09-14
https://www.youtube.com/@abibservis6548,@abibservis6548,ABIB SERVIS,4260,105,4,"Daily electronics repair job diary, real fieldwork documented as stated in description.",servis mesin cuci,UCg-iVvCUNnuBv25GJjTO79A,hands,appliance-repair,wave1,2026-09-14
https://www.youtube.com/@ableappliancerepair6329,@ableappliancerepair6329,Able Appliance Repair,75,50,4,Business channel with real error-code diagnostic and repair videos across washer/dryer brands.,appliance repair | home appliance repair | dishwasher repair | dryer repair,UCjRyrzMcFN7yKUHZINyhZUw,hands,appliance-repair,wave1,2026-09-14
https://www.youtube.com/@acgurukamal,@acgurukamal,AC Guru kamal ,750,231,4,AC repair training channel with hands-on titles like gas storage and water leakage fixes in Hindi.,AC repair | AC repair Hindi,UCAwF20cxWx8Q64P83yLsO6Q,hands,appliance-repair,wave1,2026-09-14
https://www.youtube.com/@acrepair.navimumbai,@acrepair.navimumbai,Raj Airconditioner | Ac Repair in Navi Mumbai ,38,82,4,AC repair business channel with titles showing washing machine PCB repair and fridge gas changing on camera.,AC repair | air conditioner repair,UC5yz2gSIwvzcEJ7ojAldL2w,hands,appliance-repair,wave1,2026-09-14
https://www.youtube.com/@acservicecourse_fridgecour5516,@acservicecourse_fridgecour5516,Ac Service course _fridge course_washing machine,15400,271,4,"Vocational training center with hands-on courses in AC, fridge, washing machine, and microwave servicing.",AC repair | appliance repair course | washing machine repair Tamil,UCWs4MwaGifHNL8FWpsqiTOg,hands,appliance-repair,wave1,2026-09-14
https://www.youtube.com/@adiservisrawalumbu,@adiservisrawalumbu,Adi Servis Rawalumbu Servis AC Mesin Cuci Kulkas,2700,340,4,"Dedicated appliance repair service (AC, washing machine, fridge, stove, fan) listing detailed fault-specific services.",servis mesin cuci | servis kulkas,UCxCOXhZgfX21GGPqObVLDYg,hands,appliance-repair,wave1,2026-09-14
https://www.youtube.com/@adservicechannel,@adservicechannel,AD service channel ,3650,321,4,"Mixes TV/phone/laptop repair with washing machines, dynamos, refrigerators as learning diary.",servis mesin cuci,UCuHEy3eJaMhKQqdANHDuwmQ,hands,appliance-repair,wave1,2026-09-14
https://www.youtube.com/@ahsantechnical5676,@ahsantechnical5676,Ahsan Technical,765,220,4,Technical channel with titles on copper pipe brazing/soldering and AC servicing showing real practical repair work.,refrigerator repair | washing machine repair Hindi,UCvwrnoF53RvGw61KmKF70eQ,hands,appliance-repair,wave1,2026-09-14
https://www.youtube.com/@aircondenserrepair,@aircondenserrepair,Ram ac and refrigerator repair,194,70,4,PCB and electrical repair titles for AC and refrigerators show real bench diagnostic/repair work.,refrigerator repair,UC7eDs04dbwsj6PZfIvSw6bw,hands,appliance-repair,wave1,2026-09-14
https://www.youtube.com/@airconditioning347,@airconditioning347,"Home Tech Repair Master

",562,124,4,Dedicated AC/fridge/washing machine repair channel with troubleshooting titles like iron and cooler repair shown.,appliance repair | home appliance repair | appliance technician | washing machine repair | refrigerator repair | fridge repair | air conditioner repair | AC repair | fridge repair Hindi | AC repair Hindi | washing machine repairing Urdu,UCgs1dogdewRhEbkP8brYJrA,hands,appliance-repair,wave1,2026-09-14
https://www.youtube.com/@akash-tecnician397,@akash-Tecnician397,Akash Cooling Centre ,69,88,4,"AC and fridge repair videos with described own work vlogs, dedicated repair channel.",fridge repair Hindi,UC628zPB4mWVmZ5bqhgICUbw,hands,appliance-repair,wave1,2026-09-14
https://www.youtube.com/@akinfoacfridgerepairtraining,@akinfoacfridgerepairtraining,AK info AC Fridge Repair Training institute,510,86,4,AC and fridge PCB repair training institute explicitly focused on practical repair tips and tricks.,refrigerator repair | reparación de refrigeradores | تعمیر یخچال | electronics repair course,UCgYUBySTF7AVfFZFfGZYpcQ,hands,appliance-repair,wave1,2026-09-14
https://www.youtube.com/@aktifbeyazesyaservisi6479,@aktifbeyazesyaservisi6479,AKTİF BEYAZ EŞYA SERVİSİ,1300,1288,4,"White goods repair service channel covering dishwasher, refrigerator, washing machine, vacuum cleaner repair topics.",appliance repair | washing machine repair | refrigerator repair | dishwasher repair | çamaşır makinesi tamiri,UCTylsJiRS8wppXIBlbm3weA,hands,appliance-repair,wave1,2026-09-14
https://www.youtube.com/@alhaqacelectrical193,@alhaqacelectrical193,Alhaq AC & Electrical,1190,93,4,"Urdu channel dedicated to repairing fridge, washing machine, AC, fan and other home electrical products.",fridge repair Hindi | washing machine repairing Urdu,UClxcps8eWcg1s85SVWGInmg,hands,appliance-repair,wave1,2026-09-14
https://www.youtube.com/@alirohmanservis,@alirohmanservis,Ali Servis Elektronik dan Pendingin,505,103,4,Dedicated electronics and cooling/appliance repair channel showing real fieldwork daily.,servis mesin cuci,UCLLFtokwdJZrA0urraPvnNQ,hands,appliance-repair,wave1,2026-09-14
https://www.youtube.com/@allfirsov,@allfirsov,ALLTEH,3170,287,4,"Private technician repairing large appliances (washers, dishwashers, dryers) in Moscow, business-style description but real trade.",réparation lave-linge,UC79lIYsyWiR4qJmH7gOel1g,hands,appliance-repair,wave1,2026-09-14
https://www.youtube.com/@alphateknik,@alphateknik,Alpha Teknik Servis Elektronika Rumahtangga,273000,1020,4,Dedicated electronics repair tutorial channel teaching viewers to fix household appliances themselves.,servis mesin cuci,UCIU8CdqHIQ5XjJAgzDPBr6w,hands,appliance-repair,wave1,2026-09-14
https://www.youtube.com/@amarahmjk,@amarahmjk,المهندس للصيانه _ عمار احمد,22300,521,4,Educational maintenance channel with detailed fridge/freezer/washer repair topics like gas charging and cooling faults.,تصليح غسالات | صيانة ثلاجات | إصلاح انفرتر,UC2P_RVyyeEDRvBgXq3C2zgA,hands,appliance-repair,wave1,2026-09-14
https://www.youtube.com/@amitpartik11112,@amitpartik11112,pratik real block,209,294,4,"Titles show real deep freezer/fridge repair with capillary block, gas charging, compressor change work.",washing machine repair | fridge repair | AC repair | washing machine repair Hindi | fridge repair Hindi,UCySEKb04ODzy1jvuNdxeQuA,hands,appliance-repair,wave1,2026-09-14
https://www.youtube.com/@appliancefixacademy,@appliancefixacademy,Appliance Fix Academy,41200,334,4,Appliance repair training platform describing hands-on courses across appliance types.,appliance repair | refrigerator repair | dryer repair | appliance repair technician,UCVcYWesq2rQFVFM-PPMW0wA,hands,appliance-repair,wave1,2026-09-14
https://www.youtube.com/@appliancehelpers1661,@appliancehelpers1661,Appliance Helpers,11300,12785,4,"Dedicated appliance repair troubleshooting channel per description, focused on major appliance issues.",appliance repair | dishwasher repair,UCDtepnImhEulmfNUVlG1afw,hands,appliance-repair,wave1,2026-09-14
https://www.youtube.com/@appliancepartspros,@appliancepartspros,AppliancePartsPros,300000,5463,4,"Large library of step-by-step washer, dryer, fridge, dishwasher repair videos alongside parts sales.",appliance repair | refrigerator repair | home appliance repair | washing machine repair | fridge repair | dishwasher repair | dryer repair | appliance repair technician | تعمیر یخچال,UCnMCOX6qSbTUQPyJJzRwPcg,hands,appliance-repair,wave1,2026-09-14
https://www.youtube.com/@appliancerepairspecialists8014,@appliancerepairspecialists8014,Appliance Repair Specialists,3,126,4,Local appliance repair company with titles showing LG washer/dryer repair jobs across service areas.,appliance repair | dryer repair,UC-IWJf4-IEb7mpQ9I_1uvgQ,hands,appliance-repair,wave1,2026-09-14
https://www.youtube.com/@aqabozorg,@aqabozorg,اقا بزرگ,4250,297,4,Dedicated to teaching compressor repair for refrigerators and air conditioners and cooling equipment repair.,تعمیر یخچال,UCSRXp2EJuziWcEiVoDmogJw,hands,appliance-repair,wave1,2026-09-14
https://www.youtube.com/@armandobarajas5725,@armandobarajas5725,De todo lavadoras,53,66,4,Channel focused on showing various washing machine failures and repairs across models.,reparación de lavadoras,UCT7rNSYHn8XY_vBXy8q4dWg,hands,appliance-repair,wave1,2026-09-14
https://www.youtube.com/@atbbrighttech.institute,@atbbrighttech.institute,ATB bright technical  institute ,494,813,4,"Technical training institute covering electrician and appliance repair courses (AC, fridge, washing machine) with practical training claims.",appliance repair | home appliance repair | appliance repair course,UCVBgD5hUiF-VARJAjsfzMUA,hands,appliance-repair,wave1,2026-09-14
https://www.youtube.com/@atpreparaciones,@atpreparaciones,ATP REPARACIÓN DE ELECTRODOMÉSTICOS,222000,1033,4,"Community channel dedicated to repairing fridges, washers and split ACs at home.",reparación de refrigeradores | reparación de aire acondicionado,UCMybszNtSx2WSFI9gZQpL6w,hands,appliance-repair,wave1,2026-09-14
https://www.youtube.com/@automaticwashingmachineexpert,@automaticwashingmachineexpert,JonRos Tech Repairs,285,686,4,"Repair service channel for washing machines, refrigerators, AC and LED TV with washing machine repair hashtags dominant.",washing machine repair Hindi,UC52sVlZWYLbnFrWYN1t75WA,hands,appliance-repair,wave1,2026-09-14
https://www.youtube.com/@azamservice,@azamservice,AZam Technical Service Suri,2630,1079,4,"Covers AC, fridge, washing machine, microwave, cooler and geyser repair with dedicated service branding.",washing machine repair Hindi | fridge repair Hindi,UCvH7IWehZwV-wljEBzQuEHA,hands,appliance-repair,wave1,2026-09-14
https://www.youtube.com/@azelectricalworks,@azelectricalworks,AZ ELECTRICAL WORKS,69700,386,4,"Electrical mechanic listing extensive appliance repair topics: fridge, AC, washing machine, geyser, motor, fan repairs.",washing machine repair | washing machine repairing | refrigerator repair | air conditioner repair | fridge repair Hindi,UCTGI3rzhZT23R5pxQgExfuQ,hands,appliance-repair,wave1,2026-09-14
https://www.youtube.com/@baharservis9400,@baharservis9400,Bahar servis,97,206,4,"Services TV, washing machine, fridge and other electronics with clear repair focus.",servis mesin cuci | servis TV LED,UC4JxKK5vv-gZGuZKyQZXFKw,hands,appliance-repair,wave1,2026-09-14
https://www.youtube.com/@bangbob-u5w,@bangbob-u5w,Hasna Servis,6740,537,4,"Dedicated content creator channel repairing washing machines, dispensers, water pumps and other home appliances.",servis mesin cuci,UCqj-v_doK5Fy1ELHD9TJF4w,hands,appliance-repair,wave1,2026-09-14
https://www.youtube.com/@bensappliancesandjunk,@bensappliancesandjunk,Bens Appliances and Junk,479000,452,4,Used appliance store owner sharing learned fix techniques for appliances on YouTube.,washing machine repair | fridge repair | dishwasher repair,UC1sWwB45heL1CfLHLBXCXow,hands,appliance-repair,wave1,2026-09-14
https://www.youtube.com/@bharatacrepair,@bharatacrepair,BHARAT AC REPAIR ,655,83,4,AC technician channel with titles showing cooling coil/evaporator replacement steps.,AC repair,UC0eosdMfYZ14QjdRqyThzHw,hands,appliance-repair,wave1,2026-09-14
https://www.youtube.com/@bhargavaraju95,@bhargavaraju95,M.S.TECHNICIAN,1010,86,4,"Lists AC, fridge, washing machine, geyser, mixer, fan repair with practical demo videos and easy tips mentioned.",fridge repair Telugu,UCC-WgT1PbQj1s3UqRc8bHDg,hands,appliance-repair,wave1,2026-09-14
https://www.youtube.com/@blbengkelelektro7934,@blbengkelelektro7934,BLbengkel elektro,2020,239,4,Dedicated electronics workshop channel teaching AC and washing machine repair tutorials for various brands.,servis mesin cuci,UCBuVfeT0oxifkuelobdvYVg,hands,appliance-repair,wave1,2026-09-14
https://www.youtube.com/@bomachtinquang1414,@bomachtinquang1414,Bo Mạch Tín Quang,978,70,4,"Dedicated electronics/PCB repair channel for fridge, AC, washing machine boards with real fault titles shown.",sửa máy giặt | sửa tủ lạnh,UCJnhoNqbyDm67OAwce7FjbQ,hands,appliance-repair,wave1,2026-09-14
https://www.youtube.com/@bricolagekenitra77,@bricolagekenitra77,اصلاح آلات التصبين والثلاجات,292,106,4,"Educational channel explicitly for repairing refrigerators and washing machines, framed as teaching content.",صيانة ثلاجات,UCwS-RGvYYv1PFfGF2Oq1r6Q,hands,appliance-repair,wave1,2026-09-14
https://www.youtube.com/@bybykoz,@bybykoz,Тапки норм ,302,195,4,"Private master repairing washing machines and refrigerators, likely filming real jobs.",ремонт стиральных машин,UCBnxbDfWrTSQExQi-jkhO6Q,hands,appliance-repair,wave1,2026-09-14
https://www.youtube.com/@carloshernandez2265,@carloshernandez2265,Carlos hernandez ,3580,476,4,"Technical guide channel covering refrigeration and AC diagnostics, compressors, gas handling, repair-focused.",reparación de lavadoras | reparación de aire acondicionado,UCzqgJKMxXF7Cwben1FiX2zA,hands,appliance-repair,wave1,2026-09-14
https://www.youtube.com/@catelec6540,@catelec6540,catelec เครื่องเย็น,2620,309,4,"Channel repairing home appliances, AC units, and refrigerators explicitly stated.",ซ่อมตู้เย็น | تعمیر یخچال,UCV-szV9jO-r7x3lPwhDhGxg,hands,appliance-repair,wave1,2026-09-14
https://www.youtube.com/@chanchannel_h8b,@chanchannel_h8b,chan channel,11,58,4,"Titles show varied electronics service work including TV reset, kulkas cleaning, and washing machine dinamo testing.",servis mesin cuci,UCJhyXpIlf-68BOg8hDiMjkg,hands,appliance-repair,wave1,2026-09-14
https://www.youtube.com/@chanletree9350,@chanletree9350,杜哥修空调,201,152,4,"AC repair technician channel, name and description indicate years of AC repair work.",家电维修,UCfaDnLEj2Fa-Gq_NmHHCliQ,hands,appliance-repair,wave1,2026-09-14
https://www.youtube.com/@cilekramazan,@cilekramazan,Ramazan Çilek,1850,53,4,Turkish white-goods private service technician uploading job videos when possible.,çamaşır makinesi tamiri,UCrldUwmKRxUpNf8PWJBq-bQ,hands,appliance-repair,wave1,2026-09-14
https://www.youtube.com/@clautecmaq,@clautecmaq,Clautec | Máquina de Lavar e Microondas,2340,143,4,Washing machine and microwave repair business channel promising tutorials and maintenance content.,conserto de máquina de lavar,UCLLj8DgmcK1vsdLtDD2NPyA,hands,appliance-repair,wave1,2026-09-14
https://www.youtube.com/@coolcare604,@coolcare604,@coolcare,27,54,4,"Titles show real fridge/AC repair shorts covering compressor, gas charging, PCB checks, gasket issues.",washing machine repairing,UCJrstZCJ1qFrUG-Ztj7vGtA,hands,appliance-repair,wave1,2026-09-14
https://www.youtube.com/@cooltech621,@cooltech621,Ali COOL TECH,3760,52,4,"Describes practical PCB, AC, fridge, deep freezer and microwave repair content.",fridge repair | AC repair | microwave oven repair | fridge repair Hindi,UC0GloASXhKNt9-XezUNNspQ,hands,appliance-repair,wave1,2026-09-14
https://www.youtube.com/@cooltechnicaltv_00,@cooltechnicaltv_00,cool technical tv ,128,51,4,AC and fridge repair channel with practical troubleshooting titles like fridge cooling and AC pipe issues.,AC repair | washing machine repair Hindi | fridge repair Hindi | washing machine repairing Urdu,UCbConH1OPNLizbrf81hhp-w,hands,appliance-repair,wave1,2026-09-14
https://www.youtube.com/@daniel-b2o1g,@daniel-b2o1g,Refrigeracion DYE,5,92,4,"Simple description directly states washer and refrigerator repair focus, name-based repair channel.",reparación de lavadoras | reparación de refrigeradores,UCS_u-MyXCoMcwY7bSPriIWQ,hands,appliance-repair,wave1,2026-09-14
https://www.youtube.com/@danieltec1,@danieltec1,Danitec lavadoras y refrigeradores ,1030,303,4,Channel dedicated to step-by-step washing machine and refrigerator repair tutorials and diagnostics.,reparación de lavadoras | reparación de refrigeradores,UCQ0Z8-TDdz1GZtQ_ad5th-w,hands,appliance-repair,wave1,2026-09-14
https://www.youtube.com/@dazhusilingjiadianweixiu,@dazhusilingjiadianweixiu,Dazhu Siling·Home Appliance Repair,58,98,4,Home appliance repair vlog with real fridge and gas stove repair footage from a technician in Sichuan.,appliance repair | home appliance repair | 家电维修,UC4jQjxFTAVMi3y-06nUTWZg,hands,appliance-repair,wave1,2026-09-14
https://www.youtube.com/@dexterlifetimesupport,@dexterlifetimesupport,Dexter Lifetime Support,3790,62,4,Manufacturer channel explicitly covering basic repairs to washers and dryers for maintenance.,Waschmaschine reparieren,UCDUF7rTCOaOgu0Z-mrlSw9g,hands,appliance-repair,wave1,2026-09-14
https://www.youtube.com/@dienlanhanhthang,@dienlanhanhthang,Điện Lạnh Anh Thắng,5560,11223,4,"Practical repair channel explicitly promising real repair videos for AC, fridge, washer, microwave, TV, boards.",sửa tủ lạnh,UCvjAkf25rgDpsclim-LPrtA,hands,appliance-repair,wave1,2026-09-14
https://www.youtube.com/@digitalakbari,@digitalakbari,دیجیتال اکبری_آموزش الکترونیک_آموزش تعمیربُرد,2230,71,4,Electronics training school listing dedicated courses for AC board repair and fridge/freezer board repair.,تعمیر یخچال,UCuonWpn4kPTgMHOvGYOxyLw,hands,appliance-repair,wave1,2026-09-14
https://www.youtube.com/@dikiyholod,@dikiyholod,Ремонт холодильников и стиральных машин в Самаре.,1100,179,4,Refrigerator and washing machine repair master channel centered on his profession and cold-related repairs.,ремонт холодильников,UCM1CIc7k59kw7HM2ksGWyIg,hands,appliance-repair,wave1,2026-09-14
https://www.youtube.com/@diyby6398,@diyby6398,งานDiy by ช่างตุ๋ย,3600,180,4,DIY channel explicitly focused on repairing electrical appliances for daily use.,ซ่อมตู้เย็น,UCuBAhirSPh3qD1u-YTUolkA,hands,appliance-repair,wave1,2026-09-14
https://www.youtube.com/@doctormicro,@doctormicro,doctor micro,17200,145,4,"Electronics repair channel focused on inverter AC PCB boards, sensors, compressors with real diagnostic methods.",reparación de aire acondicionado,UC9GZcpaDyW0S0BH4XVc83aQ,hands,appliance-repair,wave1,2026-09-14
https://www.youtube.com/@donyaservice,@donyaservice,donyaservice,228,304,4,Fridge and washing machine repair service center with titles on compressor repair and gas charging explanations.,تعمیر یخچال,UCvpDKp-ENLlMsgCKgBsOLuw,hands,appliance-repair,wave1,2026-09-14
https://www.youtube.com/@dr.refris,@dr.refris,Dr. Refris,11300,302,4,Step-by-step refrigerator and washing machine repair tutorial channel with clear diagnostic focus.,reparación de refrigeradores,UCir0sjMNYjn7IFQFlvWsG8w,hands,appliance-repair,wave1,2026-09-14
https://www.youtube.com/@espares,@eSpares,eSpares,176000,1080,4,"eSpares repair tutorial channel promoting hands-on repair guides for washing machines, dishwashers and pressure washers.",appliance repair | washing machine repair | washing machine repairing,UCcbE1Y2n-oL4YGDJCcDDTag,hands,appliance-repair,wave1,2026-09-14
https://www.youtube.com/@eamoozan,@eamoozan,eamoozan,15600,286,4,"Channel dedicated to home appliance repair, maintenance and buying advice with community Q&A.",تعمیر یخچال,UCwtXTaH8aUm6xDUGBrMA_FQ,hands,appliance-repair,wave1,2026-09-14
https://www.youtube.com/@elangelito,@elangelito,EL ANGELITO,1910000,1336,4,"Dedicated automatic washing machine repair specialty channel with thorough explained tutorials, plus other DIY experiments.",washing machine repair | reparación de lavadoras,UCD7FQQev-YMsslmt9nJ5ZtA,hands,appliance-repair,wave1,2026-09-14
https://www.youtube.com/@electricsolutio,@electricsolutio,Electric Solution ,5140,183,4,"Multiple appliance repair topics listed including washing machine, fridge, motor winding and gas charging.",washing machine repair Hindi,UCfE7D8WCARIoD3zR-9mKlTA,hands,appliance-repair,wave1,2026-09-14
https://www.youtube.com/@electronicsproblemsolutions,@electronicsproblemsolutions,Electronics Problem Solutions,2510,122,4,"Technician channel repairing microwave, induction cooker, kettle, water heater, purifier and appliances.",صيانة الكترونيات,UCHBO5S0IGCbEhG-jLYWTdoA,hands,appliance-repair,wave1,2026-09-14
https://www.youtube.com/@electrorosoficial,@electrorosoficial,ELectroRos,25000,401,4,"Specialized in repairing inverter/conventional AC, washer and fridge PCB boards with error code diagnostics.",reparación electrónica,UCB0Bui60xaxwDxBJ-ohhn3w,hands,appliance-repair,wave1,2026-09-14
https://www.youtube.com/@electroservice82,@electroservice82,electro service,3800,756,4,"Educational channel on installing and repairing home appliances including washing machines, dishwashers and refrigerators.",réparation lave-linge,UCPs1iuETMO9GctTei4MZbHw,hands,appliance-repair,wave1,2026-09-14
https://www.youtube.com/@electrovoltreparaciones,@electrovoltreparaciones,Electrovolt reparaciones,1240,85,4,"Dedicated appliance repair channel covering washers, dryers, irons, blenders with interactive repair content.",reparación electrónica,UCGwn2HGPcdx42nTb-KZRYPw,hands,appliance-repair,wave1,2026-09-14
https://www.youtube.com/@elkinkon,@elkinkon,Elkin Fernandez,184000,422,4,"Dedicated to electronic board repair for washers, fridges and AC units with courses offered.",reparación de lavadoras | reparación electrónica,UCta4tjgHsu8VgdGKvXVKx5A,hands,appliance-repair,wave1,2026-09-14
https://www.youtube.com/@emadfathy6067,@emadfathy6067,Emad fathy عماد فتحى,3990,226,4,"Educational channel teaching step-by-step repair of washers, fridges, freezers, water heaters.",تصليح غسالات,UC8b7PFFI7lSzFMJY2bPG7rQ,hands,appliance-repair,wave1,2026-09-14
https://www.youtube.com/@erwinaloquin28,@erwinaloquin28,Erwin Aloquin,372,66,4,"Channel explicitly about appliance repair tutorials for daily-use devices, dedicated repair content.",watch repair Hindi,UCjbipLzaixAKx5L6fTlx1Qg,hands,appliance-repair,wave1,2026-09-14
https://www.youtube.com/@farmanhvacschool,@farmanhvacschool,Farman HVAC School ,10100,204,4,"HVAC chiller expert channel with hands-on maintenance, troubleshooting and installation content for AC/refrigeration systems.",صيانة مكيفات,UCKFbOleFoDzzPTOXT5nEowQ,hands,appliance-repair,wave1,2026-09-14
https://www.youtube.com/@feliciawashingthjg,@feliciawashingthjg,乐此不疲的电器维修人,1160,132,4,Appliance repair channel sharing daily repair videos and troubleshooting experiences per description.,家电维修 | 电视维修,UCXh0bd4KkuO-FjoQTnVgT1Q,hands,appliance-repair,wave1,2026-09-14
https://www.youtube.com/@fix_zone_tashkent,@fix_zone_tashkent,Remont_Stiralnix_Mashin_Tashkent,1720,399,4,Washing machine repair shop channel in Tashkent describing bearing/damper replacement and diagnostics.,ремонт стиральных машин,UC72saQAZV0SZFylrGl02pIw,hands,appliance-repair,wave1,2026-09-14
https://www.youtube.com/@fixitfelix718,@fixitfelix718,Fix it Felix Appliance Repair,1940,191,4,"Description states real repair videos on high-end and common appliances with right-to-repair advocacy, suggests hands-on content.",appliance repair,UCpynzVrjqhX2yGd24nS4RnQ,hands,appliance-repair,wave1,2026-09-14
https://www.youtube.com/channel/ucfdiecibfcu-hby4mtlqy9w,@fixperttrainingcenter,Fixpert Training Center - FTC,431,75,4,"Training center with clear hands-on titles: AC PCB wiring, multimeter voltage testing, indoor unit reassembly.",fridge repair | fridge repair Bangla,UCFDIeciBfcu-hby4MtLqY9w,hands,appliance-repair,wave1,2026-09-14
https://www.youtube.com/@franciscomiranda7025,@franciscomiranda7025,Francisco Miranda,99500,766,4,"Self-taught channel sharing experiences repairing refrigerators, washers and ovens.",reparación de lavadoras,UCDFcveIIc2SV98d5utEEE4g,hands,appliance-repair,wave1,2026-09-14
https://www.youtube.com/@fully4india0,@fully4india0,Fully4India,563,197,4,"Dedicated geyser, washing machine and fridge repair/servicing channel with step-by-step Hindi guides.",fridge repair Hindi,UCqLrBth-qpw4IEMZgg47PRw,hands,appliance-repair,wave1,2026-09-14
https://www.youtube.com/@fully4world,@fully4world,Fully4world,720000,1177,4,HVAC/refrigerator repair channel with troubleshooting content in Urdu/Hindi for technicians.,fridge repair Hindi,UChzTKRTOQeUjLi3tK8ci2rQ,hands,appliance-repair,wave1,2026-09-14
https://www.youtube.com/@gauthier2132,@gauthier2132,龙岩家电维修,92,253,4,"Chinese appliance repair vlogger with titles on AC cleaning, fridge board repair and heat pump troubleshooting.",家电维修,UC-go4tmBar3qqqW9SJZzgFA,hands,appliance-repair,wave1,2026-09-14
https://www.youtube.com/@geiferson,@geiferson,Canal do Geiferson Tutoriais & Assistência Técnica,57200,657,4,"Appliance repair tutorial and assistance channel covering washers, fridges, microwaves, air fryers with technical hashtags.",conserto de máquina de lavar | conserto de geladeira,UCHhvdeD6pj6WGM3O2gUo2sA,hands,appliance-repair,wave1,2026-09-14
https://www.youtube.com/@germandelgado20,@germandelgado20,FrostLav DELSO ,1460,556,4,"Refrigeration and appliance repair channel covering minisplits, fridges, washers with practical field diagnostics.",reparación de refrigeradores | reparación de aire acondicionado,UCpIXHLU8sUt_DqZ4RP2UPkQ,hands,appliance-repair,wave1,2026-09-14
https://www.youtube.com/@giftedhandsappliancerepair8467,@giftedhandsappliancerepair8467,Gifted Hands Appliance Repair,872,57,4,"Description promises diagnosing, ride-alongs, tear-down and rebuild, and theory of operation content, strong hands-on repair signals.",home appliance repair | refrigerator repair | microwave oven repair | dishwasher repair | dryer repair,UCMXSODNT0O1fWnbIT_inPoA,hands,appliance-repair,wave1,2026-09-14
https://www.youtube.com/@gltechnicalindia,@gltechnicalindia,Gl technical india ,1070,64,4,"Multi-appliance repair channel covering TV, microwave, washing machine, AC, fridge and induction cooker fixes.",washing machine repair Hindi,UCAEphMmB-8kpnw6CSsoqX-Q,hands,appliance-repair,wave1,2026-09-14
https://www.youtube.com/@gowsh5141,@gowsh5141,GM microwave oven service shop ,45,58,4,Dedicated microwave oven service shop channel with regular repair-titled video uploads showing ongoing service work.,microwave oven repair,UCRyWM_fyO916hbxDXAzEZ-w,hands,appliance-repair,wave1,2026-09-14
https://www.youtube.com/@greencool,@greencool,Green Cool,368,58,4,Technical channel focused on repairing home appliances with practical repair tutorials described.,fridge repair Hindi,UCQ61rLU7WF782y17AaIPVTg,hands,appliance-repair,wave1,2026-09-14
https://www.youtube.com/@hameedwafaafg,@hameedwafaAFG,Hameed Appliances Repair,26600,1709,4,"Dedicated appliance repair channel with step-by-step guides for fridge, washer, dryer, stove and microwave issues.",appliance repair | refrigerator repair | dryer repair | home appliance repair | fridge repair | microwave oven repair | dishwasher repair | appliance repair technician,UCPGjhIH2Xy01GREdb-Kgmxw,hands,appliance-repair,wave1,2026-09-14
https://www.youtube.com/@herman_servis.,@herman_servis.,Herman Servis,2040,104,4,"Repair-focused channel listing fans, stoves, washing machines, fridges, blenders, irons as service subjects.",servis kulkas | servis mesin cuci,UCkxu92eBA3fDGdgm9lZZnVg,hands,appliance-repair,wave1,2026-09-14
https://www.youtube.com/@homeapplincesbiomedicamach4801,@homeapplincesbiomedicamach4801,Home Applinces & Biomedical Machinery Repairing,52,74,4,"Home appliance repair channel covering fridge, AC, washing machine, microwave with actual repair titles shown.",AC repair | microwave oven repair,UCI3_VPb-wfHK-9LaVXO-4hg,hands,appliance-repair,wave1,2026-09-14
https://www.youtube.com/@hpactech,@hpactech,hptech Repair Vlog,1980,109,4,"Hindi repair vlog covering AC, fridge, washing machine, cooler and microwave repair and servicing.",appliance repair | washing machine repair | refrigerator repair | fridge repair | AC repair | microwave oven repair | washing machine repairing,UCtDCG7RvbaXZ5lFl1FR3Jjg,hands,appliance-repair,wave1,2026-09-14
https://www.youtube.com/@huyluong2609,@huyluong2609,Sửa chữa điện lạnh,102,51,4,"Refrigeration repair channel offering guidance on fridge, washing machine and AC repair techniques.",sửa máy giặt | sửa máy lạnh | sửa chữa điện tử,UC3X0BqlXBt-DHZReTHeyDIQ,hands,appliance-repair,wave1,2026-09-14
https://www.youtube.com/@huysuachualuudong89,@huysuachualuudong89,đào huy 89,2930,346,4,Mobile refrigeration technician channel sharing simple at-home AC/washing machine repair guides directly.,sửa máy giặt,UCFawq_aq86ocQetnhBG0Rhw,hands,appliance-repair,wave1,2026-09-14
https://www.youtube.com/@i-iceberg,@i-iceberg,А-Айсберг Мастер Мастеров,25700,284,4,"Repair master showing common breakdowns of washing machines, fridges plus some TVs and computers.",ремонт стиральных машин,UCFGj3J43zw0ncCRtV4d01Iw,hands,appliance-repair,wave1,2026-09-14
https://www.youtube.com/@iarepairmaster,@iarepairmaster,IA Repair Master,691,85,4,"Home appliance repair tips channel covering AC, motors, washing machine, fans and more.",washing machine repairing | microwave oven repair,UCLbNnIl-qNXRoCN9214ldBA,hands,appliance-repair,wave1,2026-09-14
https://www.youtube.com/@ien-lanh-tuan-hung,@ien-lanh-tuan-hung,điện lạnh tuấn hùng,5620,359,4,Refrigeration equipment channel sharing disassembly and repair instructions when devices malfunction.,sửa tủ lạnh,UCl6-NG68PA4ZwV6C7nzXwdQ,hands,appliance-repair,wave1,2026-09-14
https://www.youtube.com/@imranbabi7770,@imranbabi7770,Cool N Cooling Refrigeration ,24,57,4,"Shorts titles show real AC gas charging, jet servicing, and appliance repair work on camera.",microwave oven repair,UCMjY0Jra5UZStUDxsZLFTFg,hands,appliance-repair,wave1,2026-09-14
https://www.youtube.com/@ireshmhetre3377,@ireshmhetre3377,Tej Sales And Services Acadamy,3010,327,4,"Appliance repair training academy covering washing machine, fridge, AC and microwave practical courses.",appliance repair | home appliance repair | appliance repairing | washing machine repair | refrigerator repair | AC repair | microwave oven repair | appliance repair course | washing machine repair Hindi | fridge repair Hindi,UCv01eW_0MRZA895tXIvye2Q,hands,appliance-repair,wave1,2026-09-14
https://www.youtube.com/@jahirtechnical,@jahirtechnical,Jahir Technical,11100,295,4,"Self-described repair technician channel covering refrigeration, AC, microwave and washing machine with hands-on experience claimed.",refrigerator repair | washing machine repair Hindi | AC repair Hindi | washing machine repairing Urdu,UC_9gENrgW_D5vxi1jmP5TsQ,hands,appliance-repair,wave1,2026-09-14
https://www.youtube.com/@jcmaqtecservice,@jcmaqtecservice,jcmaqtecservice ,1730,266,4,Fridge and PCB repair shop channel with clear technical focus on refrigeration and inverter tech.,conserto de geladeira,UCQdBfaawIxHs7VNh3kHO26w,hands,appliance-repair,wave1,2026-09-14
https://www.youtube.com/@jdlelectronicsservicecente3261,@jdlelectronicsservicecente3261,JDL ELECTRONICS SERVICE CENTER,196000,553,4,"Service center channel covering AC, refrigerator, TV, washing machine and other electronics home appliances.",washing machine repair Hindi | electronics repair | inverter repair | TV repair shop | servis power supply | Elektronik reparieren | electronics repair shop | TV repair technician | electronics repairing institute,UCQsn7fM71DF4W1pfrJSzQRw,hands,appliance-repair,wave1,2026-09-14
https://www.youtube.com/@jhonjdo,@jhonjdo,Jhon Diaz ElectroSoluciones Bobinados y Reparación,6500,85,4,"Electromechanic channel covering pressure washer repair, motor rewinding and refrigeration work.",reparación de lavadoras,UC2Ohh6tGGbygF8frNvts72w,hands,appliance-repair,wave1,2026-09-14
https://www.youtube.com/@jmservis2370,@jmservis2370,JM SERVIS,4490,662,4,"Dedicated tutorial channel for repairing TV, fridge, washing machine, fan and other home electronics.",servis mesin cuci,UCxqy5SJl_y81IUXslM87QXQ,hands,appliance-repair,wave1,2026-09-14
https://www.youtube.com/@kangnanarindramayutehnikpe3277,@kangnanarindramayutehnikpe3277,kang nana tukang servis ecek ecek,48,169,4,"Covers fridge, AC, cooling repair plus electrical installation, hashtag-heavy but relevant scope.",servis mesin cuci,UCdUdZbJ9WxHprTZWWVl-P5A,hands,appliance-repair,wave1,2026-09-14
https://www.youtube.com/@kithuatientu8386,@kithuatientu8386,kĩ thuật điện tử,398,156,4,"Technical training channel with practical repair videos of induction cookers, rice cookers and AC units.",sửa chữa điện tử,UCWlXdMAo7e7wWnDc9XXkyYQ,hands,appliance-repair,wave1,2026-09-14
https://www.youtube.com/@lorrainedawsgkc,@lorrainedawsgkc,小天家电维修,1370,305,4,"Channel description simply states daily appliance repair and cleaning process sharing, appliance-focused.",家电维修,UCsxaXjV4xClppO6KMrsomGA,hands,appliance-repair,wave1,2026-09-14
https://www.youtube.com/@m.pelectricals1445,@m.pelectricals1445,M.P ELECTRICALS,1390,60,4,Channel dedicated to teaching home appliance electrical repair with 15 years experience shared.,家电维修,UCljZ00krNxkHXyFgdIbBeig,hands,appliance-repair,wave1,2026-09-14
https://www.youtube.com/@maheshallinonesolutions,@maheshallinonesolutions,MAHESH ALL IN ONE SOLUTIONS,1300,126,4,"Appliance repair channel covering washing machines, fridges and ACs with tutorial-style repair content.",appliance repair | fridge repair Telugu,UClA94rSbt7UGzB-ORXaoJjg,hands,appliance-repair,wave1,2026-09-14
https://www.youtube.com/@maksmaster53,@maksmaster53,Maks MASTER,1880,65,4,Dedicated washing machine cleaning and repair review channel with practical content.,ремонт стиральных машин,UClEGvBDrstwbHz1ZM_75N9w,hands,appliance-repair,wave1,2026-09-14
https://www.youtube.com/@marutiacfridgerepair,@marutiacfridgerepair,Maruti AC fridge repair,322,75,4,"AC and fridge repair channel detailing gas charging, compressor checking, PCB and wiring troubleshooting in practical style.",refrigerator repair,UCFRe89U3HVD2-vr2DytWUIA,hands,appliance-repair,wave1,2026-09-14
https://www.youtube.com/@maspriservis2955,@maspriservis2955,SERVIS OPO WAE,1100,310,4,"Comprehensive electronics repair service covering TVs, appliances, fans, washing machines and callout service.",servis mesin cuci,UCdhRyABXSS1uYebn1o4QzjQ,hands,appliance-repair,wave1,2026-09-14
https://www.youtube.com/@mastercool_kursk_ru,@mastercool_kursk_ru,Ремонт холодильников в Курске 8 951 326 5045,13900,697,4,Experienced refrigeration engineer sharing videos from household to commercial fridge repair and maintenance work.,ремонт холодильников | تعمیر یخچال,UC_lH_bAjZEfOr8Uroo59oxw,hands,appliance-repair,wave1,2026-09-14
https://www.youtube.com/@maxrepariert,@maxrepariert,MAX REPARIERT,17800,246,4,"Repair channel covering washing machines, dryers alongside game consoles and cars, appliance repair is prominent.",Waschmaschine reparieren,UCjzKo74tD8KNIANycqK45cA,hands,appliance-repair,wave1,2026-09-14
https://www.youtube.com/@mayoaircool,@mayoAircool,MAYO_Aircool ,362,108,4,"RAC technician channel explicitly covering AC, microwave, geyser, washing machine, refrigerator repair.",washing machine repair Hindi,UCED5ZJaRxnbIbeGKgU-jJdg,hands,appliance-repair,wave1,2026-09-14
https://www.youtube.com/@meinmacher-das-reparaturportal,@meinmacher-das-reparaturportal,MeinMacher - Das Reparaturportal,2510,207,4,German repair portal channel offering practical tips for fixing electrical appliances with technician expertise.,Waschmaschine reparieren,UCzrjJA2K_I0WYAIyF6I5Faw,hands,appliance-repair,wave1,2026-09-14
https://www.youtube.com/@mestredaslavadoras50,@mestredaslavadoras50,MESTRE DAS LAVADORAS,2860,153,4,Dedicated washing machine repair and maintenance tutorial channel with step-by-step troubleshooting focus.,conserto de máquina de lavar,UC5agM8Z5jHF4q4zge1qU_TA,hands,appliance-repair,wave1,2026-09-14
https://www.youtube.com/@meynardrepairvlog,@meynardrepairvlog,Meynard Repair Vlog,20600,86,4,"Repair vlog specifically covering electric fan, washing machine and spin dryer repairs.",washing machine repair Hindi,UChAF3k4LZQOybaFUkXOndGQ,hands,appliance-repair,wave1,2026-09-14
https://www.youtube.com/@mhingenieriacbacap,@mhingenieriacbacap,MH Ingeniería | Reparación de Placas Electrónicas,585,67,4,"Electronics engineering channel on diagnosing and repairing PCBs for AC and appliances, technical and practical focus.",reparación de aire acondicionado | reparación electrónica,UChH1YDpCTOcoKd_451v2v_Q,hands,appliance-repair,wave1,2026-09-14
https://www.youtube.com/@mido-sharp,@mido-sharp,mido sharp صيانه التكييف,91900,613,4,"AC repair training channel teaching control wiring, fault diagnosis and maintenance across brands.",صيانة مكيفات,UCjuFAqdOyJHJ8grsBQF_dJw,hands,appliance-repair,wave1,2026-09-14
https://www.youtube.com/@mkservicecenter365,@mkservicecenter365,Monukumar,174,95,4,"Hindi channel focused on AC, fridge, washing machine and solar panel repair content.",washing machine repair Tamil,UClOYw6sucfHUeuIWELkXsHw,hands,appliance-repair,wave1,2026-09-14
https://www.youtube.com/@mohsintechnical3469,@mohsintechnical3469,MOHSIN TECHNICAL,3520,186,4,Channel explicitly offers step-by-step repair tutorials and troubleshooting for washing machines and appliances.,appliance repair | home appliance repair | washing machine repair | refrigerator repair | appliance repair course | washing machine repair Hindi | fridge repair Hindi | AC repair Hindi,UC4KTFoinVbNSKCGwW4rYKBQ,hands,appliance-repair,wave1,2026-09-14
https://www.youtube.com/@moonstarpcb5789,@moonstarpcb5789,Moon Star PCB,3390,154,4,"Specialist PCB kit repair channel for fridge, AC, washing machine, microwave and oven electronics.",fridge repair Hindi | washing machine repairing Urdu,UCG-241OP9GGz_eLyXajGTzw,hands,appliance-repair,wave1,2026-09-14
https://www.youtube.com/@moura.service,@moura.service,Moura Service Lava e Seca,25400,470,4,Brazilian repair service channel with titles describing specific Samsung washer faults and troubleshooting.,Waschmaschine reparieren,UCHRKLcr3oMZgrHgATZiiElQ,hands,appliance-repair,wave1,2026-09-14
https://www.youtube.com/@mundodelavadorasyrefrigera2931,@mundodelavadorasyrefrigera2931,Mundo de Lavadoras y refrigeradoras,13300,81,4,"Channel dedicated to washer and refrigerator repairs plus anecdotes, appliance-repair focused name and description.",reparación de lavadoras,UCAoLnTvmQOb3WhoY0IJb3rg,hands,appliance-repair,wave1,2026-09-14
https://www.youtube.com/@myacsupport,@myacsupport,My AC Support,11600,254,4,"Dedicated channel on AC, washing machine and refrigerator technical issues and support.",washing machine repairing Urdu,UC-Nb0E9a45Tj4-HKoZIT_tA,hands,appliance-repair,wave1,2026-09-14
https://www.youtube.com/@mytechbrothers,@mytechbrothers,My Tech Brothers,833,99,4,Training institute channel with detailed practical AC/fridge/washing machine repairing course content.,washing machine repair | washing machine repairing | refrigerator repair | fridge repair | AC repair | washing machine repair Hindi | fridge repair Hindi | AC repair Hindi,UCauH3oW9CoMT-CyoPgk0N8Q,hands,appliance-repair,wave1,2026-09-14
https://www.youtube.com/@pakrepairingcentre,@pakrepairingcentre,Pak Repairing Centre,9130,88,4,Repair-focused channel explicitly about electric/home appliance repairing knowledge sharing.,washing machine repairing | washing machine repair Hindi | fridge repair Hindi | AC repair Hindi | washing machine repairing Urdu,UC83i7lu1uBTO5iDhyvyMWhA,hands,appliance-repair,wave1,2026-09-14
https://www.youtube.com/@paltaryuyanqabyuyantemiriusta,@paltaryuyanqabyuyantemiriusta,Bakı paltaryuyan qabyuyan qurutma təmiri ustası ,99,122,4,Professional repair service for washing/dish/dryer machines with diagnostics and error codes discussed.,ремонт стиральных машин | réparation lave-linge,UCT3kmqMpOtK8C2kiR3T-_NA,hands,appliance-repair,wave1,2026-09-14
https://www.youtube.com/@parruelectronic8904,@parruelectronic8904,Parru Electronic,2380,51,4,"Electronic tips channel explicitly covering AC, fridge, washing machine, mixer, geyser and pump repair.",washing machine repair Hindi | fridge repair Hindi,UCnJJkfRhYYNpbzEMt_9s3gQ,hands,appliance-repair,wave1,2026-09-14
https://www.youtube.com/@pcbtrainingcenter,@pcbtrainingcenter,Appliances PCB Repairing Training Center,7270,122,4,"PCB repairing training center specializing in AC, washing machine, refrigerator and microwave PCB courses.",washing machine repair | washing machine repairing | AC repair,UCArI0tNcOzzwtugYdLcDc1g,hands,appliance-repair,wave1,2026-09-14
https://www.youtube.com/@pcomson655,@pcomson655,ลำแก้วแอร์​ ชาแนล,119,117,4,Channel dedicated to AC and general refrigeration/cooling equipment repair work.,ซ่อมตู้เย็น,UC7K0DsRNdHl9rdt_TAQooWQ,hands,appliance-repair,wave1,2026-09-14
https://www.youtube.com/@praseat594917,@praseat594917,ssc-services สุขประเสริฐเซอร์วิส,122000,585,4,"Channel explicitly teaches washing machine, AC and refrigerator repair to viewers.",ซ่อมตู้เย็น,UCdomciGrYdbiIDuIb-iM6ug,hands,appliance-repair,wave1,2026-09-14
https://www.youtube.com/@pstechnicalinstitue,@pstechnicalinstitue,PS TECHNICAL INSTITUTE ,621,288,4,"Technical institute covering fridge gas charging, AC, washing machine repair with a practical fridge gas title shown.",washing machine repair | fridge repair | AC repair | microwave oven repair | fridge repair Hindi,UCcINyl4ZG4G6GwMXcZt8wxA,hands,appliance-repair,wave1,2026-09-14
https://www.youtube.com/@puntotecnicomx,@puntotecnicomx,Punto técnico del hogar mx,129000,3684,4,"Repair school channel for washers, refrigerators and dryers, likely practical teaching content.",reparación de lavadoras | reparación de refrigeradores,UCfN7e-X_VdMPqk2wLR3xq_A,hands,appliance-repair,wave1,2026-09-14
https://www.youtube.com/@purabkhamkar,@purabkhamkar,PURAB KHAMKAR THE TECHNICAL,51300,249,4,"Washing machine, refrigerator and oven demo and servicing technical videos, appliance repair focused.",fridge repair Hindi,UCPc39WAZnUBDixUx6y8_pog,hands,appliance-repair,wave1,2026-09-14
https://www.youtube.com/@quynhelectrolux,@quynhelectrolux,Quỳnh Electrolux,3960,75,4,"Electrolux warranty technician sharing troubleshooting videos on washers, dryers, dishwashers, fridges.",sửa máy giặt,UCNkxVzfoE5-RazF2oJYmk4g,hands,appliance-repair,wave1,2026-09-14
https://www.youtube.com/@r2_tech_tamil,@r2_tech_tamil,R2 Tech Tamil,86400,472,4,"Tamil HVAC and appliance repair channel covering AC, fridge, RO, washing machine, water heater repairs.",appliance service | washing machine repair Tamil,UCdgs13yJYVLlqkqhVGcLsvA,hands,appliance-repair,wave1,2026-09-14
https://www.youtube.com/@ractechnology390,@ractechnology390,RAC Technology,890,91,4,"Dedicated RAC technology channel covering fridge, AC, water cooler, microwave and washing machine repair/install.",washing machine repairing Urdu,UCxFZjou30HEqSXQhi2Zanqg,hands,appliance-repair,wave1,2026-09-14
https://www.youtube.com/@rahkarservice1,@rahkarservice1, راهکار سرویس,8490,225,4,"Free tutorials on fridge, washing machine, dishwasher repair from start to finish per description.",تعمیر یخچال,UCIRGiJdCOmWLLdapfs3hqGg,hands,appliance-repair,wave1,2026-09-14
https://www.youtube.com/@refricerviceconstanza,@refricerviceconstanza,refricervice constanza,12200,85,4,"Refrigeration service channel covering AC and domestic fridge repair videos, business-toned but repair-focused.",reparación de refrigeradores,UCJRupwE2wzuF0bQRScL5M6w,hands,appliance-repair,wave1,2026-09-14
https://www.youtube.com/@refrigeracionfreli.8665,@refrigeracionfreli.8665,REFRIGERACION FRELI.,1840,51,4,Channel teaching refrigerator and AC repair techniques and general technical work.,reparación de refrigeradores,UC9AbsfzyqHimi3Sbr3TdYqg,hands,appliance-repair,wave1,2026-09-14
https://www.youtube.com/@refrigeracionzeta,@refrigeracionzeta,Refrigeración zeta,24000,377,4,Dedicated channel to washer and refrigerator repair with digital/analog model troubleshooting content.,reparación de refrigeradores,UCQRikE6_LzjN70N7JA2vckQ,hands,appliance-repair,wave1,2026-09-14
https://www.youtube.com/@rem-service,@rem-service,Rem-service,123,64,4,Washing machine repair service channel in Kharkiv explicitly showing repair and maintenance videos.,conserto de máquina de lavar | réparation lave-linge,UCoz9T0OTfxJd7MfVqX6I54g,hands,appliance-repair,wave1,2026-09-14
https://www.youtube.com/@remholod,@remholod,РемХолод - Ремонт холодильников,7480,108,4,Dedicated refrigerator repair channel/business in Moscow with on-site repair focus.,reparación de refrigeradores | ремонт холодильников | تعمیر یخچال,UCFh3xeoQEGNcjD3eYrlj2pg,hands,appliance-repair,wave1,2026-09-14
https://www.youtube.com/@remontstiralok23,@remontstiralok23,СтиралкаMasters,4350,173,4,Washing machine and appliance repair channel with practical advice videos and humorous tone.,ремонт стиральных машин,UCK0F-YLrOMAAuvt1bzdx67Q,hands,appliance-repair,wave1,2026-09-14
https://www.youtube.com/@repairclinic,@repairclinic,RepairClinic.com,711000,6559,4,Established appliance-repair channel with step-by-step troubleshooting and part replacement videos across many appliance types.,microwave oven repair | dishwasher repair | dryer repair | تعمیر یخچال,UCGIWoFCiw_H5SW4sHWFzQSw,hands,appliance-repair,wave1,2026-09-14
https://www.youtube.com/@repairingguru,@repairingguru,Repairing Guru,2970,299,4,Technical channel promising step-by-step repair of all home appliances with spare parts guidance.,reparación de refrigeradores | buzdolabı tamiri | ซ่อมตู้เย็น,UC8969OXjlNWME_P8UEWYQFQ,hands,appliance-repair,wave1,2026-09-14
https://www.youtube.com/@reparaciondelavadorasenlima,@reparaciondelavadorasenlima,Reparación de Lavadoras en Lima,13,77,4,Washing machine repair business in Lima with titles confirming maintenance and repair service videos.,servis mesin cuci | reparación de lavadoras,UCoz6WFXQ1NenJkgEok6sL6Q,hands,appliance-repair,wave1,2026-09-14
https://www.youtube.com/@reparator,@reparator,Reparator,3530,83,4,German channel dedicated to repairing household items with focus on sustainability and practical fixes.,Waschmaschine reparieren,UClIRZ-Lc-4B9Yx6oZHdXWIA,hands,appliance-repair,wave1,2026-09-14
https://www.youtube.com/@revingali,@revingali,صيانة وتعليم Maintenance ,49800,136,4,"Channel explicitly named maintenance and teaching, covering fridges, washing machines and AC repair across multiple appliance types.",صيانة ثلاجات,UC04ARcb5SQXG_bxHpo1nTcA,hands,appliance-repair,wave1,2026-09-14
https://www.youtube.com/@salehazizi152,@salehazizi152,saleh. azizi,1610,84,4,"Electronics channel diagnosing and repairing boards for fridges, dishwashers, washing machines and water pumps.",تعمیر یخچال,UCuMcZ2WVG_TuJJHzLOCTLEw,hands,appliance-repair,wave1,2026-09-14
https://www.youtube.com/@sarmadahmad80,@sarmadahmad80,تعلم صيانة الاجهزه المنزليه,121000,102,4,"Technician-run channel posting his own repair videos of blenders, meat grinders, vacuums, AC splits and fridges from his workshop.",صيانة ثلاجات | صيانة الكترونيات,UCSMyUxD-m3aL8TvkUjyKTuw,hands,appliance-repair,wave1,2026-09-14
https://www.youtube.com/@seanfixerappliancerepair,@seanfixerappliancerepair,SeanFixer | Appliance Repair,400,83,4,"Describes real diagnose-and-repair jobs across home appliances step by step, promising hands-on real conditions footage.",fridge repair | microwave oven repair | dryer repair,UC7uWdPZ_ijgu90SKBtToTZg,hands,appliance-repair,wave1,2026-09-14
https://www.youtube.com/@servicilavadorasycompu,@servicilavadorasycompu,servicilavadorasycompu,8050,576,4,"Detailed washing machine transmission and repair topics listed, strong text signals of hands-on repair work.",reparación de lavadoras,UCn95CGSaboI7nwT1NrbyFIA,hands,appliance-repair,wave1,2026-09-14
https://www.youtube.com/@serviteclf9820,@serviteclf9820,ServiTecLF Refrigeración ,725,104,4,"Refrigeration and electricity trade channel covering AC, cold rooms, fridges and freezers repair/installation.",reparación de aire acondicionado,UCyh4g_R_gppC2q7oXQeeMBg,hands,appliance-repair,wave1,2026-09-14
https://www.youtube.com/@shabbirtechnicaltv,@shabbirtechnicaltv,Shabbir Technical TV,1680,54,4,"Dedicated repair channel covering fridge, AC, microwave, iron, washing machine and home appliances repair videos.",fridge repair Hindi | washing machine repairing Urdu | LED TV repairing Urdu,UC8doH7RUWijRBBX4kkafddw,hands,appliance-repair,wave1,2026-09-14
https://www.youtube.com/@shahnawazshah007,@shahnawazshah007,shahnawaz shah 007,1440,1167,4,"Technician channel servicing AC, refrigerator, washing machine and geyser with described upload of repair videos.",electronics repair,UCretwEwNPGAYt8SETlOIP1w,hands,appliance-repair,wave1,2026-09-14
https://www.youtube.com/@shreejitechnical1,@shreejitechnical1,SHREE JI TECHNICAL,7860,1210,4,"Technical channel teaching servicing of AC, fridge, chiller plants, diesel engines with hands-on training focus.",fridge repair Hindi,UCFMfea_qccsRlcYgBRcL2fg,hands,appliance-repair,wave1,2026-09-14
https://www.youtube.com/@singereasyrepair8788,@singereasyrepair8788,Singer Easy Repair,8120,92,4,Brand-run DIY repair tutorial channel with explicit step-by-step washing machine/fridge repair videos.,washing machine repair | washing machine repairing | washing machine repair Tamil | TV repair Tamil | TV repair Sinhala,UCt5gs9Ourc9x0WTr8HNfFHA,hands,appliance-repair,wave1,2026-09-14
https://www.youtube.com/@sogedis_repare,@sogedis_repare,Sogedis,187,73,4,"Spare parts company channel offering step-by-step repair tutorials for washing machines, dishwashers, ovens and fridges.",réparation lave-linge,UCN7O-5grYxK-eaL1tRku_yg,hands,appliance-repair,wave1,2026-09-14
https://www.youtube.com/@ssgapplianceacademy1549,@ssgapplianceacademy1549,SSG Appliance Academy,269,75,4,Appliance repair training school with hands-on sealed system and Lokring training footage shown in titles.,appliance repair | appliance repair technician,UCusTc09ktlvvud0SIKjJhUA,hands,appliance-repair,wave1,2026-09-14
https://www.youtube.com/@suabomachdienlanh,@suabomachdienlanh,Điện lạnh Đại Lộc Phát,1670,90,4,"Dedicated to sharing refrigeration circuit board repair experience, closely matches appliance repair topic.",sửa máy lạnh,UCCZ93cVERU2X28DGx6VWaOQ,hands,appliance-repair,wave1,2026-09-14
https://www.youtube.com/@suachuadientudienlanhquangninh,@suachuadientudienlanhquangninh,sửa chữa điện tử điện lạnh quảng ninh,393,50,4,"Titles show induction cooktop repair, washing machine maintenance and water heater repair on camera.",sửa chữa điện tử,UCX99oJLgM0OE8XofEmP1CBQ,hands,appliance-repair,wave1,2026-09-14
https://www.youtube.com/@suadienmayhalong247,@suadienmayhalong247,Sửa Điện Máy Hạ Long 247,260,153,4,"Vietnamese appliance repair shop with real repair titles (AC no power, induction stove errors) alongside washing/service ads.",sửa máy giặt | sửa tủ lạnh | sửa chữa điện tử,UCS34bn_n9BX4bA-yewKQ2lg,hands,appliance-repair,wave1,2026-09-14
https://www.youtube.com/@suamachdienlanh,@suamachdienlanh,Sửa Mạch Điện Lạnh,6680,182,4,"Vietnamese channel dedicated to circuit board repair for refrigeration/electronics, technical repair-focused content.",sửa máy giặt | sửa tủ lạnh | sửa máy lạnh | sửa chữa điện tử,UCRNfEGuY8-78q_nQVlx9Maw,hands,appliance-repair,wave1,2026-09-14
https://www.youtube.com/@suamaygiattividieuhoaolaocai,@suamaygiattividieuhoaolaocai,sửa máy giặt điều hoà ở lào cai,68,129,4,"Multi-appliance repair service (washing machine, AC, fridge, water heater, microwave) in Lao Cai.",sửa máy giặt | sửa máy lạnh,UC42SHIZcvpUsG0Qgo-jBw_g,hands,appliance-repair,wave1,2026-09-14
https://www.youtube.com/@sudiho_com,@sudiho_com,Sudiho – Sửa Tủ Lạnh Máy Giặt Bếp Từ Hà Nội,147,60,4,"Appliance repair business channel explicitly describing real repair process videos for fridge, washer, induction cooker faults.",sửa máy giặt | sửa tủ lạnh | sửa máy lạnh,UCC8_3qJ0DEGoL4dYqZ_jRew,hands,appliance-repair,wave1,2026-09-14
https://www.youtube.com/@sumaiyarefrigeration,@sumaiyarefrigeration,Sumaiya Refrigeration,1030,58,4,"Refrigeration service channel detailing compressor replacement, gas charging, leak testing real work.",fridge repair Bangla,UCV5dTExOR8XuoCRJqricgTw,hands,appliance-repair,wave1,2026-09-14
https://www.youtube.com/@sumonssrkar,@sumonssrkar,Electro House,2150,222,4,"Dedicated tutorials for fan, mixer grinder, motor and water pump repairs described as step-by-step guides.",electronic repair,UCvPuZ6Vs6QuoXcBGviJ2aIQ,hands,appliance-repair,wave1,2026-09-14
https://www.youtube.com/@sunilltddhanbad6641,@sunilltddhanbad6641,Sunil Ltd Dhanbad,1440,82,4,"Technical World Hindi channel repairing mobile, fridge, washing machine, AC, geyser and gadgets regularly.",fridge repair Hindi,UCmar13SFQGJD7vamSXcpy7Q,hands,appliance-repair,wave1,2026-09-14
https://www.youtube.com/@surapanelectric,@surapanelectric,พันงานช่าง ( ถอดได้ซ่อมได้ ),6250,633,4,"Educational channel teaching AC, refrigerator and electrical appliance repair fundamentals with PLC and calculations.",ซ่อมตู้เย็น,UCETQBm29gb_0rcEKyLVY7Lg,hands,appliance-repair,wave1,2026-09-14
https://www.youtube.com/@t_inverter11,@t_inverter11,Tarjetas INVERTER Aire Acondicionado,42500,253,4,Dedicated channel on inverter AC PCB electronic repair theory and practice for technicians.,reparación de aire acondicionado | reparación electrónica | reparación de inversores,UCIGjk3QUF3j953hn_X3Ap8g,hands,appliance-repair,wave1,2026-09-14
https://www.youtube.com/@tamirat_bord_kiani,@tamirat_bord_kiani,tamirat bord kiani,11900,413,4,Persian channel teaching board repair for home appliances in simple terms.,تعمیر یخچال,UCueB3zQHCr9WdJDWaqc5_Gg,hands,appliance-repair,wave1,2026-09-14
https://www.youtube.com/@tamirok9,@tamirok9,تعمیر اوکی,1830,181,4,"Technician-focused description discussing diagnosing appliance faults like refrigerator noises, implies real repair content.",تعمیر یخچال,UCmYUtevmi8pY8c9fm1knACA,hands,appliance-repair,wave1,2026-09-14
https://www.youtube.com/@technicalaroraji,@technicalaroraji,Technical Arora Ji ,418000,732,4,"Hindi channel dedicated to appliance repairing, servicing and technology tutorials with regular repair-focused uploads.",appliance repair | appliance repairing | washing machine repair Hindi | fridge repair Hindi | AC repair Hindi,UC-SwSjGqecvtD-SXw4abmaQ,hands,appliance-repair,wave1,2026-09-14
https://www.youtube.com/@technicalsuvidha2017,@technicalsuvidha2017,Technical Suvidha,51500,214,4,Focused electrical/electronics home appliance repairing channel with clear technical repair intent.,washing machine repair Hindi | fridge repair Hindi,UCbmdF_TFOzO98450jz3hWCQ,hands,appliance-repair,wave1,2026-09-14
https://www.youtube.com/@tecnicocruz,@tecnicocruz,Tecnico Cruz,4100,334,4,Refrigeration technician channel showing real jobs on refrigeration and AC equipment plus viewer Q&A.,reparación de aire acondicionado,UCAhmYb8PiPQ7lB5uY1crCxA,hands,appliance-repair,wave1,2026-09-14
https://www.youtube.com/@tecnicoelectromecanico5580,@tecnicoelectromecanico5580,Técnico Electromecánico,4960,185,4,"Electromechanical technician covering washer, dryer, microwave, refrigeration and stove repair with DIY approach.",reparación de lavadoras,UCT1Xt88lPJ4c7YXqz8D_0iw,hands,appliance-repair,wave1,2026-09-14
https://www.youtube.com/@tecnicoenlavadoragomez,@tecnicoenlavadoragomez,técnicos en lavadoras Gómez,454,385,4,"Washing machine repair technician describing error codes, pump and transmission replacement, strong repair evidence.",reparación de lavadoras,UCRwGNHMoBRDYUyJIjU2uBJQ,hands,appliance-repair,wave1,2026-09-14
https://www.youtube.com/@tecnihelp,@tecnihelp,Tecnihelp,449,90,4,"Spanish channel dedicated to washing machine and refrigerator repair tutorials, format-fitting content.",reparación de lavadoras,UCDpFRWuY8S7vUY7oNSyi8ug,hands,appliance-repair,wave1,2026-09-14
https://www.youtube.com/@thegreatestelektrotechniker,@thegreatestElektrotechniker,Techniker,47,50,4,"German channel dedicated to repair of electrical devices plus 3D printing and modding, appliance-repair focused.",Waschmaschine reparieren,UC1A-8PbHQ4-fQAhVWCxRTYQ,hands,appliance-repair,wave1,2026-09-14
https://www.youtube.com/@tienlongquoc1,@tienlongquoc1,Long Quốc Tiến,48400,4590,4,Dedicated teaching channel for AC/washer/fridge PCB repair with hands-on practice on customer boards.,sửa máy giặt,UCOgbrsxDTEKu9C83e7bpIRA,hands,appliance-repair,wave1,2026-09-14
https://www.youtube.com/@topunboxingservice,@topUnboxingservice,ADITYA ,872,225,4,"On-site home appliance repair vlogs covering fridge, washing machine, AC, cooler, microwave, geyser with real repair process emphasis.",washing machine repair Hindi | fridge repair Hindi | AC repair Hindi,UCY5DzpfQqJrSlsA3mtSE11w,hands,appliance-repair,wave1,2026-09-14
https://www.youtube.com/@totaleducationhindi2491,@totaleducationhindi2491,Total Education Hindi,706,91,4,"Hindi technical channel with practical repair videos on room heaters, irons and refrigerator, mixed with education content.",electronics repair | electronics repairing,UCLbPGltcRmA_0qOdHtBL8Pw,hands,appliance-repair,wave1,2026-09-14
https://www.youtube.com/@tuandienlanh9346,@tuandienlanh9346,Tuan Dien Lanh,36400,124,4,"Refrigeration technician sharing repair knowledge and experience, dedicated to the trade.",sửa tủ lạnh | sửa máy lạnh,UCsanh5WGS7iW8IEScZVacTA,hands,appliance-repair,wave1,2026-09-14
https://www.youtube.com/@tuhocsuachuadienlanh,@tuhocsuachuadienlanh,TỰ HỌC SỬA CHỮA ĐIỆN LẠNH,2670,84,4,"Self-described refrigeration repair teaching channel covering AC, fridge, washing machine diagnosis and board repair.",sửa máy giặt | sửa tủ lạnh | sửa máy lạnh | sửa chữa điện tử,UCjvoJhQSlrCvFO8LE3YKoHg,hands,appliance-repair,wave1,2026-09-14
https://www.youtube.com/@tvpanamatecnicoreparaciones,@tvpanamatecnicoreparaciones,TV PANAMA REPARACIONES. ,52,225,4,"Technical repair shop covering TV, microwave, washing machine and AC repairs at home or workshop.",reparación de aire acondicionado,UC1u1_bFM9_r4YVhrTEh8Rbg,hands,appliance-repair,wave1,2026-09-14
https://www.youtube.com/@tyagirepaircenter,@tyagirepaircenter,tyagi repair center,517,264,4,"Multi-brand appliance repair channel covering installation, PCB testing, error codes, technical training.",washing machine repairing | microwave oven repair | washing machine repair Hindi | fridge repair Hindi | LED TV repairing Hindi,UCrETUfSMyK5Ay8sHftlBnRQ,hands,appliance-repair,wave1,2026-09-14
https://www.youtube.com/@uncleharrytech,@uncleharrytech,Harry Raker,1950,99,4,"Appliance repair training school channel with tips for technicians, though some business content included.",appliance repair | home appliance repair | appliance repair course,UCEdZByB5XIGYUXuDXMM2qNA,hands,appliance-repair,wave1,2026-09-14
https://www.youtube.com/@uniqueaircoolandservices3113,@uniqueaircoolandservices3113,Unique Air Cool  and Services ,2220,450,4,HVAC training channel dedicated to AC and refrigerator troubleshooting and repair videos in Urdu/Hindi.,refrigerator repair | air conditioner repair | AC repair | washing machine repair Hindi | fridge repair Hindi | AC repair Hindi | washing machine repairing Urdu,UCQKNJE4O_X88KQvFmCLsEWQ,hands,appliance-repair,wave1,2026-09-14
https://www.youtube.com/@uniqueservices7329,@uniqueservices7329,Unique services technical ,1390,374,4,"Hindi appliance repair channel teaching AC, washing machine, fridge, geyser and microwave repair tips.",appliance repair | fridge repair Hindi,UCTMG58EEgsSDZhJFyGtD23A,hands,appliance-repair,wave1,2026-09-14
https://www.youtube.com/@usahaservis,@usahaservis,Usaha Servis,12100,530,4,"Dedicated electronics repair channel explicitly covering washing machines, fridges, rice cookers, fans.",servis mesin cuci,UCo67dmTZD_0Y1tIoruFmibg,hands,appliance-repair,wave1,2026-09-14
https://www.youtube.com/@venkatelectroengineering3974,@venkatelectroengineering3974,venkat electro engineering,375,170,4,"PCB repair specialist for AC, washing machine and inverter boards with real debugging/testing titles shown.",electronics repair,UC48YqvJm8WFzS_BYolQEcOQ,hands,appliance-repair,wave1,2026-09-14
https://www.youtube.com/@washingmachinerepairexpert,@washingmachinerepairexpert,washingmachinerepairexpert,61,168,4,"Multi-appliance repair channel covering washing machines, AC, fridge and LED TV repair work.",conserto de máquina de lavar | réparation lave-linge | Waschmaschine reparieren,UCXQtfGhcWdOHyH5LgOBsqow,hands,appliance-repair,wave1,2026-09-14
https://www.youtube.com/@wmtv408,@wmtv408,WM TV,13600,1555,4,Washing machine and electronics repair channel with informative videos focused on appliance issues.,washing machine repairing Urdu | Waschmaschine reparieren,UCNKOc6Zf2JH7R3ZijJf-8rg,hands,appliance-repair,wave1,2026-09-14
https://www.youtube.com/@world-air-conditioner-214,@world-Air-Conditioner-214,World technician 214,633,182,4,"AC, fridge, geyser, microwave and washing machine repair/installation channel with practical Hindi content.",washing machine repair Hindi | fridge repair Hindi,UCX7nGy05EBPe0xdKqhsJcHw,hands,appliance-repair,wave1,2026-09-14
https://www.youtube.com/@wreletronicaassistenciatecnica,@wreletronicaassistenciatecnica,WR Eletrônica Assistência Técnica,98,89,4,"Appliance assistance technical business covering washers, fridges, microwaves with focus on PCB and inverter board repair.",conserto de máquina de lavar,UCFqvYefbQivHaxHX1oT7Izg,hands,appliance-repair,wave1,2026-09-14
https://www.youtube.com/@xiaoshuweixiuji,@xiaoshuweixiuji,小书维修记,1660,274,4,Dedicated appliance fault-case sharing channel with electronic circuit analysis focus on home appliances.,家电维修,UC41tBCPbQcKKsQikz5O-2Pw,hands,appliance-repair,wave1,2026-09-14
https://www.youtube.com/@xuijiadiandexiaojiege,@xuijiadiandexiaojiege,Little Jie who repairs home appliances,1250,462,4,Veteran repair technician channel sharing refrigerator and washing machine repair methods in Chinese.,appliance repair | home appliance repair | 家电维修,UCvPWbZLK-MA1RqKsg955yCw,hands,appliance-repair,wave1,2026-09-14
https://www.youtube.com/@yinzerfixappliancerepair,@yinzerfixappliancerepair,YinzerFix Appliance Repair,53,64,4,Pittsburgh appliance repair company promising behind-the-scenes repair footage across major appliances.,appliance repair | refrigerator repair | dishwasher repair | dryer repair | washing machine repair,UCKhXfXPmZbjxE24E8CYbQFQ,hands,appliance-repair,wave1,2026-09-14
https://www.youtube.com/@yousafelectronicstech6418,@yousafelectronicstech6418,Yousaf Electronics Tech,4710,467,4,"Channel teaching how to open and repair electrical, electronics and mechanical things, appliance-repair oriented.",fridge repair Hindi,UC6cTMjsLZZ5KEaABdit-6Sg,hands,appliance-repair,wave1,2026-09-14
https://www.youtube.com/@yysolucionesenelectronica9740,@yysolucionesenelectronica9740,Y&Y soluciones en electrónica,6570,98,4,Dedicated channel showing detailed real fault repairs of electronic appliances and electric machines.,reparación electrónica,UCgWBSExS_Fcqb_PPKEzNFUA,hands,appliance-repair,wave1,2026-09-14
https://www.youtube.com/@zakariya.refrigeration_07,@zakariya.refrigeration_07,জাকারিয়া এসি ফ্রিজ সার্ভিস পয়েন্ট ,683,146,4,"Bengali AC/fridge service point claiming real repair, servicing, gas charging job videos.",fridge repair Bangla,UC_WBU7guOz-1eK6kclG1AtQ,hands,appliance-repair,wave1,2026-09-14
