url,handle,name,subscribers,videos_count,score_0_5,reason,discovery_keywords,channel_id,vertical,topic,stage,scored_at,source,live_videos_count
https://www.youtube.com/@%e4%b8%ad%e5%bc%8f%e6%a6%ab%e5%8d%af%e4%bc%a0%e6%89%bf%e4%ba%ba,@%E4%B8%AD%E5%BC%8F%E6%A6%AB%E5%8D%AF%E4%BC%A0%E6%89%BF%E4%BA%BA,中式榫卯传承人,256000,351,5,Dedicated Chinese mortise-and-tenon joinery channel filming on-site traditional woodworking builds.,mortise and tenon | stolarstwo,UCLKVR42avWUjV-Y3ve_HUZw,hands,furniture-woodworking,wave1,2026-09-14,scraper,351
https://www.youtube.com/@2ndlife.furniture.restoration,@2ndlife.furniture.restoration,2ndlife Furniture Restoration,24000,676,5,"Dedicated furniture restoration channel transforming antique and vintage furniture pieces, on-topic repair format.",furniture restoration,UCB3jW8WE52oxjr4nIAqQGDA,hands,furniture-woodworking,wave1,2026-09-14,scraper,676
https://www.youtube.com/@daileywoodworks,@DaileyWoodworks,Robert Dailey - Dailey Woodworks,44300,340,5,Custom furniture and cabinetry maker teaching build techniques for heirloom furniture and built-ins.,làm mộc,UCbWh4ImAnLV7LEgi2i9YqmA,hands,furniture-woodworking,wave1,2026-09-14,scraper,340
https://www.youtube.com/@derrickibbottfurniture,@DerrickIbbottFurniture,Derrick Ibbott Furniture,1710,58,5,Bespoke furniture maker sharing techniques and processes behind kitchen and furniture commissions.,wood furniture making | ebanistería | Möbelbau,UClQaa8E70XvpxvVbkvZWDfg,hands,furniture-woodworking,wave1,2026-09-14,scraper,58
https://www.youtube.com/@drwoodworking,@DRwoodworking,DR woodworking,826,65,5,"Dedicated hand-tool woodworking channel, clear focus on hand-tool furniture/joinery work.",hand tool woodworking,UCeB7UHSeBbYgOSz4wIwFt2Q,hands,furniture-woodworking,wave1,2026-09-14,scraper,65
https://www.youtube.com/@eastoakwoodworking,@EastOakWoodworking,East Oak Woodworking,10900,57,5,Dedicated furniture-build channel filming client commissions from start to finished custom pieces.,joinery | woodworking workshop,UC-bv3HpYt7gd_eBR22OtEeg,hands,furniture-woodworking,wave1,2026-09-14,scraper,57
https://www.youtube.com/@foureyes.furniture,@Foureyes.Furniture,Foureyes Furniture,1460000,242,5,Dedicated furniture-making channel documenting design and building of original wood pieces since 2016.,woodworking | furniture making | joinery | cabinet making | woodworking workshop | building a table | chair making | wood furniture making | carpenter work wooden furniture,UC1V-DYqsaj764uBis9-UDug,hands,furniture-woodworking,wave1,2026-09-14,scraper,242
https://www.youtube.com/@gjbmunc,@gjbmunc,Graham Blackburn Woodworking,41700,91,5,Dedicated hand-tool woodworking channel teaching traditional furniture-making techniques without machines.,joinery | carpentry | hand tool woodworking | woodworking workshop,UCfS2J_-HQhEAHvw3ofw14yw,hands,furniture-woodworking,wave1,2026-09-14,scraper,91
https://www.youtube.com/@grittogold,@grittogold,Grit to Gold antique furniture restoration,492,70,5,"Antique furniture restoration channel focused on repair and craftsmanship, fitting furniture repair scope well.",furniture restoration,UCRKTF2T9aPNOuxb2OI8b0uw,hands,furniture-woodworking,wave1,2026-09-14,scraper,70
https://www.youtube.com/@honeybadgerwoodworks,@HoneyBadgerWoodWorks,HoneyBadger WoodWorks,42900,859,5,"Small custom furniture business filming in-depth step-by-step builds in a workshop, ideal fit.",woodworking | woodworking workshop,UCqKCuJ4_6T4H_3ZOPSPANHg,hands,furniture-woodworking,wave1,2026-09-14,scraper,859
https://www.youtube.com/@keimpiececarpentry,@KeimpieceCarpentry,Keimpiece Carpentry,42500,228,5,"Custom furniture carpentry channel building cutting boards, tables and cabinets for clients, hands-on builds.",woodworking,UCxFUhFiK6LaoyKE3cwyRGUA,hands,furniture-woodworking,wave1,2026-09-14,scraper,228
https://www.youtube.com/@mcremona,@mcremona,Matthew Cremona,447000,1132,5,Dedicated fine furniture maker building pieces from tree to finished furniture using hand and power tools.,building a table | نجارة,UCDpL0v-Ifie7u05lbfO3zJQ,hands,furniture-woodworking,wave1,2026-09-14,scraper,1132
https://www.youtube.com/@morleykert,@MorleyKert,Morley Kert,1130000,401,5,"Dedicated furniture-making channel with table and chair building content, hands-on woodworking focus.",building a table | chair making,UCbtEd1MuY6gd2RpdWqkzXFw,hands,furniture-woodworking,wave1,2026-09-14,scraper,401
https://www.youtube.com/@mueblesymaderaky,@mueblesymaderaky,Muebles & Madera KY,97,59,5,Cuban carpenter's channel explicitly showing real process behind custom furniture builds in his workshop.,muebles de madera,UCTzvj2w86BVj3DWxJ4DZu_w,hands,furniture-woodworking,wave1,2026-09-14,scraper,59
https://www.youtube.com/@nokogirijapan,@NokogiriJapan,Nokogiri Japan | Japanese Master Carpenter,8380,67,5,Dedicated Japanese joinery channel deeply focused on traditional nail-free joint techniques and craftsmanship.,dovetail joint | نجاری,UCKICMDhZiXxCXT4B2XKH5Dg,hands,furniture-woodworking,wave1,2026-09-14,scraper,67
https://www.youtube.com/@olivegrovewoodshop,@OliveGroveWoodshop,Olive Grove Woodshop,2480,114,5,Furniture woodshop milling lumber in-house and crafting custom furniture pieces by hand.,wood furniture making | ebanistería | Möbelbau,UCQHEHm3oAmHXE9L-Avtz8eQ,hands,furniture-woodworking,wave1,2026-09-14,scraper,114
https://www.youtube.com/@ravenfinewoodworking,@RAVENFinewoodworking,RAVENFinewoodworking,1330,102,5,"Traditional hand-tool woodworking channel making furniture projects from various species, dedicated bench work.",hand tool woodworking,UCr1_6ZCbXpf_iSrQvffEFPw,hands,furniture-woodworking,wave1,2026-09-14,scraper,102
https://www.youtube.com/@robcosmanwoodworking,@RobCosmanWoodworking,RobCosman.com,362000,1006,5,Dedicated hand-tool woodworking channel with dovetail instruction and joinery demonstrations.,hand tool woodworking | dovetail joint | làm mộc | งานไม้ | 목공,UCqp8oXLR84eiryfhNXK-nTA,hands,furniture-woodworking,wave1,2026-09-14,scraper,1006
https://www.youtube.com/@sainttw33,@sainttw33,Saint Mortise and Tenon woodwork,1400,73,5,Dedicated mortise and tenon furniture maker crafting god tables and cabinets traditionally.,mortise and tenon,UCd7-5ypeVeVZBuAS2nH97UA,hands,furniture-woodworking,wave1,2026-09-14,scraper,73
https://www.youtube.com/@shoyanjapanesecarpenter,@ShoyanJapaneseCarpenter,Shoyan Japanese Carpenter,532000,230,5,Veteran Japanese carpenter sharing traditional joinery and carpentry work firsthand.,joinery | carpentry | نجارة | งานไม้,UCdf5QHEpfrg3KydeT3iD2IQ,hands,furniture-woodworking,wave1,2026-09-14,scraper,230
https://www.youtube.com/@skintwoodguy,@skintwoodguy,David the SKINT Woodworker,3660,60,5,"Hand tool woodworking channel explicitly about repairing, making and restoring furniture on a budget with detailed process.",hand tool woodworking,UCkmfjfsbFFmb0LLvNVLZNyg,hands,furniture-woodworking,wave1,2026-09-14,scraper,60
https://www.youtube.com/@takenakamokko,@takenakamokko,-職人家具のある豊かな暮らし-竹中木工,209,74,5,Long-established Japanese furniture workshop channel emphasizing craftsmanship and skilled joinery process.,木工 | 家具作り,UCl-n-lMmUuWn62jTLOe89Qw,hands,furniture-woodworking,wave1,2026-09-14,scraper,74
https://www.youtube.com/@tenonstenors,@TenonsTenors,Tenons & Tenors,27000,123,5,Traditional woodworking channel explicitly focused on mortise and tenon joinery for furniture.,mortise and tenon,UCdj2SAg_GdgINhcXHTha2ZQ,hands,furniture-woodworking,wave1,2026-09-14,scraper,123
https://www.youtube.com/@thirdcoastcraftsman,@ThirdCoastCraftsman,Third Coast Craftsman,643000,118,5,"Dedicated hand tool woodworking channel with Japanese hand tools, style-focused bench work.",hand tool woodworking | งานไม้,UCXbYtx6rZlbTHg8zY9AFZ-g,hands,furniture-woodworking,wave1,2026-09-14,scraper,118
https://www.youtube.com/@timeggershighwheelwoodworks,@TimEggersHighwheelWoodworks,Tim Eggers' Highwheel Woodworks,28300,984,5,"Hand-tool woodworking channel teaching craftsmanship and multi-generational furniture skills, series-based build content.",hand tool woodworking | woodworking workshop,UCuRN8xiemncn2zAYGf92fwQ,hands,furniture-woodworking,wave1,2026-09-14,scraper,984
https://www.youtube.com/@tvmakingasetoffurnituretv5622,@tvmakingasetoffurnituretv5622,家の家具全部作るTV / Making a set of Furniture TV,2060,60,5,DIY channel documenting the process of building a full set of home furniture from SPF lumber.,家具作り,UCMjlCNUsapnvyBWu7xafZtA,hands,furniture-woodworking,wave1,2026-09-14,scraper,60
https://www.youtube.com/@walkwoodfurniture,@WalkwoodFurniture,    Walkwood Furniture,164,75,5,Dedicated furniture restoration studio documenting full restoration journeys from assessment to finish.,furniture restoration,UCC2QNiovFmvqGiHARVfwlZQ,hands,furniture-woodworking,wave1,2026-09-14,scraper,75
https://www.youtube.com/@woodsend,@WoodsEnd,The Woods End Furniture Refinishing & Restoration,50,60,5,"Furniture refinishing and restoration channel, clear dedicated repair/restoration focus.",furniture restoration,UCxgBkGmYIgM8rFsM0eFo5Vw,hands,furniture-woodworking,wave1,2026-09-14,scraper,60
https://www.youtube.com/@%e5%8b%95%e7%94%bb%e5%ae%b6%e5%85%b7%e6%95%99%e5%ae%a4%e3%82%a6%e3%83%83%e3%83%89%e3%83%ad%e3%83%bc%e3%83%89,@%E5%8B%95%E7%94%BB%E5%AE%B6%E5%85%B7%E6%95%99%E5%AE%A4%E3%82%A6%E3%83%83%E3%83%89%E3%83%AD%E3%83%BC%E3%83%89,動画家具教室ウッドロード,31600,525,5,Japanese furniture school channel dedicated to teaching full furniture-making techniques via video.,木工 | 家具作り,UCovc9WoFrgxMuV1CexO7EMw,hands,furniture-woodworking,wave1,2026-09-14,both,525
https://www.youtube.com/@agjohnsonandson,@agjohnsonandson,A.G. Johnson & Son Furniture Restoration,927,69,5,Dedicated furniture restoration channel bringing beauty back to furniture pieces.,furniture restoration | furniture repair,UCsAqjfrQhvhcsjFSMFDKBeA,hands,furniture-woodworking,wave1,2026-09-14,both,69
https://www.youtube.com/@artdecofurniture,@ArtDecoFurniture,Art Deco Furniture,23600,76,5,Dedicated Art Deco furniture restoration channel following full restore/remake/repair process on camera.,furniture restoration | furniture repair,UC-p60OPSzeFHQ2ehRNwdwTg,hands,furniture-woodworking,wave1,2026-09-14,both,76
https://www.youtube.com/@ateliermateus,@AtelierMateus,Atelier Mateus,2950,82,5,"Official channel for a Lisbon woodworking/joinery shop, dedicated to joinery craft content.",joinery | stolarstwo,UCooF1i44tpu8dUmGqcflFwQ,hands,furniture-woodworking,wave1,2026-09-14,both,82
https://www.youtube.com/@bespokfurnituremaker,@BespokFurnitureMaker,Chippendale School of Furniture,1190,116,5,Dedicated furniture-making school teaching traditional and modern furniture craftsmanship with practical bench sessions.,furniture making,UC0SutKo7TsU9zETaqxhECUQ,hands,furniture-woodworking,wave1,2026-09-14,both,116
https://www.youtube.com/@chadstanton,@ChadStanton,Chad Stanton,67700,157,5,"Professional furniture maker with period furniture credentials, dedicated woodworking channel offering free build videos.",furniture maker | stolarstwo,UCGWRn1mCzhO5wxc44Riow7Q,hands,furniture-woodworking,wave1,2026-09-14,both,157
https://www.youtube.com/@cosmobarbarofurniture,@cosmobarbarofurniture,Cosmo Barbaro Furniture,32100,361,5,Fine furniture maker channel explicitly showing hand and modern tool techniques merging craftsmanship and design.,furniture making | furniture maker | joinery | wood furniture making | carpenter work wooden furniture,UCwI6Bu9zFSKwMZrny4pz2Ag,hands,furniture-woodworking,wave1,2026-09-14,both,362
https://www.youtube.com/@cravenconservation,@Cravenconservation,Bill Ratcliffe - Woodworking & Furniture Crafts,2010,116,5,"Qualified furniture conservator/maker running courses, filming making projects and restoration tutorials step by step.",furniture making | furniture restoration | woodworking | cabinet making | hand tool woodworking | wood furniture making,UCqBFwKxtMUo99pl-Z-ondSw,hands,furniture-woodworking,wave1,2026-09-14,both,116
https://www.youtube.com/@dorianbracht,@DorianBracht,Dorian Bracht,192000,83,5,Furniture designer/craftsman channel dedicated to joinery and furniture making from Berlin workshop.,joinery | dovetail joint,UCRGV5YMWtS0RR-SfJ2XU-8A,hands,furniture-woodworking,wave1,2026-09-14,both,83
https://www.youtube.com/@dylaniwakuni,@dylaniwakuni,Dylan Iwakuni,193000,121,5,"Japanese traditional carpenter sharing hand-cut joinery and woodworking projects, dedicated craft channel.",木工 | hand tool woodworking,UCGRCOkx_PSVhvuaVVkgMWZQ,hands,furniture-woodworking,wave1,2026-09-14,both,121
https://www.youtube.com/@hansjoinery,@hansjoinery,Han's Joinery,2220,67,5,Dedicated traditional Taiwanese joinery channel demonstrating hand-cut joints used in furniture making.,furniture making | joinery | mortise and tenon,UCODfOPp6fpc8irLZMn0cs1w,hands,furniture-woodworking,wave1,2026-09-14,both,67
https://www.youtube.com/@ishitanifurniture,@ISHITANIFURNITURE,ISHITANI FURNITURE,612000,134,5,Dedicated made-to-order furniture maker channel documenting the full furniture-building process.,furniture maker | cabinet making | wood furniture making | carpenter work wooden furniture | 木工,UC7FkqjV8SU5I8FCHXQSQe9Q,hands,furniture-woodworking,wave1,2026-09-14,both,134
https://www.youtube.com/@javierhern%c3%a1ndezcarpinter%c3%ada,@JavierHern%C3%A1ndezCarpinter%C3%ADa, Javier Hernández Carpintería ,117,140,5,Spanish carpentry channel explicitly showing the real process of custom furniture-making and restoration.,carpinter | carpintería,UCcWoWhQLnYOPkQkKatAXMmg,hands,furniture-woodworking,wave1,2026-09-14,both,443
https://www.youtube.com/@johnbearwoodworks,@JohnBearWoodworks,John Bear Woodworks & Furniture Restoration,18500,72,5,Dedicated furniture restoration and repair channel with refinishing and woodworking tips.,furniture restoration | furniture repair,UCv6NHEIRL_pqjlocjh6rebg,hands,furniture-woodworking,wave1,2026-09-14,both,72
https://www.youtube.com/@johnsonrestoration,@johnsonrestoration,Thomas Johnson Antique Furniture Restoration,170000,363,5,Dedicated antique furniture restoration channel documenting professional repair work since 1979.,furniture restoration | furniture repair | antique clock restoration | vintage clock repair,UCd8v3SbzGP9_wuSOr_xk_eA,hands,furniture-woodworking,wave1,2026-09-14,both,363
https://www.youtube.com/@madebyraphael,@Madebyraphael,Madebyraphael,133000,89,5,"Dedicated furniture restoration channel covering structural repair, refinishing and conservation techniques.",furniture restoration | furniture repair | làm mộc | งานไม้,UCkE6VP6AgD5KOp1ZF39nxGQ,hands,furniture-woodworking,wave1,2026-09-14,both,89
https://www.youtube.com/@mebelurok,@mebelurok,Кравцов Мебель,49200,90,5,Furniture maker teaching cabinet/corpus furniture building tutorials from professional 15-year business.,мебель своими руками,UC1whiEpNIXPP7NHIZfVbYDQ,hands,furniture-woodworking,wave1,2026-09-14,both,90
https://www.youtube.com/@mikefarrington,@MikeFarrington,Mike Farrington,242000,90,5,Professional one-man cabinet and furniture shop filming customer projects and shop builds start to finish.,cabinet making | woodworking | نجارة | งานไม้,UCAlXNfT2OV6CPu4ZQQmBmkQ,hands,furniture-woodworking,wave1,2026-09-14,both,90
https://www.youtube.com/@monkeyboysworkshop,@monkeyboysworkshop,Monkey Boys Workshop,16800,69,5,"Full-time furniture maker showing real solid wood furniture builds, shop process, wins and mistakes from garage workshop.",furniture maker | wood furniture | woodworking workshop,UC8qeMH7AsusAZGyebUoHBOQ,hands,furniture-woodworking,wave1,2026-09-14,both,69
https://www.youtube.com/@myswoodking,@MYSWoodKing,MYS Wood King,26,58,5,Dedicated no-talking furniture-making channel showing complete builds start to finish with workshop sounds.,furniture making | wood furniture making,UCcqEFnitajHDaDEokE1VXuw,hands,furniture-woodworking,wave1,2026-09-14,both,64
https://www.youtube.com/@newyankeeworkshop,@newyankeeworkshop,The New Yankee Workshop,230000,264,5,Classic dedicated furniture-making show with Norm Abram building furniture step-by-step in his workshop.,furniture making | woodworking | woodworking workshop,UCnWRRwGB6-QZ9rxcWifx5Lg,hands,furniture-woodworking,wave1,2026-09-14,both,264
https://www.youtube.com/@nickjamesfurnituremaker,@NickJamesFurnitureMaker,Nick James Furniture Maker,27800,170,5,Dedicated furniture maker channel showing handmade and machine techniques from his workshop.,furniture maker | furniture making | wood furniture making,UCHaOLWG1vytYb17-8bVj5bA,hands,furniture-woodworking,wave1,2026-09-14,both,170
https://www.youtube.com/@od_form,@od_form,od form,155000,443,5,"Dedicated woodworking channel covering box making, joinery and full furniture builds with tutorials.",furniture making | joinery | làm mộc | งานไม้,UCTBVK8fklo3qMQdeIUG9vBw,hands,furniture-woodworking,wave1,2026-09-14,both,443
https://www.youtube.com/@procabinetmaker.workshop,@ProCabinetMaker.workshop,ProCabinetMaker,203,51,5,"Dedicated cabinet-making workshop channel showing real assembly, drawer fitting and joinery on camera.",cabinet making | ebanistería,UCER2weTWms6BpZExZIjH9mQ,hands,furniture-woodworking,wave1,2026-09-14,both,117
https://www.youtube.com/@ronvalic1973,@ronvalic1973,Ron Valic The Furniture Restore Guy,2580,559,5,"Professional furniture repair business since 1978 restoring chairs, desks and tables on camera.",furniture repair | furniture restoration,UChQ1b38QlObJx9E2wQLH8Pw,hands,furniture-woodworking,wave1,2026-09-14,both,559
https://www.youtube.com/@salahart-up3dn,@SalahArt-up3dn,The Egyptian Carpenter,1620,99,5,Professional carpenter channel explicitly showing detailed furniture-making process from design to build.,furniture making | صناعة الأثاث,UCR6sdNKGEncoNBf-SQtq0Iw,hands,furniture-woodworking,wave1,2026-09-14,both,99
https://www.youtube.com/@sambeaufordwoodshop,@sambeaufordwoodshop,Sam Beauford Woodworking Institute,1170,82,5,"Accredited hands-on woodworking trade school teaching furniture design, joinery and timber framing courses.",furniture making | joinery,UCPwes_HgZRA6Lr2-qxMLD0Q,hands,furniture-woodworking,wave1,2026-09-14,both,82
https://www.youtube.com/@sawyerdesign,@SawyerDesign,Sawyer Design,136000,59,5,"Custom furniture maker in Oregon garage, dedicated one-person furniture-building channel.",furniture maker | building a table | muebles de madera,UClHbbcGtRkHMLwUwrn7eErQ,hands,furniture-woodworking,wave1,2026-09-14,both,59
https://www.youtube.com/@smallshoplife,@smallshoplife,Design Creations Woodworking ,14700,231,5,"Custom furniture studio filming full builds start to finish with traditional joinery, no CNC shortcuts.",joinery | woodworking workshop,UCvgxSm5GMmE5Y5hKo7Cf6YA,hands,furniture-woodworking,wave1,2026-09-14,both,231
https://www.youtube.com/@stayathomewoodworks,@stayathomewoodworks,Aaron | Stay At Home Woodworks,15600,438,5,Dedicated woodworking/cabinetry channel filming full builds start to finish.,cabinet making,UCwuI4lLRuWYo89ITNogPoVQ,hands,furniture-woodworking,wave1,2026-09-14,both,439
https://www.youtube.com/@theenglishwoodworker,@TheEnglishWoodworker,The English Woodworker,56500,55,5,"Professional hand tool woodworker building furniture, well-known dedicated bench-work channel.",hand tool woodworking | woodworking | joinery | نجارة | làm mộc,UCK9d9JGoPgPGXX8oVxCxjcg,hands,furniture-woodworking,wave1,2026-09-14,both,55
https://www.youtube.com/@themountaintopjoinersshop8422,@themountaintopjoinersshop8422,The Mountain Top Joiner's Shop,13900,91,5,Dedicated hand-tool furniture maker channel with design process and studio furniture build techniques.,furniture maker | hand tool woodworking,UC-l7fcziN4nfg_DIIi3myPg,hands,furniture-woodworking,wave1,2026-09-14,both,91
https://www.youtube.com/@theunpluggedwoodshop,@theUnpluggedWoodshop,Tom Fidgen,77500,165,5,"Hand-tool-only woodworking school instructor writing for fine woodworking magazines, dedicated cabinet/furniture craft channel.",cabinet making | fine woodworking | woodworking | hand tool woodworking | woodworking workshop | 목공,UCaWR_UvszqJ0xIJYXcep3_w,hands,furniture-woodworking,wave1,2026-09-14,both,165
https://www.youtube.com/@todomadera,@TodoMadera,TodoMadera,997000,432,5,Explicitly shows step-by-step construction of wood furniture and carpentry tips on camera.,carpinter | muebles de madera,UCFoFcYE1JSHnmMdRONRnNvw,hands,furniture-woodworking,wave1,2026-09-14,both,432
https://www.youtube.com/@whiteoaksun,@Whiteoaksun,White oak sun,708,60,5,"Solo garage workshop building furniture from rough lumber with hand-cut dovetails and Japanese joinery, full builds.",joinery | wood furniture | hand tool woodworking,UCROSB49a0OpV4OY5mmgH1rw,hands,furniture-woodworking,wave1,2026-09-14,both,62
https://www.youtube.com/@woodbywright,@WoodByWrightExtra,Wood By Wright Extra,228000,1002,5,Dedicated hand-tool woodworking channel focused on traditional furniture-making techniques and process.,hand tool woodworking | làm mộc,UCbMtJOly6TpO5MQQnNwkCHg,hands,furniture-woodworking,wave1,2026-09-14,both,1002
https://www.youtube.com/@woodbywrighthowto,@WoodByWrightHowTo,Wood By Wright How To,288000,1791,5,Dedicated hand-tool woodworking channel with structured build and teaching videos on furniture projects.,hand tool woodworking | woodworking | نجارة,UCQNFJVAUF-qWtK0dawxcOaQ,hands,furniture-woodworking,wave1,2026-09-14,both,1792
https://www.youtube.com/@%d0%9c%d0%b0%d1%81%d1%82%d0%b5%d1%80%d1%81%d0%ba%d0%b0%d1%8f%d1%81%d1%82%d0%be%d0%bb%d0%be%d0%b2%d0%a1%d1%82%d0%be%d0%bb%d0%be%d0%b4%d0%b5%d0%bb,@%D0%9C%D0%B0%D1%81%D1%82%D0%B5%D1%80%D1%81%D0%BA%D0%B0%D1%8F%D1%81%D1%82%D0%BE%D0%BB%D0%BE%D0%B2%D0%A1%D1%82%D0%BE%D0%BB%D0%BE%D0%B4%D0%B5%D0%BB,Мастерская столов Столодел,205,52,5,"Dedicated table-making workshop filming construction process, mechanisms and leg fitting on camera.",столярн,UCUGprXy2sdrMCV1erp-dqLA,hands,furniture-woodworking,wave1,2026-09-14,filter,52
https://www.youtube.com/@aborigen6554,@aborigen6554,Aborigen65,7920,70,5,"Japanese joinery tools and traditional woodworking joints channel, dedicated bench craft content.",столярн,UC-ZfKYtKPyZGlN5hsZ3hKdw,hands,furniture-woodworking,wave1,2026-09-14,filter,70
https://www.youtube.com/@acrogefurniture5700,@acrogefurniture5700,ACROGE FURNITURE家具工房,664,61,5,"Furniture workshop in Tokyo with woodworking school, titles show detailed hand-tool technique lessons like plane adjustment.",木工,UCh1mTGZmvvg05KTKWDW1luA,hands,furniture-woodworking,wave1,2026-09-14,filter,61
https://www.youtube.com/@adailtonmarceneiro2490,@adailtonmarceneiro2490,ADAILTON MARCENEIRO ,733,206,5,"Brazilian marceneiro channel with titles showing cabinet, panel and wardrobe assembly step by step.",marcenaria,UC8Xo4pUZ07OPhg5gDZOTFXg,hands,furniture-woodworking,wave1,2026-09-14,filter,206
https://www.youtube.com/@alohacoastjoinery,@AlohaCoastJoinery,Aloha Coast Joinery,953,60,5,"Small workshop channel documenting furniture builds including mistakes, bespoke joinery and whisky cabinets.",joinery,UCanCLt5lURLjchKkV2zxNXg,hands,furniture-woodworking,wave1,2026-09-14,filter,60
https://www.youtube.com/@arondetheworld,@arondetheworld,Aronde the world 🪚,6040,323,5,"Dedicated woodworking channel centered on dovetail joinery, tools, and workshop craft with clear making focus.",menuiserie,UCn9n0Pg642I0BaNFR5kV3-A,hands,furniture-woodworking,wave1,2026-09-14,filter,323
https://www.youtube.com/@barquitodevapor_pt,@barquitodevapor_pt,Barquinho a Vapor,213,79,5,"Portuguese marcenaria channel with step-by-step joinery tutorials, tools, workshop projects and courses.",marcenaria,UCuUAGlGdLZKNfMo1ZuFvh_w,hands,furniture-woodworking,wave1,2026-09-14,filter,89
https://www.youtube.com/@be_a_joinery,@Be_a_Joinery,Столярная мастерская,90,52,5,"Russian joinery shop building solid oak tables and desks, showing the making process from raw wood.",столярн,UCKqFXvNVl1d7cxYGHv7y-gA,hands,furniture-woodworking,wave1,2026-09-14,filter,52
https://www.youtube.com/@biumstudio1,@BIUMStudio1,BIUM Studio,5920,82,5,Korean woodworking studio filming handmade furniture making process using traditional joinery techniques.,joinery | wood furniture,UCP-stVZ5-yKHkIIlAVRNKog,hands,furniture-woodworking,wave1,2026-09-14,filter,82
https://www.youtube.com/channel/ucrtoqquk4lxb42p2xv4vtuw,@Carpinteria_Casera,Carpinteria Casera | Muebles y Taller,348,189,5,"Spanish carpentry channel with step-by-step furniture builds like dressers, shelves and nightstands shown full process.",carpinter | muebles de madera,UCRtoQqUk4lXb42P2Xv4vtUw,hands,furniture-woodworking,wave1,2026-09-14,filter,258
https://www.youtube.com/@crafttreeworkshop7605,@crafttreeworkshop7605,Craft Tree workshop,115,78,5,"Russian workshop channel with titles showing furniture making, tables and bar counters built on camera.",столярн,UCR_JXewBmBGxF1e57p_itmg,hands,furniture-woodworking,wave1,2026-09-14,filter,84
https://www.youtube.com/@creators-together,@Creators-together,Creators together .. المبدعين معاً,411,244,5,"Arabic carpentry channel with step-by-step drawer unit build course, clear followable joinery process.",نجارة,UCYvKvUKAcydedBLdforUkCA,hands,furniture-woodworking,wave1,2026-09-14,filter,303
https://www.youtube.com/@daleoakfieldwoodworking,@DaleOakfieldWoodworking,Dale Oakfield's Workshop,3870,86,5,Dedicated custom furniture and cabinetry channel emphasizing joinery philosophy and craftsmanship from a lifelong woodworker.,joinery,UCfAbfnf_riu2GaZHsY_QVmQ,hands,furniture-woodworking,wave1,2026-09-14,filter,87
https://www.youtube.com/@daroinichannel6766,@daroinichannel6766,Daroini channel,648,134,5,"Indonesian tukang kayu channel showing door, window frame and cabinet joinery techniques step by step.",tukang kayu,UCMIO8lNaGYhufF9KifvCLyg,hands,furniture-woodworking,wave1,2026-09-14,filter,134
https://www.youtube.com/@davidabmobiliarios,@DavidABMobiliarios,David AB Mobiliarios,18900,122,5,Furniture maker/designer channel with step-by-step tutorials on building functional furniture from scratch.,furniture maker,UCFqrxFv7t2rFGJzRm4MrOlw,hands,furniture-woodworking,wave1,2026-09-14,filter,122
https://www.youtube.com/@dominiodaartenamadeira2516,@dominiodaartenamadeira2516,Domínio da arte na madeira,9840,95,5,Brazilian marcenaria channel describing personal journey restoring wood and running a workshop transforming wood into furniture.,marcenaria,UC0Rdd3y1HHDRxMQbNTWcTQg,hands,furniture-woodworking,wave1,2026-09-14,filter,95
https://www.youtube.com/@eduardocasagrande,@EDUARDOCASAGRANDE,EDUARDO CASA GRANDE - MARCENARIA ARTÍSTICA,312000,676,5,Dedicated marcenaria channel explicitly showing step-by-step furniture and wood-piece creation process.,marcenaria,UCo1kM9OjPPFnePK2aKAi9Wg,hands,furniture-woodworking,wave1,2026-09-14,filter,676
https://www.youtube.com/channel/ucmxmukirawdldrpeetp5i3a,@fabiodasilva2998,DNA da MARCENARIA,134,119,5,"Dedicated marcenaria channel with tutorials showing cabinet assembly, cutting techniques and daily production work.",marcenaria,UCmXMUkIRAWdLdrpeeTP5i3A,hands,furniture-woodworking,wave1,2026-09-14,filter,163
https://www.youtube.com/@gbjd,@GBJD,工宝机丁,3680,170,5,Hobbyist woodworker documenting personal journey learning woodworking and DIY furniture projects.,木工,UC1mdgvA-5MMf1RjKmupFdTQ,hands,furniture-woodworking,wave1,2026-09-14,filter,170
https://www.youtube.com/@greenestreetjoinery1457,@greenestreetjoinery1457,Greene Street Joinery,2310,169,5,"Custom furniture design and build shop emphasizing traditional craftsmanship, quality furniture pieces from a workshop.",joinery,UC1b5sQPLlQpwk7hxqedH08A,hands,furniture-woodworking,wave1,2026-09-14,filter,169
https://www.youtube.com/@gurey_workshop,@gurey_workshop,구래이 목공방,1420,225,5,Dedicated furniture-making education workshop teaching traditional joinery from basics to advanced.,목공,UCL2h_-0PWztDMYDzMu0wUPg,hands,furniture-woodworking,wave1,2026-09-14,filter,225
https://www.youtube.com/@hardtwoodcustomwoodworks,@HardtwoodCustomWoodworks,Hardtwood Custom Woodworks,814,88,5,Custom furniture manufacturing shop filming daily build activities in their own shop.,wood furniture,UCJQxxFrhAoGtqxYjCU4XU1A,hands,furniture-woodworking,trial100,2026-09-14,filter,88
https://www.youtube.com/@heglerpac,@heglerpac,Hégler Pacifico,5270,245,5,Marcenaria channel explicitly describing filming the full furniture-making process from design to client installation.,marcenaria,UCJzCIwq4k0fPuhiKuBe4lfQ,hands,furniture-woodworking,wave1,2026-09-14,filter,245
https://www.youtube.com/@jharmondesign,@jharmondesign,J. Harmon Design,5990,67,5,"Channel follows a furniture maker building wood furniture pieces in Portland, ME shop.",wood furniture,UCbeSEdM_hUtyFz6toEXR4Iw,hands,furniture-woodworking,wave1,2026-09-14,filter,67
https://www.youtube.com/@joethiele,@joethiele,Joe Thiele,14400,53,5,"Sacramento furniture maker documenting his woodworking projects, dedicated build-focused channel.",furniture maker,UCcvQYz-fDgl5Z1dUNnsRChA,hands,furniture-woodworking,wave1,2026-09-14,filter,53
https://www.youtube.com/@josephmichalski3150,@josephmichalski3150,Joseph Michalski,336,64,5,"Self-taught woodworker specializing in hand-crafted joinery using pre-industrial methods, dedicated furniture/object making channel.",joinery,UCYvPhoAaHKG9iR5JxB6Bftg,hands,furniture-woodworking,wave1,2026-09-14,filter,64
https://www.youtube.com/@kcfmoveisplanejados2661,@kcfmoveisplanejados2661,KCF moveis planejados,7600,361,5,Former SENAI woodworking champion/professor teaching furniture-making craftsmanship on his channel.,joinery,UCbKD1uH1B7sB-3Kxd2vCjpg,hands,furniture-woodworking,wave1,2026-09-14,filter,361
https://www.youtube.com/@lscjoinerymanufacturing,@lscjoinerymanufacturing,LSC Joinery & Manufacturing,83,71,5,Bespoke joinery shop filming door and newel-post builds step by step with sanding and glazing details.,joinery,UC4aLwhFxk1V4qUrd44QOsuQ,hands,furniture-woodworking,wave1,2026-09-14,filter,71
https://www.youtube.com/@luemaplanejados3993,@luemaplanejados3993,Luema planejados,137,84,5,Marcenaria channel explicitly describing the build process from project to client-site finishing.,marcenaria,UCcqyASTHmwvzdzl1M5cEXDA,hands,furniture-woodworking,trial100,2026-09-14,filter,99
https://www.youtube.com/@martincorrea3295,@martincorrea3295,Visto Bueno | Muebles y Deco,126,58,5,"Furniture-making channel showing simple carpentry projects step-by-step with basic tools, titles confirm builds.",carpinter,UCyav3byh6Fi6-TKY5LC98DA,hands,furniture-woodworking,wave1,2026-09-14,filter,256
https://www.youtube.com/@maspapet,@Maspapet,Mas Papet,940,178,5,Indonesian tukang kayu channel with titles showing door panel making and joinery techniques step by step.,tukang kayu,UC_St9sjhICZ9lMfoZ4v_dgg,hands,furniture-woodworking,wave1,2026-09-14,filter,179
https://www.youtube.com/@mebletwojegopomysu,@MebleTwojegoPomysu,Carpenter's workshop furniture your idea,53800,232,5,Polish carpentry channel showing step-by-step furniture and wooden structure builds with hand and power tools.,wood furniture,UCQxiiqbiHp77Ky2bdjMbbxg,hands,furniture-woodworking,wave1,2026-09-14,filter,232
https://www.youtube.com/@mikh6462,@mikh6462,Mikh,163,51,5,"Cabinetmaker filming jig builds, dovetails, and customer order processes in workshop detail.",cabinetmaker,UCfTUd-9q_ZohVrtKm5EPJgQ,hands,furniture-woodworking,wave1,2026-09-14,filter,51
https://www.youtube.com/@navelmarron,@navelmarron,ネイベルマロン木工部__武田伸介,302,129,5,"Japanese custom furniture maker with titles showing desk builds, assembly, staining and finishing steps.",木工,UCd694hC2YI52MpSyBnBozKw,hands,furniture-woodworking,wave1,2026-09-14,filter,129
https://www.youtube.com/@nongbang686,@nongbang686,권원덕,1640,85,5,"Traditional Korean furniture and joinery studio/academy channel, dedicated cabinetmaker craftsman content.",cabinetmaker | joinery,UCoCYgPqaeiQeJuJfIWyRZcg,hands,furniture-woodworking,wave1,2026-09-14,filter,85
https://www.youtube.com/@ofearthfurniture,@ofearthfurniture,Of Earth Furniture,355,70,5,Fine furniture studio documenting builds blending traditional joinery with modern techniques from rare woods.,joinery,UCObIoiB94V4Dt1C7zVmx69w,hands,furniture-woodworking,wave1,2026-09-14,filter,70
https://www.youtube.com/@onemanbandwoodworks,@OneManBandWoodworks,One Man Band Woodworks,8940,84,5,Self-employed joiner/cabinetmaker filming client furniture builds step by step with narration.,cabinetmaker,UCh3thewx0LoiSM9HeOZ3zGQ,hands,furniture-woodworking,wave1,2026-09-14,filter,84
https://www.youtube.com/@pandawaprabupukayu,@PandawaPrabuPuKayu,Pandawa Prabu PuKayu,180,57,5,Indonesian tukang kayu channel teaching joinery techniques like seamless board joints for beginners.,tukang kayu,UC7z4Gjk7_9dBUa94zcM3yGA,hands,furniture-woodworking,trial100,2026-09-14,filter,57
https://www.youtube.com/@petrkiskape-knetr-uhlarstvi,@PetrKiskaPE-kneTR-uhlarstvi,Nice Joinery Atelier - Petr Kiška,6300,400,5,Professional joiner channel showing full step-by-step builds of furniture and architectural joinery.,joinery,UCGNQTN8ICVdWrbZ0NrRrGJg,hands,furniture-woodworking,wave1,2026-09-14,filter,400
https://www.youtube.com/@realiser_son_reve,@Realiser_son_reve,Réaliser son rêve,1210,64,5,"Solo craftsman handcrafting European-style furniture including chairs from scratch, showing furniture-making process.",furniture making,UCTsIGcXtPPQ64TgeaPj0TUw,hands,furniture-woodworking,wave1,2026-09-14,filter,64
https://www.youtube.com/@rowdenatelier,@RowdenAtelier,Rowden Atelier,1840,81,5,Woodworking school offering cabinet making and furniture design courses with practical bench sessions.,cabinet making,UCI-fgnRbmk31fAhrQU_TVPg,hands,furniture-woodworking,wave1,2026-09-14,filter,81
https://www.youtube.com/@sanderelo_ru,@sanderelo_ru,sanderelo,11100,275,5,"Russian channel dedicated to antique woodworking tools, restoration, and furniture workshop techniques.",столярн,UCrHIOi0yPH3JKFEbczTexOw,hands,furniture-woodworking,wave1,2026-09-14,filter,275
https://www.youtube.com/@tallerdemuebles9346,@tallerdemuebles9346,Carpintería Y Muebleria Álvarez ,682,64,5,Furniture carpentry channel with titles showing cabinet drawer builds and painting steps in detail.,muebles de madera,UCzSLT8G1PYlCn4d1Q4zpEKQ,hands,furniture-woodworking,wave1,2026-09-14,filter,95
https://www.youtube.com/@theyuppychippy,@theyuppychippy,The One Off Workshop,2850,79,5,Bespoke fitted furniture and kitchen joinery maker documenting his craft process step by step.,joinery,UCBX27XFZ5plbep9c08Q2doQ,hands,furniture-woodworking,wave1,2026-09-14,filter,79
https://www.youtube.com/@whcreations,@WHCreations,WHCreations,8460,415,5,UK workshop channel filming full furniture and garden furniture builds and timber restoration from raw wood to finished piece.,furniture making,UCofIQJJICq6BoN-S4wF4Rsw,hands,furniture-woodworking,wave1,2026-09-14,filter,415
https://www.youtube.com/@wilsonbrooks6069,@wilsonbrooks6069,Wilson Brooks,495,108,5,"Cabinet shop channel with titles on face frames, drawer boxes, and layout measurements.",cabinet making,UCGWk3CDKzz89N7tNQnnNP0Q,hands,furniture-woodworking,wave1,2026-09-14,filter,130
https://www.youtube.com/@woodgears_ru,@Woodgears_ru,Woodgears,1120,77,5,Dedicated woodworking workshop channel building wooden mechanical gears and teaching joinery techniques.,столярн,UC27hBFOBgs0mLcLoXssimPw,hands,furniture-woodworking,wave1,2026-09-14,filter,77
https://www.youtube.com/@%d0%9c%d0%95%d0%91%d0%95%d0%9b%d0%ac%d0%a1%d0%92%d0%9e%d0%98%d0%9c%d0%98%d0%a0%d0%a3%d0%9a%d0%90%d0%9c%d0%98%d0%9a%d0%be%d1%80%d0%bf%d1%83%d1%81%d0%bd%d0%b0%d1%8f%d0%bc%d0%b5%d0%b1,@%D0%9C%D0%95%D0%91%D0%95%D0%9B%D0%AC%D0%A1%D0%92%D0%9E%D0%98%D0%9C%D0%98%D0%A0%D0%A3%D0%9A%D0%90%D0%9C%D0%98%D0%9A%D0%BE%D1%80%D0%BF%D1%83%D1%81%D0%BD%D0%B0%D1%8F%D0%BC%D0%B5%D0%B1,МЕБЕЛЬ СВОИМИ РУКАМИ Корпусная мебель.,99,65,4,"DIY furniture channel name and cabinet furniture focus, thin description but on-topic.",мебель своими руками,UCH8nMxegaeP8-jKvJ24Rymw,hands,furniture-woodworking,wave1,2026-09-14,scraper,65
https://www.youtube.com/@%d0%a0%d1%83%d0%ba%d0%b8%d0%bd%d0%b5%d0%b8%d0%b7..%d0%bf%d1%8b,@%D0%A0%D1%83%D0%BA%D0%B8%D0%BD%D0%B5%D0%B8%D0%B7..%D0%BF%D1%8B,Рукинеиз😐пы,47,77,4,"Furniture maker showing oak cabinets, tables and wardrobes being built, titles suggest genuine builds.",мебель своими руками,UC8AEb-3HfpQICR4Ff3rhQVA,hands,furniture-woodworking,wave1,2026-09-14,scraper,77
https://www.youtube.com/@%d0%a1%d1%82%d0%be%d0%bb%d1%8f%d1%80%d0%ba%d0%b0-%d1%8e8%d0%b7,@%D0%A1%D1%82%D0%BE%D0%BB%D1%8F%D1%80%D0%BA%D0%B0-%D1%8E8%D0%B7,Столярка ,585,111,4,"Russian woodworking channel making wooden items plus equipment reviews, trade-focused name and description.",столярка,UC29NJoAhKp6jJrrv5gh8Brw,hands,furniture-woodworking,wave1,2026-09-14,scraper,111
https://www.youtube.com/@%e0%b8%8a%e0%b9%88%e0%b8%b2%e0%b8%87%e0%b9%80%e0%b8%9f%e0%b8%ad%e0%b8%a3%e0%b9%8c%e0%b8%99%e0%b8%b4%e0%b9%80%e0%b8%88%e0%b8%ad%e0%b8%a3%e0%b9%8c%e0%b8%87%e0%b8%b2%e0%b8%99%e0%b9%84%e0%b8%a1%e0%b9%89,@%E0%B8%8A%E0%B9%88%E0%B8%B2%E0%B8%87%E0%B9%80%E0%B8%9F%E0%B8%AD%E0%B8%A3%E0%B9%8C%E0%B8%99%E0%B8%B4%E0%B9%80%E0%B8%88%E0%B8%AD%E0%B8%A3%E0%B9%8C%E0%B8%87%E0%B8%B2%E0%B8%99%E0%B9%84%E0%B8%A1%E0%B9%89,ช่างเฟอร์นิเจอร์ งานไม้ งานอลูมิเนียม,1510,782,4,Furniture/aluminum craftsman channel name indicates hands-on trade work with thin description.,งานไม้,UCee1zZ9Rssq4kSJVWkCLp_g,hands,furniture-woodworking,wave1,2026-09-14,scraper,782
https://www.youtube.com/@%e5%b8%b8%e8%97%a4%e8%be%b0%e5%be%b3,@%E5%B8%B8%E8%97%A4%E8%BE%B0%E5%BE%B3,常辰,9310,766,4,"One-slab table workshop using hand planes, describes full furniture making from sourcing to finishing.",家具作り,UCx7A7kGPSVVVaTyIlKl0VZw,hands,furniture-woodworking,wave1,2026-09-14,scraper,766
https://www.youtube.com/@%ec%a4%80%ec%9d%b4%eb%aa%a9%ea%b3%b5%ec%9d%b4%ec%95%bc%ea%b8%b0,@%EC%A4%80%EC%9D%B4%EB%AA%A9%EA%B3%B5%EC%9D%B4%EC%95%BC%EA%B8%B0,준이 목공이야기,128,141,4,"Named as a woodworking story channel (목공이야기) with minimal but on-topic description, thin trade evidence.",목공,UCNo7f01uYdTOtuHFZ3W15KA,hands,furniture-woodworking,wave1,2026-09-14,scraper,141
https://www.youtube.com/@71garage_furniture,@71garage_furniture,71GARAGE FURNITURE‐71ガレージファニチャー,525,168,4,Iron×wood furniture maker/seller showing the making process in videos.,家具作り,UCgt8ONF4JZQnoKQnEo70vOQ,hands,furniture-woodworking,wave1,2026-09-14,scraper,168
https://www.youtube.com/@77rocketswoodworking,@77rocketswoodworking,77 Rockets Woodworking ,88700,315,4,"Carpenter-run woodworking channel with interview-style content about the craft, thin but trade-aligned evidence.",joinery | نجارة | làm mộc,UCp2NJaku2rE0M64mNx9LHqg,hands,furniture-woodworking,wave1,2026-09-14,scraper,315
https://www.youtube.com/@a7md3bd,@a7md3bd,A7MD | Woodworking ,660,71,4,"DIY woodworking channel name/handle with thin bio, plausible furniture-focused workshop content.",woodworking workshop,UC8xn4Yz2r5KbLrGPwpZOLog,hands,furniture-woodworking,wave1,2026-09-14,scraper,71
https://www.youtube.com/@abhi_carpenter_hub,@abhi_carpenter_hub,Abhi Carpenter ,60,53,4,"Carpenter hub channel showing furniture making videos (tables, wardrobes, beds) with carpentry focus.",carpenter work wooden furniture,UCdAHtXe46tEef-XzUeGHtdw,hands,furniture-woodworking,wave1,2026-09-14,scraper,53
https://www.youtube.com/@abmcraft8521,@abmcraft8521,ABM craft omr,165,74,4,"Wood furniture making channel, thin description but names the trade directly.",wood furniture making,UCM0wsHhbc4bZv4VK2QxQlcw,hands,furniture-woodworking,wave1,2026-09-14,scraper,74
https://www.youtube.com/@adarshfurniture_video0179,@adarshfurniture_video0179,Adarsh furniture ,39,155,4,Furniture-named channel with minimal bio but trade name signals hands-on furniture making content.,furniture making Hindi,UCkXWk4GbNJjfGYc53rLeURg,hands,furniture-woodworking,wave1,2026-09-14,scraper,155
https://www.youtube.com/@ahoiwood,@ahoiwood,AHOI WOOD,5820,112,4,"Dovetail joint keyword match with woodworking name, thin description but plausible furniture joinery channel.",dovetail joint,UCquixt5MXLpRRMRtjdoIA4w,hands,furniture-woodworking,wave1,2026-09-14,scraper,112
https://www.youtube.com/@albert.a.kleine,@albert.a.kleine,Albert Kleine,2490,131,4,"Dovetail-focused woodworker with instructional content, thin description but trade-relevant.",dovetail joint,UCmYho3W_iiPD8H0a0g5gExw,hands,furniture-woodworking,wave1,2026-09-14,scraper,131
https://www.youtube.com/@alexkhani7897,@alexkhani7897,Alex  Woodworks,720,183,4,Experienced woodworker with own woodshop sharing woodworking techniques and skills.,stolarstwo,UCsv15BAgVxJS0Om-3KxfBgA,hands,furniture-woodworking,wave1,2026-09-14,scraper,183
https://www.youtube.com/@alfurniture,@ALfurniture,AL furniture ,87500,840,4,"Carpenter channel describing step-by-step furniture work on wardrobes, beds, kitchens with contact info.",carpenter work wooden furniture,UCMtTnx4pBQDE2qOC_Qa0CDw,hands,furniture-woodworking,wave1,2026-09-14,scraper,840
https://www.youtube.com/@amc_carpentry,@amc_carpentry,AMC Carpentry,1120,295,4,"Carpentry channel name with joinery keyword, minimal but on-trade description.",joinery,UCPfu36MfENOrTKgOaNUryvQ,hands,furniture-woodworking,wave1,2026-09-14,scraper,295
https://www.youtube.com/@artisticcarpenter9874,@artisticcarpenter9874,Artistic Carpenter,195,131,4,"Carpenter/artist channel describing love of wood work, thin evidence but names the trade directly.",ebanistería | Möbelbau,UCBUC-dnP2nIG7fTOU_nMw2Q,hands,furniture-woodworking,wave1,2026-09-14,scraper,131
https://www.youtube.com/@artscarpentryfurniture6264,@artscarpentryfurniture6264,فنون نجاره الاثاث Arts carpentry furniture,15600,131,4,"Named furniture carpentry channel with minimal factory bio, fits trade evidence default.",نجارة,UCcYKzIkl998A1hyjwcO7rFQ,hands,furniture-woodworking,wave1,2026-09-14,scraper,131
https://www.youtube.com/@aryagusendrawan,@aryagusendrawan,Ary Agus Endrawan,3600,207,4,"Indonesian maker sharing furniture and craft builds, mostly hands-on though mixed with buildings/ideas.",membuat furniture kayu,UCs0LNHd4KfDZSV69CvrApOw,hands,furniture-woodworking,wave1,2026-09-14,scraper,207
https://www.youtube.com/@aschewoodworking,@AscheWoodworking,Asche Woodworking,2220,249,4,General woodworking channel covering beginner to advanced furniture projects and techniques.,woodworking | نجارة,UCC5txexBnLWPGxNwhjl82AA,hands,furniture-woodworking,wave1,2026-09-14,scraper,249
https://www.youtube.com/@attia_elwan,@Attia_Elwan,فن صناعة الاثاث,6980,107,4,Furniture-making channel run by a furniture technician offering educational content for hobbyists.,صناعة الأثاث,UCe3X10ZGsq_E7MsCDLJpsBA,hands,furniture-woodworking,wave1,2026-09-14,scraper,107
https://www.youtube.com/@balapkayuindonesia,@BalapKayuindonesia,Balap Kayu,25300,1543,4,"Tukang kayu channel making doors, chairs, tables and cabinets with tutorial-style descriptions.",tukang kayu,UCWGwrC5vCosHrq8YVZbauYw,hands,furniture-woodworking,wave1,2026-09-14,scraper,1543
https://www.youtube.com/@balbodhthakurfurniture8715,@balbodhthakurfurniture8715,Balbodh Thakur Furniture,37,70,4,"Furniture-making named channel with minimal one-line bio, thin but clear trade evidence.",furniture making,UCFtdU_5o6ORIbCaUL-IVXkw,hands,furniture-woodworking,wave1,2026-09-14,scraper,70
https://www.youtube.com/@benchtopwoodworks,@benchtopwoodworks,"Chris Harpster, Benchtop Woodworks",15000,134,4,"Bench-top woodworker building furniture and crafts in small shop, hands-on focus implied.",woodworking | stolarstwo,UC_NBt8RHh-AtMdHkfwdepjQ,hands,furniture-woodworking,wave1,2026-09-14,scraper,134
https://www.youtube.com/@bentswoodworking,@bentswoodworking,Bent's Woodworking,289000,200,4,Woodworking channel with build videos and tips mixed with tool reviews and overviews.,joinery | carpentry | woodworking workshop | نجارة | làm mộc | งานไม้ | 목공,UCiQO4At218jezfjPqDzn1CQ,hands,furniture-woodworking,wave1,2026-09-14,scraper,200
https://www.youtube.com/@biggesttasleemcarp,@BiggestTasleemcarp,Biggest Tasleem carpenter ,1820,96,4,"Carpenter channel with titles showing wooden almari and furniture work, hands-on carpentry content.",carpentry | carpenter work wooden furniture,UCEQgEkW8opJ3-YX9yHslVbg,hands,furniture-woodworking,wave1,2026-09-14,scraper,96
https://www.youtube.com/@bilalahmadkumar-l4d,@BilalAhmadKumar-l4d,Bilal carpenter ,386,399,4,"Named carpenter channel with minimal bio but clear trade identification, no contradicting signals.",carpentry,UCDyKxRjl06VjpUVH07ZfB9A,hands,furniture-woodworking,wave1,2026-09-14,scraper,399
https://www.youtube.com/@blakeweber,@blakeweber,Blake Weber,231000,51,4,"Hobby woodworker in small garage shop, personal builds likely dominate content.",woodworking workshop | نجارة,UCLAhOL4OBkw42OkcNbqOgYQ,hands,furniture-woodworking,wave1,2026-09-14,scraper,51
https://www.youtube.com/@bluenorthwoodworking,@bluenorthwoodworking,Blue North Woodworking,4920,53,4,Woodworking channel with instructional builds and refined one-of-a-kind furniture pieces per description.,woodworking workshop,UCjFL6ItFW8g_GMhrWQhg5Vg,hands,furniture-woodworking,wave1,2026-09-14,scraper,53
https://www.youtube.com/@bowman_joinery1,@Bowman_joinery1,Bowman joinery,1340,91,4,"Joiner/carpenter from Ireland, thin bio but clear trade evidence for joinery channel.",joinery,UC1aitqao85-hFMCNqHPd2LQ,hands,furniture-woodworking,wave1,2026-09-14,scraper,91
https://www.youtube.com/@bscarpenter,@bscarpenter,Bs carpenter ,855,192,4,"Carpenter channel name with wooden furniture keyword, thin bio but plain trade evidence.",carpenter work wooden furniture,UCkM-g8VGAWndc9DonsFOnGg,hands,furniture-woodworking,wave1,2026-09-14,scraper,192
https://www.youtube.com/@bukatastolyar,@Bukatastolyar,modern Ukrainian carpentry,2520,80,4,"Ukrainian family carpentry business channel filming workshop production, thin but on-trade evidence.",столярка,UCYtYoGy49_IZLmRYkaL4nZw,hands,furniture-woodworking,wave1,2026-09-14,scraper,80
https://www.youtube.com/@burnstockwoodworking,@burnstockwoodworking,Burnstock Woodworking,37500,85,4,"Hobbyist woodworking channel focused on building projects, encouraging viewers to build their own.",woodworking workshop,UCn7aszK-9V8r5rSDzvN-DRQ,hands,furniture-woodworking,wave1,2026-09-14,scraper,85
https://www.youtube.com/@cabinetmakerdesignsolution4556,@cabinetmakerdesignsolution4556,Cabinet maker design solution home improvements,493,169,4,Cabinet maker design solution name suggests dedicated cabinet-making channel with thin description.,cabinet making,UCs-VmFhOa1rEq5A8AdM9jdQ,hands,furniture-woodworking,wave1,2026-09-14,scraper,169
https://www.youtube.com/@cabinetshopchronicles4198,@cabinetshopchronicles4198,Cabinet Shop Chronicles,7850,274,4,"Custom kitchen cabinet shop filming high-end bench-crafted builds, occasional off-topic truck repair mentioned.",Möbelbau,UCLYRW_Y2KpGmK1tkOJNo5yQ,hands,furniture-woodworking,wave1,2026-09-14,scraper,274
https://www.youtube.com/@canadianwoodworking,@canadianwoodworking,Canadian Woodworking & Home Improvement,13800,250,4,Established Canadian woodworking resource channel covering woodworking and DIY home projects.,woodworking | hand tool woodworking,UCPgW0-0slXUUoZ4R3OgQ2kg,hands,furniture-woodworking,wave1,2026-09-14,scraper,250
https://www.youtube.com/@canadianwoodworks,@CanadianWoodworks,Canadian Woodworks,45400,156,4,"Custom furniture builder teaching furniture-making techniques, though vlog/business elements present too.",làm mộc,UCERIGfN6ATn5-U2DGhDzOvw,hands,furniture-woodworking,wave1,2026-09-14,scraper,156
https://www.youtube.com/@carpemodu,@Carpemodu,Carpen modu todo en ebanistería ,98,86,4,"Ebanistería (cabinetmaking) channel with thin but clear trade-focused bio, no contradicting signals.",ebanistería,UCM1MiHweeMm0_8rHOrU5LeQ,hands,furniture-woodworking,wave1,2026-09-14,scraper,86
https://www.youtube.com/@carpenterdarabid,@CarpenterDarAbid,Carpenter Dar Abid,1780,385,4,"Kashmiri carpenter channel, thin bio but plainly a carpentry trade channel with contact info.",carpentry,UCjyAhoXIyqxaakevovykC2A,hands,furniture-woodworking,wave1,2026-09-14,scraper,385
https://www.youtube.com/@carpentershameem,@Carpentershameem,Shameem Carpenter ,2120,729,4,"Named carpenter channel with minimal but direct trade evidence, no contradicting content.",carpentry,UCdRl18TUy8n-C4bNQ90kTUA,hands,furniture-woodworking,wave1,2026-09-14,scraper,729
https://www.youtube.com/@carpentertv,@Carpentertv,Carpenter tv,14400,157,4,"Carpenter channel listing wooden furniture products (beds, doors, sofas), likely showing build work.",carpentry | carpenter work wooden furniture,UCwnMQrTw5WnMJcHiRaGpT_w,hands,furniture-woodworking,wave1,2026-09-14,scraper,157
https://www.youtube.com/@carpenterwork,@carpenterwork,Carpenter work,33200,1116,4,Generic name and thin description but clearly a woodworking/carpentry channel with no contradicting signals.,carpenter work wooden furniture,UCOW7ZmLRrsTIe05VxWAKJ6A,hands,furniture-woodworking,wave1,2026-09-14,scraper,1116
https://www.youtube.com/@carpentry_time,@Carpentry_time,Carpentry time ,535,118,4,"Self-described carpenter sharing his work, plain trade channel with no contradicting signals.",نجاری,UCmUj9EtEnmEaOJ0ip0itKNw,hands,furniture-woodworking,wave1,2026-09-14,scraper,118
https://www.youtube.com/@carpinter%c3%adayartesan%c3%adasnigenda,@Carpinter%C3%ADayArtesan%C3%ADasNigenda,Carpintería y Artesanías Nigenda ,2240,84,4,"Carpentry and craftsmanship channel name with minimal but on-topic bio, thin evidence for trade work.",carpintería | نجاری,UC8QJlv87EP5xD6Te3W3uG7w,hands,furniture-woodworking,wave1,2026-09-14,scraper,84
https://www.youtube.com/@cc.woodart,@cc.woodart,ccwoodart,5480,71,4,"Channel builds furniture and workshop projects out of wood, direct maker bio with no contradicting signals.",làm mộc,UCcgblsSnRhOmv132NHj6XtA,hands,furniture-woodworking,wave1,2026-09-14,scraper,71
https://www.youtube.com/@cfcarpinter%c3%8da.26,@CFCARPINTER%C3%8DA.26,CF CARPINTERÍA ,240,134,4,"Carpintería channel showing folding chairs, wardrobes and tables made in pine and eucalyptus.",carpintería,UCEPkikxkkR0uPdjnta4BRwA,hands,furniture-woodworking,wave1,2026-09-14,scraper,134
https://www.youtube.com/@charlesneilwoodworking,@charlesneilwoodworking,Charles Neil Woodworking,29200,387,4,Experienced furniture woodworker sharing workshop tips and techniques for fine furniture crafting.,woodworking workshop | fine woodworking,UCUgl-M-8eVLCs5OwGx9CLsg,hands,furniture-woodworking,wave1,2026-09-14,scraper,387
https://www.youtube.com/@chrigunrestauration,@chrigunrestauration,Chrigun Restoration,112000,75,4,Dedicated furniture restoration hobby channel repairing and rebuilding old and broken furniture pieces.,งานไม้,UCXCs2nnAP2Zn0GkUlZDag7A,hands,furniture-woodworking,wave1,2026-09-14,scraper,75
https://www.youtube.com/@creevesmakes,@CReevesMakes,CReeves Makes,68400,133,4,Personal woodworking/building maker channel with passion for creating and building projects.,làm mộc,UCXAVHJsMjgER3M_HaLuZKjA,hands,furniture-woodworking,wave1,2026-09-14,scraper,133
https://www.youtube.com/@cubuilding9694,@cubuilding9694,Cu Building,215000,414,4,"Woodworking/carpentry channel description covering techniques, pallet furniture and woodworking machines.",งานไม้,UC9pOZEpYAT7vuL2TsvsrU6Q,hands,furniture-woodworking,wave1,2026-09-14,scraper,414
https://www.youtube.com/@daleuptoncarpentry,@Daleuptoncarpentry,Dale Upton Carpentry ,65700,593,4,"Oak frame carpenter content creator, thin bio but clearly trade-focused hands-on carpentry channel.",woodworking | نجارة,UCwVMsbC7ZdzTi0wBRsIz7Qg,hands,furniture-woodworking,wave1,2026-09-14,scraper,593
https://www.youtube.com/@danielmiskoidea,@danielmiskoidea,DM Idea,258000,184,4,"Woodworking maker channel making projects, plausible furniture builds shown step by step.",làm mộc,UCVaIisjCwdZNLZIsC7Ioo1g,hands,furniture-woodworking,wave1,2026-09-14,scraper,184
https://www.youtube.com/@daparador8032,@daparador8032,D' APARADOR,1100,150,4,"Filipino cabinet-making channel focused on closets, modular kitchen cabinets and shoe racks builds.",cabinet making,UCziCWpnB9XP-zttYX_cFnNg,hands,furniture-woodworking,wave1,2026-09-14,scraper,150
https://www.youtube.com/@dekayscrafts,@dekayscrafts,Dekay's Crafts,660000,158,4,"Personal carpentry hobby channel learning woodworking, self-described bench-based craft channel.",làm mộc | งานไม้,UCYVugiFOe-aoh7FXtAuiGxw,hands,furniture-woodworking,wave1,2026-09-14,scraper,158
https://www.youtube.com/@desirahulcarpenter,@desirahulcarpenter,Desi carpenter rahul,187,242,4,Hindi carpentry channel showing full bed-making process step by step with wood selection details.,furniture making Hindi,UCPe4hOS_yylexkByKOcobiA,hands,furniture-woodworking,wave1,2026-09-14,scraper,242
https://www.youtube.com/@didim_woodtv,@didim_woodTv,디딤목공TV,435,208,4,"Furniture-making workshop channel per bio 'furniture made as imagined', thin but on-topic evidence.",목공,UCxlZruXdvjNEi8_4_zwioCQ,hands,furniture-woodworking,wave1,2026-09-14,scraper,208
https://www.youtube.com/@dineshfurnitureofficial,@Dineshfurnitureofficial,Dinesh Furniture ,44,67,4,"Carpenter channel covering furniture making, modular kitchens, wardrobe fitting and woodworking tricks.",wood furniture making,UCZ_YYH5YyJ3wSVQXWa1k51A,hands,furniture-woodworking,wave1,2026-09-14,scraper,67
https://www.youtube.com/@diy1956,@diy1956,電動工具や便利な道具を上手に使ってDIYグレードアップ村上英敏の家具作り教室,1520,108,4,Japanese furniture-making instructor channel teaching DIY furniture builds using power tools.,家具作り,UCjEWsQzATSlYX-kSp39ENKA,hands,furniture-woodworking,wave1,2026-09-14,scraper,108
https://www.youtube.com/@diymontreal,@DIYMontreal,DIY Montreal,414000,180,4,Hobbyist woodworker sharing furniture and shop-project builds with technique focus.,woodworking | woodworking workshop | building a table | نجارة | làm mộc,UCCvA0z4c_gJnlbCzvGtTX5w,hands,furniture-woodworking,wave1,2026-09-14,scraper,180
https://www.youtube.com/@dobriycraftworkshop,@DobriyCraftWorkshop,Жека Добрый | Около столярка.,75,121,4,Russian workshop channel named around столярка (joinery); thin description but plain trade evidence.,столярка,UCQipbh2A94k7TyYJGdkIMxQ,hands,furniture-woodworking,wave1,2026-09-14,scraper,121
https://www.youtube.com/@dogominhtu,@DOGOMINHTU,Đồ gỗ Minh Tú ,561,644,4,Named wood furniture workshop (Xưởng Mộc) with minimal bio but clear trade identity.,muebles de madera,UC_RBAuLbC5983r9xp1hYokQ,hands,furniture-woodworking,wave1,2026-09-14,scraper,644
https://www.youtube.com/@dtdcar%e0%a4%aa%e0%a5%87%e0%a4%82%e0%a4%9f%e0%a4%b0,@Dtdcar%E0%A4%AA%E0%A5%87%E0%A4%82%E0%A4%9F%E0%A4%B0,DTD CAR पेंटर ,11600,360,4,"Wooden furniture carpenter channel making modular kitchen, beds and almirah furniture work.",carpenter work wooden furniture,UC6ieX4aI7lsFflyZz4CgjPw,hands,furniture-woodworking,wave1,2026-09-14,scraper,360
https://www.youtube.com/@dunesidewoodcrafts,@DunesideWoodcrafts,Duneside Woodcrafts,10200,422,4,Hobbyist woodworker filming step-by-step builds from rough lumber into furniture and garden pieces.,dovetail joint,UCMR3-qTEzhj-9-HFAXnNT9Q,hands,furniture-woodworking,wave1,2026-09-14,scraper,422
https://www.youtube.com/@dutchmanworkshop,@DutchmanWorkshop,The Dutchman Workshop,46200,139,4,"DIY woodworking and carpentry channel sharing build knowledge, plausible full-build format.",woodworking workshop | 木工,UCYIe5f8DQQeqqc_tlfbyu3Q,hands,furniture-woodworking,wave1,2026-09-14,scraper,139
https://www.youtube.com/@eastcarolinawoodworks,@eastcarolinawoodworks,East Carolina Woodworks,86300,60,4,"One-man workshop custom cabinetry and furniture, thin bio but clear trade evidence.",woodworking workshop | làm mộc,UC4H00Fmtll6iQXbzpnQ5OAg,hands,furniture-woodworking,wave1,2026-09-14,scraper,60
https://www.youtube.com/@echo%e5%ad%b8%e7%bf%92%e6%97%a5%e8%a8%98,@Echo%E5%AD%B8%E7%BF%92%E6%97%A5%E8%A8%98,Echo木工學習日記,1730,123,4,"Interior finish carpenter documenting learning cabinet-cutting, saw calibration and joinery practice on the job.",木工,UCJpgqMEGZ0WEfORvl2lmTlw,hands,furniture-woodworking,wave1,2026-09-14,scraper,123
https://www.youtube.com/@edwardteach967,@edwardteach967,Столярка «У Тича»,1030,471,4,Named workshop channel (Столярка) with minimal description but clear carpentry trade identity.,столярка,UCabEEJH-Jc0H1JdiIXEkqKA,hands,furniture-woodworking,wave1,2026-09-14,scraper,471
https://www.youtube.com/@eoinreardon,@EoinReardon,Eoin Reardon,1890000,502,4,Hand tool woodworking and chair making channel name/keyword suggests dedicated furniture bench work.,hand tool woodworking | chair making | نجارة | งานไม้,UCGqh9W2KYTWbqVY1gxRAncA,hands,furniture-woodworking,wave1,2026-09-14,scraper,502
https://www.youtube.com/@epicwoodworking,@EpicWoodworking,Epic Woodworking,74400,500,4,"Established woodworking channel teaching craft and shop sessions, furniture-making focus implied.",woodworking | woodworking workshop,UChAHfq_wH3MpELvE1X_vT3g,hands,furniture-woodworking,wave1,2026-09-14,scraper,500
https://www.youtube.com/@ericlindberg,@EricLindberg,Eric Lindberg,91000,176,4,"Woodworking channel with varied projects including furniture builds, some go-kart content diversifies focus.",woodworking workshop | نجارة | làm mộc,UCbe5GkxCz9GITaAp5PfytoA,hands,furniture-woodworking,wave1,2026-09-14,scraper,176
https://www.youtube.com/@eveningwoodworker,@EveningWoodworker,The Evening Woodworker,116000,164,4,"Woodworking channel with project builds, shop setup and tool reviews mixed in.",woodworking | woodworking workshop,UCNEDbSCW66OjGngeImCKmbQ,hands,furniture-woodworking,wave1,2026-09-14,scraper,164
https://www.youtube.com/@extremewoodworker,@extremewoodworker,ExtremeWoodworker,15600,195,4,"Woodworking projects and techniques channel with occasional tool reviews, furniture-focused primary content.",woodworking | 목공,UCmE9bhjfyhepnFlyXFkWwsQ,hands,furniture-woodworking,wave1,2026-09-14,scraper,195
https://www.youtube.com/@firojfurniture5544,@Firojfurniture5544,Firoj furniture,35600,130,4,"Carpenter channel covering modular kitchen, wardrobes, beds and step-by-step furniture work across various carpentry jobs.",furniture making | móveis de madeira | carpenter work wooden furniture,UCyHIQEQg0lLlzCy9_cUstMg,hands,furniture-woodworking,wave1,2026-09-14,scraper,130
https://www.youtube.com/@fishersshop,@FishersShop,Fisher's Shop,439000,173,4,"Home woodworking shop channel with jigs, tools and projects, likely mixed with shop-vlog content.",woodworking | woodworking workshop | chair making | نجارة | งานไม้,UCKo6LouIp-TQ1PqxbWNNyAA,hands,furniture-woodworking,wave1,2026-09-14,scraper,173
https://www.youtube.com/@fishoverchickswoodworking,@FishOverChicksWoodworking,Fish Over Chicks Woodworking,49500,379,4,DIY woodworking channel focused on furniture projects with practical builds despite modest tools.,joinery | carpentry,UCgNPa8L4po8jKs3bvTvy7rw,hands,furniture-woodworking,wave1,2026-09-14,scraper,379
https://www.youtube.com/@flippingdrawers,@Flippingdrawers,Flippingdrawers,211000,255,4,"Furniture upcycling/restoration channel with hands-on projects, fits repair and refinishing scope well.",furniture restoration,UC0Nq4FigRvlbDkKFYDWENYw,hands,furniture-woodworking,wave1,2026-09-14,scraper,255
https://www.youtube.com/@flynndoggwoodwork,@FlynndoggWoodwork,Flynndogg Woodwork,62600,1162,4,Personal woodworking journey channel sharing craft admiration and projects since 2019.,woodworking | نجارة,UCAIUcOred6vLFLAIaWyNjaA,hands,furniture-woodworking,wave1,2026-09-14,scraper,1162
https://www.youtube.com/@frankmakes,@frankmakes,frank howarth,598000,368,4,Woodworking/furniture maker channel blending builds with artistic filmmaking style.,woodworking workshop | نجارة | งานไม้,UC3_VCOJMaivgcGqPCTePLBA,hands,furniture-woodworking,wave1,2026-09-14,scraper,368
https://www.youtube.com/@fredscarpentry,@fredscarpentry,Fred's carpentry,239,55,4,"Carpentry channel showing furniture, closet and kitchen builds with instructional intent across wood types.",ebanistería,UCsh7CFS8C4KoA0OeNRVlZuQ,hands,furniture-woodworking,wave1,2026-09-14,scraper,55
https://www.youtube.com/@furniture-tam,@Furniture-TAM,Wood Carpenter ,207,167,4,"Carpenter channel making cabinets, wardrobes, doors and windows with practical work focus described.",wood furniture making | carpenter work wooden furniture,UCnnNFTbpmHapDcgRRzUjBow,hands,furniture-woodworking,wave1,2026-09-14,scraper,167
https://www.youtube.com/@furniturework,@Furniturework,Furniture work,44600,448,4,"Furniture making and hardware installation channel with carpenter contact info, plain trade evidence.",carpenter work wooden furniture,UCLl0fJmtESF2n-6lzR0bR_A,hands,furniture-woodworking,wave1,2026-09-14,scraper,448
https://www.youtube.com/@gholekrizki85,@gholekrizki85,Ahmed wood,18200,606,4,"Woodworking tutorial channel teaching joinery, angles, cutting techniques and carpentry tips/tricks.",wood furniture making,UCtWybPQLysQxBdX5mxZMegA,hands,furniture-woodworking,wave1,2026-09-14,scraper,606
https://www.youtube.com/@gotwoodworkshop,@Gotwoodworkshop,Got Wood Workshop,24900,57,4,"Woodworking workshop channel showing DIY process and shop setup, furniture projects likely featured.",woodworking workshop,UCK-R-MohBtLW8bt2dY2f3RQ,hands,furniture-woodworking,wave1,2026-09-14,scraper,57
https://www.youtube.com/@gpr3carpentry,@gpr3carpentry,Gpr3 Carpentry,186000,474,4,"Finish carpentry channel with tools and tips, trade-focused bio suggests hands-on work.",woodworking | carpentry | نجارة | làm mộc,UCETE7SDnkXBzyBjbZimRmaQ,hands,furniture-woodworking,wave1,2026-09-14,scraper,474
https://www.youtube.com/@gr_woodworking,@gr_woodworking,GR Woodworking,99000,75,4,Dedicated woodworking channel selling blueprints alongside real furniture builds.,woodworking | joinery | carpentry | hand tool woodworking | woodworking workshop | نجارة,UC_-mZeu4_3kJlSNUWR6bDlA,hands,furniture-woodworking,wave1,2026-09-14,scraper,75
https://www.youtube.com/@grach0904,@Grach0904,Столярка на минималках,256,50,4,"Russian carpentry channel name (столярка) suggests dedicated joinery workshop content, thin but on-topic evidence.",столярка,UCRm5nknx42ZDajwgdKRDUGA,hands,furniture-woodworking,wave1,2026-09-14,scraper,50
https://www.youtube.com/@grinwood,@GRINwood,GRINwood,639000,159,4,Personal woodworking channel building own shop tools and furniture from a home workshop.,نجارة | làm mộc | งานไม้,UCZzQMoANFa8UstbbqwOWn8Q,hands,furniture-woodworking,wave1,2026-09-14,scraper,159
https://www.youtube.com/@guardianwoodworking,@guardianwoodworking,Jordan Barry - Guardian Woodworking,49500,131,4,"Woodworking workshop channel with free build plans, faith-based branding, plausible full furniture builds.",joinery | woodworking workshop,UCYe8RA_dC7qErH7B9IhCQcQ,hands,furniture-woodworking,wave1,2026-09-14,scraper,131
https://www.youtube.com/@h.r.woodworks2340,@h.r.woodworks2340,H.R. WOOD WORKS,813,68,4,"Named carpenter/wood-furniture channel with minimal bio, thin but clear trade evidence.",ahşap mobilya | carpenter work wooden furniture,UC4JRSyeXeUKnVcB_fej3ykg,hands,furniture-woodworking,wave1,2026-09-14,scraper,68
https://www.youtube.com/@harishvkmodularkitchen643,@harishvkmodularkitchen643,Harish_vk Furniture Works ,81,67,4,"Carpenter channel doing modular kitchens, beds and furniture work per description.",carpenter work wooden furniture,UCTZBVvV8TGZLkevsNLI-FtA,hands,furniture-woodworking,wave1,2026-09-14,scraper,67
https://www.youtube.com/@hasnainwoodworks-8,@hasnainwoodworks-8,HASNAIN WOOD WORKS FURNITURE HUB,57,53,4,"Wood furniture works channel naming cabinetry, furniture making, joinery and carpentry directly.",wood furniture making,UCzQFiA_x6xbP8Rk-nn_Pz1g,hands,furniture-woodworking,wave1,2026-09-14,scraper,53
https://www.youtube.com/@heavenframestudio,@Heavenframestudio,Heavenframestudio,169,80,4,Classical furniture making channel showing mortise and tenon joinery and furniture assembly.,dovetail joint,UCP72J16f_AhJj-PQAHHPIGw,hands,furniture-woodworking,wave1,2026-09-14,scraper,80
https://www.youtube.com/@heflippinmad,@HeflippinMAD,HeflippinMAD,23,52,4,Furniture restoration and refinishing channel with flip-focused titles showing repair process.,furniture restoration,UCRYbrFPGf904qC1hG2mGIZw,hands,furniture-woodworking,wave1,2026-09-14,scraper,52
https://www.youtube.com/@hicham04,@Hicham04,نجارة الخشب هشام,1340,90,4,Arabic carpentry channel name and topic keyword indicate wood furniture-making trade with minimal but relevant description.,نجارة,UCo1RjmdD3qATX-Uj28Twfng,hands,furniture-woodworking,wave1,2026-09-14,scraper,90
https://www.youtube.com/@hkcarpenterg,@HKCarpenterg,HK Carpenter,130000,200,4,Hindi channel dedicated to furniture-making from wood and plywood plus hardware installation instruction.,carpentry,UCJgUK8wUl8i65IAhlqqgnxw,hands,furniture-woodworking,wave1,2026-09-14,scraper,200
https://www.youtube.com/@hobbify192,@hobbify192,Hobbify,840,57,4,"Hobbyist woodworker channel building furniture like cabinets, shoe racks and jigs with described build content.",mortise and tenon,UCXJsoexPDT70Q0j4TgpKiwA,hands,furniture-woodworking,wave1,2026-09-14,scraper,57
https://www.youtube.com/@hoenerfarms,@Hoenerfarms,Hoener Farms Fine Woodworking,3380,162,4,"Award-winning furniture studio focused on traditional craftsmanship, fits topic with thin but clear evidence.",dovetail joint | fine woodworking,UCjmIU05FixRx0InYu1RB9Rw,hands,furniture-woodworking,wave1,2026-09-14,scraper,162
https://www.youtube.com/@hopefurniture1,@Hopefurniture1,HOPE FURNITURE ,199,57,4,Personal channel documenting furniture making and construction work as a real journey/build content.,furniture making,UCoCZmeGvvGU8hkbairhIu0A,hands,furniture-woodworking,wave1,2026-09-14,scraper,57
https://www.youtube.com/@houseofwoodandfire,@HouseofWoodandFire,House of Wood and Fire,103,59,4,"Self-taught woodworker documenting progress on woodworking projects, plain hobbyist bench channel.",hand tool woodworking,UCTFRSyM97JkGRmQZkE9ul5g,hands,furniture-woodworking,wave1,2026-09-14,scraper,59
https://www.youtube.com/@hs123carpenter,@Hs123carpenter,Hs carpenter,1980,182,4,Name and handle indicate a carpentry channel with minimal but on-topic bio.,carpentry,UCbsNwNAxMvC0L0lXD-OCHag,hands,furniture-woodworking,wave1,2026-09-14,scraper,182
https://www.youtube.com/@intothewoodshop,@IntoTheWoodShop,Into The WoodShop,1840,95,4,Home workshop channel building varied projects with irregular but real build videos.,woodworking workshop,UC3CcKpLP3fOVTx3pZGeZKTw,hands,furniture-woodworking,wave1,2026-09-14,scraper,95
https://www.youtube.com/@ivylane-home,@ivylane-home,Ivy Lane Home - Furniture | DIY ,44000,663,4,Furniture flipping/refinishing DIY channel documenting the restoration process and before-afters.,furniture restoration,UCfmW52eBg7U7VYZ_3rnmc6Q,hands,furniture-woodworking,wave1,2026-09-14,scraper,663
https://www.youtube.com/@izzyswan,@izzyswan,izzy swan,958000,496,4,"Woodworking channel with projects and jigs, mostly builds but includes wild contraptions and gadget content.",woodworking | نجارة,UCO39zTYpvWL5jx2q15Ma_Hw,hands,furniture-woodworking,wave1,2026-09-14,scraper,496
https://www.youtube.com/@j-woodworking9573,@j-woodworking9573,J-woodworking마루목공,236000,167,4,Hobbyist carpenter's woodworking diary documenting furniture making process and ideas.,joinery | hand tool woodworking | woodworking workshop | làm mộc | งานไม้ | 목공 | stolarstwo,UCJYJgssnvQET5PWLQzTlq8w,hands,furniture-woodworking,wave1,2026-09-14,scraper,167
https://www.youtube.com/@jandkcarpentrybros,@JandKCarpentryBros,J&K Carpentry Bros ,208000,93,4,"Carpentry teaching channel sharing in-depth jobsite methods and practices, plain trade evidence.",carpentry,UCxVakfo5-xMyRjm6QrAxzXw,hands,furniture-woodworking,wave1,2026-09-14,scraper,93
https://www.youtube.com/@johnbuildsit,@JohnBuildsIt,John Builds It,222000,110,4,"Custom furniture build videos and shop projects, though mixed with tool reviews and plans promotion.",building a table,UC6yBPZj-BYf8Fx6yug1Iyyg,hands,furniture-woodworking,wave1,2026-09-14,scraper,110
https://www.youtube.com/@jointsforwood,@jointsforwood,joints for wood,1290,92,4,"Master carpenter sharing wood joint creations, thin but clear trade evidence for joinery focus.",dovetail joint | mortise and tenon,UCiCpsUgvWEB6qvu5dsy7htA,hands,furniture-woodworking,wave1,2026-09-14,scraper,92
https://www.youtube.com/@joshwrightwoodworking,@JoshWrightWoodworking,Josh Wright,302000,262,4,"Personal woodworking channel with Etsy shop, plausible hands-on furniture builds despite thin description.",woodworking workshop | نجارة | làm mộc | 목공,UCNNxgIF30wtKlpjHE3ajefg,hands,furniture-woodworking,wave1,2026-09-14,scraper,262
https://www.youtube.com/@justbswoodworking,@justbswoodworking,JustBS Woodworking,6470,95,4,"UK hobbyist woodworking channel making items from wood, learning journey with mistakes and successes.",woodworking workshop,UCwGq3bY3sQehOuA5_bpmKkw,hands,furniture-woodworking,wave1,2026-09-14,scraper,95
https://www.youtube.com/@kangkayumania,@Kangkayumania,kayu mania mantap,36,62,4,Indonesian workshop channel installing custom cabinets and furniture with on-camera installation work.,membuat furniture kayu,UCiwjWoE_Cx1jATNRbLVf4Tw,hands,furniture-woodworking,wave1,2026-09-14,scraper,62
https://www.youtube.com/@kangzack1,@kangzack1,Kang Zack,75000,624,4,"Woodworking channel promising furniture tutorials and projects, thin but on-topic bio.",목공,UChHBoAA9nvhxtqUG1jla39Q,hands,furniture-woodworking,wave1,2026-09-14,scraper,624
https://www.youtube.com/@kapwoodworkandbuilding,@KAPWoodworkandbuilding,KAP Woodwork and Building,12300,279,4,"Woodwork and carpentry building projects channel with how-to content, some general building adventures mixed in.",woodworking,UClqgkeKf1j4fNv6Khu6ICUQ,hands,furniture-woodworking,wave1,2026-09-14,scraper,279
https://www.youtube.com/@karachicarpenter,@karachicarpenter,Karachi Carpenter,1010,110,4,"Carpenter channel focused on kitchen cabinets, drawers and furniture woodwork skills.",carpenter work wooden furniture,UCBZ8BvQ4MKq5wFN-pfjpRmA,hands,furniture-woodworking,wave1,2026-09-14,scraper,110
https://www.youtube.com/@katzmosestools,@katzmosestools,Jonathan Katz-Moses,634000,424,4,Established woodworker/inventor channel focused on building and fixing furniture with hand tools and jigs.,woodworking | hand tool woodworking | نجارة | งานไม้,UCXBNF-A7QlYT3tT-B9N4ElA,hands,furniture-woodworking,wave1,2026-09-14,scraper,424
https://www.youtube.com/@keepitpushinwoodwork,@keepitpushinwoodwork,Keep it Pushin Woodwork,16300,493,4,"Quadriplegic woodworker creating handmade furniture work, a dedicated hands-on woodworking channel.",woodworking,UCET_QItYo6fWLdBQXPNig_A,hands,furniture-woodworking,wave1,2026-09-14,scraper,493
https://www.youtube.com/@kingposttimberworks,@KingPostTimberWorks,Joey Chalk ,241000,142,4,"Small business making handmade timber furniture and kitchens for clients, plausible bench-build content.",làm mộc,UCMwkFVvmhR6JmDgdWkio2kA,hands,furniture-woodworking,wave1,2026-09-14,scraper,142
https://www.youtube.com/@kkfurniture,@KKFurniture,KK Furniture,274000,481,4,"Hindi furniture and carpenter work channel covering kitchen, bedroom and TV unit builds.",carpenter work wooden furniture,UCOilUMsx31-MMu7fakOvzzw,hands,furniture-woodworking,wave1,2026-09-14,scraper,481
https://www.youtube.com/@korotkovhandmade1258,@korotkovhandmade1258,Manufacture of furniture . HAND MADE,11600,93,4,"Furniture manufacturing and wood processing handmade channel, direct trade evidence despite thin description.",мебель своими руками,UCG5nakApI8W7JBoR5tLOxSg,hands,furniture-woodworking,wave1,2026-09-14,scraper,93
https://www.youtube.com/@kuffyswoodwork,@kuffyswoodwork,Kuffys Woodwork,9030,111,4,Woodworking workshop channel with how-to build videos as core content.,woodworking workshop,UCtER3LFDf4u7Yfau76JGs3g,hands,furniture-woodworking,wave1,2026-09-14,scraper,111
https://www.youtube.com/@kurnoolcarpenter143,@Kurnoolcarpenter143,KNL carpenter,802,352,4,"Carpenter channel name with minimal bio, trade evidence suggests genuine carpentry work content.",carpentry,UCh7h9Tf4qnGJL7rUJXALK9Q,hands,furniture-woodworking,wave1,2026-09-14,scraper,352
https://www.youtube.com/@kyre5252,@kyre5252,Юрий Бажан краснодеревщик и токарь по дереву,71900,1081,4,Russian channel name explicitly identifies as cabinetmaker and wood turner with no contradicting evidence.,столярка,UCypu1IBqT3Vh1wf_TKOJZwg,hands,furniture-woodworking,wave1,2026-09-14,scraper,1081
https://www.youtube.com/@leemaker6801,@leemaker6801,LeeMaker 리메이커,149000,77,4,Woodworking and metalworking combined to make furniture and tools per description.,목공,UCYwvf0aay-8qFuJPVPyo3-A,hands,furniture-woodworking,wave1,2026-09-14,scraper,77
https://www.youtube.com/@leon.majster,@leon.majster,leon.majster,55000,124,4,"Young carpenter sharing his own woodworking work, plain trade evidence with no distractions.",stolarstwo,UCcn-dP_sNwxYcxp_Tu9O9eQ,hands,furniture-woodworking,wave1,2026-09-14,scraper,124
https://www.youtube.com/@lepatka_woodworking,@LEpatka_woodworking,LEpatka Woodworking,8220,434,4,"Woodworking hobbyist and tool enthusiast, thin bio but on-topic trade.",joinery | woodworking workshop,UCwoW3J8lV6DeBTIrjlXk8Gg,hands,furniture-woodworking,wave1,2026-09-14,scraper,434
https://www.youtube.com/@lignumchannel,@lignumchannel,lignum,340000,135,4,"Woodworking channel using hand and power tools for varied projects, engineer background.",งานไม้,UCfSdejZFhw0rrDFlj9McyNA,hands,furniture-woodworking,wave1,2026-09-14,scraper,135
https://www.youtube.com/@lincolnstww,@Lincolnstww,Lincoln St. Woodworks,570000,64,4,"Woodworking channel with builds like saunas, casual tone suggests real shop projects.",woodworking | building a table | نجارة | làm mộc | งานไม้ | stolarstwo,UCqal-8AqDFpsYwZwxs4TaHg,hands,furniture-woodworking,wave1,2026-09-14,scraper,64
https://www.youtube.com/@lr_furniture9341,@lr_furniture9341,lr_furniture,80,93,4,"Custom-sized furniture shop description implies made-to-order builds, thin but on-topic evidence.",家具作り,UCFPFAzFPMxJVvjTTGmb4aNA,hands,furniture-woodworking,wave1,2026-09-14,scraper,93
https://www.youtube.com/@lutherswoodworking,@LuthersWoodworking,Luthers Woodworking,7440,118,4,"Personal woodworking channel building furniture projects over the years, thin but on-topic bio.",joinery,UCnRFRwfCitn-QuyJ5-8Ty6A,hands,furniture-woodworking,wave1,2026-09-14,scraper,118
https://www.youtube.com/@luxuryfurniture14,@LuxuryFurniture14,md.sharukh.Carpenter🔨,122,134,4,"Carpenter channel making wardrobes, kitchens, beds and custom furniture with craftsmanship focus.",cabinet making | carpenter work wooden furniture,UCCbqV7tIZvgWEW39j88JR9g,hands,furniture-woodworking,wave1,2026-09-14,scraper,134
https://www.youtube.com/@mahabur-furniture-repair-962,@mahabur-furniture-repair-962, furniture repair all Bangladesh 1,10500,967,4,"Bangladeshi furniture repair and building service channel describing varnishing, repair and custom furniture making.",furniture repair,UCI8pvB0CZmmGUX9EjznpqQw,hands,furniture-woodworking,wave1,2026-09-14,scraper,967
https://www.youtube.com/@manhaajwoodwarks,@Manhaajwoodwarks,Minhaaj wood warks,179,165,4,Furniture making and repair service with on-topic titles referencing woodworking and furniture making.,wood furniture making,UCP_khZQDgByrfXlB5gNzqLA,hands,furniture-woodworking,wave1,2026-09-14,scraper,165
https://www.youtube.com/@manorwood,@ManorWood,Manor Wood,106000,372,4,"Woodworking workshop channel with Patreon support, thin description but on-topic trade focus.",woodworking workshop | làm mộc,UCxxvtQQz4C4DO9KnqC0tZMg,hands,furniture-woodworking,wave1,2026-09-14,scraper,372
https://www.youtube.com/@manso99,@MANSO99,MANSO ORACSIL,3990,67,4,"Hobby woodworking channel making personal projects, plain trade-relevant description.",목공,UCFmx_nlf5HU1IUQ2rcuNwog,hands,furniture-woodworking,wave1,2026-09-14,scraper,67
https://www.youtube.com/@marcosmartins8907,@marcosmartins8907,Marcenaria móveis ,59,63,4,Marcenaria (cabinetmaking) named channel with no contradicting evidence of drift toward other content.,marcenaria,UC-tlW53EDFKH7MmB3XU19BA,hands,furniture-woodworking,wave1,2026-09-14,scraper,63
https://www.youtube.com/@markslsmith1,@MarkSLSmith1,Mark's Woodworking Challenges,779,68,4,Dedicated hand-tool woodworking channel evaluating vintage planes and hand tool techniques with challenges.,hand tool woodworking,UCwBD0a8yUcPWIpRbik2e2Lw,hands,furniture-woodworking,wave1,2026-09-14,scraper,68
https://www.youtube.com/@martin_kiln_and_slabworks,@martin_kiln_and_slabworks,Martin Woodworking and Homesteading,775,54,4,"Woodworking and homesteading channel with strong craft/family trade narrative, furniture-focused bio.",stolarstwo,UCW3szu-rRVf1OCJQ8TrWFQw,hands,furniture-woodworking,wave1,2026-09-14,scraper,54
https://www.youtube.com/@masterskay_na_naberezhnoi,@masterskay_na_naberezhnoi,Aleksei Tarasov,49100,143,4,"Workshop channel bio describing work in the shop, thin but plausible furniture-making evidence.",งานไม้,UCo5AgFNxK6oUL7n4mL-foBQ,hands,furniture-woodworking,wave1,2026-09-14,scraper,143
https://www.youtube.com/@mattestlea,@MattEstlea,Matt Estlea,423000,388,4,"Established woodworking tutorial channel with full projects and skill-building content, strong furniture-making focus.",woodworking | نجارة,UCxWzA3ZlYEOLr1JkKH0ZMyg,hands,furniture-woodworking,wave1,2026-09-14,scraper,388
https://www.youtube.com/@mebel_pro_kiev,@mebel_PRO_Kiev,Мебель-PRO,4900,70,4,Furniture-focused DIY channel with humorous bio claiming to teach furniture making and hand tools.,мебель своими руками,UCIB0maNTXfjIuwHEyAo-kaQ,hands,furniture-woodworking,wave1,2026-09-14,scraper,70
https://www.youtube.com/@mebel_video,@Mebel_video,seni tukang kayu,167,52,4,"Indonesian tukang kayu channel describing daily furniture-making tutorials for tables, chairs, wardrobes and beds.",tukang kayu,UCKdwwMWAXQhveOiRyA_nRNw,hands,furniture-woodworking,wave1,2026-09-14,scraper,52
https://www.youtube.com/@mebeltopik6848,@mebeltopik6848,Mebel topik,5340,53,4,Indonesian channel of a beginner furniture carpenter sharing knowledge on wood furniture making.,membuat furniture kayu,UCCNhRWFJbPmVXIomoou-TNA,hands,furniture-woodworking,wave1,2026-09-14,scraper,53
https://www.youtube.com/@mehrdadfathollahi,@mehrdadfathollahi,mehrdad fathollahi,23000,103,4,"Furniture designer/maker content creator, thin bio but clear trade focus with dovetail keyword hint.",hand tool woodworking | dovetail joint,UCAoRPjQOyTcuZAPCgvLKyxA,hands,furniture-woodworking,wave1,2026-09-14,scraper,103
https://www.youtube.com/@mh.art.handicraft2474,@mh.art.handicraft2474,mh.art.handicraft,1810,134,4,"Hand tool woodworking channel sharing creations, thin description but fits furniture/craft woodworking niche.",hand tool woodworking,UCra7nWY3zkNAaXOJU8H8agQ,hands,furniture-woodworking,wave1,2026-09-14,scraper,134
https://www.youtube.com/@michaelalm,@MichaelAlm,Michael Alm (ALM FAB),671000,156,4,"Woodworker channel making patterned plywood tutorials, hands-on woodworking content.",woodworking workshop | نجارة | carpenter work wooden furniture | làm mộc | งานไม้,UCFPi0bIn4Bc3Vkd9T-dKuzw,hands,furniture-woodworking,wave1,2026-09-14,scraper,156
https://www.youtube.com/@michaelreeves,@MichaelReeves,Michael Reeves,7800000,56,4,Chair making keyword match with minimal description but plausible dedicated furniture-making channel.,chair making,UCtHaxi4GTYDpJgMSGy7AeSw,hands,furniture-woodworking,wave1,2026-09-14,scraper,56
https://www.youtube.com/@mishanya-stolyarka,@Mishanya-Stolyarka,Мішаня Столярка,7250,683,4,"Simple bio stating they make furniture for personal use, thin but clear trade evidence.",столярка,UCl25fw7LRa0LiXMzZTHaXJQ,hands,furniture-woodworking,wave1,2026-09-14,scraper,683
https://www.youtube.com/@mjlwoodworks,@MJLWoodWorks,MJL WoodWorks,559,59,4,"Carpenter/maker channel building and upcycling furniture from reclaimed materials, trade-relevant bio.",نجاری,UCIsziASZY_gXvcpv0bDAqaA,hands,furniture-woodworking,wave1,2026-09-14,scraper,59
https://www.youtube.com/@mkdesignsfinewoodworking,@mkdesignsfinewoodworking,MK Designs Fine Woodworking and More LLC,5310,73,4,"Fine woodworking channel described as 'how to' videos, plausible bench-based furniture builds.",fine woodworking | 목공,UCVkwfCUOh6dcNeCuj4O7ADA,hands,furniture-woodworking,wave1,2026-09-14,scraper,73
https://www.youtube.com/@mmwoodstudio,@mmwoodstudio,MM Wood Studio,20300,278,4,Woodworking school and makerspace offering hands-on classes for intermediate to advanced furniture projects.,stolarstwo,UCZtjmKv6CdSegERDtOJUXBA,hands,furniture-woodworking,wave1,2026-09-14,scraper,278
https://www.youtube.com/@modernplywoodcarpenter..1m,@Modernplywoodcarpenter..1M,Modern  carpenter 3M views . 8 h ego,916,347,4,"Carpentry tutorial channel covering wardrobes, beds, modular kitchens with step-by-step builds.",carpentry,UCTVx5NG1p7QtMhMLLBh737g,hands,furniture-woodworking,wave1,2026-09-14,scraper,347
https://www.youtube.com/@monusarojinteriorwork,@Monusarojinteriorwork,Monuinteriorwork,524,746,4,"Carpenter and furniture maker channel with contact info, plain trade evidence with no contradicting signals.",furniture making Hindi,UCHZsdJXDPOxCChL45InQaxQ,hands,furniture-woodworking,wave1,2026-09-14,scraper,746
https://www.youtube.com/@mr.esquire5581,@mr.esquire5581,نجارة عبد العزيز,188,56,4,"Arabic carpentry and wood decoration channel, thin bio but clear trade naming.",نجارة,UC3CtxRn89vlxewbTR3SOg7g,hands,furniture-woodworking,wave1,2026-09-14,scraper,56
https://www.youtube.com/@mrcarpenter,@mrcarpenter,MR CARPENTER ,3000,120,4,"Carpenter making doors, kitchens, furniture and cabinets, description covers real hands-on builds.",carpenter work wooden furniture,UCM_d1GIGW1m99VHASgo778g,hands,furniture-woodworking,wave1,2026-09-14,scraper,120
https://www.youtube.com/@mrwoodworking68,@MRWoodworking68,MR Woodworking,47900,423,4,"Woodworking channel sharing personal projects and creative ideas, plain hobbyist bio.",woodworking | stolarstwo,UCqwdEcgiPm3BZ7T-yOTMKqg,hands,furniture-woodworking,wave1,2026-09-14,scraper,423
https://www.youtube.com/@munnakumarcarpenter,@Munnakumarcarpenter,Munna kumar carpenter,139,214,4,"Self-described carpenter offering services, plain trade channel evidence pointing to furniture/carpentry work.",carpentry,UCnhI2qTsM7t1Va6ZkN6kvhg,hands,furniture-woodworking,wave1,2026-09-14,scraper,214
https://www.youtube.com/@mustopah123,@mustopah123,mustopa,245,250,4,Carpenter tips channel with minimal but on-topic description signaling hands-on woodworking content.,tukang kayu,UCNpj3pjcQbjUIeyBIPMzobw,hands,furniture-woodworking,wave1,2026-09-14,scraper,250
https://www.youtube.com/@muyoungworkshop,@MuyoungWorkshop,Muyoung Workshop,15700,104,4,Woodworking/furniture/jig channel name directly matches furniture making and joinery focus.,mortise and tenon,UCXCEnRPWdQSAFmFO6-K7ISg,hands,furniture-woodworking,wave1,2026-09-14,scraper,104
https://www.youtube.com/@mwawoodworks,@MWAWoodworks,MWA Woodworks,455000,99,4,Personal woodworking shop channel documenting maker's journey building projects since 2012.,woodworking | cabinet making | woodworking workshop | نجارة | làm mộc | งานไม้,UCn2qOBTeRCHjqr-Mo-j0CBw,hands,furniture-woodworking,wave1,2026-09-14,scraper,99
https://www.youtube.com/@nadeem45carpenter,@Nadeem45Carpenter,Nadeem Carpenter ,6900,689,4,Carpenter channel focused on furniture and interior woodwork design in Hindi.,carpenter work wooden furniture,UCINed8rqNPjlveF0zE_fwyQ,hands,furniture-woodworking,wave1,2026-09-14,scraper,689
https://www.youtube.com/@narsiram19,@NarsiRam19,Royal Farnichar   ,64,74,4,Describes wooden joinery craftsmanship and furniture-making process by skilled carpenter.,wood furniture making | móveis de madeira | ahşap mobilya | furniture making Hindi | carpenter work wooden furniture,UCo2NMQ45LVKMmvO3lZQGbWw,hands,furniture-woodworking,wave1,2026-09-14,scraper,74
https://www.youtube.com/@newmanspecialswoodwork,@NewmanSpecialsWoodwork,Newman Specials Woodwork,62100,714,4,Custom woodworking maker channel showing tools and techniques for DIY and shop projects.,carpentry | woodworking workshop,UCUTfohDeWKRdO7zJ8JJCDqg,hands,furniture-woodworking,wave1,2026-09-14,scraper,714
https://www.youtube.com/@newtonmakes,@NewtonMakes,Newton Makes,152000,210,4,"Hobbyist woodworking maker channel building furniture, boxes and art projects on camera.",woodworking | làm mộc,UCC6IoQwiGlJ4K8TdcSMUzSg,hands,furniture-woodworking,wave1,2026-09-14,scraper,210
https://www.youtube.com/@noelmccullough,@noelmccullough,Noel McCullough,183,79,4,Designer-maker channel focused on making furniture in a workshop setting.,wood furniture making | Möbelbau,UCg6EwP5BM44EFEzaBnYHUCA,hands,furniture-woodworking,wave1,2026-09-14,scraper,79
https://www.youtube.com/@noorcarpenter,@NoorCarpenter,Noor Carpenter,150,71,4,Pakistani carpenter channel focused on furniture design and daily carpentry vlogs.,furniture making Hindi,UCpp6gZ82t7TSrgmu6L6Hh1Q,hands,furniture-woodworking,wave1,2026-09-14,scraper,71
https://www.youtube.com/@nukraftworkshop,@NuKraftWorkshop,"NuKraft Workshop - Builds, Deals & DIY",25000,178,4,Woodworking maker channel with shop builds and step-by-step DIY furniture projects.,woodworking,UCD5qRPfu-Z5IDavKixYmeag,hands,furniture-woodworking,wave1,2026-09-14,scraper,178
https://www.youtube.com/@ourwoodwork,@Ourwoodwork,Our wood work ,120,98,4,"Carpenter channel name with minimal bio, thin but on-topic trade evidence.",نجاری,UC3IONkLBkqLe-PsNc7ZA-zw,hands,furniture-woodworking,wave1,2026-09-14,scraper,98
https://www.youtube.com/@outer_woods,@outer_woods,Outer Woods,63000,198,4,Small custom woodworking business filming builds and DIY furniture projects with craftsmanship focus.,woodworking | نجارة,UCg5y4ftM4m6bLui1FH_HyQw,hands,furniture-woodworking,wave1,2026-09-14,scraper,198
https://www.youtube.com/@papacraftbigwood,@Papacraftbigwood,งานไม้ของพ่อ,14900,200,4,Thai woodworking channel sharing real techniques and tips from personal woodwork experience.,งานไม้,UC2aYgLqBQwydQiZ2REfy9qQ,hands,furniture-woodworking,wave1,2026-09-14,scraper,200
https://www.youtube.com/@pareshmakvana-x1g,@PareshMakvana-x1g,Pm furniture design ,40,50,4,"Furniture-making channel name with minimal but on-topic description, no contradicting evidence.",furniture making,UCiwYMmht2mM_RkuDAGW3KPA,hands,furniture-woodworking,wave1,2026-09-14,scraper,50
https://www.youtube.com/@parillaworks,@parillaworks,parillaworks,112000,101,4,Woodworker channel following his own furniture builds from start to finish.,làm mộc | 목공 | stolarstwo,UCotJdR9rXL-jhkSe-nfVH8g,hands,furniture-woodworking,wave1,2026-09-14,scraper,101
https://www.youtube.com/@pesulapkayu,@Pesulapkayu,Pesulap kayu,5210,1101,4,"Kusen/pintu/furniture maker channel, thin bio but clear carpentry trade evidence.",membuat furniture kayu,UCb7yDusu5OcZc1xlEAwAl0Q,hands,furniture-woodworking,wave1,2026-09-14,scraper,1101
https://www.youtube.com/@pinarwoodwork,@PinarWoodwork,Pinar Woodwork,172,160,4,Woodworker sharing his woodworking journey from inspiration to finished furniture pieces.,woodworking,UC58MIkAIYu_DuYHujnCysGQ,hands,furniture-woodworking,wave1,2026-09-14,scraper,160
https://www.youtube.com/@pintukumarjangid,@pintukumarjangid,Jangid Furniture Works,48,64,4,"Furniture making channel teaching how to build beds, chairs, tables and wardrobes at home.",furniture making Hindi,UCwv23M0O4CzxZH2ED-WuV_Q,hands,furniture-woodworking,wave1,2026-09-14,scraper,64
https://www.youtube.com/@productionfurniture,@productionfurniture,PRODUCTION FURNITURE,60,87,4,"Channel name and description directly describe furniture making, preparation and production process.",furniture making,UCC-QTipJsQXKq7QLZhYGBcA,hands,furniture-woodworking,wave1,2026-09-14,scraper,87
https://www.youtube.com/@profiss%c3%a3omarceneiro,@Profiss%C3%A3oMarceneiro,Profissão Marceneiro,191000,275,4,Brazilian marcenaria channel teaching planned furniture making with tips and instructions on builds.,móveis de madeira,UCwNgMur7U4P3zJMK5zIbxuQ,hands,furniture-woodworking,wave1,2026-09-14,scraper,275
https://www.youtube.com/@pruettwoodworking,@PruettWoodworking,Pruett Woodworking,22100,293,4,"Dedicated woodworking channel building custom furniture and period pieces, though plans-selling present.",نجارة | làm mộc,UCUsQV0xHBd5kCU949gnts1g,hands,furniture-woodworking,wave1,2026-09-14,scraper,293
https://www.youtube.com/@rafikcarpenter6509,@rafikcarpenter6509,Rafik Carpenter🔬,394,533,4,"Name signals carpentry trade channel with no contradicting evidence, thin but positive.",carpentry,UC_z4Mdey4nozVrp1As2_9hA,hands,furniture-woodworking,wave1,2026-09-14,scraper,533
https://www.youtube.com/@raja_carpenter,@Raja_carpenter,Raja carpenter ,463,97,4,"Carpenter channel showing step-by-step furniture making of beds, wardrobes and sofas.",carpentry,UCvVivYExKUzztBSwS0E927g,hands,furniture-woodworking,wave1,2026-09-14,scraper,97
https://www.youtube.com/@ramonartful,@ramonartful,Ramon Valdez Fine Furniture,28400,157,4,"Fine furniture woodworker sharing processes and techniques, on-topic bench-focused channel.",woodworking | woodworking workshop | fine woodworking | نجارة | làm mộc | stolarstwo,UCkmiOyqbcJ6bCuwvzCDz2vg,hands,furniture-woodworking,wave1,2026-09-14,scraper,157
https://www.youtube.com/@rangewoodworking,@RangeWoodworking,Range Woodworking,6040,63,4,"Hobbyist woodworking channel making varied wood projects, plausible furniture builds shown.",woodworking workshop | 목공,UCyGjlyK7Dm_81SkRRVHGYog,hands,furniture-woodworking,wave1,2026-09-14,scraper,63
https://www.youtube.com/@rashadesign,@rashadesign,rasha design ,501,74,4,"Small workshop channel making wood projects, personal maker bio pointing to hands-on furniture work.",dovetail joint,UCpLqXLrnayZeyMrIVAtV6gA,hands,furniture-woodworking,wave1,2026-09-14,scraper,74
https://www.youtube.com/@remarkablewoodworks,@RemarkableWoodworks,Remarkable Woodworks,19400,88,4,"Woodworking channel focused on teaching how to build things, aligns with furniture-making instructional format.",stolarstwo,UCYrLnc49rONUkdghzR6xt6Q,hands,furniture-woodworking,wave1,2026-09-14,scraper,88
https://www.youtube.com/@reysonideroespindola,@ReysonideroEspindola,Carpintería y Herrería el sabor ,549,205,4,"Industrial-style furniture makers filming each piece they build, direct trade evidence despite brief description.",carpintería,UCOW29uH4s-EMgjJke1LUP1g,hands,furniture-woodworking,wave1,2026-09-14,scraper,205
https://www.youtube.com/@ricardorosarestauros,@ricardorosa.restauros,Ricardo Rosa Restauros ,47,91,4,Furniture restoration channel name matching topic with minimal but relevant description.,muebles de madera | móveis de madeira | ahşap mobilya,UCnEk28cTBHbvxDK1XZ_aPDg,hands,furniture-woodworking,wave1,2026-09-14,scraper,91
https://www.youtube.com/@rockwoodmarcenaria4639,@rockwoodmarcenaria4639,Rockwood Marcenaria,12500,1183,4,"Named marcenaria (woodworking shop) channel with minimal bio, thin evidence but trade-fitting.",marcenaria,UCmDazjaWhRlEOrYbyM0KIwQ,hands,furniture-woodworking,wave1,2026-09-14,scraper,1183
https://www.youtube.com/@ronniesworkshop,@RonniesWorkshop,Ronnie's Workshop,51200,248,4,"General woodworking DIY channel selling plans, but mostly maker/how-to projects fits furniture making broadly.",woodworking workshop | stolarstwo,UC2l75RzT-90ylk8RnkUchLg,hands,furniture-woodworking,wave1,2026-09-14,scraper,248
https://www.youtube.com/@rpmvidiofurniture,@rpmvidiofurniture,rpm vidio furniture,1270,190,4,"Indonesian custom furniture workshop showing the process and results of chair, table and cabinet building.",membuat furniture kayu,UCjQQ_yq-c1VTMCn6VNcrz0A,hands,furniture-woodworking,wave1,2026-09-14,scraper,190
https://www.youtube.com/@ryanhawkins,@ryanhawkins,Ryan Hawkins,565000,150,4,"Woodworker filming the process and sharing builds to entertain and inspire, fits dedicated woodworking format.",نجارة,UCpfXDSws68HTp4ADn44-iug,hands,furniture-woodworking,wave1,2026-09-14,scraper,150
https://www.youtube.com/@samgreenmaker,@SamGreenMaker,Sam Green,32700,63,4,"Woodworking maker channel with shop builds and projects, some drift into shop-vlog content.",woodworking,UCnlnlnnFhMRmmCKeuqi8oYQ,hands,furniture-woodworking,wave1,2026-09-14,scraper,63
https://www.youtube.com/@sarawut26,@sarawut26,งานไม้​Byชั่งกั้ง,1910,996,4,Thai woodworking channel name signals hands-on wood craft work with minimal but relevant bio.,งานไม้,UCWA9gn9xjmW4XuO9qd6NN_Q,hands,furniture-woodworking,wave1,2026-09-14,scraper,996
https://www.youtube.com/@sawinery-woodworking,@sawinery-woodworking,Sawinery Woodworking,83700,908,4,"Practical woodworking teaching channel with 50+ years experience claim, fits bench-based instruction.",carpentry | نجارة,UCeu-hAegEoiva3aLIG3Ox8A,hands,furniture-woodworking,wave1,2026-09-14,scraper,908
https://www.youtube.com/@scottwalshwoodworking,@ScottWalshWoodworking,Scott Walsh,235000,53,4,"Named woodworking/joinery channel with thin business-inquiry-only description, default trade evidence.",woodworking | joinery | نجارة,UC7m1gtF6RCi3N3re94WQKHg,hands,furniture-woodworking,wave1,2026-09-14,scraper,53
https://www.youtube.com/@senseiwoodworking,@Senseiwoodworking,Sensei Woodworking,6590,52,4,"Cabinet fabrication and painting tips/process channel, plausible bench-based cabinet making content.",joinery,UCe-Bot9_z8IvdmdX5e7tX7A,hands,furniture-woodworking,wave1,2026-09-14,scraper,52
https://www.youtube.com/@shakibk4118,@shakibk4118,Shakib Shakib ,194,346,4,"Wood work contractor named channel with minimal bio, plausible carpentry trade evidence.",Möbelbau,UCuCLNNf7rSMftI43ElyXRbg,hands,furniture-woodworking,wave1,2026-09-14,scraper,346
https://www.youtube.com/@shalomdangacar,@ShalomDangacar,SHALOM,1700,149,4,"Carpenter sharing tips and completed carpentry projects, thin but clear trade evidence.",ebanistería | Möbelbau,UCgewQESh3kTJx4LNpWIYtrg,hands,furniture-woodworking,wave1,2026-09-14,scraper,149
https://www.youtube.com/@shanazfurnitureenterprise,@Shanazfurnitureenterprise,Shanaz furniture enterprise,14600,867,4,Furniture enterprise name with minimal bio but no contradicting retail/decor signals present.,furniture making Hindi,UCwQ0fOdbGS_D9oHXjOmKvkA,hands,furniture-woodworking,wave1,2026-09-14,scraper,867
https://www.youtube.com/@shankariwoodworks,@shankariwoodworks,SHANKARI WOOD WORKS,1230,653,4,Wood furniture workshop channel name and description with no contradicting evidence of drift.,نجاری | carpenter work wooden furniture,UCxaSj5LlBK_84_78kRNxXeQ,hands,furniture-woodworking,wave1,2026-09-14,scraper,653
https://www.youtube.com/@shitalrajcarpenter,@ShitalRajCarpenter,Shital Raj Carpenter,10,59,4,Carpentry channel with titles showing bed and kitchen furniture making process on camera.,carpenter work wooden furniture,UCBeA9WM9i7Ch80iVbiJMgFw,hands,furniture-woodworking,wave1,2026-09-14,scraper,59
https://www.youtube.com/@skyvalleystudio,@SkyValleyStudio,Sky Valley Studio Woodworking,6140,102,4,"Self-taught home workshop woodworking channel sharing craftsmanship journey, plausible full-build content.",نجارة | stolarstwo,UCNdEwpRr8itcuboNkKEvjKg,hands,furniture-woodworking,wave1,2026-09-14,scraper,102
https://www.youtube.com/@spencleydesignco,@SpencleyDesignCo,Spencley Design Co.,256000,138,4,Fine furniture and DIY woodworking projects channel walking through steps for successful builds.,woodworking | نجارة | งานไม้,UC4Xarmlw0RJ573ZgJO2b5GA,hands,furniture-woodworking,wave1,2026-09-14,scraper,138
https://www.youtube.com/@sss.woodworking,@SSS.woodworking,NORWAY Woodworking DIY,844,348,4,"Norwegian DIY woodworking channel showing tools, jigs and projects worked on.",woodworking,UChJkiC1Nmt8dOUGjrmNF3Eg,hands,furniture-woodworking,wave1,2026-09-14,scraper,348
https://www.youtube.com/@stlwoodworking,@stlwoodworking,STL Woodworking,25300,153,4,"One-man woodworking shop building furniture pieces, posted periodically.",joinery | نجارة | làm mộc,UCbK6DJahcP25rK0XK7__REQ,hands,furniture-woodworking,wave1,2026-09-14,scraper,153
https://www.youtube.com/@suryabadaikfurnituredesign9729,@suryabadaikfurnituredesign9729,Surya Badaik furniture design,732,121,4,"Hindi furniture design channel focused on furniture-related videos, thin but on-topic description.",furniture making Hindi,UC1LUyKUrPnbjk0boWRfoVJA,hands,furniture-woodworking,wave1,2026-09-14,scraper,121
https://www.youtube.com/@thangtailoclammoc-nz1vl,@ThangTaiLocLamMoc-nz1vl,Thắng Tài Lộc Làm Mộc,2000,111,4,"Vietnamese carpenter sharing furniture-making experience and knowledge, wooden furniture and carving described.",làm mộc,UC_oJv9kvihheHk8DYUJ4ahQ,hands,furniture-woodworking,wave1,2026-09-14,scraper,111
https://www.youtube.com/@theantimfurniture,@theantimfurniture,the antim  furniture,2350,63,4,"Furniture-making channel name and description imply consistent build work, though vague and promotional in tone.",furniture making | cabinet making,UCCnizrveFTWaf2Bmf-ATTyQ,hands,furniture-woodworking,wave1,2026-09-14,scraper,63
https://www.youtube.com/@thecarpentrylife,@thecarpentrylife,The Carpentry Life,64800,108,4,"Documented journey building a house with traditional Japanese carpentry techniques, includes joinery skill development.",joinery | carpentry,UCnhT60X6pCSORCtztMNsmTg,hands,furniture-woodworking,wave1,2026-09-14,scraper,108
https://www.youtube.com/@thecarpentryshopcollc,@TheCarpentryShopCoLLC,"The Carpentry Shop Co., LLC",309,101,4,Custom furniture shop showcasing process behind making each piece from lumber selection to finish.,woodworking workshop,UC70E63JuZwApJFfWijizXxw,hands,furniture-woodworking,wave1,2026-09-14,scraper,101
https://www.youtube.com/@thefliphut,@thefliphut,thefliphut,59100,96,4,Furniture flipping channel restoring old pieces with start-to-finish transformations and DIY tools.,móveis de madeira,UCOJG0fpprB_5HNBplFkTq2Q,hands,furniture-woodworking,wave1,2026-09-14,scraper,96
https://www.youtube.com/@thefurnituredoctor,@thefurnituredoctor,thefurnituredr by lilly ,269000,503,4,"DIY furniture restoration and cabinet building channel with step-by-step titles, some home renovation mixed in.",furniture restoration | งานไม้,UCHVKmj85SrERW7LDX_3aEwA,hands,furniture-woodworking,wave1,2026-09-14,scraper,503
https://www.youtube.com/@thevikingworkshop,@thevikingworkshop,The Viking Workshop,455,133,4,"Family bespoke furniture and home decor business, thin bio but trade-aligned.",stolarstwo,UCiXs0oQdyaQmON3X1D8ALNA,hands,furniture-woodworking,wave1,2026-09-14,scraper,133
https://www.youtube.com/@thewoodworkingman,@thewoodworkingman,The Wood Working Man,9530,1021,4,Woodworking channel focused on furniture projects and techniques with passion-driven personal builds.,carpenter work wooden furniture,UC-_C4f0hSqId0rdXA7fy1Fw,hands,furniture-woodworking,wave1,2026-09-14,scraper,1021
https://www.youtube.com/@thichlammoc3699,@thichlammoc3699,THÍCH LÀM MỘC,617,131,4,"Vietnamese woodworking channel name literally means 'love woodworking', thin but trade-focused evidence.",làm mộc,UCS150K__BPSEtuyk7lhCGmw,hands,furniture-woodworking,wave1,2026-09-14,scraper,131
https://www.youtube.com/@thiswoodwork,@thiswoodwork,ThisWoodwork,182000,112,4,Woodworking and woodturning how-to channel with project-based tutorial format.,woodworking | woodworking workshop | làm mộc,UCZXRKRLIJalPdM9tAANuyUg,hands,furniture-woodworking,wave1,2026-09-14,scraper,112
https://www.youtube.com/@thomascustomwoodworks,@ThomasCustomWoodworks,Thomas Custom Woodworks,280000,335,4,Woodworking builds channel with plans sales and entertainment content mixed into genuine furniture projects.,woodworking workshop | نجارة | งานไม้,UCkNwGDVCAbeHKyoNFvosT2g,hands,furniture-woodworking,wave1,2026-09-14,scraper,335
https://www.youtube.com/@tischlereidirkcomanngmbh8055,@tischlereidirkcomanngmbh8055,Tischlerei Dirk Coßmann GmbH,224,82,4,"German joinery/cabinetmaking business (Tischlerei) with interior fit-out work, thin but clear trade evidence.",Möbelbau,UCMbo8Azd7M1AYRiwIX4hG3Q,hands,furniture-woodworking,wave1,2026-09-14,scraper,82
https://www.youtube.com/@traininghandsacademy,@TrainingHandsAcademy,Training Hands Academy,433000,114,4,Carpentry and basic woodworking education channel by experienced carpenter teaching hands-on skills.,hand tool woodworking | tukang kayu | 목공,UCELo4EJTWb-5vC-GBBTa1uA,hands,furniture-woodworking,wave1,2026-09-14,scraper,114
https://www.youtube.com/@treetoshop,@treetoshop,Tree to Shop,4890,61,4,"Woodworking tutorial channel tied to sawmill, tips and skills content likely includes builds.",stolarstwo,UCqwgkFXquk27hyggEEhlBLg,hands,furniture-woodworking,wave1,2026-09-14,scraper,61
https://www.youtube.com/@tstimbers,@TsTimbers,TsTimbers,1200,88,4,"Woodworking channel emphasizing builds and craftsmanship process, bold build focus described.",làm mộc,UCTukZdbOZFoP9a4CNHKbIbQ,hands,furniture-woodworking,wave1,2026-09-14,scraper,88
https://www.youtube.com/@tukangkayu-b6o,@Tukangkayu-b6o,Tukang Kayu Amatiran Oye,193,133,4,"Indonesian carpenter channel on furniture and woodworking tricks, trade content with service offering.",tukang kayu | membuat furniture kayu,UCbkMKNhyy_wa5-eIyTgRQAg,hands,furniture-woodworking,wave1,2026-09-14,scraper,133
https://www.youtube.com/@tukangkayu88_pemula,@Tukangkayu88_pemula,Carpenter88,1720,399,4,Indonesian carpenter channel describing making furniture from raw wood to finished pieces.,tukang kayu,UCcOLbDYYZB9Gfgz9Q-I5DEA,hands,furniture-woodworking,wave1,2026-09-14,scraper,399
https://www.youtube.com/@tukangkayuaceh,@tukangkayuaceh,AJP Channel,1130,128,4,"Indonesian wood-craft education channel for beginner woodworkers, aligns with hands-on furniture-making instruction.",membuat furniture kayu,UCXNPgu3TQXACOfshtSq4sFw,hands,furniture-woodworking,wave1,2026-09-14,scraper,128
https://www.youtube.com/@tukangkayuofficial,@TukangKayuofficial,Carpenter_official,63000,1161,4,"Carpenter/tukang kayu channel offering tutorials and technique sharing, name and description point to woodworking trade.",tukang kayu,UCm2qZihw-zHJD7SyIaSF9zw,hands,furniture-woodworking,wave1,2026-09-14,scraper,1161
https://www.youtube.com/@v-woodworking,@V-WOODWORKING,베란다 목공러,73,61,4,"Balcony hand-tool woodworking hobbyist channel, furniture-focused bench work in small space.",목공,UCkNO1z-eOtf1bqWvw5G82Wg,hands,furniture-woodworking,wave1,2026-09-14,scraper,61
https://www.youtube.com/@vdhandcrafted,@VDHandcrafted,VD Handcrafted,1150,141,4,Bespoke handcrafted furniture maker channel name/description signals traditional craftsmanship builds.,hand tool woodworking,UCH2yWarcifZTk55qQY75Cww,hands,furniture-woodworking,wave1,2026-09-14,scraper,141
https://www.youtube.com/@vickjoinery,@VickJoinery,“Vick Joinery”,2670,152,4,"Joinery channel covering traditional joinery techniques and carpentry projects, workshop-focused.",joinery,UCAHVEmQV6dnvBT62RKKsLrw,hands,furniture-woodworking,wave1,2026-09-14,scraper,152
https://www.youtube.com/@vitten,@ViTTEN,ViTTEN / 비튼디자인,151000,200,4,Seoul furniture design studio showing furniture design and woodworking videos.,نجارة,UCRBbCjUgtS7QOGxkD0c89yg,hands,furniture-woodworking,wave1,2026-09-14,scraper,200
https://www.youtube.com/@vlcwoodworking,@VLCWoodworking,VLC Woodworking,705,116,4,"Beginner-intermediate woodworker building various wood projects, personal woodworking channel showing builds.",joinery,UCIk-EwApSJHyygsIqippfLg,hands,furniture-woodworking,wave1,2026-09-14,scraper,116
https://www.youtube.com/@witamin58,@witamin58,столярка в 60 лет,912,456,4,Dedicated small-scale furniture and wood-item making channel by hobbyist woodworker.,столярка,UCgHj6zZuWvxScIYnfeG-_jQ,hands,furniture-woodworking,wave1,2026-09-14,scraper,456
https://www.youtube.com/@woodbytoth,@WoodByToth,Kyle Toth,158000,241,4,"Custom woodworks maker channel, thin bio but clear furniture trade evidence.",stolarstwo,UCn_4fr5sKRorFuq479M7Kig,hands,furniture-woodworking,wave1,2026-09-14,scraper,241
https://www.youtube.com/@woodmasterpk.www-com,@woodmasterpk.www-com,BTL Wood Master PK,614,98,4,"Urdu-language channel explicitly making furniture (beds, doors, kitchen work) with tool demonstrations.",wood furniture making,UCppgHtq_sksJMfS5QEvUn8Q,hands,furniture-woodworking,wave1,2026-09-14,scraper,98
https://www.youtube.com/@woodpackdiy,@woodpackdiy,Wood Pack DIY,20800,60,4,DIY woodworking channel aimed at hobbyists building projects with plans provided.,woodworking,UCgMGnB5t_GaSgMiq5r1x-Cg,hands,furniture-woodworking,wave1,2026-09-14,scraper,60
https://www.youtube.com/@woodseason,@WoodSeason,Wood Season,144000,64,4,Long-time woodworker's channel building projects from birdhouses to furniture with hands-on passion.,woodworking,UCDBECH-uizSgX-vJE9YslgQ,hands,furniture-woodworking,wave1,2026-09-14,scraper,64
https://www.youtube.com/@woodtipsbrain,@Woodtipsbrain,Wood tips brain,41000,190,4,DIY woodworking channel focused on scrap wood furniture builds and beginner step-by-step guides.,woodworking,UCXHtbVDUDNlAruGudAdSiRA,hands,furniture-woodworking,wave1,2026-09-14,scraper,190
https://www.youtube.com/@woodumakeit,@Woodumakeit,Wood U Make It,111000,161,4,"Personal workshop channel making furniture and jigs, described as building fine furniture.",wood furniture making | stolarstwo,UCdvdyThR32u0r0U49ZFD6Hg,hands,furniture-woodworking,wave1,2026-09-14,scraper,161
https://www.youtube.com/@woodwork-x3,@woodwork-x3,Royal wood craft,303,342,4,"Woodworking channel description covers furniture making, cutting and DIY projects with craftsmanship focus.",wood furniture making,UCmwqtiq4wXg3D1v1CBDzqPQ,hands,furniture-woodworking,wave1,2026-09-14,scraper,342
https://www.youtube.com/@woodworking-z5k,@Woodworking-z5k,Woodworking,139,192,4,"ASMR-style woodworking channel showing hand plane, chisel and saw work in the process.",woodworking workshop,UCLgoKj5YAommu2IxLkIQ_kg,hands,furniture-woodworking,wave1,2026-09-14,scraper,192
https://www.youtube.com/@woodworkingbarcelona,@WoodworkingBarcelona,Woodworking Barcelona,78500,66,4,"Personal woodworking channel sharing projects regularly, though also mentions other crafts.",woodworking | woodworking workshop | làm mộc,UCyILmo_ZnqgE_4g8PgUySWg,hands,furniture-woodworking,wave1,2026-09-14,scraper,66
https://www.youtube.com/@woodworkinghands,@WoodworkingHands,Woodworking Hands,14400,103,4,"Pakistani hand-tool woodworking channel inspired by father's craft, showcasing skilled furniture work.",hand tool woodworking,UCo6bfoqxDUx_CFFgyaXu7Iw,hands,furniture-woodworking,wave1,2026-09-14,scraper,103
https://www.youtube.com/@woodworkingskill,@woodworkingskill,Woodworking Skill,1390000,1248,4,"Channel dedicated to carpentry techniques, woodworking skills and wood turning content.",woodworking | carpentry | woodworking workshop | نجارة | carpenter work wooden furniture | làm mộc | งานไม้,UCuxbOHa_nj8k6qotTzJrWZA,hands,furniture-woodworking,wave1,2026-09-14,scraper,1248
https://www.youtube.com/@woodworkjourney,@WoodworkJourney,Woodwork Journey,16200,282,4,UK woodworker sharing personal furniture projects and hand-tool work as therapeutic hobby content.,woodworking,UCyO-JIqYqeviob8MJhg12ww,hands,furniture-woodworking,wave1,2026-09-14,scraper,282
https://www.youtube.com/@woodworknfurniture,@woodworknfurniture,wood work n furniture ,436,110,4,"Carpenter/furniture channel name with design-focused bio, thin but on-topic evidence.",carpenter work wooden furniture,UC1KUNOI40LajF185Lb2ZF0Q,hands,furniture-woodworking,wave1,2026-09-14,scraper,110
https://www.youtube.com/@woodworkproject,@woodworkproject,u wood work,28,104,4,Woodworking channel describing furniture builds and fixes from raw wood with practical techniques.,carpenter work wooden furniture,UCy0BOl47pFQFXbUNC-Xayng,hands,furniture-woodworking,wave1,2026-09-14,scraper,104
https://www.youtube.com/@wordsnwood,@Wordsnwood,Wordsnwood (Art Mulder),52100,349,4,Personal woodworking blog/channel building and fixing furniture projects documented over years.,woodworking,UCrQ7Re5D3QL4g8RAoVivN0g,hands,furniture-woodworking,wave1,2026-09-14,scraper,349
https://www.youtube.com/@yrti,@YRTi,YRTi,11700,72,4,Hobbyist hand-tool woodworker channel focused on building projects with hand tools.,hand tool woodworking,UCLzGGc6tKpVL4J_uDLMYObA,hands,furniture-woodworking,wave1,2026-09-14,scraper,72
https://www.youtube.com/@yuugendesignfabrikk,@YuugenDesignFabrikk,Yuugen Design Fabrikk,7,91,4,"Custom furniture workshop documenting full builds including CNC, joinery, sanding and finishing.",cabinet making,UC_z9D5dsHpq6zU_NoJdPS1Q,hands,furniture-woodworking,wave1,2026-09-14,scraper,91
https://www.youtube.com/@%d0%9c%d0%95%d0%91%d0%95%d0%9b%d0%ac%d0%a1%d0%92%d0%9e%d0%98%d0%9c%d0%98%d0%a0%d0%a3%d0%9a%d0%90%d0%9c%d0%98,@%D0%9C%D0%95%D0%91%D0%95%D0%9B%D0%AC%D0%A1%D0%92%D0%9E%D0%98%D0%9C%D0%98%D0%A0%D0%A3%D0%9A%D0%90%D0%9C%D0%98,МЕБЕЛЬ СВОИМИ РУКАМИ,6160,145,4,Russian cabinet furniture channel describing full process from project to finished piece.,мебель своими руками,UCUn0YmmQpjH8Psg5cqWhPYw,hands,furniture-woodworking,wave1,2026-09-14,both,145
https://www.youtube.com/@%d0%a1%d1%82%d0%be%d0%bb%d1%8f%d1%80%d0%bd%d1%8b%d0%b9%d0%9c%d0%b8%d0%ba%d1%81,@%D0%A1%D1%82%D0%BE%D0%BB%D1%8F%D1%80%D0%BD%D1%8B%D0%B9%D0%9C%D0%B8%D0%BA%D1%81,Столярный Микс,68200,136,4,Hobbyist carpentry workshop channel making furniture and interior elements with modeling and build process.,joinery | столярка,UCsQTdpxj8HuXuOrQ0u7uhIQ,hands,furniture-woodworking,wave1,2026-09-14,both,136
https://www.youtube.com/channel/uc9owpbavzijsbvlwacjpwoa,@%D9%86%D8%AC%D8%A7%D8%B1%D8%A9%D8%A7%D9%84%D8%B5%D8%A7%D9%84%D8%AD%D9%8A%D8%A9,نجارة الصالحية,328,437,4,"Small carpentry shop making wooden crafts like hangers, boats, and baskets, showing hands-on work.",نجارة,UC9owPBAvZijSbvLWACjpWOA,hands,furniture-woodworking,wave1,2026-09-14,both,543
https://www.youtube.com/@%e5%be%8c%e7%94%b0%e6%9c%a8%e5%b7%a5%e6%89%80,@%E5%BE%8C%E7%94%B0%E6%9C%A8%E5%B7%A5%E6%89%80,後田木工所,23,63,4,Japanese joinery/furniture workshop with titles showing shoji repair and furniture/fixture making despite home-building focus.,木工,UCIxpkuS2Xy1h582H8CZVusQ,hands,furniture-woodworking,wave1,2026-09-14,both,85
https://www.youtube.com/@%ec%9c%a4%ec%83%81%ec%a4%80-m6o,@%EC%9C%A4%EC%83%81%EC%A4%80-m6o,인테리어 목공일기,41,56,4,"Korean interior woodworking diary posting daily work/finish videos, plain trade bio with thin evidence.",목공,UCFtt_ji7vBq4I1oSbKzO3mQ,hands,furniture-woodworking,wave1,2026-09-14,both,56
https://www.youtube.com/@abo-malaak-seha,@abo-malaak-seha,ابو ملاك سيحا _Abo malaak seha,2470,256,4,"Arabic carpentry channel dedicated to furniture-making tips and project execution, thin but on-topic bio.",نجارة | صناعة الأثاث,UCHld_TkSKex7v3nuk9cAy8A,hands,furniture-woodworking,wave1,2026-09-14,both,256
https://www.youtube.com/@acbespokecarpentry,@ACbespokecarpentry,Adam,9100,81,4,"Cabinetmaker/joiner making handmade fitted furniture, thin but clear trade evidence.",cabinetmaker | ebanistería | نجاری,UCRKMW2qL9UrwQKSHbg50zbg,hands,furniture-woodworking,wave1,2026-09-14,both,81
https://www.youtube.com/@akmarcenaria,@akmarcenaria,AK MARCENARIA,12800,135,4,"Marcenaria (furniture-making) name with only Instagram link, thin evidence but plausible trade channel.",marcenaria,UCXSJt2XIi_pjwoylclzshWA,hands,furniture-woodworking,wave1,2026-09-14,both,136
https://www.youtube.com/@alhassan-k2q,@alhassan-k2q,ال حسن للأثاث الفرنسي ,362,146,4,"Classic French-style furniture factory tour and table veneer work shown, real bench footage of joinery.",صناعة الأثاث,UCXDHHIa-xyStvTQ2FU9UfaA,hands,furniture-woodworking,wave1,2026-09-14,both,146
https://www.youtube.com/@amaar77,@amaar77,نجارة عمار الرماحي,71700,322,4,"Iraqi carpentry channel doing steel/wood doors and custom work per customer request, workshop trade evidence.",نجارة,UCRKCZfUDRhTpznOQ3-Qh3oA,hands,furniture-woodworking,wave1,2026-09-14,both,322
https://www.youtube.com/@amhjoinery2060,@amhjoinery2060,AMH Joinery,2360,75,4,"Joinery channel covering the maker's joinery work and vintage machinery, thin but on-topic.",joinery,UCGsRkMGTSX-qQqCT79nhQaA,hands,furniture-woodworking,wave1,2026-09-14,both,75
https://www.youtube.com/@arteymadera-e8k,@ArteyMadera-e8k,Arte y Madera,15800,226,4,"Channel explicitly teaches carpentry step by step from basic to advanced projects, plans reading and techniques.",carpinter | muebles de madera,UCegcQIokSNLiMECa0eh86ZQ,hands,furniture-woodworking,wave1,2026-09-14,both,226
https://www.youtube.com/@artistoccarpinteriatutoria8867,@artistoccarpinteriatutoria8867,"Artistoc Carpintería, Herramientas y Más.",8080,124,4,Carpentry channel explicitly sharing project processes and tutorials on woodworking builds.,carpinter | carpintería,UC2ES4wASUkGYfBpLmuDA2tw,hands,furniture-woodworking,wave1,2026-09-14,both,124
https://www.youtube.com/@besserbuilds,@BesserBuilds,Besser Builds,2680,183,4,"Custom furniture and cabinetry builder documenting joinery and finishing process, some tool/shop content mixed in.",fine woodworking | نجاری,UCrxn-aH3vbi8bTeOFzR-2aw,hands,furniture-woodworking,wave1,2026-09-14,both,184
https://www.youtube.com/@bhabeshghorai,@bhabeshghorai, Wood Desinger Bhabesh ,381,166,4,Wood furniture maker channel with titles showing bed and door design/making process by hand.,furniture making | wood furniture | wood furniture making,UC7Z3rhywcDi2eP_K64g_izg,hands,furniture-woodworking,wave1,2026-09-14,both,228
https://www.youtube.com/@bkcarpenter,@bkcarpenter,BK Carpenter ,26200,1373,4,"Carpenter channel covering modular kitchen, wardrobe, TV unit builds step by step in Hindi.",carpinter | carpentry | carpenter work wooden furniture,UCFGW7onnp0s1i83hA-RJGMQ,hands,furniture-woodworking,wave1,2026-09-14,both,1373
https://www.youtube.com/@bluewoodhandyman,@bluewoodhandyman,BlueWood Handyman,952,185,4,"Carpentry and joinery teacher sharing woodworking tips and projects, plausible bench-focused content.",joinery | hand tool woodworking,UCR-SgDzRIKUPoWag5YGV6JA,hands,furniture-woodworking,wave1,2026-09-14,both,185
https://www.youtube.com/@carpenteradda-nepal,@carpenteradda-nepal,Carpenter Adda-Nepal,73,75,4,Carpentry service channel with custom furniture and repair titles like wooden table builds in Kathmandu.,furniture making | carpentry,UChIe81meAMdIAOkoWhR37Fw,hands,furniture-woodworking,wave1,2026-09-14,both,89
https://www.youtube.com/@carpentrywithgarystriegler,@carpentrywithgarystriegler,Carpentry with Gary Striegler,4090,287,4,"Carpentry channel teaching cabinets, doors, moldings and trim installation with trade credentials in Fine Woodworking.",fine woodworking,UCI036Mb5dKuNBMYnbibmsCQ,hands,furniture-woodworking,wave1,2026-09-14,both,287
https://www.youtube.com/@carpinteriacreacionesberbe8685,@carpinteriacreacionesberbe8685, Creaciones Berber's,408000,2335,4,"Personal carpintería channel bio names woodworking trade learned from youth, plausible full builds.",carpinter | carpintería,UCyqjVTfqui85btvkI6WJotw,hands,furniture-woodworking,wave1,2026-09-14,both,2335
https://www.youtube.com/@carpinteriapatriciomarinme4320,@carpinteriapatriciomarinme4320,Carpintería Patricio marin medina,1280,237,4,"Carpentry tutorials covering kitchen doors, closets, tables and finishing, core furniture-making content.",carpinter | carpintería,UCygO56md2cjExmDNVkl6wiQ,hands,furniture-woodworking,wave1,2026-09-14,both,237
https://www.youtube.com/@celalunal1,@CelalUnal1,Celal Ünal,520000,169,4,"Hobbyist woodworking channel covering pallet furniture, wood joining techniques and DIY carpentry projects.",wood furniture | ahşap mobilya,UCZpYbI08OLLxeWpA_EavjrA,hands,furniture-woodworking,wave1,2026-09-14,both,169
https://www.youtube.com/@chuski.carpentry,@chuski.carpentry,Chuski carpentry ,28,150,4,"Carpentry channel with furniture making and DIY carpentry tutorials, plain trade description.",furniture making | carpentry,UCkx-UAHhXX07jMWEAQJ1aZQ,hands,furniture-woodworking,wave1,2026-09-14,both,150
https://www.youtube.com/@cj8163,@cj8163,ハナタレ木工所,24400,447,4,"Personal woodworking shop channel making and fixing items with power tools, thin but on-topic bio.",木工,UC7qdTgvaYIMSTgfo-4zlW2g,hands,furniture-woodworking,wave1,2026-09-14,both,447
https://www.youtube.com/@clubdecarpinteria,@Clubdecarpinteria, club de carpintería ,354,124,4,"Carpentry club channel with titles showing kitchen module builds, machine work and workshop sessions on wood.",carpinter | carpintería,UCF4lFUqaeb_l_MuO6nH5XeA,hands,furniture-woodworking,wave1,2026-09-14,both,140
https://www.youtube.com/@danish.786.f,@Danish.786.f,Furniture Skill Hub,65,56,4,"Furniture and interior carpentry channel building bank counters and cabinets, real fitting work shown.",furniture making,UCJ76hsDpoumkOAL4_sRq2GQ,hands,furniture-woodworking,wave1,2026-09-14,both,63
https://www.youtube.com/@dealingindesign,@Dealingindesign,Dealing in Design ,14900,128,4,Furniture restoration channel name and tagline directly match repair/restoration mission focus.,furniture restoration,UCogK1eK9AmrZ2hjGon0MRwQ,hands,furniture-woodworking,wave1,2026-09-14,both,128
https://www.youtube.com/@diy1972,@diy1972,とんだDIY家具のデザイン大学,8070,114,4,Japanese DIY woodworking school/classroom channel teaching furniture making techniques in workshop setting.,木工 | 家具作り,UCbcY-w9Qz9JQI5lq1wFDHPg,hands,furniture-woodworking,wave1,2026-09-14,both,114
https://www.youtube.com/@doganlondon,@doganlondon,Dogan London Furniture Makers,13,76,4,Bespoke furniture and joinery manufacturer sharing behind-the-scenes craftsmanship and project walkthroughs.,furniture making | joinery,UCFG95gLyV7SBA-XUedpF7QA,hands,furniture-woodworking,wave1,2026-09-14,both,76
https://www.youtube.com/@dreamfurniture5707,@DreamFurniture5707,WhiteStone wood work,2040,982,4,"Band saw furniture-making channel showing beds, sofas, tables and chairs build process.",furniture making | fine woodworking | wood furniture making,UCPU4HT7Jp4mpCalcP4xAyGA,hands,furniture-woodworking,wave1,2026-09-14,both,983
https://www.youtube.com/@ebanisteriahernandez,@ebanisteriahernandez,Ebanisteria Hernandez,10,223,4,"Cabinet-making channel with tutorials on kitchen cabinets, closets in PVC, melamine and wood.",cabinet making | ebanister | ebanistería,UCSNtzywl625F-ZOLe_J9rIQ,hands,furniture-woodworking,wave1,2026-09-14,both,223
https://www.youtube.com/@elartedelacarpinter%c3%ada,@ElArtedelaCarpinter%C3%ADa,El Arte de la Carpintería,66500,907,4,"Spanish-language carpentry channel describing techniques and projects built by hand, trade-focused bio.",carpinter | carpintería,UCdZfxEip8Mb3jRS9euq82fA,hands,furniture-woodworking,wave1,2026-09-14,both,908
https://www.youtube.com/@fiveheartsrefinishing,@fiveheartsrefinishing,Five Hearts Refinishing ,2900,680,4,"Dedicated furniture restoration channel showing stripping, staining and repair of antique furniture.",furniture restoration | furniture repair,UC-vOCEYLc1ZBOVNjW2lhJUg,hands,furniture-woodworking,wave1,2026-09-14,both,681
https://www.youtube.com/@floridaschoolofwoodwork,@FloridaSchoolofWoodwork,Florida School of Woodwork,1450,60,4,"Woodworking school teaching furniture making, carving and turning with practical bench classes.",furniture making | furniture maker | hand tool woodworking | woodworking workshop | wood furniture making | stolarstwo,UCykevmTLrxaeKap0PQaA84w,hands,furniture-woodworking,wave1,2026-09-14,both,60
https://www.youtube.com/@furnituremakermanu,@furnituremakermanu,Furniture Design - Manuel Faust,404,63,4,Solo furniture maker showing handcrafted woodwork built in his own workshop.,furniture maker | Möbelbau | furniture making,UCfm7n_NnqJHf8FrKlzseNAw,hands,furniture-woodworking,wave1,2026-09-14,both,63
https://www.youtube.com/channel/ucepqzhohsv5anfetmmn2tga,@goldenwoodworks,"Golden  Wood Works
",106,162,4,Carpenter sharing handmade wood furniture and carpentry tutorials with wardrobe/door builds.,furniture making | wood furniture making | carpenter work wooden furniture,UCepQzHoHsv5AnFETmmN2tgA,hands,furniture-woodworking,wave1,2026-09-14,both,196
https://www.youtube.com/@gotaubien,@gotaubien,T U N G S O N,219,118,4,"Vietnamese workshop making wooden furniture from ship wood, titles show doors and furniture production.",nghề mộc | đóng tủ gỗ,UCrDy-rN7PV3w-APJtYLnfaA,hands,furniture-woodworking,wave1,2026-09-14,both,118
https://www.youtube.com/@grengeelifecraft,@grengeelifecraft,GRENGEE,3680,103,4,"Korean woodworking channel focused on wood joints and tools, thin but on-topic description.",woodworking | 목공,UCBQc9K2pg8xFVnTCBDUSsAw,hands,furniture-woodworking,trial100,2026-09-14,both,103
https://www.youtube.com/@guowoodworking7719,@guowoodworking7719,锅木工guowoodworking,342,111,4,"DIY woodworking channel building furniture (display cabinet, sofa table) shown with full process titles.",木工,UC_P4ulHhQphUdkukcWkHT8w,hands,furniture-woodworking,wave1,2026-09-14,both,114
https://www.youtube.com/@hafidzkayu,@hafidzkayu,Hafidz Kayu,30800,485,4,"Indonesian carpenter sharing tutorials on making doors, frames, furniture and wood crafts step by step.",tukang kayu | membuat furniture kayu,UC4PfBC1p02BvyevnOYLFeFw,hands,furniture-woodworking,wave1,2026-09-14,both,485
https://www.youtube.com/@handtoolwoodworking-b8z,@handtoolwoodworking-b8z,hand tool woodworking,36,65,4,"Name directly states hand tool woodworking channel, minimal but on-topic evidence.",hand tool woodworking,UCZU2CVNyE2gpt9sgKUsDiew,hands,furniture-woodworking,wave1,2026-09-14,both,66
https://www.youtube.com/@homeimprovementwoodworking,@HomeImprovementWoodworking,Home Improvement Woodworking,74300,83,4,"Furniture repair business channel with dedicated content on renovation and woodworking, real workshop evidence.",furniture repair | wood furniture | carpentry | woodworking workshop | نجارة | carpenter work wooden furniture | làm mộc | งานไม้,UCSS9ZXx02adDT2vTYCdVC_g,hands,furniture-woodworking,wave1,2026-09-14,both,83
https://www.youtube.com/@jiichanswoodworking,@jiichanswoodworking,jiichan's woodworking,1320,53,4,"Woodworking channel documenting journey toward becoming a furniture maker, ambiance-focused bench work.",furniture maker | fine woodworking,UCZsGZaQSeaut4MuOIQE2cvQ,hands,furniture-woodworking,wave1,2026-09-14,both,53
https://www.youtube.com/@jpcarpentryltd,@JPCarpentryLtd,JP Carpentry Ltd,36200,74,4,"Fitted furniture carpentry channel showing real jobs, design, planning and installation behind-the-scenes.",furniture maker | woodworking | joinery,UC2uUrcnGpeQ9Pfgecc4zqfg,hands,furniture-woodworking,wave1,2026-09-14,both,75
https://www.youtube.com/@kargwalfurniturerawlamandi,@KargwalFurnitureRawlaMandi,Furniture Maker,5470,549,4,"Furniture making channel covering beds, almirahs, tables per description, thin but on-topic evidence.",furniture making,UC7cw1u9KVjh-Ruycy8Hxnpg,hands,furniture-woodworking,wave1,2026-09-14,both,549
https://www.youtube.com/@karyaklasikwoodworking,@karyaklasikwoodworking,Karya Klasik Woodworking,17100,980,4,"Describes joinery techniques, dowel methods, measuring and custom furniture projects from workshop experience.",joinery | woodworking | làm mộc,UCc_q-7916ySzINXXdVXTIQw,hands,furniture-woodworking,wave1,2026-09-14,both,981
https://www.youtube.com/@katerinabeloded,@KaterinaBeloded,Rescue & Restore,3350,33283,4,Furniture restoration channel showing before/after transformation of broken furniture pieces.,furniture restoration | furniture repair,UC2YRs_cBU2a9mf4ODgHnCMQ,hands,furniture-woodworking,wave1,2026-09-14,both,33318
https://www.youtube.com/@kiatcarpentry,@kiatcarpentry,Kiat Carpentry,186000,1487,4,Carpentry channel describing step-by-step tutorials on wood joining and workshop techniques for furniture projects.,furniture making | carpentry,UCr29SKV_3OeL3o6ADXXegEw,hands,furniture-woodworking,wave1,2026-09-14,both,1493
https://www.youtube.com/@krttukangkayu,@krtTukangKayu,Tukang Kayu,175,54,4,"Dedicated joinery channel showing dovetail, mortise and tenon, and Japanese-style wood joints on camera.",joinery | tukang kayu | mortise and tenon,UCt6YUkSgAvA9-567TXhA6Pg,hands,furniture-woodworking,wave1,2026-09-14,both,54
https://www.youtube.com/c/marcenariadolar,@marcenariadolar,Marcenaria do Lar,18100,471,4,"Marcenaria channel focused on furniture projects like chairs, aimed at helping followers replicate builds.",marcenaria,UCdwaWI5Qwnz2G2I5VKmrYXA,hands,furniture-woodworking,wave1,2026-09-14,both,471
https://www.youtube.com/@marcenarianareal573,@marcenarianareal573,Marcenaria na Real,8290,298,4,"Marcenaria channel focused on furniture factory work, project execution and workplace safety, hands-on trade content.",marcenaria,UC95wARjHWj7fNGHxkRKGxjA,hands,furniture-woodworking,wave1,2026-09-14,both,298
https://www.youtube.com/@marcenariasantos,@MarcenariaSantos,Marcenaria Santos ,43000,2775,4,"Marcenaria channel making handmade tools and pieces, workshop-focused with contact info for orders.",marcenaria,UCkylZhl8zcZfsSacRqSj1Iw,hands,furniture-woodworking,wave1,2026-09-14,both,2776
https://www.youtube.com/@maredswoodwork,@Maredswoodwork,Mareds - Woodwork,275000,642,4,"Marcenaria/carpintaria channel explicitly about teaching the craft, likely real bench work.",marcenaria | woodworking workshop,UCcXKS6-Dt3Q9gI9p_qhPzvg,hands,furniture-woodworking,wave1,2026-09-14,both,644
https://www.youtube.com/@matsumotomingei,@matsumotomingei,松本民芸家具の日々,2120,160,4,Traditional furniture workshop (mingei movement) showing daily craftsmanship and furniture-making process.,木工 | 家具作り,UCUZMb2LO6QD5p9BEFnFmBNg,hands,furniture-woodworking,wave1,2026-09-14,both,160
https://www.youtube.com/@mebelyadviga,@mebelyadviga,Мебель Ядвига | Mebel Yadviga,1410,821,4,"Small furniture-making channel, name and bio indicate handmade furniture production workshop.",мебель своими руками,UCrD_2S8joqmgluSNO-Y2i1w,hands,furniture-woodworking,wave1,2026-09-14,both,821
https://www.youtube.com/@mokgongmama1125,@mokgongmama1125,목공마마mokgongmama,2450,284,4,Korean workshop channel showing woodworking assembly videos from a deco/furniture shop.,목공,UC3eJRApt06AwW7tm4wxi5uA,hands,furniture-woodworking,wave1,2026-09-14,both,284
https://www.youtube.com/@muhammadkhalidmahmood1988,@MuhammadKhalidMahmood1988,Albaskina Wood ,1150,725,4,"Carpentry and furniture-making shop covering carving, turning, joinery and restoration per description.",furniture making | joinery | wood furniture making,UCXLZhD0qSeCacUXkK8U4e_Q,hands,furniture-woodworking,wave1,2026-09-14,both,725
https://www.youtube.com/@najaroussama797,@najaroussama797,نجارة أسامة للخشب NAJAR OUSSAMA,17100,162,4,"Arabic carpentry channel offering carpentry services including painting/finishing, trade-focused evidence.",نجارة,UCWr8rhuyZuha-mcrTBi4pTw,hands,furniture-woodworking,wave1,2026-09-14,both,162
https://www.youtube.com/@najjaarwoodworking,@NajjaarWoodworking,Najjaar Woodworking,71400,86,4,"Dedicated woodworking channel promising workshop, technique and furniture-project videos in Arabic/English.",نجارة | woodworking | joinery,UC_rCwYlQ2xvNm8prpD4GO9A,hands,furniture-woodworking,wave1,2026-09-14,both,86
https://www.youtube.com/@nifigowoodwork,@nifigowoodwork,nifigoWorkshop,2750,200,4,"Personal joinery workshop channel about carpentry work and repair, life in Finland, fits trade bio pattern.",столярн | столярка,UCu1dxiyHXGQQnmlGxHcwBdA,hands,furniture-woodworking,wave1,2026-09-14,both,201
https://www.youtube.com/@njaretalialndaoe1,@njaretalialndaoe1,نجارة علي النداوي,4190,1191,4,"Arabic carpentry channel making modern Turkish-style furniture designs, thin but on-trade description.",نجارة,UCkq1c3cA7xZsBQbtJ3BqxKw,hands,furniture-woodworking,wave1,2026-09-14,both,1193
https://www.youtube.com/@oficinapaletesdecor6649,@oficinapaletesdecor6649,Oficina Paletes Decor,37600,212,4,Pallet-wood furniture workshop channel promising step-by-step builds from reclaimed wood.,marcenaria | móveis de madeira,UCjJ1lUEL8qDQT6kkNpaE2vg,hands,furniture-woodworking,wave1,2026-09-14,both,212
https://www.youtube.com/@philipmorleyfurniture,@Philipmorleyfurniture,Philip Morley Furniture,25100,73,4,One-man custom furniture studio building and teaching bespoke woodworking pieces for clients.,furniture maker | muebles de madera | ahşap mobilya | làm mộc | งานไม้,UCJVAXmgIvhn3Be8js4cD-xg,hands,furniture-woodworking,wave1,2026-09-14,both,73
https://www.youtube.com/@renatomarcenariareformasediy,@RenatoMarcenariaReformaseDiy,"Renato - Marcenaria, reformas e diy",4120,148,4,"Marcenaria/DIY channel offering woodworking and renovation tips, plain workshop bio with trade evidence.",marcenaria,UCCLc2-TIzlEicHjt952Z7gQ,hands,furniture-woodworking,wave1,2026-09-14,both,148
https://www.youtube.com/@richowoodworking,@RichoWoodworking,Richo Woodworking,1050,236,4,"Hobbyist hand-tool woodworking channel making puzzle boxes and shop projects, joinery-adjacent bench work.",hand tool woodworking | woodworking workshop,UCfAN3Ab4EZaF81wMW7OwB7A,hands,furniture-woodworking,wave1,2026-09-14,both,236
https://www.youtube.com/@rickomadeirarte,@RickoMadeirarte,Ricko MadeirArte,260000,524,4,Brazilian marcenaria channel focused on creative woodworking builds and inventions.,marcenaria | งานไม้ | 목공,UCbQ8D1ft3CBV_VDXARyjXQA,hands,furniture-woodworking,wave1,2026-09-14,both,524
https://www.youtube.com/@starwoodwork77,@Starwoodwork77,Star woodwork 77,24100,190,4,Experienced carpenter channel covering furniture making and home renovations per description.,furniture making | carpentry,UCRJ11PcU_vyseYnTdkLq43g,hands,furniture-woodworking,wave1,2026-09-14,both,190
https://www.youtube.com/@stefanoilfalegname,@StefanoilFalegname,Stefano il falegname - Artigiano Digitale,189000,443,4,Italian falegnameria channel covering traditional and CNC woodworking plus metalwork for furniture builds.,falegnameria,UCoFKp_9wRw6F_hP5cDnq2Pg,hands,furniture-woodworking,wave1,2026-09-14,both,443
https://www.youtube.com/@sueniacarlamarcenaria,@sueniacarlamarcenaria,Suênia Carla Marcenaria ,5100,71,4,"Woman in marcenaria doing DIY furniture tutorials, thin but on-topic bio.",marcenaria,UCX8DEI1ezkjYGIBNgC1d-Og,hands,furniture-woodworking,wave1,2026-09-14,both,71
https://www.youtube.com/@sumeth_woodwork,@Sumeth_Woodwork,สุเมธงานไม้ขอนแก่น งานไม้เฟอร์นิเจอร์,944,241,4,"Thai custom furniture shop filming counters, benches and tables built to order for clients.",งานไม้,UCjJdFHjo3tTOM5M4AKsEcgg,hands,furniture-woodworking,wave1,2026-09-14,both,255
https://www.youtube.com/@tkp_57,@TKP_57,Tukang kayu _Pemula,129000,979,4,"Beginner carpenter channel teaching furniture making, joinery and cabinet-making skills explicitly.",tukang kayu,UCwZEVnfTngc0bfrp0yvLGiw,hands,furniture-woodworking,wave1,2026-09-14,both,979
https://www.youtube.com/@torolunacarpinteria,@Torolunacarpinteria,Toro luna carpinteria,3460,145,4,"Carpentry channel sharing techniques, tools and materials for woodworking trade, showing real work methods.",carpinter | carpintería,UC0nqud3-BCeN27TnwZga0FA,hands,furniture-woodworking,wave1,2026-09-14,both,145
https://www.youtube.com/@truongwoodworking,@TruongWoodworking,Truong Woodworking,5440,241,4,Vietnamese woodworking channel focused on handmade furniture and interior wood projects.,furniture making | woodworking workshop | chair making | wood furniture making | muebles de madera | móveis de madeira | نجارة | carpenter work wooden furniture | làm mộc | งานไม้ | 목공 | stolarstwo,UCrXgDJ-hE951-JlLNc2t8XA,hands,furniture-woodworking,wave1,2026-09-14,both,242
https://www.youtube.com/@tukang_kayu_official5549,@tukang_kayu_official5549,Tukang Kayu Official,646,111,4,Tukang kayu channel with titles on planer machine use and wood profile installation techniques.,tukang kayu,UCEpyEpE9cSTJRvZ1MS7Olqw,hands,furniture-woodworking,wave1,2026-09-14,both,111
https://www.youtube.com/@tukangkayu82,@Tukangkayu82,Tukang Kayu Meubel,16200,967,4,"Indonesian furniture carpenter channel describing tutorials on making tables, chairs and cabinets.",tukang kayu,UCeYkBNoZ0Eozcs-KyBiw5aA,hands,furniture-woodworking,wave1,2026-09-14,both,967
https://www.youtube.com/@tukangkayundeso,@tukangkayundeso,cah ndeso 90,7530,476,4,Indonesian tukang kayu channel sharing woodworking experience and furniture-making process.,tukang kayu | membuat furniture kayu,UCR3iwUz7GSqX0AQBx1fU_rQ,hands,furniture-woodworking,wave1,2026-09-14,both,476
https://www.youtube.com/@uniquewoodfurnituretx,@uniquewoodfurnitureTX,Unique Wood Furniture,2970,575,4,"Couple's channel making custom handmade solid wood furniture, dedicated furniture-building content.",wood furniture | wood furniture making,UCvdc6mWGI1EIhrqZ1b-mshQ,hands,furniture-woodworking,wave1,2026-09-14,both,575
https://www.youtube.com/@user-ll5vn8pr2s,@user-ll5vn8pr2s,zahidwoodworking art,36,64,4,"Woodworking tutorials and furniture making ideas channel, thin but on-topic description.",furniture making | wood furniture making | Möbelbau,UCFMNKyITTuTRI7MFOmRsMTQ,hands,furniture-woodworking,wave1,2026-09-14,both,64
https://www.youtube.com/@vadimakimovfurniture,@VadimAkimovFurniture,Vadim Akimov,3740,50,4,Furniture maker channel focused on kitchen furniture and hardware fitting installation techniques.,furniture maker | мебель своими руками,UC97-XaXkSxz0uZIoFjCaMQw,hands,furniture-woodworking,wave1,2026-09-14,both,50
https://www.youtube.com/@wb_finewoodworking,@wb_finewoodworking,WB Fine Woodworking With Don Bullock,2440,128,4,"Dedicated fine woodworking channel run by a hobbyist woodworker, likely furniture-focused builds.",fine woodworking,UCOg7YlVvNcgMhwoVakth49g,hands,furniture-woodworking,wave1,2026-09-14,both,128
https://www.youtube.com/@wheelerwoodwork,@WheelerWoodwork,mason wheeler,531,76,4,Furniture flip and restoration channel with step-by-step titles like coffin bookcase and dresser makeover.,furniture restoration,UCnXtWPNHHMJkVJ3Z0bfXflg,hands,furniture-woodworking,wave1,2026-09-14,both,92
https://www.youtube.com/@wisys,@WISYS,목공 TV위시스,9510,377,4,"Korean woodworking TV channel name/handle indicates dedicated woodworking content, thin description but clear trade focus.",목공,UC_56eXcRdiHaTQtvKgRP34A,hands,furniture-woodworking,wave1,2026-09-14,both,377
https://www.youtube.com/@woodskillscourses,@WoodskillsCourses,WoodSkills,4640,284,4,Furniture and joinery course channel teaching hand tool and machine woodworking techniques for furniture making.,furniture making | furniture maker | joinery | hand tool woodworking | wood furniture making | stolarstwo,UCM15PB0Utx7VclwNy9vbcPg,hands,furniture-woodworking,wave1,2026-09-14,both,284
https://www.youtube.com/@woodworking%e6%9c%a8%e5%b7%a5,@Woodworking%E6%9C%A8%E5%B7%A5,Woodworking 木工,,57,4,Woodworking channel building furniture with real tools and projects described as core content.,木工,UCsFguGQe-e51zs0xcrsbJJA,hands,furniture-woodworking,wave1,2026-09-14,both,57
https://www.youtube.com/@woodworkinginaminute,@woodworkinginaminute,Woodworking in a minute,110,51,4,"Woodworking channel focused on tips, cabinet and furniture making techniques with hand tools.",furniture making | hand tool woodworking,UCrdF-l1PIf5H_f_H1W5oj5w,hands,furniture-woodworking,wave1,2026-09-14,both,51
https://www.youtube.com/@%d0%91%d0%b0%d0%be%d0%b1%d0%b0%d0%b1%d0%a2%d0%9b%d0%a2,@%D0%91%D0%B0%D0%BE%D0%B1%D0%B0%D0%B1%D0%A2%D0%9B%D0%A2,Баобаб ТЛТ,498,108,4,"Russian carpentry workshop making solid-wood furniture like chairs, tables and shelving units shown in short clips.",столярн,UCwo0MaA9kzWuj25XXF5lI6w,hands,furniture-woodworking,wave1,2026-09-14,filter,108
https://www.youtube.com/@%d0%94%d0%b0%d1%80%d0%a2%d1%80%d1%83%d0%b4%d0%b0,@%D0%94%D0%B0%D1%80%D0%A2%D1%80%D1%83%D0%B4%D0%B0,Дар Труда,4620,63,4,"Community carpentry workshop in Moscow filming workshop activities and craftspeople, solid joinery trade evidence.",столярн,UCXTVEgLF1pFeVyLrcb4htug,hands,furniture-woodworking,wave1,2026-09-14,filter,63
https://www.youtube.com/@%d8%a7%d8%b3%d8%b1%d8%a7%d8%b1%d9%88%d8%b1%d8%b4%d8%a9%d8%a7%d9%84%d9%86%d8%ac%d8%a7%d8%b1%d8%a9,@%D8%A7%D8%B3%D8%B1%D8%A7%D8%B1%D9%88%D8%B1%D8%B4%D8%A9%D8%A7%D9%84%D9%86%D8%AC%D8%A7%D8%B1%D8%A9,اسرار ورشة النجارة,380,124,4,"Arabic carpentry workshop channel filming kitchen/furniture builds, repairs and joinery tricks from the shop.",نجارة,UCi7WT0LTMRUWjj7Y1cg7s_w,hands,furniture-woodworking,wave1,2026-09-14,filter,150
https://www.youtube.com/@%d8%a7%d9%84%d9%85%d8%ae%d8%aa%d8%a7%d8%b1%d9%84%d9%86%d8%ac%d8%a7%d8%b1%d8%a9%d8%a7%d9%84%d8%ae%d8%b4%d8%a8,@%D8%A7%D9%84%D9%85%D8%AE%D8%AA%D8%A7%D8%B1%D9%84%D9%86%D8%AC%D8%A7%D8%B1%D8%A9%D8%A7%D9%84%D8%AE%D8%B4%D8%A8,المختار لنجارة الخشب,4210,189,4,"Arabic general carpentry and decoration channel, plain trade evidence with no contradicting signals.",نجارة,UCBMGvbKrofV43JRrTVchNSg,hands,furniture-woodworking,wave1,2026-09-14,filter,189
https://www.youtube.com/@%d8%a7%d9%84%d9%86%d8%ac%d8%a7%d8%b1%d9%85%d8%ad%d9%85%d8%af%d8%b4%d9%85%d8%b9%d9%87,@%D8%A7%D9%84%D9%86%D8%AC%D8%A7%D8%B1%D9%85%D8%AD%D9%85%D8%AF%D8%B4%D9%85%D8%B9%D9%87,محمد الشبلاوي,16200,132,4,"Simple carpentry-named channel with minimal bio, trade evidence points to woodworking content.",نجارة,UCaiHxSxnPuMpffMeoF9SWzg,hands,furniture-woodworking,wave1,2026-09-14,filter,132
https://www.youtube.com/@%d9%85%d8%a7%d8%b4%d8%a7%d9%84%d8%a7.%d8%a7%d9%82%d8%a7%db%8c.%d8%a8%d8%b1%d9%82%db%8c%d8%a7%d9%86,@%D9%85%D8%A7%D8%B4%D8%A7%D9%84%D8%A7.%D8%A7%D9%82%D8%A7%DB%8C.%D8%A8%D8%B1%D9%82%DB%8C%D8%A7%D9%86,ماشالا اقای برقیان,43,65,4,Simple bio names carpentry (نجاری) and woodworking with nothing pointing to retail or other trade.,نجاری,UCx83sSMJ2dHeaMNSaQ6fa6w,hands,furniture-woodworking,wave1,2026-09-14,filter,67
https://www.youtube.com/@%d9%86%d8%ac%d8%a7%d8%b1%d8%a9%d8%a7%d8%a8%d9%88%d8%a8%d9%83%d8%b1,@%D9%86%D8%AC%D8%A7%D8%B1%D8%A9%D8%A7%D8%A8%D9%88%D8%A8%D9%83%D8%B1,نحارة ابوبكر ,492,84,4,"General carpentry and wood carving channel showing pergola, doors and decorative woodwork pieces.",نجارة,UCAkE3yMQzkw2hrmoajwIUUw,hands,furniture-woodworking,wave1,2026-09-14,filter,137
https://www.youtube.com/@%d9%87%d8%a7%d9%88%d9%8a%d9%86%d8%ac%d8%a7%d8%b1%d8%a9%d9%84%d9%84%d8%a7%d8%ab%d8%a7%d8%ab,@%D9%87%D8%A7%D9%88%D9%8A%D9%86%D8%AC%D8%A7%D8%B1%D8%A9%D9%84%D9%84%D8%A7%D8%AB%D8%A7%D8%AB,AMMAR Al-Hussaini,680,90,4,Arabic carpentry channel showing door making and furniture repair with short demonstrative videos.,نجارة,UCNHk92AswSL826f_AKq8IBA,hands,furniture-woodworking,wave1,2026-09-14,filter,90
https://www.youtube.com/@%e0%b8%8a%e0%b9%88%e0%b8%b2%e0%b8%87%e0%b9%84%e0%b8%a1%e0%b9%89%e0%b8%9a%e0%b9%89%e0%b8%b2%e0%b8%99%e0%b8%99%e0%b8%b2,@%E0%B8%8A%E0%B9%88%E0%B8%B2%E0%B8%87%E0%B9%84%E0%B8%A1%E0%B9%89%E0%B8%9A%E0%B9%89%E0%B8%B2%E0%B8%99%E0%B8%99%E0%B8%B2,ช่างไม้บ้านนา#Woods working,94,69,4,Thai carpenter channel showing door base and sofa wood sanding/joint process steps.,งานไม้,UCqffVW0q9gHc042EGYfh-WQ,hands,furniture-woodworking,wave1,2026-09-14,filter,69
https://www.youtube.com/@%e0%b8%9e%e0%b8%a5%e0%b8%8a%e0%b8%99%e0%b8%b0%e0%b9%81%e0%b8%aa%e0%b8%87%e0%b9%80%e0%b8%9e%e0%b9%87%e0%b8%87-%e0%b8%979%e0%b8%a8,@%E0%B8%9E%E0%B8%A5%E0%B8%8A%E0%B8%99%E0%B8%B0%E0%B9%81%E0%B8%AA%E0%B8%87%E0%B9%80%E0%B8%9E%E0%B9%87%E0%B8%87-%E0%B8%979%E0%B8%A8,พลชนะ แสงเพ็ง,2290,4114,4,"Self-described woodworking carpenter sharing passion for the trade, thin but on-topic evidence.",งานไม้,UCTtZfoVUvZSQHqtv5shFZ5Q,hands,furniture-woodworking,wave1,2026-09-14,filter,4114
https://www.youtube.com/@%e0%b8%a0%e0%b8%b2%e0%b8%a8%e0%b8%b8%e0%b9%81%e0%b8%81%e0%b9%89%e0%b8%a7%e0%b9%80%e0%b8%82%e0%b8%b5%e0%b8%a2%e0%b8%a7,@%E0%B8%A0%E0%B8%B2%E0%B8%A8%E0%B8%B8%E0%B9%81%E0%B8%81%E0%B9%89%E0%B8%A7%E0%B9%80%E0%B8%82%E0%B8%B5%E0%B8%A2%E0%B8%A7,Woodwork Diy,190,60,4,Thai woodworking DIY channel showing chair building and slat installation step by step.,งานไม้,UC7HUhLu-xsweObv9VDn58fQ,hands,furniture-woodworking,wave1,2026-09-14,filter,86
https://www.youtube.com/@%e3%81%8a%e3%81%98%e3%81%84%e3%81%a1%e3%82%83%e3%82%93%e3%81%ae%e7%9f%a5%e6%81%b5%e8%a2%8b-i5y,@%E3%81%8A%E3%81%98%E3%81%84%E3%81%A1%E3%82%83%E3%82%93%E3%81%AE%E7%9F%A5%E6%81%B5%E8%A2%8B-i5y,おじいちゃんの知恵袋〜Grandpa's woodworking skills,5790,148,4,"Japanese woodworking channel focused on carpentry and woodworking videos, thin but clear trade evidence.",木工,UCLIh152A7y7eNO_XSgEw6OQ,hands,furniture-woodworking,wave1,2026-09-14,filter,148
https://www.youtube.com/@%e5%90%b4%e5%93%a5%e9%80%a0%e6%9c%a8,@%E5%90%B4%E5%93%A5%E9%80%A0%E6%9C%A8,吴哥造木,1220,85,4,Chinese traditional woodworking channel name suggests dedicated joinery/carpentry content.,木工,UCEuiYtTCTfryxUpqbZzkyow,hands,furniture-woodworking,wave1,2026-09-14,filter,85
https://www.youtube.com/@%e6%85%95%e5%b7%a5%e5%9d%8a-m6n,@%E6%85%95%E5%B7%A5%E5%9D%8A-m6n,慕工坊,155,93,4,Chinese woodworking channel showing bamboo/wood furniture builds with real filmed process and technique breakdowns.,木工,UCuGAQu17ihrLpFBpK6PasFA,hands,furniture-woodworking,wave1,2026-09-14,filter,92
https://www.youtube.com/@%e7%9f%ae%e9%81%9e%e7%88%be%e6%9c%a8%e8%97%9d%e9%a4%a8-r4v,@%E7%9F%AE%E9%81%9E%E7%88%BE%E6%9C%A8%E8%97%9D%E9%A4%A8-r4v,矮遞爾木藝館,182,74,4,Taiwanese woodworking studio with class recordings showing practical bench work like picture frames.,木工,UCvF8_conx3cRQfrAfHGf7gA,hands,furniture-woodworking,wave1,2026-09-14,filter,74
https://www.youtube.com/@%e9%a3%9b%e7%86%8a%e5%85%a5%e5%a4%a2,@%E9%A3%9B%E7%86%8A%E5%85%A5%E5%A4%A2,飛熊入夢,2200,351,4,"Solid wood woodworking channel inviting viewers into woodworking world, plausible bench-work content.",木工,UC3V1draXvffHzfprvkBnEBg,hands,furniture-woodworking,wave1,2026-09-14,filter,351
https://www.youtube.com/@%eb%85%b8%eb%8a%94%eb%aa%a9%ec%88%98,@%EB%85%B8%EB%8A%94%EB%AA%A9%EC%88%98,노는목수,24300,820,4,"Korean carpenter/designer channel (목수) with woodworking videos, thin bio but clear trade evidence.",목공,UCPzEg34DFBY6ow37goKsYWA,hands,furniture-woodworking,wave1,2026-09-14,filter,820
https://www.youtube.com/@%eb%8c%80%ec%a0%84%eb%8a%90%eb%a6%b0%eb%82%98%eb%ac%b4%ea%b3%b5%eb%b0%a9,@%EB%8A%90%EB%A6%B0%EB%82%98%EB%AC%B4%EA%B3%B5%EB%B0%A9,느린나무공방,297,600,4,"Korean wood workshop making furniture and small items, teaching classes and process videos.",목공,UCZKvI2yiC64yv8VE5BLMyXg,hands,furniture-woodworking,wave1,2026-09-14,filter,602
https://www.youtube.com/@%eb%8b%a4%eb%9d%bd%eb%b0%a9-m4x,@%EB%8B%A4%EB%9D%BD%EB%B0%A9-m4x,다락방,220,775,4,"Runs a woodworking workshop (목공방) alongside other ventures, plain trade evidence.",목공,UCFI3B8_8L65gFrldUZRLSnA,hands,furniture-woodworking,wave1,2026-09-14,filter,775
https://www.youtube.com/@%eb%a1%9c%ec%b4%88%ec%9a%b0%eb%93%9c,@%EB%A1%9C%EC%B4%88%EC%9A%B0%EB%93%9C,로초우드,76,55,4,Woodworking tips channel (목공꿀팁) with plain trade-focused description matching furniture/joinery scope.,목공,UCucDyPrFODMoyvjlhkzfKxA,hands,furniture-woodworking,wave1,2026-09-14,filter,55
https://www.youtube.com/@%eb%aa%a9%eb%8b%a4%eb%b9%88%ec%b9%98,@%EB%AA%A9%EB%8B%A4%EB%B9%88%EC%B9%98,목다빈치(wooddavinci),26,75,4,"Korean woodworking workshop making furniture and craft pieces from raw timber to finish, thin but on-topic bio.",목공,UCVxh3YeJ2yHhxxHHfbqxloQ,hands,furniture-woodworking,wave1,2026-09-14,filter,84
https://www.youtube.com/@%ec%96%91%ec%b2%ad%eb%ac%b8-r9b,@%EC%96%91%EC%B2%AD%EB%AC%B8-r9b,양청문,31,71,4,"Named workshop (목공방) with minimal bio, plain woodworking studio evidence typical of a furniture-making channel.",목공,UC6qCV5_RBtTL6ojaahnCknQ,hands,furniture-woodworking,wave1,2026-09-14,filter,75
https://www.youtube.com/@%ec%98%81%ec%9b%90%ed%95%9c%ec%b9%9c%ea%b5%ac-j1z,@%EC%98%81%EC%9B%90%ED%95%9C%EC%B9%9C%EA%B5%AC-j1z,영원한친구(Friends forever),202,368,4,Korean woodworking instructor channel with hand plane and chisel sharpening practical videos.,목공,UCK7fSKcrmVysx_QgI2ED_yQ,hands,furniture-woodworking,trial100,2026-09-14,filter,573
https://www.youtube.com/@%ec%9e%ac%eb%a1%b1%ec%9d%98%ec%a0%84%ec%9b%90%ec%9d%bc%ea%b8%b0,@%EC%9E%AC%EB%A1%B1%EC%9D%98%EC%A0%84%EC%9B%90%EC%9D%BC%EA%B8%B0,재롱의 전원일기,253,117,4,Woodworking channel with dovetail joinery drawers and box making shown step by step.,목공,UCYnbtU32a7dbDiICu5jqi8w,hands,furniture-woodworking,wave1,2026-09-14,filter,52
https://www.youtube.com/@%ec%a0%95%eb%af%bc%ec%9d%98%ec%88%b2,@%EC%A0%95%EB%AF%BC%EC%9D%98%EC%88%B2,정민의 숲,963,287,4,"Personal woodworking channel making cutting boards, signs and shop items with hands-on process shown.",목공,UC3JB6oQUUk3JQHZFmXC8xaQ,hands,furniture-woodworking,wave1,2026-09-14,filter,301
https://www.youtube.com/@%ed%95%9c%ea%b5%ad%ea%b1%b4%ec%b6%95%ec%9d%b8%ed%85%8c%eb%a6%ac%ec%96%b4%ed%95%99%ec%9b%90,@%ED%95%9C%EA%B5%AD%EA%B1%B4%EC%B6%95%EC%9D%B8%ED%85%8C%EB%A6%AC%EC%96%B4%ED%95%99%EC%9B%90,한국건축인테리어기술학원,183,66,4,"Korean vocational training school with practical bench sessions for carpentry, tiling and construction trades.",목공,UCqz06Q1dH0f5guan91_2YHw,hands,furniture-woodworking,wave1,2026-09-14,filter,79
https://www.youtube.com/@1001alet,@1001alet,1001ALET,6060,164,4,Turkish woodworking/marangozluk channel aiming to teach craft skills to viewers of all levels.,marangoz,UCeKb1XmgqJxrP5V7gnYvk3w,hands,furniture-woodworking,wave1,2026-09-14,filter,164
https://www.youtube.com/@100liar.,@100liar.,100ляр Сходи та столярні вироби,1980,429,4,Ukrainian stair and joinery workshop channel making and installing wooden staircases and joinery products.,столярн,UCH-OH8C3UZC8v5Dn-tmgUdA,hands,furniture-woodworking,wave1,2026-09-14,filter,429
https://www.youtube.com/@10minuteworkshop_es,@10MinuteWorkshop_es,Peter Millard en Español,7790,78,4,"Spanish-language carpentry/joinery channel with practical shop tips, projects and tool reviews mixed in.",carpinter | ebanister,UCQId2yWNKMArOpvu2SH5fTQ,hands,furniture-woodworking,wave1,2026-09-14,filter,78
https://www.youtube.com/@1mebelshik,@1mebelshik,Cabinet maker's life,51500,490,4,"Cabinet maker channel describing furniture creation process, tips, tool use and master classes.",furniture making,UCfryhZT9-jDexhY6QxVwAbw,hands,furniture-woodworking,wave1,2026-09-14,filter,491
https://www.youtube.com/@aadatedacarpenter,@aadatedacarpenter,aadatedacarpenter,24,83,4,"Carpenter vlogs covering furniture making, interior design and site work in Hindi with real carpentry focus.",furniture making,UCLmczTD4yrVrFN_Mk_Jc60w,hands,furniture-woodworking,wave1,2026-09-14,filter,116
https://www.youtube.com/@abdoalarfawi,@AbdoAlarfawi,عبد الغاني نجار -تعليم النجارة للمبتدئين ,106,125,4,Arabic carpentry teaching channel for beginners with practical installation and joinery videos.,نجارة,UCR509wjYKOO5sy9n3lYAQQw,hands,furniture-woodworking,wave1,2026-09-14,filter,125
https://www.youtube.com/@abdozhiri,@Abdozhiri,Abdo zhiri عبدو الزهيري,1700,98,4,"Wood carpentry channel with varied videos, name and description directly indicate woodworking trade.",نجارة,UCisoj0vFR6jId1ZvrL1FmKA,hands,furniture-woodworking,wave1,2026-09-14,filter,98
https://www.youtube.com/@abelgutierrez7399,@abelgutierrez7399,Abel Gutierrez,538,156,4,"Carpentry channel with kitchen build videos in progress and finished, plus some unrelated vlogs.",carpinter,UCBIdIYYiqcBh6TxtveGoCVA,hands,furniture-woodworking,wave1,2026-09-14,filter,167
https://www.youtube.com/channel/ucrscyhq9ffwue5-w44uwuxw,@adamarrosa476,Criaçoes rusticas  do vovô,8,99,4,"Rustic carpentry channel with multiple short build videos, thin but consistent trade evidence.",marcenaria,UCRScYhq9ffwUE5-W44uwUxw,hands,furniture-woodworking,wave1,2026-09-14,filter,109
https://www.youtube.com/@adimebel-j9n6z,@AdiMebel-j9n6z,Adi Mebel,8800,544,4,"Self-described tukang kayu (carpenter) content creator channel, plain woodworking trade evidence.",tukang kayu,UCVXHZ9tqEImBpS7CI388P1g,hands,furniture-woodworking,wave1,2026-09-14,filter,545
https://www.youtube.com/@adiwirahady,@AdiWirahady,tukang kayu ,109,206,4,"Tukang kayu channel with titles showing window making and kitchen set installation, real carpentry work.",tukang kayu,UC8lXcyVK4OVhgglALykUd7Q,hands,furniture-woodworking,wave1,2026-09-14,filter,253
https://www.youtube.com/@adrianramosok,@Adrianramosok,adrian ramos,2140,61,4,Personal carpentry channel from carpenter's grandson sharing trade knowledge and techniques.,carpinter,UCkCA2SmASB--Par8w_T4gDA,hands,furniture-woodworking,wave1,2026-09-14,filter,61
https://www.youtube.com/@adwoodsworkshop,@ADWOODSWORKSHOP,ADWOODS WORKSHOP,1320,71,4,"Self-described furniture maker/designer workshop channel, thin but clear trade evidence.",furniture maker,UCL0f_3ko-fNidoCjkwsMuvw,hands,furniture-woodworking,wave1,2026-09-14,filter,71
https://www.youtube.com/channel/ucyl68rzs4zrdhwnrbyulb7q,@AfonsoBelchior,Afonso Belchior,52,86,4,Carpentry/marcenaria channel with titles showing shelf and door assembly process on camera.,marcenaria,UCYl68RZs4ZrdHWNRbyUlB7Q,hands,furniture-woodworking,wave1,2026-09-14,filter,96
https://www.youtube.com/@agussalimlatifah,@AgussalimLatifah,Agussalim Latifah,4400,865,4,Wood furniture production channel showing carpentry work and daily life at a furniture shop.,wood furniture,UCCzohgtRUvi6V8NXsBHzFKg,hands,furniture-woodworking,wave1,2026-09-14,filter,866
https://www.youtube.com/@aires-carpenter-oficial,@Aires-carpenter-oficial,Aires carpenter,100,61,4,"Brazilian carpenter channel with titles showing sharpening tools, band saw and planned carpentry projects.",marcenaria,UCSxHm22k1vm3-u4I9KAUpqw,hands,furniture-woodworking,wave1,2026-09-14,filter,146
https://www.youtube.com/@ajizchannel2360,@ajizchannel2360,AJIZ CHANNEL,2450,123,4,"Indonesian furniture/tukang kayu channel focused on furniture world, thin but on-topic description.",tukang kayu,UCJAPh41up31geTmf6ozCLHA,hands,furniture-woodworking,wave1,2026-09-14,filter,123
https://www.youtube.com/@aledrymueble8515,@aledrymueble8515,Aledry Mueble,10100,193,4,"Carpentry channel sharing works and ideas from the craft, thin but on-topic bio.",carpinter,UCxhLVWwWXEUYvpWqICeE2UA,hands,furniture-woodworking,wave1,2026-09-14,filter,193
https://www.youtube.com/@alejandroluis,@AlejandroLuis,Alejandro Luis,693000,456,4,"Self-described carpenter sharing knowledge and experience, thin but clear trade bio.",carpinter,UC3MCT_pJ325H2s3g5Xs5DKQ,hands,furniture-woodworking,wave1,2026-09-14,filter,456
https://www.youtube.com/@alexandremarceneiro,@alexandremarceneiro,Ale Marceneiro,4030,214,4,Dedicated marcenaria (carpentry/furniture) channel showcasing unique projects and joinery learning content.,marcenaria,UCAP5Mo-iPHpBwPrYRCe5mvw,hands,furniture-woodworking,wave1,2026-09-14,filter,214
https://www.youtube.com/@alexpro7,@AlexPRO7,AlexPRO,10900,80,4,"Hobby joinery channel making household wood items and workshop jigs, fits furniture-making topic well.",столярн,UCgbyFS8I2hXmZe3VDaRVGeQ,hands,furniture-woodworking,wave1,2026-09-14,filter,80
https://www.youtube.com/@aliguernigena,@aliguernigena,CRIVIEX,4370,85,4,"Brazilian marcenaria artesanal (artisanal woodworking) channel, minimal but on-topic trade description.",marcenaria,UCs-6mNxxzSxM8DUEBq0FIBA,hands,furniture-woodworking,wave1,2026-09-14,filter,85
https://www.youtube.com/@almlyanynjar,@Almlyanynjar,الملياني نجار ,1720,321,4,"Carpentry teaching channel name and description, thin but clear trade evidence.",نجارة,UCCOJ8swFIC-9XSxi5IsOhRw,hands,furniture-woodworking,wave1,2026-09-14,filter,321
https://www.youtube.com/@amiboisplacard,@Amiboisplacard,Amibois youssef,6640,50,4,"Moroccan carpenter/closet maker channel (menuisier), thin evidence but names the trade directly.",نجارة,UCgcAqGjb6jRcCbPKwLXwHIQ,hands,furniture-woodworking,wave1,2026-09-14,filter,50
https://www.youtube.com/@andersonwoodworkspnw,@andersonwoodworkspnw,Anderson Woodworks,3110,108,4,Bespoke furniture studio channel describing heirloom joinery and custom builds by hand.,joinery,UCl9-lqsN1n7Qc16tClNErHw,hands,furniture-woodworking,wave1,2026-09-14,filter,108
https://www.youtube.com/@andreevwood,@AndreevWood,Алексей Андреев,8490,333,4,Russian wood joinery workshop (столярная мастерская) with minimal but clear trade description.,столярн,UC6ly2jM48yfxgFVLsuu4DJA,hands,furniture-woodworking,wave1,2026-09-14,filter,335
https://www.youtube.com/@andrey-alekseevich,@Andrey-Alekseevich,Андрей Алексеевич,2060,96,4,Personal joinery workshop channel covering shop builds and tool reviews alongside carpentry work.,столярн,UCvCyo6Kf3XzmCKIlFDKioBw,hands,furniture-woodworking,wave1,2026-09-14,filter,96
https://www.youtube.com/@antiquinfurnitures1219,@antiquinfurnitures1219,Antiquin Furnitures,4370,311,4,"Furniture maker/manufacturer channel covering cabinets, dining sets, and carpentry finishing work.",furniture maker,UCN_9gNP6hMYTbK3BKgYWXiQ,hands,furniture-woodworking,wave1,2026-09-14,filter,311
https://www.youtube.com/@antonkucher,@antonkucher,Anton Kucher,31300,114,4,Carpentry channel describing furniture creation process from idea to finished piece.,столярн,UCz62U43ynNUBTNzwVcsCU0Q,hands,furniture-woodworking,wave1,2026-09-14,filter,114
https://www.youtube.com/@aprende_carpinteriafacil,@aprende_carpinteriafacil,Aprende Carpinteria Facil,2410,411,4,Practical step-by-step carpentry course teaching furniture-making techniques and tool use.,carpinter,UCAL_Zng72Aa8sZR_2h44Ymw,hands,furniture-woodworking,wave1,2026-09-14,filter,412
https://www.youtube.com/@aprendeconsafra9224,@aprendeconsafra9224,Aprende con Safra,22700,897,4,"Furniture-making and carpentry teaching channel aimed at spreading the craft, plain trade bio.",carpinter,UCsfO2il7iVWc1XpBWeT_NxQ,hands,furniture-woodworking,wave1,2026-09-14,filter,897
https://www.youtube.com/@aprendiendocarpinteria,@aprendiendocarpinteria,aprendiendo carpinteria solo soy Hugo ,20100,866,4,"Carpentry tutorial channel promising various woodworking tutorials, thin but clearly on-topic bio.",carpinter,UCgnmaWMe8SehRiye93mcfYw,hands,furniture-woodworking,wave1,2026-09-14,filter,866
https://www.youtube.com/@aprendoerepasso15,@AprendoeRepasso15,Aprendo e Repasso,6590,168,4,Home marcenaria channel showing construction of wood furniture and tools/inventions.,marcenaria,UCj1S18eI_7iAEOA5LmjhnqA,hands,furniture-woodworking,trial100,2026-09-14,filter,168
https://www.youtube.com/@arbreww,@arbreww,アルブル木工教室,26500,233,4,Woodworking school teaching furniture and craft techniques with hands-on lessons using power and traditional tools.,木工,UCo6usp_VT2ecCpvd2pHglSw,hands,furniture-woodworking,wave1,2026-09-14,filter,233
https://www.youtube.com/@ariskurniawan-l8i,@ARISKURNIAWAN-l8i,Aris Ukir Pintu ,52100,1737,4,Carpenter channel focused on door carving and window frame assembly tutorials.,tukang kayu,UCL0cQ4dasrb8U1w48x3qPNg,hands,furniture-woodworking,wave1,2026-09-14,filter,1742
https://www.youtube.com/@arslansaani6258,@arslansaani6258,Arslan Saani.100kviews.3 hours ago,178,70,4,Carpentry channel covering joinery techniques and wardrobe/table making with process-oriented titles.,joinery,UC5JTVHSToxooeTaEA_sFojg,hands,furniture-woodworking,wave1,2026-09-14,filter,90
https://www.youtube.com/@artisbuilds,@ArtisBuilds,Artis Builds,2930,328,4,"Carpenter channel building kitchens, cabinets, wardrobes and joinery with step-by-step site carpentry.",joinery,UCLRBmGOz47b41KWC7W7qIdw,hands,furniture-woodworking,wave1,2026-09-14,filter,329
https://www.youtube.com/@artmango-,@artmango-,느티나무아래 목공소,323,79,4,Furniture-making carpenter's daily life and travel channel with bed and bookshelf builds shown.,목공,UCTzNtZtGixDURph3zLB5KOw,hands,furniture-woodworking,wave1,2026-09-14,filter,85
https://www.youtube.com/@atiqsajjadworld,@atiqsajjadworld,Atiq Sajjad World,2390,674,4,Professional furniture maker channel promising to show building process of doors and traditional crafts.,furniture maker,UCuCvAbwSE9fuMAS5_PJjkdQ,hands,furniture-woodworking,wave1,2026-09-14,filter,674
https://www.youtube.com/@atolyefehmi,@atolyefehmi,Atölye Fehmi,16400,102,4,Turkish carpentry channel with practical training videos and paid membership for technical Q&A on joinery topics.,marangoz,UCaxi3Lkff7O24lvie4Lfqzw,hands,furniture-woodworking,wave1,2026-09-14,filter,102
https://www.youtube.com/@balu_carpenter,@Balu_carpenter,Balu Prajapati,3600,95,4,"Carpenter channel promising furniture making and woodworking tips in Hindi, plain trade evidence.",furniture making,UCtrPzR_Rp-ZxA0Vjt02SIUA,hands,furniture-woodworking,wave1,2026-09-14,filter,95
https://www.youtube.com/@base-tube4348,@base-tube4348,木工教室BASE-TUBE,4870,63,4,Dedicated woodworking school/classroom channel teaching furniture-making skills to students of all levels.,木工,UCiw6IdTksSuUHyF2Oa5CpLA,hands,furniture-woodworking,wave1,2026-09-14,filter,63
https://www.youtube.com/@benham_design,@Benham_Design,Benham Design Concepts,67500,275,4,"Bespoke furniture maker showing design and fabrication process using wood, glass, stone, metal.",furniture maker,UCXO8f1IIliMKKlu5PgSpodQ,hands,furniture-woodworking,wave1,2026-09-14,filter,275
https://www.youtube.com/@bensonsfurniture,@BensonsFurniture,Benson's Furniture,715,114,4,"Furniture maker channel with titles showing bed builds, table saw use, and shelf construction on camera.",wood furniture,UCPTrR_zxtisM4kxCVWSKp0Q,hands,furniture-woodworking,wave1,2026-09-14,filter,163
https://www.youtube.com/@bentosilvaefamilia,@bentosilvaefamilia,Bento Silva and family,1270,108,4,Brazilian marcenaria channel showing custom furniture-making work alongside family vlog content.,marcenaria,UCr8wpUSYnjGuHQ_taln2Baw,hands,furniture-woodworking,wave1,2026-09-14,filter,108
https://www.youtube.com/@benztinyshop5831,@benztinyshop5831,Benz Tiny Shop,1820,77,4,Hobbyist wood DIY channel focused on woodworking projects and techniques as a hands-on maker.,งานไม้,UCZp_CKuRMJo1Fu_eqpHEscQ,hands,furniture-woodworking,wave1,2026-09-14,filter,77
https://www.youtube.com/@berkahmandiri1,@Berkahmandiri1,Achmad Amin,849,1060,4,"Tukang kayu (woodworker) taking custom orders, thin but clear trade evidence.",tukang kayu,UCOPlnqwiK-2vVjrCf8MI5Ng,hands,furniture-woodworking,wave1,2026-09-14,filter,1066
https://www.youtube.com/@bk24tv,@Bk24tv,bangalir kotha 24tv বাঙালির কথা ২৪ টিভি,1470,608,4,Self-described daily joinery vlog showing real workshop projects start to finish.,joinery,UCeWl1rFIuickRBei1EJ8qUg,hands,furniture-woodworking,wave1,2026-09-14,filter,608
https://www.youtube.com/@blacktenonfurniture,@blacktenonfurniture,Black Tenon Furniture,2810,123,4,"Custom furniture maker sharing projects and builds, plain hands-on bio.",furniture maker,UCDkv5k8X3kXpMKkVC-A7aRA,hands,furniture-woodworking,wave1,2026-09-14,filter,123
https://www.youtube.com/@blbboistv,@blbboistv,blbboistv,40300,158,4,"French woodworking channel tied to technical magazines and resources, covers woodturning and joinery techniques.",menuiserie,UCSzos9nk92w4wbkvrCXlu-g,hands,furniture-woodworking,wave1,2026-09-14,filter,158
https://www.youtube.com/@blmarcenariacriativa,@BLMarcenariaCriativa,BL Marcenaria Criativa Projetos Marchetaria,2390,733,4,Marcenaria criativa and marchetaria (marquetry) channel sharing woodworking project knowledge.,joinery | marcenaria,UCwo19Ki0CTwosRjikKocA2Q,hands,furniture-woodworking,wave1,2026-09-14,filter,737
https://www.youtube.com/@brewershandcraftedwoodworks,@BrewersHandcraftedWoodWorks,Brewer's Handcrafted Wood Works ,107,71,4,"Handcrafted wood furniture maker channel, thin description but clear trade focus.",wood furniture,UCEbfCyxZpirKKpeMZgOKq4Q,hands,furniture-woodworking,wave1,2026-09-14,filter,75
https://www.youtube.com/@brincandocommadeira,@BRINCANDOCOMMADEIRA,BRINCANDO COM MADEIRA,3840,51,4,"Personal channel practicing marcenaria (woodworking) and wood carving, hands-on furniture-craft learning content.",marcenaria,UCn74gcFGVoU96hNVUDFdzXQ,hands,furniture-woodworking,wave1,2026-09-14,filter,51
https://www.youtube.com/@budsworkshop,@budsworkshop,Bud’s Workshop,9160,54,4,Woodworking hobbyist channel explicitly mentioning joinery techniques and build projects alongside jigs.,joinery,UCnrULj62tvsYh6cdgwJRbVQ,hands,furniture-woodworking,wave1,2026-09-14,filter,54
https://www.youtube.com/@buildandbescene,@buildandbescene,Build and Be Scene,2400,113,4,Carpentry channel explicitly covering cabinetry and furniture making projects start to finish.,furniture making | watch assembly kit build,UCyw5X2PoDTsC_GxsdBTmbGg,hands,furniture-woodworking,wave1,2026-09-14,filter,113
https://www.youtube.com/@bumaarts,@bumaarts,BUMA Arts,24400,1198,4,"Artisan marcenaria channel promising to show the making process, thin but on-topic bio.",marcenaria,UCp48zcJXBdPGNgHvu1qOmew,hands,furniture-woodworking,wave1,2026-09-14,filter,1198
https://www.youtube.com/@bustedknucklewoodworks,@BustedKnuckleWoodworks,Busted Knuckle Woodworks,107000,92,4,"Fine woodworking and carpentry channel with DIY builds, likely furniture-focused with some drift possible.",fine woodworking,UCIejnE3ZaDCLXahXnyU1-pQ,hands,furniture-woodworking,wave1,2026-09-14,filter,92
https://www.youtube.com/@cabinhouse8,@cabinhouse8,木作玩家-倉禾工具屋,35000,101,4,"Woodworking teaching channel offering woodworking tutorials, tools, and workshop courses in Chinese.",木工,UCso98gvs8QpFmiWohfiFjkg,hands,furniture-woodworking,wave1,2026-09-14,filter,101
https://www.youtube.com/@canaldamadeira,@canaldamadeira,Canal da Madeira,14700,327,4,Woodworking channel promising build tutorials and repair tips for garage marcenaria.,marcenaria,UCXjNPbhe8_1Y20PLHiFPtzg,hands,furniture-woodworking,wave1,2026-09-14,filter,327
https://www.youtube.com/@canaldandora,@CanalDanDora,Dan e Dora - Aprendizes de marcenaria DIY,434,78,4,"DIY furniture-making couple filming joints, drilling and finishing techniques with clear woodworking focus.",marcenaria,UC8chIGrVx8aC3MdhbNV2XZQ,hands,furniture-woodworking,wave1,2026-09-14,filter,78
https://www.youtube.com/@canalempoeirados,@canalempoeirados,Empoeirados,331000,906,4,"Weekly marcenaria channel covering tips, tools and hands-on projects made with dedication.",marcenaria,UCWV8mQ8VD4SfMfP-y8HtOEQ,hands,furniture-woodworking,wave1,2026-09-14,filter,906
https://www.youtube.com/@canalmadeiranamao,@canalmadeiranamao,Marcenaria Madeira Na Mão,75600,614,4,"Marcenaria channel describing projects made in the workshop, a plain trade bio.",marcenaria,UC1P2TokiaDH1ne-Ukt9kjuw,hands,furniture-woodworking,wave1,2026-09-14,filter,614
https://www.youtube.com/@carloselcarpintero7156,@carloselcarpintero7156,Carlos el Carpintero,350,131,4,Carpenter sharing small furniture and decor projects like shelves and drawer builds on camera.,carpinter,UCVBZrs_0jyjImHEy6kfhAIg,hands,furniture-woodworking,wave1,2026-09-14,filter,241
https://www.youtube.com/channel/uc2mpfc8fsamsxm8qijvsgtw,@carlosmedeira2880,CM móveis planejados ,335,154,4,"Marcenaria (custom furniture) channel name and bio, thin evidence but clearly a woodworking trade channel.",marcenaria,UC2MPfc8FSamsXM8qIjvSGtw,hands,furniture-woodworking,wave1,2026-09-14,filter,161
https://www.youtube.com/@carpenterchannel-r9r2p,@CarpenterChannel-r9r2p,Carpenter Channel,251,283,4,"Carpenter channel showing wood puttying, straightening kusen and drying processes, real trade footage.",tukang kayu,UCkPL9fTYvtoAr_ihViuNCPw,hands,furniture-woodworking,wave1,2026-09-14,filter,1082
https://www.youtube.com/@carpenterl45hamza,@carpenterl45hamza,Carpenter l نجار 45 ,80300,420,4,"Woodworking channel covering DIY furniture projects, tools and joinery techniques for varied skill levels.",joinery,UCxGWt5Ck_Tc25XlekkUjKgA,hands,furniture-woodworking,wave1,2026-09-14,filter,420
https://www.youtube.com/@carpenterlalit,@CarpenterLalit,Carpenter Lalit,52700,383,4,"Furniture maker sharing practical fitting guides for hinges, wardrobes and kitchen interiors from real work.",furniture maker,UCobwHSKGkvR4W2EiTSCJl6w,hands,furniture-woodworking,wave1,2026-09-14,filter,384
https://www.youtube.com/@carpigeneral,@Carpigeneral,Carpigeneral,146,115,4,General carpentry channel with real installation/finishing videos like kitchen and shelves.,carpinter,UCLV0ZkB7wI87Lpb8d2TZOKg,hands,furniture-woodworking,trial100,2026-09-14,filter,169
https://www.youtube.com/@carpimoy,@carpimoy,El CarpiMoy,2200,225,4,"Carpentry teaching channel sharing carpenter trade knowledge, plain trade evidence bio.",carpinter,UCFIyBK5DaTY2rRHZloUVVEw,hands,furniture-woodworking,wave1,2026-09-14,filter,225
https://www.youtube.com/@carpinpedia,@carpinpedia,Carpinpedia,20300,116,4,Spanish carpentry channel explaining principles and fundamentals of woodworking as its core content.,carpinter,UCHeL1FBzLGSX5RLbNUT5S4g,hands,furniture-woodworking,wave1,2026-09-14,filter,116
https://www.youtube.com/@carpinteriaestilou.s.a7289,@carpinteriaestilou.s.a7289,Carpinteria Estilo U.S.A,341,51,4,"Carpentry channel with titles showing handrail building, bookcase and bench builds step by step.",carpinter,UCEi0Qplw7bcN-rsE9B_Lj1Q,hands,furniture-woodworking,wave1,2026-09-14,filter,51
https://www.youtube.com/@carpinteriafacilprincipian8416,@carpinteriafacilprincipian8416,Carpintería Fácil principiantes,5200,57,4,Beginner-focused carpentry and design channel sharing carpentry ideas per description.,carpinter,UC7gRD6gI66td5jG2N1GXsIQ,hands,furniture-woodworking,wave1,2026-09-14,filter,57
https://www.youtube.com/@carpinteriasanmigueldemigu4611,@carpinteriasanmigueldemigu4611,Carpintería san Miguel de Miguel Coronel,84,59,4,Carpintería filming custom kitchen and various furniture builds per titles.,carpinter,UCwjMga1MCxO7HcCW2bFZPLQ,hands,furniture-woodworking,wave1,2026-09-14,filter,67
https://www.youtube.com/@carpintero.robert,@carpintero.robert,Carpintero Robert,193,77,4,"Carpenter channel with titles showing chair-making, sanding, and tool repair work.",carpinter,UCIo-Tr7uq8F0q7-7JKLPbOA,hands,furniture-woodworking,wave1,2026-09-14,filter,83
https://www.youtube.com/@carpintero_co,@carpintero_co,carpintero_co,73800,133,4,"Channel dedicated to carpentry content, thin description but clear trade focus.",carpinter,UCJVlCIlzH_OzaXBuKq1TPsg,hands,furniture-woodworking,wave1,2026-09-14,filter,133
https://www.youtube.com/@carpinteroperuano,@carpinteroperuano,Carpintero Peruano,3400,367,4,"Spanish carpentry channel bio, thin evidence but plainly a woodworking trade channel.",carpinter,UCN1RLWl65fPtVBz1Age5U-A,hands,furniture-woodworking,wave1,2026-09-14,filter,367
https://www.youtube.com/@carpinterovlogs,@carpinterovlogs,CARPINTERO VLOGS,142000,1854,4,Experienced carpenter sharing woodworking techniques and secrets of the trade from 20+ years.,carpinter,UCzVufc3xSXN88AgKyiaYhHQ,hands,furniture-woodworking,wave1,2026-09-14,filter,1855
https://www.youtube.com/@celsoluis7874,@celsoluis7874,MARCENARIA CAMPEÃO,27900,2269,4,"Marcenaria named channel with no other evidence, trade name alone suggests furniture workshop.",marcenaria,UCbmi_Ax1XXKYXUz7-U4TwRg,hands,furniture-woodworking,wave1,2026-09-14,filter,2271
https://www.youtube.com/channel/ucb8j9kxjzhxkmhrvgxuibea,@Centralwood346,Central wood ,347,223,4,"Peruvian carpentry channel with titles showing doors, chairs, tables and furniture repair work being made.",carpinter,UCb8J9kXjZHXKMHRvGxUIBeA,hands,furniture-woodworking,wave1,2026-09-14,filter,266
https://www.youtube.com/@changmaiindy,@changmaiindy,ช่างไม้อินดี้ Indy Woodworking Thailand,120000,417,4,Thai woodworking and painting trade channel sharing tips and workshop knowledge for carpenters.,งานไม้,UCzdAhUtnqvzq_25JUICorQw,hands,furniture-woodworking,wave1,2026-09-14,filter,417
https://www.youtube.com/@channel.219,@channel.219,ช่างหน่อง ผายิงหนู @ชัยภูมิ,3900,172,4,"Thai woodworking channel name/desc simply 'งานไม้' (woodwork), thin evidence but on-topic trade.",งานไม้,UCShXFFhUdnqKvrG87HdjFKg,hands,furniture-woodworking,wave1,2026-09-14,filter,172
https://www.youtube.com/@charbelmoveisplanejados,@charbelmoveisplanejados,Charbel Alves de Oliveira ,3850,83,4,"Marcenaria tips channel for planned furniture, thin but on-topic trade evidence.",marcenaria,UC5LlebC9Nez6DrDP1YxzQRQ,hands,furniture-woodworking,wave1,2026-09-14,filter,83
https://www.youtube.com/channel/ucndhtsoy4cirxp41cpyddjq,@Choobgolestan,چوب گلستان | Choob Golestan,52,93,4,Persian carpentry teaching channel covering beginner to advanced woodworking techniques and projects.,نجاری,UCndhtSoy4ciRxp41cPyDdjQ,hands,furniture-woodworking,wave1,2026-09-14,filter,94
https://www.youtube.com/@cindungrk3336,@cindungrk3336,Cindung Rk,4230,185,4,Carpenter tips and tricks channel name and bio indicate hands-on woodworking trade content.,tukang kayu,UCHL6fRB2My4-DlU6azyeeZg,hands,furniture-woodworking,wave1,2026-09-14,filter,185
https://www.youtube.com/@clasolim,@clasolim,Clasolim,22200,977,4,"Portuguese marcenaria channel offering woodworking tips, thin but on-topic bio.",marcenaria,UCj9UlpfroJXpVXmRJTg8now,hands,furniture-woodworking,wave1,2026-09-14,filter,978
https://www.youtube.com/channel/uc1zjxfgev_jpkzlnupihbaq,@closetsycocinasacheeme228,closets y cocinas ACHE EME,70,65,4,Carpentry channel showing closet/cabinet installation work with hands-on titles like door and nicho fitting.,carpinter,UC1zjXFgEV_JPKZlNuPIHbaQ,hands,furniture-woodworking,wave1,2026-09-14,filter,76
https://www.youtube.com/@closetsycocinascali,@closetsycocinascali,Closets y Cocinas Cali,5040,216,4,"Architectural carpentry business name in Cali, Colombia, suggesting real joinery/carpentry work with thin evidence.",carpinter,UCRsSwDVLNiZkQwhARF4gHsw,hands,furniture-woodworking,wave1,2026-09-14,filter,216
https://www.youtube.com/@cosmiccreativ,@cosmiccreativ,COSMIC CREATIV,534,97,4,Full-time furniture maker and content creator sharing custom furniture projects and process.,furniture maker,UCrbPmZr4iW5Ta9l-KBYQ1Gg,hands,furniture-woodworking,wave1,2026-09-14,filter,97
https://www.youtube.com/channel/uceodqe5__4ahdi1y7rburlq,@CraftCenterBounty,"Ремесленный центр ""Баунти""",329,66,4,Woodworking educational center offering courses and workshops with master-class recordings of craftsmen.,столярн,UCeOdqe5__4AhdI1y7RBurlQ,hands,furniture-woodworking,wave1,2026-09-14,filter,80
https://www.youtube.com/@craftycockneyn4,@CraftyCockneyN4,The CraftyCockneyN4(James Regan),99,99,4,Old-school carpentry and joinery channel sharing traditional bench skills and shop projects.,joinery,UCACXRQ1yXMN4uCTy3ul3VjQ,hands,furniture-woodworking,wave1,2026-09-14,filter,103
https://www.youtube.com/@criartmoveis-daniellima9335,@criartmoveis-daniellima9335,Criart Móveis - Daniel Lima,2630,165,4,"Marceneiro sharing daily woodworking shop tips and work since 2011, thin but direct trade evidence.",marcenaria,UC1AyvUoW9TwGdsRCfGZJahQ,hands,furniture-woodworking,wave1,2026-09-14,filter,165
https://www.youtube.com/channel/ucan5qe8zp9iufbkvgyxin0a,@CristianGonzalez-pk8he,  GONZALEZ CARPINTERO,21,223,4,"Carpentry-focused channel with short clips, name and bio point directly at carpentry trade work.",carpinter,UCan5qE8zp9iUFBKVGyXiN0A,hands,furniture-woodworking,wave1,2026-09-14,filter,294
https://www.youtube.com/@cupimbanguelo,@cupimbanguelo,cupim banguelo,10400,183,4,"Marcenaria channel offering tips and real projects, fits woodworking build format.",marcenaria,UCxZpf7IJ5mRzYhNPV0TnAYA,hands,furniture-woodworking,wave1,2026-09-14,filter,183
https://www.youtube.com/@cupimmarceneiro,@cupimmarceneiro,Cupim Marceneiro,2440,122,4,"Marcenaria channel with tutorials on furniture and projects, tool tips alongside builds.",marcenaria,UCaPGqHnCcXaNr7o-2BAfQNg,hands,furniture-woodworking,wave1,2026-09-14,filter,122
https://www.youtube.com/@danielaugusto-426,@DanielAugusto-426,Marceneiro e um sonho ,856,578,4,"Long-time marceneiro sharing furniture-making work and personal life, genuine trade evidence.",marcenaria,UCp2Bfea19W9gPTru4vY35Tg,hands,furniture-woodworking,wave1,2026-09-14,filter,578
https://www.youtube.com/@danielhornosproyectos8497,@danielhornosproyectos8497,Daniel Hornos Proyectos,740,72,4,"Hobbyist DIY builder with titles showing dowel joinery, small tables and shop jigs.",carpinter,UCHc13Lai8-WrCiULWRLyS0A,hands,furniture-woodworking,wave1,2026-09-14,filter,75
https://www.youtube.com/@danishfurnitureverified,@DanishFurnitureVerified,Danish Furniture Verified,2970,937,4,"Carpenter channel showing furniture making, wooden work and finishing for house furniture design.",furniture making,UCeGtyMw6CZr8h_kcMCnYQNg,hands,furniture-woodworking,wave1,2026-09-14,filter,938
https://www.youtube.com/@davr-mebel,@Davr-mebel,Davr-mebel,67,65,4,"Furniture casing maker showing installs like drawer fronts and wardrobes, real hands-on work.",wood furniture,UCznhav45U5ga3RyZQYn76Sw,hands,furniture-woodworking,wave1,2026-09-14,filter,73
https://www.youtube.com/@decentfurnituresargodha356,@decentfurnituresargodha356,Decent furniture Sargodha,1150,166,4,"Furniture carpenter channel covering modular kitchens, wardrobes, TV units step by step.",carpinter,UCXsPZPGS1e9mbmm81VBh8MQ,hands,furniture-woodworking,wave1,2026-09-14,filter,166
https://www.youtube.com/@decora%c3%a7%c3%a3o,@DecorA%C3%A7%C3%A3o,Decor Ação,3630,168,4,Marcenaria channel teaching wooden and MDF furniture making tips and techniques for beginners.,marcenaria | móveis de madeira,UCsMa7lh_0nfDL7dx8vGEn3A,hands,furniture-woodworking,wave1,2026-09-14,filter,168
https://www.youtube.com/@demetalymadera2073,@demetalymadera2073,De Metal y Madera,15500,211,4,"Carpentry and metalwork channel with tools/tips, plain trade bio suggests real bench work.",carpinter,UC4UhrPob850Ytj2RIYXZPAA,hands,furniture-woodworking,wave1,2026-09-14,filter,212
https://www.youtube.com/@dicasdorudima7060,@dicasdorudima7060,DICAS DO RUDIMAR,11800,522,4,"Brazilian marcenaria channel teaching daily woodworking skills, finishing, edge banding and gluing techniques.",marcenaria,UCgJXgYZEhAU_W71L7qH1VyQ,hands,furniture-woodworking,wave1,2026-09-14,filter,522
https://www.youtube.com/@dimasgoiano,@dimasgoiano,dimasgoiano,79500,380,4,"Backyard hobby carpentry/marcenaria channel, plain trade name with minimal but relevant evidence.",marcenaria,UCq-gY05_1ICfzmeoc7BiQnw,hands,furniture-woodworking,wave1,2026-09-14,filter,380
https://www.youtube.com/@dinael.americana,@dinael.americana,din woods arts - Dinael,15600,525,4,Amateur Brazilian carpentry channel offering carpentry tutorials as described hobbyist woodworking content.,marcenaria,UC2tvSd_jK9TGFaIaj3f7_fg,hands,furniture-woodworking,wave1,2026-09-14,filter,525
https://www.youtube.com/c/dise%c3%b1ounico,@Dise%C3%B1oUnico,Diseño Unico,9530,178,4,"Argentine carpenter creating unique functional furniture pieces, clear trade description.",carpinter,UC6_-xnMCUSZaVPEN_noM30A,hands,furniture-woodworking,wave1,2026-09-14,filter,178
https://www.youtube.com/@disenosobremadera,@disenosobremadera,DISEÑO SOBRE MADERA (woodshop),4740,251,4,"Cabinet/furniture shop filming manufacturing of kitchens, closets and furniture alongside stone installation and tool tests.",muebles de madera,UCNTw-THidceS4s5h5xARGXQ,hands,furniture-woodworking,wave1,2026-09-14,filter,251
https://www.youtube.com/channel/ucfdporyytto4yi2rkadzvzw,@diy7465,Ji-Ji,165,93,4,DIY woodworking hobbyist channel with biscuit joint tool and rack build titles showing hands-on furniture work.,木工,UCfdpoRYyttO4YI2rKaDzVZw,hands,furniture-woodworking,wave1,2026-09-14,filter,93
https://www.youtube.com/@djelsonmarceneiro,@Djelsonmarceneiro,Djelson Marceneiro ,637,313,4,Marceneiro channel bio names woodworking trade directly with no contradicting business signals.,marcenaria,UC9bPuM6tK7P_JeEYwl_nJ_A,hands,furniture-woodworking,wave1,2026-09-14,filter,351
https://www.youtube.com/@dkkreation,@dkkreation,DKKREATION,1640,173,4,"Self-taught woodworker channel covering furniture making, turning and box making from small shop.",furniture making,UC19Pc4Ge13Xg38McAQao9Bg,hands,furniture-woodworking,wave1,2026-09-14,filter,174
https://www.youtube.com/@doabundamebelchannel1168,@doabundamebelchannel1168,DOA BUNDA MEBEL CHANNEL,16200,289,4,"Indonesian carpenter channel with tutorials, basic theory and tool maintenance for woodworkers.",tukang kayu,UCiivbsLhHSgmRdXxCjWIJtA,hands,furniture-woodworking,wave1,2026-09-14,filter,289
https://www.youtube.com/@dogond,@DOGOND,MỘC ĐỒ GỖ,1,101,4,"Vietnamese channel introducing woodworking trade and wood furniture, thin but clear trade evidence.",nghề mộc,UChAYxmq3_vMs7UGaU11hnAw,hands,furniture-woodworking,wave1,2026-09-14,filter,101
https://www.youtube.com/@dogothangmai,@dogothangmai,DO GO THANG MAI,7730,542,4,"Wood furniture workshop making altars and carved items, a genuine trade shop.",nghề mộc,UC00H7SVEOOI-t0Q87rKML2A,hands,furniture-woodworking,wave1,2026-09-14,filter,542
https://www.youtube.com/@donquixotemike,@DonQuixoteMike,DonQuixote Mike,4850,166,4,"Channel explicitly described as a carpentry channel, thin but direct trade evidence.",carpinter,UCotRSi-HM2GnfoOnXZNs6PA,hands,furniture-woodworking,wave1,2026-09-14,filter,166
https://www.youtube.com/@doorspromsk,@doorsproMsk,Столярное Производство Дмитрия Логинова,14,50,4,Russian custom joinery production studio with titles showing furniture-making process on camera.,столярн,UCFbe-kv4WvapaY8-22qwZdg,hands,furniture-woodworking,wave1,2026-09-14,filter,51
https://www.youtube.com/@dospor3,@Dospor3,Dos Por Tres ,23,55,4,Spanish carpentry channel promising step-by-step woodworking tutorials and projects for all levels.,carpinter,UC9Fg5nSNHy3eT4buxTsaLlA,hands,furniture-woodworking,wave1,2026-09-14,filter,55
https://www.youtube.com/@drkayu,@DrKayu,Dr Kayu,207,59,4,"Indonesian tukang kayu channel with titles showing making cabinets, doors and windows step by step.",tukang kayu,UCVsxCl398RRxLNCQMS_BHJw,hands,furniture-woodworking,wave1,2026-09-14,filter,142
https://www.youtube.com/@e.nery.taller,@E.nery.taller,E Nery Taller ,924,64,4,"Chilean shop building hand tools, planes, gauges and occasional furniture full time.",carpinter,UCkjpZ5X3DR9O8x9hFu2WKyg,hands,furniture-woodworking,wave1,2026-09-14,filter,64
https://www.youtube.com/@elburrito,@Elburrito,El burrito carpintero,32800,473,4,Carpenter's channel explicitly about furniture manufacturing and daily life of a carpenter.,carpinter,UCXaaieFzicV5riqOUKQYIAQ,hands,furniture-woodworking,wave1,2026-09-14,filter,473
https://www.youtube.com/channel/ucn_jpsex_nnq2cwljpgnkkq,@elcarpimaster9654,Carpintería HN'S Peralta ,50,54,4,"Custom furniture carpentry channel showing joinery, router work, and laminate gluing steps on camera.",carpinter,UCN_JpSEx_NnQ2cWLJpgNkkQ,hands,furniture-woodworking,wave1,2026-09-14,filter,58
https://www.youtube.com/@elcarpimex,@elcarpimex,Jesus Baños - El CarpiMex,62500,237,4,"Carpentry channel documenting building own workshop from scratch, beginner but on-topic bench work.",carpinter,UC-PpVasxeVZFyT6JcwNU2Gg,hands,furniture-woodworking,wave1,2026-09-14,filter,237
https://www.youtube.com/@elcarpinperez,@elcarpinperez,EL CARPINPEREZ,4460,138,4,Carpentry channel promising tutorials and projects for making furniture and wood decorations start to finish.,carpinter,UCz_6IyrqmB54oLnFarHNJ4A,hands,furniture-woodworking,wave1,2026-09-14,filter,138
https://www.youtube.com/@elcarpinterosv,@ElCarpinteroSv,El Carpintero Sv,913,66,4,"Carpentry channel with glue tests, cabinet painting and tool clips showing real workshop projects.",carpinter,UCXu7fLnTEApZTqpzAgTq-qA,hands,furniture-woodworking,wave1,2026-09-14,filter,66
https://www.youtube.com/@elmanualdelcarpintero,@ElManualdelCarpintero,El Manual del Carpintero,186,115,4,Woodworking channel offering step-by-step beginner carpentry projects for home crafting.,carpinter,UCVIYBzBVR8dLTNHhyaqysVQ,hands,furniture-woodworking,wave1,2026-09-14,filter,115
https://www.youtube.com/@eltallerderafa,@eltallerderafa,eltallerderafa,83700,604,4,Carpentry hobbyist workshop channel sharing real projects and processes in his shop.,carpinter,UC4Fn9GLlbIKXDET4sP4HVEA,hands,furniture-woodworking,wave1,2026-09-14,filter,604
https://www.youtube.com/@elviejogenio,@elviejogenio,El viejo genio,177,129,4,Carpentry/metalwork channel with titles showing rocking chair builds and workbench construction from pallets.,carpinter,UCof3eklU0wnrL96Y23C2bfg,hands,furniture-woodworking,wave1,2026-09-14,filter,140
https://www.youtube.com/@epifanioiparraguirrepajares,@EpifanioIparraguirrePajares,Epifanio Iparraguirre Pajares,238,110,4,"Furniture repair and restoration channel with titles on restoring beds, chairs, and locks.",carpinter,UCXDb45AO3Wy8R5koeLwcjLQ,hands,furniture-woodworking,wave1,2026-09-14,filter,176
https://www.youtube.com/@eraperabot,@eraperabot,Era Perabot,20800,158,4,"Indonesian tukang kayu channel making door frames, doors, cabinets from wood, plain trade evidence.",tukang kayu,UCnMK0tw1dgM8El_IUwzSc4A,hands,furniture-woodworking,wave1,2026-09-14,filter,158
https://www.youtube.com/@erickrivera3146,@erickrivera3146,Erick Rivera Carpintero,8560,174,4,"Carpentry channel name with simple wood-carpentry bio, thin but clear trade evidence.",carpinter,UCtlVr6D-DsgxEQ5k6CZ-khA,hands,furniture-woodworking,wave1,2026-09-14,filter,174
https://www.youtube.com/@es-marangozluk,@ES-marangozluk,ES CARPENTRY,18900,272,4,"Turkish carpentry (marangoz) channel name, thin but direct trade evidence.",marangoz,UC_7Ar_bHhDts3K4UU4PSLyA,hands,furniture-woodworking,wave1,2026-09-14,filter,273
https://www.youtube.com/@fabriquetaarte,@fabriquetaarte,Fabriqueta . Arte,552,55,4,Handmade solid wood furniture and restoration channel showing fabrication process of pieces.,marcenaria,UCgNIJw8fGaw3ttXvHRvKuaw,hands,furniture-woodworking,wave1,2026-09-14,filter,55
https://www.youtube.com/channel/uclisjxwhg4bzgyivligr8qg,@FALEGNAME8.0,Wood Art,116,144,4,"Falegnameria restoration and furniture-making channel, thin description but clear trade evidence.",falegnameria,UCLiSjXWHG4BZGYivligR8Qg,hands,furniture-woodworking,wave1,2026-09-14,filter,144
https://www.youtube.com/@familiaborgesemacao7183,@familiaborgesemacao7183,Família Borges  em ação,2810,444,4,"Brazilian family marcenaria channel showing rustic furniture fabrication with humor, on-topic hands-on builds.",marcenaria,UC0QSbEgMO_y8vzbNO2PUY7A,hands,furniture-woodworking,wave1,2026-09-14,filter,444
https://www.youtube.com/@fenixresto,@fenixresto,Fenixrestor,85,55,4,"Russian bespoke furniture workshop bio describing 20 years of joinery craftsmanship, plainly a furniture-making channel.",столярн,UCE8J-JsypE273ZCrKpWImtg,hands,furniture-woodworking,wave1,2026-09-14,filter,55
https://www.youtube.com/@figueirinha,@FIGUEIRINHA,FIGUEIRINHA novos e usados,11900,410,4,"Marcenaria channel with woodturning and step-by-step content, furniture-adjacent trade focus.",marcenaria,UCi182dfro1-0p8lv5VXT66g,hands,furniture-woodworking,wave1,2026-09-14,filter,410
https://www.youtube.com/@fishersshop_pt,@FishersShop_pt,Oficina do Fisher,898,55,4,Dubbed woodworking channel showing table builds and DIY projects with clear tutorial titles.,marcenaria,UCZ4ZEl4TNmRGNxdOYaQsUrQ,hands,furniture-woodworking,wave1,2026-09-14,filter,74
https://www.youtube.com/@fouad20235,@fouad20235,فؤاد ابو صهيب,1350,190,4,Arabic carpentry channel focused on wood furniture and home décor carpentry work.,نجارة,UCYAEOdG7tkIeOW5LYojz3gQ,hands,furniture-woodworking,wave1,2026-09-14,filter,190
https://www.youtube.com/@francisco.vallejo,@Francisco.Vallejo,MDFcorrientes,189,63,4,Carpentry channel with titles showing actual furniture build projects like TV racks and tables.,carpinter,UCjq-0r_WHj3dVNaiQh8_EoQ,hands,furniture-woodworking,wave1,2026-09-14,filter,63
https://www.youtube.com/@francisdungdung,@francisdungdung,FRANCIS ALMEIDA,550,90,4,Restoration and carpentry channel with titles showing real builds like benches and shelves.,marcenaria,UCdMe0IWodPcHBfaUYG9OxMg,hands,furniture-woodworking,wave1,2026-09-14,filter,97
https://www.youtube.com/@freitasplanejado,@freitasplanejado,Freitas Planejado,204,107,4,"Custom cabinetry/marcenaria channel with practical tutorials on hinges, MDF fastening and hole saws.",marcenaria,UCjudazhdk1mOGGaSR83BE3Q,hands,furniture-woodworking,wave1,2026-09-14,filter,107
https://www.youtube.com/@furnituremaker4808,@furnituremaker4808,furniture maker,766,665,4,Generic name and description directly claim furniture making videos with no contradicting signals.,furniture making,UCd42uEDvKTqj6uSQaffflBw,hands,furniture-woodworking,wave1,2026-09-14,filter,665
https://www.youtube.com/channel/uc1vffnnipxz16noaeinzb0q,@Galih_Project,Galih nugroho ,263,113,4,"Indonesian carpenter channel bio names tukang kayu tips and skills, plain trade evidence.",tukang kayu,UC1vfFnnipXZ16nOaEInZb0Q,hands,furniture-woodworking,wave1,2026-09-14,filter,195
https://www.youtube.com/@garagesamurai-diy,@garagesamurai-DIY,Garage Samurai | ガレージ侍,162,175,4,"Japanese woodworking teacher sharing workshop life and craft, mostly on-topic bench work.",木工,UCmiG5qLX0URI44wzd71a-Lw,hands,furniture-woodworking,wave1,2026-09-14,filter,175
https://www.youtube.com/channel/ucctwjzcp6gojmlf8f-gzpgq,@Geyzoncarlos123,G'Artes ,70,81,4,"Portuguese marcenaria channel making solid wood furniture, mentions machine adjustments/maintenance but core is furniture fabrication.",marcenaria,UCcTwjzCp6gOjmlF8F-gzpGQ,hands,furniture-woodworking,wave1,2026-09-14,filter,91
https://www.youtube.com/@gus0046,@Gus0046,El Taller De Gus,3930,56,4,Solo carpentry/cabinetmaking workshop channel with 25 years experience working natural wood.,carpinter | ebanister,UCaOH-77Sp8XbXWPv2iS5IhA,hands,furniture-woodworking,wave1,2026-09-14,filter,56
https://www.youtube.com/@hagedornbr,@HagedornBR,Hagedorn - Móveis e Projetos Personalizados,2710,63,4,"Brazilian family marcenaria business making custom furniture and projects, small dedicated shop.",marcenaria,UC7WHVJgqzESCK4MIhyJf62Q,hands,furniture-woodworking,wave1,2026-09-14,filter,63
https://www.youtube.com/@handtoolskr,@handtoolskr,woodwork korea,7150,65,4,"Korean woodworking channel showing hand tool woodworking videos, thin but on-topic description.",목공,UCG5cwzEg2-PnQDQOCRMDepw,hands,furniture-woodworking,wave1,2026-09-14,filter,65
https://www.youtube.com/@hanguyen.mastera.hocnghemoc,@HaNguyen.MasterA.HocNgheMoc,Ha Nguyen,276,81,4,Woodworking trade school channel with practical bench sessions and finishing technique titles.,nghề mộc,UCnBGzHddXkJYNbkiWJwKghg,hands,furniture-woodworking,wave1,2026-09-14,filter,81
https://www.youtube.com/@happylifeofacarpenter,@Happylifeofacarpenter,大工の金ちゃん〜Happy life of a carpenter〜,526,198,4,Carpenter's channel with real bench work like mortise cutting and joinery shown in titles.,木工,UCfWH7v0WD82RHh01xQKdJlw,hands,furniture-woodworking,wave1,2026-09-14,filter,198
https://www.youtube.com/@hariswoodshop,@HarisWoodshop,HarisWoodshop,9280,82,4,Hobbyist furniture maker in home basement shop documenting woodworking progress.,furniture maker,UC52gZPe1wpBxWe_0Bq2gUaA,hands,furniture-woodworking,wave1,2026-09-14,filter,82
https://www.youtube.com/channel/uc6kgewubcm0tszk3joce8za,@hectorolivaressoriano8411,Héctor Olivares Soriano,41,84,4,"Carpentry channel showing specific bench tasks like sanding edges and cutting mirror rebates, follows real work.",carpinter,UC6kgeWuBcm0TSzk3JOce8zA,hands,furniture-woodworking,wave1,2026-09-14,filter,108
https://www.youtube.com/@henryotcie2895,@henryotcie2895,Henryot & Cie,396,78,4,Historic furniture factory channel showing manufacturing crafts including cabinetmaker and carpenter work.,cabinetmaker,UCYgtvy_2B4BJMJTVoA-x6dA,hands,furniture-woodworking,wave1,2026-09-14,filter,78
https://www.youtube.com/@heriveltonbelluzzimarcenaria,@heriveltonbelluzzimarcenaria,HERIVELTON BELLUZZI,8460,307,4,Long-running marcenaria channel covering general woodworking techniques and DIY furniture work.,marcenaria,UCJ6SWCPMIN1IEjaAbf1ertA,hands,furniture-woodworking,wave1,2026-09-14,filter,307
https://www.youtube.com/@herramientasycarpinteria,@Herramientasycarpinteria,Herramientas y carpinteria,747,110,4,"Spanish channel dedicated to carpentry and tools content, name and description confirm trade focus.",carpinter,UC2QYGSFH0lUQUbSDyE47-vA,hands,furniture-woodworking,wave1,2026-09-14,filter,111
https://www.youtube.com/@highdecoca,@HighDecoCA,High Deco ,571,71,4,"Custom furniture/cabinet maker with titles showing cabinet install, door assembly, and kitchen measuring steps.",carpinter,UCtuzzLLR6c7njfpRzntPwOw,hands,furniture-woodworking,wave1,2026-09-14,filter,103
https://www.youtube.com/@hirokita3210,@hirokita3210,Hiro Kita,422,59,4,Hobbyist weekend woodworking channel building racks and jigs with process footage shown.,木工,UCz4IqYrGf_cCql1DYZz54Zw,hands,furniture-woodworking,wave1,2026-09-14,filter,59
https://www.youtube.com/@hishambuildit3071,@hishambuildit3071,Hisham Build It,9190,52,4,"Aircraft engineer hobbyist woodworker building a boat, hands-on woodworking project channel.",نجارة,UC2Rn0ggrsOLU6VN7Tcq8MmA,hands,furniture-woodworking,wave1,2026-09-14,filter,52
https://www.youtube.com/@hmdiffusion,@HMDIFFUSION,HMDIFFUSION,3000,341,4,"Woodworking enthusiast channel covering ébénisterie, menuiserie, charpente and marquetry with tool/technique content.",menuiserie,UChG9pqfOGJrtg49WW6I9DDA,hands,furniture-woodworking,wave1,2026-09-14,filter,341
https://www.youtube.com/@hooker_custom,@hooker_custom,Hooker Custom,745,77,4,Custom handcrafted wood and metal furniture workshop sharing tips and builds from shop.,wood furniture,UCoKaDMXMZAdTDuaeh2TAHSQ,hands,furniture-woodworking,wave1,2026-09-14,filter,77
https://www.youtube.com/@horaciofonseca4700,@horaciofonseca4700,Horacio Fonseca,37,68,4,Small carpentry/furniture-making shop channel with titles showing chairs and furniture fabrication work.,carpinter,UCJcVK_-_WQSWmB7iOfTuw5A,hands,furniture-woodworking,wave1,2026-09-14,filter,68
https://www.youtube.com/@howlowkyoto,@howlowkyoto,プロのモノづくりと知恵 [HOWLOW-TV],3710,90,4,"Kyoto craftsmen channel making wood products with pros across trades, furniture-leaning making content.",木工,UC9FS3b3sP0uD41sHlE_4pmA,hands,furniture-woodworking,wave1,2026-09-14,filter,90
https://www.youtube.com/@ibatainterior,@ibatainterior,イバタインテリア チャンネル,71,171,4,"Furniture factory channel showing chair/table production process, wood selection, and craftsmanship steps.",木工,UCeKcBouf6pRbYU6Qvi33Zaw,hands,furniture-woodworking,wave1,2026-09-14,filter,186
https://www.youtube.com/@ickchanel,@ickchanel,Ick 07 Channel,1400,436,4,Indonesian carpentry tutorial channel sharing woodworking tricks and door/frame making techniques.,tukang kayu,UCF3Uoym2C89c0P-167HMBMQ,hands,furniture-woodworking,wave1,2026-09-14,filter,436
https://www.youtube.com/@iidokraft,@iidokraft,이도공방 (IIDOKRAFT),177,56,4,"Traditional Korean woodcraft workshop channel, thin description but names craft directly.",목공,UCUrn43Zb3FG1xJ0BUdXCe6A,hands,furniture-woodworking,wave1,2026-09-14,filter,57
https://www.youtube.com/@illumi-nation03,@Illumi-Nation03,Illumi-Nation,8140,291,4,Custom cabinetmaker channel described as crafting bespoke cabinets and handcrafted furniture pieces.,cabinetmaker,UCURuuE_d3vgVSRVj9HoWLaw,hands,furniture-woodworking,wave1,2026-09-14,filter,291
https://www.youtube.com/@ismaelmaldonadomorale,@ismaelmaldonadomorale,ISMAEL MALDONADO MORALES,6500,357,4,"Carpentry and craftsmanship channel description, thin but names the trade directly with humor content noted.",carpinter,UC2EZAHELweVTYjKgijni8mQ,hands,furniture-woodworking,wave1,2026-09-14,filter,357
https://www.youtube.com/@jachaaza5365,@jachaaza5365,sobat tukang chanel (mongpeanmawon),82,116,4,"Indonesian carpenter channel showing daily woodworking, door/window making and repair processes.",tukang kayu,UCbRBzvaUf94Gowa9UGgYTxw,hands,furniture-woodworking,wave1,2026-09-14,filter,118
https://www.youtube.com/@jackmontador_oficial,@jackmontador_oficial,Jackmontador_oficial,147,59,4,"Marcenaria workshop day-to-day tips channel with a finishing-related title, on-topic bench work.",marcenaria,UCEhhLl-wFcHugHQLXqB_1eA,hands,furniture-woodworking,wave1,2026-09-14,filter,74
https://www.youtube.com/@james_wemet,@james_wemet,james_wemet,294,68,4,Hand tool only woodworker sharing fine woodworking process alongside bushcraft content.,fine woodworking | hand tool woodworking,UCVBSUgxfygHAA39qCwwIROw,hands,furniture-woodworking,wave1,2026-09-14,filter,68
https://www.youtube.com/@jasonhung-gl9xd,@JasonHung-gl9xd,55movemove木工坊,182,124,4,"Wood workshop titles show cutting boards, lathe and sanding work on wooden items step by step.",木工,UCZtijgZ3DgSh0m10QgmSuJA,hands,furniture-woodworking,wave1,2026-09-14,filter,170
https://www.youtube.com/@javi279,@javi279,Carpintero De Los Llanos,38,52,4,"Beginner carpenter channel building furniture and cabinets for home, hands-on wall cabinet titles.",carpinter,UCPaS6jrJDqGOEejqvpEhlcw,hands,furniture-woodworking,wave1,2026-09-14,filter,52
https://www.youtube.com/@jbenjaminproyectos,@jbenjaminproyectos,JBENJAMIN PROYECTOS,41400,1081,4,"Carpintería-focused channel per name/tags, thin description but trade evidence for furniture and tools.",carpinter,UCNAe7LmZYgaOimYIRPLJVXQ,hands,furniture-woodworking,wave1,2026-09-14,filter,1081
https://www.youtube.com/@jcdesignmarcenarialtda1081,@jcdesignmarcenarialtda1081,JC Design Marcenaria LTDA,675,222,4,Marcenaria channel showing kitchen counter and cabinet builds with instructional titles like 'Aprenda Marcenaria'.,marcenaria,UCpXbjo-wbEmPoK_2e1siMDA,hands,furniture-woodworking,wave1,2026-09-14,filter,222
https://www.youtube.com/channel/uc8lsxxkqxkznevct3vxzhjw,@jesusdanielramireztoledo8501,carpinteria EL black ,111,112,4,"Carpintería channel with titles showing cabinet builds, kitchens, doors and dressers made from wood.",carpinter,UC8LSXxKqxKznEVCt3VXZhjw,hands,furniture-woodworking,wave1,2026-09-14,filter,115
https://www.youtube.com/@jhoongomez5,@jhoongomez5,Jhoon gomez,67500,435,4,"Educational carpentry channel teaching closets, kitchens and bathroom furniture making in melamine.",carpinter,UCaoB0W_ZBL12FUf6Y9J6hRQ,hands,furniture-woodworking,wave1,2026-09-14,filter,435
https://www.youtube.com/@jidutmeubel,@jidutmeubel,Jidut Mebel,386,115,4,Carpentry/furniture channel showing wood processing techniques and tool repair tips from a furniture maker.,tukang kayu,UCAVYrIrhvMWXWYMLBa2UpRw,hands,furniture-woodworking,wave1,2026-09-14,filter,115
https://www.youtube.com/channel/ucu1tniascpr2g1s2rhzgqvw,@JikeswarPutel,The best GK furniture,97,103,4,Furniture channel with router/joint-making process videos for beds and cabinets shown on camera.,wood furniture,UCu1tniASCPr2g1S2rHzGqvw,hands,furniture-woodworking,wave1,2026-09-14,filter,144
https://www.youtube.com/c/jo%c3%a3omassawood,@Jo%C3%A3oMassa-w1o,João Massa ,819,78,4,DIY channel with marcenaria/carpintaria repair and build projects like racks and benches shown on camera.,marcenaria,UCnP5h0RW05PX2YuqUe0ovCA,hands,furniture-woodworking,wave1,2026-09-14,filter,78
https://www.youtube.com/@jomacgully,@jomacgully,조막걸리,538,73,4,Korean woodworking channel with real builds and repairs like chair fixing and shelf making.,목공,UCyoiWEvWRR7Ni5ZyiXm7WWA,hands,furniture-woodworking,wave1,2026-09-14,filter,73
https://www.youtube.com/@jose_carpenter87,@jose_carpenter87,Jose Carpenter - Carpinteria de madera y DIY,36700,620,4,Carpentry and DIY channel focused on woodworking topics with warning about tool safety.,carpinter,UCGseTb015ptVXPwzngHfNew,hands,furniture-woodworking,wave1,2026-09-14,filter,620
https://www.youtube.com/channel/ucfaa_8cfveohbvqsrauevaq,@joseluisgranerosherrera9199,Jose Luis Graneŕos Herrera,39,62,4,Traditional carpenter sharing own furniture-making videos with dated upload titles.,carpinter,UCfaA_8cfvEOhBvQsraUEvaQ,hands,furniture-woodworking,wave1,2026-09-14,filter,67
https://www.youtube.com/channel/ucwfejzq_voo0lpz4fy-vr2g,@JoseSantos-mg9yi,Jose Santos,318,143,4,Marcenaria named channel with short daily-log style titles suggesting real furniture shop work.,marcenaria,UCWfEJzQ_vOo0lpz4Fy-VR2g,hands,furniture-woodworking,wave1,2026-09-14,filter,145
https://www.youtube.com/@josuesifontes5675,@josuesifontes5675, carpintero salvadoreño,116,136,4,Name and bio identify a Salvadoran carpenter with no contradicting retail/decor signals.,carpinter,UCIXkXsw4OmcZ7EMmJmnx6ag,hands,furniture-woodworking,wave1,2026-09-14,filter,222
https://www.youtube.com/@jsmoveisdedemolicaoeportas9925,@jsmoveisdedemolicaoeportas9925,JS Móveis de Demolição e Portas Celeiro,985,58,4,Furniture business filming door/table fabrication and installation with step-by-step tutorials.,móveis de madeira,UCULOmDTQ3g9hfiH782yjYgg,hands,furniture-woodworking,wave1,2026-09-14,filter,58
https://www.youtube.com/@juancho_y_joe,@Juancho_y_Joe,Juancho y Joe ,161000,953,4,"Carpentry and varnishing workshop channel, plain trade name evidence for furniture-related work.",carpinter,UCOrZ15QgQJLdq3wUTyx5m1w,hands,furniture-woodworking,wave1,2026-09-14,filter,953
https://www.youtube.com/@juanmueblistajohncabinetma1718,@juanmueblistajohncabinetma1718,JUAN MUEBLISTA ,6550,55,4,Carpentry/cabinetmaking channel with tutorials on woodworking tools and furniture-related DIY.,carpinter,UCdZipnRrRHUkzdbSjFDDVUA,hands,furniture-woodworking,wave1,2026-09-14,filter,55
https://www.youtube.com/@juanvera.2022,@Juanvera.2022,Juanvera2022,1450,66,4,"Carpentry tutorial channel sharing learned trade skills and techniques, on-topic thin evidence.",carpinter,UCsXlqnRPLg4HVIgos6det5w,hands,furniture-woodworking,wave1,2026-09-14,filter,66
https://www.youtube.com/@julianofortunato,@julianofortunato,Guri da Sinuquinha,15,135,4,Small marcenaria shop channel describing tool adaptation and woodworking projects.,marcenaria,UCyYuQy_cY-mBshUfcC7l-2w,hands,furniture-woodworking,wave1,2026-09-14,filter,135
https://www.youtube.com/@julianomarceneirojh9436,@julianomarceneirojh9436,Juliano marceneiro JH,1090,232,4,Name and one-line bio indicate a furniture/carpentry (marcenaria) maker channel.,marcenaria,UCJPijPUVWYS56cdaOL_Oz3A,hands,furniture-woodworking,trial100,2026-09-14,filter,234
https://www.youtube.com/@karlpopewoodcraft,@karlpopewoodcraft,karlpopewoodcraft,34600,132,4,"Trained furniture maker and woodworking instructor creating content, credentialed hands-on trade channel.",furniture making,UCPTxQWB4DoPDKdyKrCBGgJA,hands,furniture-woodworking,wave1,2026-09-14,filter,132
https://www.youtube.com/@ken-ayafurniture,@Ken-AyaFurniture,Ken-aya furniture blog ,1180,576,4,Solid wood furniture maker blog documenting the trade and encouraging following the making process.,furniture making | furniture maker | wood furniture,UCiN8HXW7BcBvZgjshLNjVcw,hands,furniture-woodworking,wave1,2026-09-14,filter,578
https://www.youtube.com/@khleelhmod,@Khleelhmod,خليل khleel,20200,174,4,Arabic carpentry and décor channel name/desc indicates woodworking trade content with thin evidence.,نجارة,UCLxJqdE8kJQDVs3_FyoPsSw,hands,furniture-woodworking,wave1,2026-09-14,filter,174
https://www.youtube.com/@kim_h_j_c,@kim_h_j_c,김현진 kim_h_j_c,54,60,4,"Korean channel specializing in furniture making and fabric/repair work, trade evidence though thin.",furniture repair,UCUfEzuN2FOtbCv6lE2UeUYg,hands,furniture-woodworking,wave1,2026-09-14,filter,64
https://www.youtube.com/@kodiranfurniture1869,@kodiranfurniture1869,JTF Furnitur ,1330,92,4,"Village carpenter channel sharing tricks and work process making chairs, cabinets, doors from wood.",tukang kayu,UCSEyTe-TTbn5_A8prVyQs5A,hands,furniture-woodworking,wave1,2026-09-14,filter,92
https://www.youtube.com/@kravchukvitaliy895,@kravchukvitaliy895,Kravchuk Vitaliy,10000,458,4,"Home workshop furniture-making channel, DIY furniture in small home shop.",мебель своими руками,UClE-ACgYjFwZBBGmwyEUO8g,hands,furniture-woodworking,wave1,2026-09-14,filter,458
https://www.youtube.com/@laich%c3%82uvlogs,@LAICH%C3%82UVLOGS,LAI CHÂU VLOGS,15700,278,4,Vietnamese carpentry tips and experience-sharing channel dedicated to the woodworking trade.,nghề mộc,UCFbm7mwQvkdnva-tKOaAEJA,hands,furniture-woodworking,wave1,2026-09-14,filter,278
https://www.youtube.com/@lakeviewworkshop,@LakeviewWorkshop,Lakeview Workshop,3610,79,4,"Hobbyist channel documenting woodworking, wood turning and furniture repair learning journey.",furniture repair,UCX-JtD_VA9Rzru6eHj_ymcg,hands,furniture-woodworking,wave1,2026-09-14,filter,79
https://www.youtube.com/@lakhwinderenterprises,@lakhwinderenterprises,Lakhwinder Enterprises,19,74,4,Custom furniture maker opening workshop doors to show craftsmanship from raw wood to finished piece.,furniture maker,UCqhZZgST5K8GngkaloC1hfg,hands,furniture-woodworking,wave1,2026-09-14,filter,99
https://www.youtube.com/@lavirutataller,@LaVirutaTaller,La Viruta Taller ,12700,66,4,"Self-taught workshop repairing furniture and household items, hands-on hobbyist carpentry channel.",carpinter,UCL0f4LNNTzPUhRpmz3RUABw,hands,furniture-woodworking,wave1,2026-09-14,filter,66
https://www.youtube.com/@leonardoliou,@LeonardoLiou,Leonardo Liou,175,51,4,Brazilian marcenaria channel with real shop builds like wooden ladders and frames alongside tool content.,marcenaria,UCYnnCQTDuGJZ4jrIjtwUGqQ,hands,furniture-woodworking,wave1,2026-09-14,filter,54
https://www.youtube.com/@litonworks,@LitonWorks,Liton Works,832,422,4,"Bengali woodworking channel showing furniture builds like cabinets, beds and dining tables.",furniture making,UCCh3R57UsoqaVJ3dYnmJu6Q,hands,furniture-woodworking,wave1,2026-09-14,filter,441
https://www.youtube.com/@lkh1019,@lkh1019,"(주)리벨리코리아 LeeValley Korea Co., Ltd. ",5610,2115,4,"Amateur hand-tool woodworker documenting personal furniture-making work using hand tools, tied to tool shop.",목공,UCS-jd6h3ZLFSS2p9ECYbS0Q,hands,furniture-woodworking,wave1,2026-09-14,filter,2115
https://www.youtube.com/@lucbra0754,@lucbra0754, Brand Wood,2120,186,4,"Hobby marcenaria channel aimed at beginners and extra income, furniture-focused trade evidence.",marcenaria,UCxWpk5gUKomeKBlkCZHlMhg,hands,furniture-woodworking,wave1,2026-09-14,filter,186
https://www.youtube.com/@lumberjills,@LumberJills,LumberJills,57000,680,4,"Brazilian female carpentry duo channel sharing woodworking knowledge, DIY, and marcenaria tips.",marcenaria,UC91YlvUevIWK7FyAlnnWVXg,hands,furniture-woodworking,wave1,2026-09-14,filter,680
https://www.youtube.com/@luthiersantana,@luthiersantana,The Wood Tuner,4730,107,4,"Carpentry, restoration and lutherie channel emphasizing handwork, fits furniture repair/restoration niche.",carpinter,UCjequeypovFRSgCCw2dIUNg,hands,furniture-woodworking,wave1,2026-09-14,filter,107
https://www.youtube.com/@m%c3%b3veisamarildo,@M%C3%B3veisAmarildo,Móveis Amarildo ,247,62,4,"Marcenaria channel covering techniques, tools and projects with hands-on furniture making focus.",marcenaria,UCFzx3eCTmdJSxynttntmyTA,hands,furniture-woodworking,wave1,2026-09-14,filter,62
https://www.youtube.com/c/m%c3%b3veismachadoribeiro,@M%C3%B3veisMachadoRibeiro,Móveis Machado Ribeiro,3540,158,4,Furniture and construction company channel showing their production work and daily activity.,marcenaria,UC-zY39ImgGpUabPPDIkROJw,hands,furniture-woodworking,wave1,2026-09-14,filter,158
https://www.youtube.com/@madeartrivajr,@MadeartRivaJr,Madeart Riva Jr.,288000,736,4,Brazilian marcenaria instructor channel teaching furniture-making tutorials with various materials and finishes.,marcenaria,UC8oOYUJatvkce43_0Gfhl1A,hands,furniture-woodworking,wave1,2026-09-14,filter,736
https://www.youtube.com/@madeirartefloripa8070,@madeirartefloripa8070,Madeirarte Floripa,110,64,4,Brazilian marcenaria channel with furniture builds like a Montessori bed and signage fabrication shown.,marcenaria,UCODNg8t09jfAh2G_bh7iKLQ,hands,furniture-woodworking,wave1,2026-09-14,filter,64
https://www.youtube.com/@maderayalma5691,@maderayalma5691,Madera y alma,5810,103,4,Carpentry tutorial channel aiming to teach woodworking with simple tutorials.,carpinter,UCW3K7w79aYFcnpEoUM_LSqQ,hands,furniture-woodworking,wave1,2026-09-14,filter,104
https://www.youtube.com/@majidcarpenter9526,@majidcarpenter9526,Majid Carpenter,132,136,4,"Carpenter channel listing cabinet building, furniture making and hand/power tool work.",furniture making,UCt3p1z2sxL2sYbnWZ5BCHbw,hands,furniture-woodworking,wave1,2026-09-14,filter,136
https://www.youtube.com/channel/ucynbxz7uzmilxsirtdg3eoq,@MAminCarpenter-i9x,M Amin Carpenter ,90,70,4,"Carpenter channel covering woodworking, furniture making and carpentry hacks with weekly builds.",furniture making,UCyNbXZ7uZMILXsiRTDg3eoQ,hands,furniture-woodworking,wave1,2026-09-14,filter,75
https://www.youtube.com/@marce6,@marce6,DICAS DE MARCENEIRO + é FÉ 🐟,7770,74,4,Dedicated marceneiro channel sharing furniture-making tips and furniture repairs.,marcenaria,UCHaE-hdpD4pfKjsnFUm0BIA,hands,furniture-woodworking,wave1,2026-09-14,filter,74
https://www.youtube.com/@marcelo.alvarez.carpintero,@Marcelo.Alvarez.Carpintero,Marcelo Alvarez Carpintero,217,50,4,"Carpenter since 1991 with real build titles: drawer cabinet under stairs, workbench, solid pine door.",carpinter,UCX8qm9-eqvEW3g-n2wsa4QQ,hands,furniture-woodworking,wave1,2026-09-14,filter,76
https://www.youtube.com/@marcenariabrandao873,@marcenariabrandao873,marcenaria MB,10000,100,4,"Marcenaria (woodworking shop) name with minimal description, thin trade evidence for furniture making.",marcenaria,UCMCTXszO4g4wLneKbHpIKOg,hands,furniture-woodworking,wave1,2026-09-14,filter,100
https://www.youtube.com/@marcenariadegaragem-pauloguima,@marcenariadegaragem-pauloguima,Marcenaria de Garagem - Paulo Guimarães,5250,181,4,DIY marcenaria garage channel sharing woodworking activities and projects for home hobbyists.,marcenaria,UC_nNudz6S1oI659YXznwFDQ,hands,furniture-woodworking,wave1,2026-09-14,filter,182
https://www.youtube.com/@marcenariaduzezo,@marcenariaduzezo,Marcenaria Du Zezo,243,65,4,"Dedicated marcenaria channel with titles showing turning, doors, benches, shelves built on camera.",marcenaria,UC5Gkcpr8CB50YhBCgjjgyiw,hands,furniture-woodworking,wave1,2026-09-14,filter,71
https://www.youtube.com/@marcenariaedecasa8815,@marcenariaedecasa8815,Marcenaria e de casa !,2680,419,4,Marceneiro daily practice channel showing before/after custom furniture projects step by step.,marcenaria,UCp7Abo-3cF_8hwOWnEMDMxw,hands,furniture-woodworking,wave1,2026-09-14,filter,419
https://www.youtube.com/@marcenariaeparatodos,@marcenariaeparatodos,MARCENARIA É PARA TODOS,824,1561,4,Marcenaria learning channel focused on carpentry skill development and professional growth in woodworking.,marcenaria,UC89kIotHnuj2aRApZqDyqKQ,hands,furniture-woodworking,wave1,2026-09-14,filter,1705
https://www.youtube.com/@marcenariaeserralheriagloria,@MarcenariaeSerralheriaGloria,Marcenaria e Serralheria Gloria ,13100,646,4,"Marcenaria e Serralheria workshop offering courses on garage doors, plain trade name with sparse but relevant evidence.",marcenaria,UCAuHpwudXAYbdYIImkHKCIw,hands,furniture-woodworking,wave1,2026-09-14,filter,646
https://www.youtube.com/@marcenariafinoacabamento,@MarcenariaFinoAcabamento,Marcenaria Fino Acabamento,14100,966,4,"Marcenaria channel showing real furniture projects from start to finishing, practical assembly techniques.",marcenaria,UCJ9rlMvUC3IytoeBcLeOCeA,hands,furniture-woodworking,wave1,2026-09-14,filter,967
https://www.youtube.com/@marcenariafundodecasa3228,@marcenariafundodecasa3228,Marcenaria Fundo de Casa,3980,147,4,"Marcenaria hobbyist channel sharing furniture-making knowledge and community engagement, thin but on-topic bio.",marcenaria,UCetQiw8slikAHYFzG2IkCjg,hands,furniture-woodworking,wave1,2026-09-14,filter,147
https://www.youtube.com/@marcenariaotimizada,@marcenariaotimizada,Marcenaria Otimizada,171,68,4,"Artisanal marcenaria channel showing own furniture-making work, thin but on-trade evidence.",marcenaria,UC_DfpsAbIHBFboweUckYvRQ,hands,furniture-woodworking,wave1,2026-09-14,filter,87
https://www.youtube.com/@marcenariawc,@MarcenariaWC,Welmerson Lima Marceneiro ,7590,477,4,"Marcenaria channel showing daily custom furniture work, techniques, and behind-the-scenes bench process.",marcenaria,UCRhk7EsyD_jKGNfGFp9zonQ,hands,furniture-woodworking,wave1,2026-09-14,filter,479
https://www.youtube.com/@marceneirodainternet,@Marceneirodainternet,Marceneiro da internet,2020,55,4,Dedicated marcenaria (carpentry) channel sharing furniture-making tips and techniques.,marcenaria,UCvAgHXf8Vf8Gy8s_g2gxFDQ,hands,furniture-woodworking,trial100,2026-09-14,filter,55
https://www.youtube.com/@marcostudio9370,@marcostudio9370,마르코의작업실 marcostudio,10800,211,4,"Korean one-person furniture workshop daily-life channel, describes making furniture and shop life.",목공,UCDJu1niZQGrDrqfofogFiFw,hands,furniture-woodworking,wave1,2026-09-14,filter,211
https://www.youtube.com/@markuslima,@MarkusLima,Markus Lima,72000,158,4,Luthier/marcenaria hobbyist sharing general woodworking knowledge and work on the channel.,marcenaria,UC099QZq5RFfK0XjbAaZsUTw,hands,furniture-woodworking,wave1,2026-09-14,filter,158
https://www.youtube.com/@marlibairros1807,@marlibairros1807,Marli Bairros,1370,57,4,"Rustic wood marcenaria work channel, plain workshop bio.",marcenaria,UCRb6M8eDzWwM147mN7baYxQ,hands,furniture-woodworking,wave1,2026-09-14,filter,57
https://www.youtube.com/@marlucealmeida,@MarluceAlmeida,MarluceAlmeida Poc Design,38000,334,4,"Marceneira showing her furniture and marcenaria tricks alongside other varied topics, furniture-focused woodworker.",marcenaria,UCGakKHYnzld3dSS1a8WPKeg,hands,furniture-woodworking,wave1,2026-09-14,filter,334
https://www.youtube.com/@marmoyochannel3609,@marmoyochannel3609,Marmoyo Channel,1800,180,4,"Tukang kayu channel centered on woodworking trade, thin but on-topic bio.",tukang kayu,UCaqrWedEtI9AWm81u4GLvhA,hands,furniture-woodworking,wave1,2026-09-14,filter,180
https://www.youtube.com/@marni-tv,@Marni-TV,Marni TV,12400,160,4,"Tutorial channel about furniture/carpentry learning together, trade-focused with no contradicting signals.",tukang kayu,UCxG0Opjw4BSFsNfJAF1iq0A,hands,furniture-woodworking,wave1,2026-09-14,filter,160
https://www.youtube.com/@maugasoni,@maugasoni,Maugasoni,1810,334,4,Mechanic-turner and marcenaria (woodworking) channel sharing hands-on craft knowledge.,marcenaria,UCQrpIDZuuhPggV_QkLLDb5w,hands,furniture-woodworking,wave1,2026-09-14,filter,334
https://www.youtube.com/@mauriziolavasp,@MauriziolavaSP,Maurizio Lava SP Arredi,161,94,4,Family carpentry workshop making custom wood furniture and kitchens with hands-on shop content.,falegnameria,UCcPw8hyOOiqRXTojoYOpjlA,hands,furniture-woodworking,wave1,2026-09-14,filter,113
https://www.youtube.com/@mebelvdome,@Mebelvdome,Терем Расписной,1200,99,4,Russian channel about building furniture from solid wood and setting up a home joinery workshop.,столярн,UCq1iFGsavvI6cpV39xhVzeg,hands,furniture-woodworking,wave1,2026-09-14,filter,99
https://www.youtube.com/@mercimarcenaria9592,@mercimarcenaria9592,Merci Marcenaria,586,186,4,"Custom marcenaria shop filming production of closets, cabinets and furniture pieces.",marcenaria,UCny2uPE5clruy4Rez4lWhsA,hands,furniture-woodworking,wave1,2026-09-14,filter,199
https://www.youtube.com/@merwyn_in,@merwyn_in,Timber Tales by Merwyn,70,75,4,"Woodworking/joinery/carpentry class channel in Mumbai teaching hands-on skills, thin but relevant text evidence.",joinery,UChzStpqQkfZMLCVPnu1EfcA,hands,furniture-woodworking,wave1,2026-09-14,filter,80
https://www.youtube.com/@mesadecarpintero,@mesadecarpintero,Mesa de Carpintero,2670,148,4,Amateur carpentry tips/tutorials/DIY channel focused on woodworking craft.,carpinter,UCLoZRmKsaKXDyO0yk4sJYnQ,hands,furniture-woodworking,wave1,2026-09-14,filter,148
https://www.youtube.com/@mikycopa1239,@mikycopa1239,Miky Copa,1290,52,4,"Spanish carpentry channel covering furniture plans, assembly, painting and decorating projects.",carpinter,UChNR6WbBweFOKKR0Tprlr0w,hands,furniture-woodworking,wave1,2026-09-14,filter,52
https://www.youtube.com/@miliportonovocarpintero,@miliportonovocarpintero,@miliportonovocarpintero,440,73,4,"Carpenter channel with restoration and repair titles (boat, window, hórreo) showing hands-on wood work.",carpinter,UCL6bd3AIpgMZzUjJLsfbg-g,hands,furniture-woodworking,wave1,2026-09-14,filter,73
https://www.youtube.com/@miltonloaiza,@MiltonLoaiza,Milton Loaiza,10800,306,4,Carpentry channel focused on router table (tupi) work and shop projects.,carpinter,UC1BA-AWtxHMFqlMwvGtgm5w,hands,furniture-woodworking,wave1,2026-09-14,filter,306
https://www.youtube.com/@mimikuta,@mimikuta,대구목수_권목수,723,50,4,"Korean interior carpenter channel showing furniture builds, installations and tool reviews mixed in.",목공,UCYqXcfuDqMOfKOqZB0pcCsg,hands,furniture-woodworking,wave1,2026-09-14,filter,50
https://www.youtube.com/@mirzawoodwor,@Mirzawoodwor,Mirzawoodwor,140,86,4,"Wood door restoration and quick carpenter fixes channel with joinery skill-test shorts, repair-focused.",joinery,UCC8HTMCpXqQKS3U40LPCyCw,hands,furniture-woodworking,wave1,2026-09-14,filter,177
https://www.youtube.com/@mistymountainrusticfurniture,@MistyMountainRusticFurniture,Misty Mountain,735,53,4,"Builds rustic reclaimed barnwood furniture and cabinets, clear furniture-making focus.",wood furniture,UCrR1Q6ZiKF-vuUfkz2aRlAQ,hands,furniture-woodworking,wave1,2026-09-14,filter,53
https://www.youtube.com/@mmdiartes,@MMDIARTES,MMDI ARTES 2021,376,112,4,Marcenaria artesanal channel with real build titles like furniture pieces and cabin construction shown on camera.,marcenaria,UC-_RRyW6z6LFwsUVOtfc-dA,hands,furniture-woodworking,wave1,2026-09-14,filter,115
https://www.youtube.com/@moamen80,@Moamen80,نجار  برو MAX ,197,56,4,"Arabic carpentry channel teaching furniture making with kitchen and bedroom builds shown, some software tutorials mixed in.",نجارة,UCap9M6vFJ98lrELd2g9I4NQ,hands,furniture-woodworking,wave1,2026-09-14,filter,149
https://www.youtube.com/channel/uc2oxwsbhs0lcilcoisoahnq,@Mohamed-v5v4o,Cozina MDF – Mohamed,67,74,4,"Arabic carpenter making MDF kitchen cabinets, shows cutting and installation steps.",نجارة,UC2oxWsBhs0lcilCoisOaHnQ,hands,furniture-woodworking,wave1,2026-09-14,filter,78
https://www.youtube.com/@mohamedali-km2vq,@mohamedali-km2vq,محمد للنجارة,995,418,4,Arabic carpentry channel showing cabinet and furniture assembly work on camera.,نجارة,UCTGxyEwwZcWZJxKs2qAo50g,hands,furniture-woodworking,wave1,2026-09-14,filter,460
https://www.youtube.com/@mokgongssojuin,@mokgongssojuin,목공소주인,222,72,4,"Korean couple-run sawmill/workshop vlog making custom solid-wood furniture and crosses, real build content shown.",목공,UCNUvPPMhHBfOjUlPYmJtX6w,hands,furniture-woodworking,wave1,2026-09-14,filter,75
https://www.youtube.com/@moosemill,@moosemill,Moose Mill Woodcraft ,1020,59,4,Custom wood furniture and home goods channel showing builds getting made.,wood furniture,UCXyJI8TW34ilOWjAunLgN7A,hands,furniture-woodworking,wave1,2026-09-14,filter,59
https://www.youtube.com/@mostafamonaem,@MostafaMonaem,Mostafa Monaem,33900,477,4,"Egyptian carpentry channel teaching decor and melamine carpentry/furniture making, thin but on-topic bio.",نجارة,UCvE7Qt_-KM6o6qRH_mjJ8kw,hands,furniture-woodworking,wave1,2026-09-14,filter,477
https://www.youtube.com/@mountainviewwoodworkandcrafts,@MountainviewWoodworkandCrafts,Mountainview Woodwork and Crafts,36,54,4,Woodworking channel with full build videos like bookshelves and BBQ caddy shown step by step.,wood furniture,UC8hQJxqxLbKW9t1dghA6ACA,hands,furniture-woodworking,wave1,2026-09-14,filter,67
https://www.youtube.com/@moveisms,@moveisms,Móveis MS,895,52,4,"Brazilian marcenaria channel with real build titles: roof wood, tables, bread holder projects.",marcenaria,UC5P1pblQGgsj5zkA_ahZkEA,hands,furniture-woodworking,wave1,2026-09-14,filter,52
https://www.youtube.com/@mrcarpenterbabu,@MrCarpenterBabu,Mr CP Babu,175,112,4,"Hindi carpentry channel focused on furniture making, wooden work step by step and real site experience.",furniture making,UCj1NeCnDoAtNz1KACvGU74w,hands,furniture-woodworking,wave1,2026-09-14,filter,140
https://www.youtube.com/@mroscargamez,@MrOscarGamez,MrOscarGamez,63000,215,4,"Channel dedicated to enjoying carpentry and cabinetmaking, thin but clear trade-focused description.",carpinter | ebanister,UCihMZPpRngwYAUTZPliJyVg,hands,furniture-woodworking,wave1,2026-09-14,filter,215
https://www.youtube.com/@mrpwoolfenden,@MrPwoolfenden,Redwolf Interactive,543,112,4,"College carpentry/joinery instructional videos covering tools, joints, and timber repair techniques.",joinery,UCHwfJK_7WcaYWDwd8TfSsGA,hands,furniture-woodworking,wave1,2026-09-14,filter,112
https://www.youtube.com/@mrwoodcokr,@mrwoodcokr,목수윤씨,51,102,4,"Woodworking channel with table saw, jointer, sanding and technique clips from a hands-on workshop.",목공,UCt7Khe52ZolH9EC7G3sZJ0Q,hands,furniture-woodworking,trial100,2026-09-14,filter,102
https://www.youtube.com/@mueblesespaciarte,@MueblesEspaciarte,Muebles Espaciarte,120,84,4,Melamine custom furniture channel showing real build projects step by step alongside some tool content.,carpinter,UCPbkF5-Y9yCIdVNF9a6q9TQ,hands,furniture-woodworking,wave1,2026-09-14,filter,115
https://www.youtube.com/@mueblesvillamizar,@MueblesVillamizar,Muebles Villamizar ,44,56,4,"Carpenter sharing melamine work tricks and tools, genuine trade-focused channel.",carpinter,UCjU1Ek9k3xJWHSrNHHHBA3Q,hands,furniture-woodworking,wave1,2026-09-14,filter,62
https://www.youtube.com/channel/uczukud7sirygeaoqzqjkqra,@muhammadmugni2673,Muhammad Mugni,82,128,4,"Tukang kayu interior carpenter, thin evidence but trade-named channel with short clip.",tukang kayu,UCzUkud7SiRygeaOqzQJkqRA,hands,furniture-woodworking,wave1,2026-09-14,filter,145
https://www.youtube.com/c/mulhermarceneira_n%c3%a9iadesigner,@MulherMarceneira-woodworkingwo,Mulher Marceneira - (woodworking woman),26100,60,4,Hobbyist woodworking channel dedicated to marcenaria projects and DIY builds.,marcenaria,UCZUeBSzGfBHk3SvAxue_nqw,hands,furniture-woodworking,wave1,2026-09-14,filter,60
https://www.youtube.com/@mullenthemaker,@Mullenthemaker,Jesse Mullen — Mullen The Maker,42500,93,4,Small garage shop channel focused mainly on furniture making with some house update projects.,furniture making,UCPTs2KIHjZmhuonEGnfLYdg,hands,furniture-woodworking,wave1,2026-09-14,filter,93
https://www.youtube.com/@muzuojiangren,@muzuojiangren,木作犟人muzuojiangren,2330,342,4,"Channel devoted to woodworking skills and craft research, framed as lifelong furniture-adjacent trade focus.",木工,UC9_pMtOqm7xL-SQSJ16J9zA,hands,furniture-woodworking,wave1,2026-09-14,filter,342
https://www.youtube.com/@ne-spec,@NE-SPEC,Деревянный умник,3560,139,4,Dedicated carpentry shop channel covering CNC machines and furniture facade manufacturing process.,столярн,UCCiqUCBSFSzha32Ig-b2tNg,hands,furniture-woodworking,wave1,2026-09-14,filter,139
https://www.youtube.com/@nevadacool,@nevadacool,Nevadacool Chris Lewis Customs,1080,112,4,Solid wood furniture builder describing craftsmanship-focused construction of real furniture pieces.,wood furniture,UCJx5U3fYGjnIf9k4gZJYYdQ,hands,furniture-woodworking,wave1,2026-09-14,filter,112
https://www.youtube.com/@nevilr1619,@nevilr1619,Nevil r,1980,186,4,"Daily woodworking channel making tables, chairs, cabinets described directly in bio.",tukang kayu,UC496orfTQ4dZllzX-xDyf0w,hands,furniture-woodworking,wave1,2026-09-14,filter,186
https://www.youtube.com/@nikolaykravtsov3481,@nikolaykravtsov3481,Nikolay Kravtsov,8090,284,4,"Russian workshop channel making custom wood machines and solid wood furniture, some turning content mixed in.",столярн,UCYQcAAaALPMqrhweP8ULTDQ,hands,furniture-woodworking,wave1,2026-09-14,filter,284
https://www.youtube.com/@nilrl1984,@NiLRL1984,NiL RL,1770,614,4,Carpentry hobbyist channel name/bio with no contradicting evidence of other content.,carpinter,UCA6YZRTwx7EEVjwxxallHBg,hands,furniture-woodworking,wave1,2026-09-14,filter,614
https://www.youtube.com/channel/uc9l9wh4cmkr1szq0ywyfxhq,@nirshrestha3057,Nir Furniture ,668,255,4,"Furniture workshop channel sharing behind-the-scenes cutting, sofa-making and custom design process daily.",furniture making,UC9l9wh4CmkR1SzQ0YwYFxhQ,hands,furniture-woodworking,wave1,2026-09-14,filter,70
https://www.youtube.com/channel/uctr0qpzmwsizwt91qtg7etg,@noartemoveis5769,NoArteMóveis ,42,151,4,"Marcenaria channel showing furniture assembly at client site and craft tips, some mixed music content.",marcenaria,UCtr0qpzMwsIZwT91qTg7Etg,hands,furniture-woodworking,wave1,2026-09-14,filter,157
https://www.youtube.com/c/noehervas,@NoeHervas,Noe Hervas,122000,188,4,"Hobbyist carpentry channel building things by hand, describes hands-on carpentry and lutherie work.",carpinter,UC2FLh4VcWtGG9rQLaMRX4OQ,hands,furniture-woodworking,wave1,2026-09-14,filter,188
https://www.youtube.com/@nogsr%c3%basticos,@NogsR%C3%BAsticos,Nogs Rústicos ,823,129,4,Portuguese rustic furniture-making channel with pallet builds and step-by-step tutorials shown from planning to finish.,marcenaria,UCkSwM3UDKXBkF4CxACGlh2Q,hands,furniture-woodworking,wave1,2026-09-14,filter,131
https://www.youtube.com/@noho91,@noho91,noho91,9680,334,4,"Woodworking workshop channel building original jigs, horn speakers and quirky woodwork with technique focus.",木工,UCCtRR9qv0qedri9SwN83v1w,hands,furniture-woodworking,wave1,2026-09-14,filter,334
https://www.youtube.com/@oakbisonbuilds,@Oakbisonbuilds,Oak Bison Builds,283,68,4,"Self-taught woodworker documenting furniture builds like benches, boxes and ottomans on his journey.",wood furniture,UC8Qzc3zNj6TALqvAo06Qw5Q,hands,furniture-woodworking,wave1,2026-09-14,filter,69
https://www.youtube.com/@oficinanaroca01,@OficinanaRoca01,Oficina na Roça ,1510,454,4,"Hobby marcenaria channel sawing, planing and repurposing wood scraps into furniture pieces.",marcenaria,UC7bwNL7-X5EOWygtW5WO6fw,hands,furniture-woodworking,wave1,2026-09-14,filter,454
https://www.youtube.com/@oficinaraiz2025,@oficinaraiz2025,Oficina Raiz,4730,107,4,Portuguese marcenaria channel promising step-by-step wood structure building tutorials.,marcenaria,UC-M_z68N6BrldpWKTIUs_xw,hands,furniture-woodworking,wave1,2026-09-14,filter,107
https://www.youtube.com/@okcarpenter6390,@okcarpenter6390,OK CARPENTER,197,77,4,"Carpenter channel focused on furniture making tips and tricks, thin but clear trade evidence.",furniture making,UCQAwsIA1YIazo-c1M8zEYsg,hands,furniture-woodworking,wave1,2026-09-14,filter,77
https://www.youtube.com/@oldguywoodworks,@OldGuyWoodworks,Old Guy Woodworks,12400,118,4,"Woodworker sharing DIY furniture builds, custom cabinet builds and shop-made tools tutorials.",joinery,UCW0wpefGSZayI1io-TDNvPA,hands,furniture-woodworking,wave1,2026-09-14,filter,118
https://www.youtube.com/@olusegunadedayo6783,@olusegunadedayo6783,Olusegun Adedayo,1240,84,4,"Nigerian furniture maker with commercial and individual furniture experience, thin but clear trade evidence.",furniture maker,UCjAvI76RS2kkgCUWIEXk6nA,hands,furniture-woodworking,wave1,2026-09-14,filter,84
https://www.youtube.com/@omarahme3741,@omarahme3741,Omar  Ahmed ,1730,67,4,Kurdish carpentry and decor channel (نجارة) focused on furniture and bedroom pieces made in workshop.,نجارة,UCGxBhbcu49pdMB_76_DRviA,hands,furniture-woodworking,trial100,2026-09-14,filter,67
https://www.youtube.com/@omiken123_diy,@omiken123_diy,おみけんDIY,9230,122,4,"Japanese woodworking channel centered on creating works, likely bench-based furniture/craft builds.",木工,UCLttJV5FnvxG3723okGXllA,hands,furniture-woodworking,wave1,2026-09-14,filter,122
https://www.youtube.com/@openpalmcrafts,@Openpalmcrafts,Open Palm Crafts,42,66,4,"One-man furniture studio documenting bench builds, woodshop work and furniture projects from school training.",furniture maker,UCRL-ReZsZuCc5QJBkeFtldw,hands,furniture-woodworking,wave1,2026-09-14,filter,115
https://www.youtube.com/@opilkishow,@opilkishow,Shavings SHOW,44,75,4,"General woodworking shop channel emphasizing projects and step-by-step builds, description is somewhat generic.",furniture making,UCu51lwzP-zJCarJ0PHjSzEA,hands,furniture-woodworking,wave1,2026-09-14,filter,75
https://www.youtube.com/@opolica,@opolica,O POLICA ,2110,187,4,Marcenaria channel posting projects and daily woodworking shop experiences.,marcenaria,UCy3gtlN24VxHMW_zYUZSZNg,hands,furniture-woodworking,wave1,2026-09-14,filter,187
https://www.youtube.com/@overcraft4368,@overcraft4368,over craft,65,78,4,Woodworking studio filming furniture workshop construction and shelf-making processes in titled videos.,木工,UCVMAc_hPV6YU4HPWrYAxhBg,hands,furniture-woodworking,wave1,2026-09-14,filter,78
https://www.youtube.com/@p4nch0berber,@P4NCH0berber,Pancho en el Rancho,1640,157,4,Carpenter with 13 years experience sharing carpentry work and projects on his channel.,carpinter,UC99SpmHrHB9_It7XofqIZ1g,hands,furniture-woodworking,wave1,2026-09-14,filter,157
https://www.youtube.com/@paulofernandoce,@PauloFernandoCe,Paulo Fernando,18800,811,4,"Marcenaria tutorial channel on furniture-making tools and techniques, on-topic despite marketing mention.",marcenaria,UC0YGL1QuKcjHa_2RlloNfbg,hands,furniture-woodworking,wave1,2026-09-14,filter,811
https://www.youtube.com/@paulopimentadiy,@paulopimentadiy,Paulo Pimenta Diy,31800,129,4,"DIY and marcenaria channel sharing woodworking tips, tricks and projects for beginners.",marcenaria,UCZLqmhSR4rKi0w26qbaiQUA,hands,furniture-woodworking,wave1,2026-09-14,filter,129
https://www.youtube.com/@pecker.moscow,@Pecker.Moscow,Столярная мастерская Pecker.Moscow,50,83,4,"Russian handmade furniture workshop combining craftsmanship and design, likely full builds shown.",столярн,UC296IojXkER79jMrBgTdoVA,hands,furniture-woodworking,wave1,2026-09-14,filter,111
https://www.youtube.com/@penawood_art,@PenaWood_art,pena wood art,1570,309,4,"Carpenter tips and tricks channel with woodworking ideas, thin but trade-focused description.",tukang kayu,UCTeBDTBAWY0Fes_-N_tM36Q,hands,furniture-woodworking,wave1,2026-09-14,filter,309
https://www.youtube.com/@pidlisni,@pidlisni,Adirondak Підлісні Столярна Майстерня,736,224,4,Workshop channel making garden furniture and decor with videos showing finished projects for clients.,столярн,UCqtgocMTtcO1SHD1ycozduA,hands,furniture-woodworking,wave1,2026-09-14,filter,245
https://www.youtube.com/@pintandoando_oficial,@pintandoando_oficial,Pintando Ando,1470,160,4,"Venezuelan carpenter channel teaching home carpentry projects and finishing tricks, plain trade bio.",carpinter,UCs0qLnmbGzhfZrx2z_pZjhQ,hands,furniture-woodworking,wave1,2026-09-14,filter,160
https://www.youtube.com/@pitiwedecorustico,@pitiwedecorustico,pitiwe decorustico,2930,192,4,Carpentry channel sharing practical tool use and home/workshop product-making information.,carpinter,UC1WVKlPnOybxvE-BNtUxh6Q,hands,furniture-woodworking,wave1,2026-09-14,filter,192
https://www.youtube.com/@pmdpequenomarceneirodicas,@PMDPequenoMarceneiroDicas,PMD Pequeno Marceneiro Dicas,14000,391,4,"Marcenaria tips channel focused on MDF furniture, jigs and modular furniture techniques.",marcenaria,UC1s5QSTwqgng-ZrXXfyqhHQ,hands,furniture-woodworking,wave1,2026-09-14,filter,391
https://www.youtube.com/@priklyucheniya-derevyashek,@priklyucheniya-derevyashek,ПРИКЛЮЧЕНИЯ ДЕРЕВЯШЕК,73100,176,4,"Joinery/furniture-making channel that also covers house building, furniture work is primary focus.",столярн,UCF0Zh-fKWlXWlvj-X6WpubA,hands,furniture-woodworking,wave1,2026-09-14,filter,176
https://www.youtube.com/@priyanabduljabbar,@PriyanAbduljabbar,Mas Pri Tukang ,17500,1810,4,"Indonesian carpenter sharing woodworking experience, furniture designs and tools, on-trade bio.",tukang kayu,UCZ4kroNJa-l4fKIgkikB87A,hands,furniture-woodworking,wave1,2026-09-14,filter,1810
https://www.youtube.com/@pro-max6903,@pro-max6903,PRO-MAX,21200,199,4,Joinery/carpentry channel described as basic to advanced woodworking content.,столярн,UCQg3285zS9IuUleQQ6Oh4kQ,hands,furniture-woodworking,wave1,2026-09-14,filter,199
https://www.youtube.com/@proyectosppr,@proyectosppr,proyectosppr carpintería artesanal ,56,55,4,"Artisan carpentry channel with build videos like coat racks and wood cutting guides, custom orders.",carpinter,UCigD6c2fk2_mMEZSmt0uPEg,hands,furniture-woodworking,wave1,2026-09-14,filter,70
https://www.youtube.com/@puertasdeverdad6966,@puertasdeverdad6966,Puertas De Verdad,202,51,4,"Carpentry shop filming kitchen cabinet and door builds in melamine/wood, real fabrication shown.",carpinter,UCkNhSMaJBAx1kYx5POkXZMg,hands,furniture-woodworking,wave1,2026-09-14,filter,51
https://www.youtube.com/@purejoinery,@purejoinery,Pure Joinery,57,95,4,Channel dedicated to wood joint techniques and joinery mastery like dovetails and mortise and tenon.,joinery,UCQYZBhRe6UyXyD0jwKDyfdg,hands,furniture-woodworking,wave1,2026-09-14,filter,95
https://www.youtube.com/@raccoontvonepiece,@raccoonTVonepiece,I am a handyman,5700,171,4,"Woodworkshop-tagged handyman channel with DIY woodworking focus, thin description but trade-relevant.",목공,UC_6KnUt0mXrADqTxUZdLYtg,hands,furniture-woodworking,wave1,2026-09-14,filter,171
https://www.youtube.com/@rachelforadacaixa,@RachelForadaCaixa,Rachel Fora da Caixa,19600,437,4,Marceneira sharing practical furniture tips using reclaimed materials and DIY builds with her hands.,marcenaria,UClr8nFbIKo8dnGUEhsyzMaA,hands,furniture-woodworking,wave1,2026-09-14,filter,437
https://www.youtube.com/channel/ucvx4bosw3xfqvsmxrv4bojw,@RachidMdf,RachidMdf  Ouarzazate ,92,85,4,Moroccan carpentry channel showing wardrobe/cabinet work and workshop footage of the carpenter at work.,نجارة,UCvX4boSw3XFQVSmXrV4BOJw,hands,furniture-woodworking,wave1,2026-09-14,filter,104
https://www.youtube.com/@rafaelribeirooficinahobby,@rafaelribeirooficinahobby,Rafael Ribeiro - oficina hobby,1720,71,4,Hobbyist marcenaria and metalworking channel sharing tool tests and builds inspired by other woodworking channels.,marcenaria,UC2gutMjE7pp1PS0NPR1aang,hands,furniture-woodworking,wave1,2026-09-14,filter,71
https://www.youtube.com/@rajfurniturerah-qm5pv,@RajfurnitureRah-qm5pv,furniture with Rajesh ,398,120,4,Furniture and interior workshop channel showing real furniture-making process videos in Hindi.,furniture making,UCpy1xk5g6mG56CSwUAwTYYg,hands,furniture-woodworking,wave1,2026-09-14,filter,120
https://www.youtube.com/@rakibulfurniture,@rakibulfurniture,RaKibuL FurniTurE  ,11500,749,4,Furniture making and repair tutorial channel with detailed instructions on tools and techniques.,furniture making,UClEEIwus0FBdFrmqe7Vea-g,hands,furniture-woodworking,wave1,2026-09-14,filter,749
https://www.youtube.com/@renansilvestre-marcenaria,@RenanSilvestre-Marcenaria,Renan Silvestre,101000,426,4,Professional marceneiro sharing real furniture-making experience and planned furniture work for nearly a decade.,marcenaria,UCgoYzygIPdWjkOLKKYwuBIQ,hands,furniture-woodworking,wave1,2026-09-14,filter,426
https://www.youtube.com/channel/ucypbq7nli7x-5b2wjt2u1pw,@ReskarInterior,Reskar Interior,261,295,4,"Indonesian carpentry channel with titles showing cutting, roofing, sharpening tools, and box-building processes.",tukang kayu,UCypBQ7nli7x-5B2wJt2u1Pw,hands,furniture-woodworking,wave1,2026-09-14,filter,459
https://www.youtube.com/@rickgreenwoodworks,@RickgreenWoodworks,Rickgreen Woodworks,39800,646,4,"Brazilian marcenaria/DIY channel making cutting boards and woodworking projects, plain workshop bio.",marcenaria,UChTHF3jxh0f91uoHb-_On8g,hands,furniture-woodworking,wave1,2026-09-14,filter,646
https://www.youtube.com/@rinatsalaxytdinov,@RinatSalaxytdinov,Ринат Салахутдинов,3330,141,4,"Personal channel making joinery items with jigs and homemade tools, fits hands-on furniture making.",столярн,UCXJ3GRl0LyODRdqA39aLOcg,hands,furniture-woodworking,wave1,2026-09-14,filter,141
https://www.youtube.com/@risaldiwidyatama,@RisaldiWidyatama,Risaldi Widyatama - Woodworking,2650,62,4,Self-described cabinet and furniture maker doing woodworking and DIY content.,furniture maker,UCKwzaLzYqdalLWTF1U9B08g,hands,furniture-woodworking,wave1,2026-09-14,filter,62
https://www.youtube.com/@riversonvale,@RiversonVale,Riverson Vale,490,86,4,Fine woodworking course channel showing handmade wooden hinges and lathe work.,marcenaria,UCYyy6nQyuefOvlanhMoWtsw,hands,furniture-woodworking,wave1,2026-09-14,filter,395
https://www.youtube.com/@rizhanchannel-s3e,@rizhanchannel-s3e,rizhan channel ,292,111,4,"Indonesian carpenter channel covering door/window frames, cabinets and furniture work with some vlog content mixed in.",tukang kayu,UC2CmEqByAO8-uNoj-fawMQw,hands,furniture-woodworking,wave1,2026-09-14,filter,123
https://www.youtube.com/@rmmestreemmadeiras7611,@rmmestreemmadeiras7611,RM MESTRE EM MADEIRAS,225,66,4,"Marcenaria fina school channel showing bandsaw use, sawing technique, and hands-on workshop lessons.",marcenaria,UCKBpJvWbnVLVmjJscvVfU_A,hands,furniture-woodworking,wave1,2026-09-14,filter,66
https://www.youtube.com/@robinclevettcarpenter,@robinclevettcarpenter,Robin Clevett,158000,486,4,"Carpenter/joiner channel with tutorials, project builds and hand/power tool work described directly.",joinery,UCrgxh4FbbI4j0prD_KkIqfA,hands,furniture-woodworking,wave1,2026-09-14,filter,486
https://www.youtube.com/@robsonpizol,@robsonpizol,É Nóis Pizóis | Robson Pizol,33500,505,4,Brazilian marcenaria school channel teaching techniques with real workshop-based content.,marcenaria,UCALUEMm7g9AH4V8CKYgGX4Q,hands,furniture-woodworking,wave1,2026-09-14,filter,505
https://www.youtube.com/@rodrigopioto,@RodrigoPioto,Rodrigo Pioto | Marcenaria,460000,1053,4,"Marcenaria channel evolved into technical/business training school, still furniture-making core.",marcenaria,UCOYeJ71r-hPkJwAlNDP7zJg,hands,furniture-woodworking,wave1,2026-09-14,filter,1053
https://www.youtube.com/@romantic_woodworker,@romantic_woodworker,Делаем Вручную,5250,69,4,"Hobbyist joinery channel dedicated to handmade woodworking craft, described as hand-tool furniture work.",столярн,UC9KibXKaS6j7xc1EI2EBy8w,hands,furniture-woodworking,wave1,2026-09-14,filter,69
https://www.youtube.com/@rwmoveleiro,@rwmoveleiro,RW Moveleiro,2450,50,4,"Marceneiro building headboards/beds from scratch, personal workshop story suggests hands-on furniture making.",marcenaria,UCwXdjGvUzmLXERhzgosbasg,hands,furniture-woodworking,wave1,2026-09-14,filter,50
https://www.youtube.com/@salah-elnager,@salah-Elnager,تعلم النجارة | صلاح النجار,2220,161,4,Arabic channel teaching carpentry from scratch to professional furniture-making with practical lessons promised.,نجارة,UCyjWLpBLNCzA7Pk6EBnRRfQ,hands,furniture-woodworking,wave1,2026-09-14,filter,161
https://www.youtube.com/@samanchoob,@SamanChoob,Saman Choob,4750,68,4,Dedicated cabinet-making instructional channel teaching professional kitchen cabinet construction and design.,cabinet making,UCni-yq3-TFz8_iHUQG0MgkQ,hands,furniture-woodworking,wave1,2026-09-14,filter,68
https://www.youtube.com/@samsonfurniture,@samsonfurniture,Samson Furniture 山木森家具,3000,50,4,Furniture designer/maker running own woodshop making contemporary wood and metal furniture pieces.,furniture maker,UCrXZAJuJIPX5dPIMCOtc0Eg,hands,furniture-woodworking,wave1,2026-09-14,filter,50
https://www.youtube.com/@sanfer_works,@Sanfer_works,Sanfer Wood Works,225,53,4,"Woodworking hobbyist channel with hand-made furniture pieces (bath tray, shoe rack) shown in build titles.",carpinter,UCVNYjRQjcAracqtU9U5Q5nQ,hands,furniture-woodworking,wave1,2026-09-14,filter,53
https://www.youtube.com/@sarangtrade,@sarangtrade,sarang trade,13000,354,4,"Hand-tool door and furniture builds described step-by-step with joinery and traditional techniques, no CNC.",joinery,UCol3tVbiyvBsHIQpXXfQa3A,hands,furniture-woodworking,wave1,2026-09-14,filter,359
https://www.youtube.com/@satriaabadichanel9151,@satriaabadichanel9151,Satria Abadi Chanel 9151,171,297,4,"Carpentry tutorial channel teaching beginners door, window, cabinet and furniture making techniques step by step.",tukang kayu,UCGHneezkxXChy6etwjoUujQ,hands,furniture-woodworking,wave1,2026-09-14,filter,309
https://www.youtube.com/@sekiwiorydziury1457,@sekiwiorydziury1457,sęki wióry dziury,5050,376,4,Polish carpentry channel showing commissioned wood projects plus some tool testing content.,stolarstwo,UCjZ8azz0HmKjsggieN_hPqA,hands,furniture-woodworking,wave1,2026-09-14,filter,378
https://www.youtube.com/@senderdiy,@SenderDIY,SENDER DIY,18800,67,4,"DIY furniture-from-wood channel building chairs, tables and loft-style furniture from scratch, real process shown.",мебель своими руками,UCmhQDOtil2kFSGglId8NSEg,hands,furniture-woodworking,wave1,2026-09-14,filter,67
https://www.youtube.com/@senimantakbertuan736,@senimantakbertuan736,Seniman tak bertuan,2710,318,4,"Channel bio names carpentry/woodworking techniques as its focus, plain trade evidence.",tukang kayu,UC_5TYqxbu3FYOLzdVR7f_cw,hands,furniture-woodworking,wave1,2026-09-14,filter,318
https://www.youtube.com/@serbakayu-yl7mc,@Serbakayu-yl7mc,Serba kayu ,65,52,4,"Indonesian tukang kayu channel showing table making, wood joining and cutting techniques step by step.",tukang kayu,UCl7f4ho2lDrwRmLmOJcA7OA,hands,furniture-woodworking,wave1,2026-09-14,filter,50
https://www.youtube.com/@sesmejakayu,@sesmejakayu,ciswanto ,3930,79,4,"Woodworking channel focused on making folding tables and repairing tools, workshop process content.",tukang kayu,UCUhIwFuBF0O0hS9yal-wHzg,hands,furniture-woodworking,wave1,2026-09-14,filter,79
https://www.youtube.com/@shivfarnichar12,@shivfarnichar12,shiv farnichar ,52,78,4,"Indian furniture making channel covering beds, chairs, tables and traditional carpentry process per description.",furniture making,UCuR-G1a7UJ3cz8x8u1rbBow,hands,furniture-woodworking,wave1,2026-09-14,filter,111
https://www.youtube.com/channel/ucikz9cewc8rirlg3mansg4g,@showkatnoor,Showketh Noor,127,51,4,"Joinery mill workshop making wooden doors, windows and frames with process-focused titles.",joinery,UCIkz9cEWC8rIrLg3mAnSg4g,hands,furniture-woodworking,wave1,2026-09-14,filter,51
https://www.youtube.com/@sibilaartswoodartesemmadeira,@SibilaArtsWoodArtesemMadeira,Sibila Arts Wood Artes em Madeira,111,138,4,"Brazilian marcenaria channel listing woodworking machines and tools, likely furniture shop content.",marcenaria,UCkxS3zdQIPiz-1_mQgzEqPA,hands,furniture-woodworking,wave1,2026-09-14,filter,149
https://www.youtube.com/@small_carpentery,@Small_carpentery,Small Carpentery,762,185,4,"Carpenter teaching woodworking projects from scrap wood, mostly furniture builds despite generic phrasing.",joinery,UCxtq2E-B4EvzYHedP2DVHTg,hands,furniture-woodworking,wave1,2026-09-14,filter,185
https://www.youtube.com/@smallbarnworkshop,@Smallbarnworkshop,Small Barn Workshop,17600,695,4,"Hobbyist woodworker with joinery background running small workshop, mostly build-focused per description.",joinery,UCVcLz-eOkLXzwZgjgR_Sjcw,hands,furniture-woodworking,wave1,2026-09-14,filter,695
https://www.youtube.com/@sobkooleksandr,@sobkooleksandr,Шанувальник Дерева,18800,61,4,"Hobbyist joinery/woodworking blog making various wood items and documenting skill development, tool reviews included.",столярн,UCH6YF5NLlkUT3AFvMS-kYkg,hands,furniture-woodworking,wave1,2026-09-14,filter,61
https://www.youtube.com/@sofarehab9736,@sofarehab9736,Sofa Rehab,2140,56,4,DIY furniture and upholstery repair channel with step-by-step tutorials replacing parts and restoring leather.,furniture repair,UCpvpliSGfnKong0angIREsQ,hands,furniture-woodworking,wave1,2026-09-14,filter,56
https://www.youtube.com/@solubois,@Solubois,Solubois,44100,86,4,"Passionate hobbyist joinery/menuiserie channel sharing tips, ideas and personal woodworking projects.",menuiserie,UC5rAZp_n5mrwMWiNszJCb5w,hands,furniture-woodworking,wave1,2026-09-14,filter,86
https://www.youtube.com/@ssoonir,@SSOONIR,쑤니르 SSOONIR,29300,100,4,"Furniture-making, design and woodworking education channel, clear trade focus though thin details.",목공,UCdTEBQczdztYw4yBFiJmEGw,hands,furniture-woodworking,wave1,2026-09-14,filter,100
https://www.youtube.com/@starserviceps,@starserviceps,Star Service,4070,90,4,"Melamine furniture manufacturer channel teaching design, fabrication and costs of kitchen/bedroom furniture.",carpinter,UCUMy9MywVvWn9dwg71gHQmA,hands,furniture-woodworking,wave1,2026-09-14,filter,90
https://www.youtube.com/@stodel56,@StoDel56,StoDel_56,224000,267,4,"Russian joinery channel making furniture items, homemade machines and joinery tricks.",столярн,UCHyPphbg55KSJQMEfWPFFjQ,hands,furniture-woodworking,wave1,2026-09-14,filter,267
https://www.youtube.com/@stolmastera,@Stolmastera,Анатолий Федорович,54600,136,4,"Russian woodworking channel focused on shop-made tables/jigs and joinery tricks, custom-made to order.",столярн,UCzEPzCLwIzwArcKuJ1ZxuAA,hands,furniture-woodworking,trial100,2026-09-14,filter,136
https://www.youtube.com/@stolyar_irpin,@stolyar_irpin,stolyar_irpin,10000,146,4,"Ukrainian carpentry channel bio describing workshop tricks and works, plain trade evidence.",столярн,UCYyiCFTWIkkI8HJpaihu1eA,hands,furniture-woodworking,wave1,2026-09-14,filter,146
https://www.youtube.com/@stolyarkadoma,@stolyarkadoma,Александр Климов,53000,423,4,Russian carpentry workshop channel making furniture by hand plus SketchUp tutorials.,столярн,UCiscbUDmRTJeyaQKbk0gq9g,hands,furniture-woodworking,wave1,2026-09-14,filter,423
https://www.youtube.com/@studio_faktura,@Studio_Faktura,Studio_Faktura,1710,107,4,"Joinery workshop making wood and metal items, architect-turned-craftsman documenting his builds.",столярн,UCi5RweYOLFbuLwlAx1CZLiw,hands,furniture-woodworking,wave1,2026-09-14,filter,107
https://www.youtube.com/@studioroute4084,@studioroute4084,STUDIO ROUTE 408,434,71,4,"Japanese workshop channel showing tool use for chair making and mortising, real bench work.",木工,UCjFlhZSHdYHZSp_GKe6UKQg,hands,furniture-woodworking,wave1,2026-09-14,filter,71
https://www.youtube.com/channel/ucbwqnmyy2kbzrcfmv_urdpw,@subaitalmaqbali4181,Subait Al Maqbali,35,57,4,Carpentry lessons channel with titles showing table-making and hardware installation techniques.,نجارة,UCBwQnmYy2kbZrCFmv_UrDPw,hands,furniture-woodworking,wave1,2026-09-14,filter,63
https://www.youtube.com/@summiteffectswoodcraft,@summiteffectswoodcraft,Summit Effects Woodcraft,81,69,4,"Custom furniture/cabinetry studio documenting process from material selection through joinery, finishing and installation.",joinery,UCXPayoF8qLFPJSdqqxPrvfQ,hands,furniture-woodworking,wave1,2026-09-14,filter,72
https://www.youtube.com/channel/uct5cxrjk8lv9r7vw9z_j9lq,@suparnos5525,Gondrong,22,78,4,Tukang kayu carpenter posting hands-on clips of joining boards and clamping techniques.,tukang kayu,UCT5CXRjK8LV9R7VW9Z_J9lQ,hands,furniture-woodworking,wave1,2026-09-14,filter,78
https://www.youtube.com/@tachuelin01234,@Tachuelin01234,mi taller de carpintería y herrería ,3010,58,4,Carpentry and metalworking workshop channel focused on making furniture and designs.,carpinter,UCQm4oe_50q3daz5ex5dfclw,hands,furniture-woodworking,wave1,2026-09-14,filter,58
https://www.youtube.com/c/talhandoid%c3%a9ias,@TALHANDOIDEIAS,TALHANDO IDEIAS,65300,191,4,Marcenaria/DIY channel dedicated to woodworking projects and community engagement around the craft.,marcenaria,UCksTE8nHpPH1D7ku2At1Heg,hands,furniture-woodworking,wave1,2026-09-14,filter,191
https://www.youtube.com/@tallermatita,@tallermatita,Taller Matita,124,73,4,"Carpenter channel showing tool sharpening, drawer bottoms and planter builds in wood workshop.",carpinter,UCd2k4zyrIeelKb9mxEz4NWA,hands,furniture-woodworking,wave1,2026-09-14,filter,73
https://www.youtube.com/@teentochannel,@teentochannel,#ตีนโต ช่างไม้บ้านๆ,521,70,4,Thai woodworking channel name and description signal a hands-on carpenter sharing wood craft.,งานไม้,UCdRvvWApxiJS3xzRzCcmItw,hands,furniture-woodworking,wave1,2026-09-14,filter,76
https://www.youtube.com/@thcustomwoodwork,@thcustomwoodwork,TH Custom Woodwork,392,117,4,Custom furniture maker name and bio directly naming the trade with no contradicting signals.,furniture maker,UCupB3eOIxIWcrqJ6HnZrCtg,hands,furniture-woodworking,trial100,2026-09-14,filter,130
https://www.youtube.com/@theappalachianheritagewood3453,@theappalachianheritagewood3453,The Appalachian Heritage Woodshop,1860,104,4,Appalachian carpenter/woodworker channel with personal history in carpentry and continued woodworking practice.,furniture maker | fine woodworking,UCz-B7bFYH02Hn8HuxhueRBw,hands,furniture-woodworking,wave1,2026-09-14,filter,104
https://www.youtube.com/@thecuriouswoodworker,@thecuriouswoodworker,Inside the Mind of The Curious Woodworker,64,56,4,Hand tool woodworking channel with declared passion for joinery-style bench work.,hand tool woodworking,UCjCqVr1HfvTHVa4KfKOACMQ,hands,furniture-woodworking,wave1,2026-09-14,filter,56
https://www.youtube.com/@theshopprojects,@theshopprojects,The Shop,2950,189,4,"Furniture-making hobbyist channel with pattern-shop background, personal bio suggests hands-on builds.",furniture making,UClPz3uHb7CS-s7k1ZKLgq1A,hands,furniture-woodworking,wave1,2026-09-14,filter,190
https://www.youtube.com/@thewoodcraftsman,@TheWoodCraftsman,The Wood Craftsman,12000,410,4,Custom cabinet making and wood finishing channel sharing personal project builds and shop happenings.,cabinet making,UCkN6-RTjvWrLZaopSOqLZdg,hands,furniture-woodworking,wave1,2026-09-14,filter,410
https://www.youtube.com/@thewooddream,@Thewooddream,Jeferson Oliveira - The Wood Dream,7560,94,4,Experienced marcenaria (carpentry) channel by a craftsman sharing his passion and skills over 19 years.,marcenaria,UCFIFg_NrUPR_aveuO45FTBA,hands,furniture-woodworking,wave1,2026-09-14,filter,94
https://www.youtube.com/@tiagomarceneiro5094,@tiagomarceneiro5094,Tiago marceneiro,2950,71,4,"Marceneiro channel sharing carpentry tips and promoting the craft, thin but trade-aligned evidence.",marcenaria,UCTFPP-5IUDAvDcfazpqfr0Q,hands,furniture-woodworking,wave1,2026-09-14,filter,71
https://www.youtube.com/@timbertales1.0,@TimberTales1.0,Timber Tales,2550,229,4,"Furniture-making and restoration channel building rustic/live-edge pieces from raw logs, DIY process shown.",furniture restoration,UC_CocLq9oVfSrizFmr_kEkg,hands,furniture-woodworking,wave1,2026-09-14,filter,229
https://www.youtube.com/@tipsdecarpinteriayalgomas,@tipsdecarpinteriayalgomas,TIPS DE CARPINTERÍA Y ALGO MÁS ,19700,836,4,"Spanish carpentry tips channel described as a woodworking hobby, thin but on-topic evidence.",carpinter,UCXgkKLN5CVc5tXJG1JnkZVg,hands,furniture-woodworking,wave1,2026-09-14,filter,839
https://www.youtube.com/@tomasbicalho,@tomasbicalho,Tomas Bicalho,12000,397,4,Marcenaria channel promising step-by-step furniture and decor builds from boards to finished piece.,marcenaria,UCYRggurW36AJNIaFcFbsPQQ,hands,furniture-woodworking,wave1,2026-09-14,filter,397
https://www.youtube.com/@tomywooddecor,@TomyWoodDecor, Tomy Wood Decor ,18900,1995,4,Carpenter sharing basic carpentry knowledge and workshop projects for learning purposes.,carpinter,UC4-rgni-76fk8oU1g7Y2d5w,hands,furniture-woodworking,wave1,2026-09-14,filter,1996
https://www.youtube.com/@toritoworkshop,@toritoworkshop,Torito Workshop,13900,204,4,"Carpentry tutorial channel teaching how to build furniture, shelves and doors from home.",carpinter,UCPfaqKBVXvmxhqhuGEmxqJg,hands,furniture-woodworking,wave1,2026-09-14,filter,206
https://www.youtube.com/@totemcarpinteria1065,@totemcarpinteria1065,Totem Carpinteria,5100,307,4,Carpentry channel focused on building workbenches and carpenter tables with wood.,carpinter,UCQK3oA0U7yAxocjcAyZygyA,hands,furniture-woodworking,wave1,2026-09-14,filter,307
https://www.youtube.com/@toutalamaintoutensapin,@Toutalamaintoutensapin,TALMTES,4110,206,4,"French DIY channel covering woodworking, joinery, metalwork and tool-making projects.",menuiserie,UCEOC8YVdFdgLommIzUMd3QQ,hands,furniture-woodworking,wave1,2026-09-14,filter,206
https://www.youtube.com/@trecosdeoficina,@TrecosdeOficina,Trecos de Oficina,60100,172,4,Hobby marcenaria channel with DIY furniture projects and workshop tips as core content.,marcenaria,UCwNaQummxdM5X6AMfVd3UpQ,hands,furniture-woodworking,wave1,2026-09-14,filter,172
https://www.youtube.com/@treetophobby,@TreeTopHobby,Tree Top Hobby Wood Works & Restoration,1910,101,4,"Sawmill/woodworking channel doing furniture restoration, cabinetry builds and antique restoration projects.",furniture restoration,UCYqQ9xyobHOQSbAZNUXH9Xg,hands,furniture-woodworking,wave1,2026-09-14,filter,101
https://www.youtube.com/@troppysholzhuette,@troppysholzhuette,TroppY's HolzHütte,9470,185,4,German DIY/workshop channel building furniture with SketchUp plans and hands-on projects.,Möbelbau,UCyAYhy1YDhHrpYO1PC7krBw,hands,furniture-woodworking,wave1,2026-09-14,filter,185
https://www.youtube.com/@tsubakilab,@tsubakilab,ツバキラボ / TSUBAKI LAB,2980,159,4,Japanese woodworking share workshop offering courses and access to pro woodworking machines for making projects.,木工,UCtYMh56j38yznmIshqbSG9w,hands,furniture-woodworking,wave1,2026-09-14,filter,159
https://www.youtube.com/@tukangkayu-uv9qv,@TukangKayu-uv9qv,Tukang Kayu Keren,2310,734,4,Indonesian beginner carpenter channel sharing woodworking tips and techniques for furniture.,tukang kayu,UChDKc7_fJv4QLXMLQWFUglA,hands,furniture-woodworking,trial100,2026-09-14,filter,734
https://www.youtube.com/@tukangkayu_kd312,@tukangkayu_kd312,Agus Kasworo ,337000,3830,4,"Indonesian tukang kayu channel making furniture, doors, windows, tables as daily work tutorials.",tukang kayu,UC5IkOmQxqQx5n2pv8K54FVw,hands,furniture-woodworking,wave1,2026-09-14,filter,3835
https://www.youtube.com/@tukangpd,@tukangpd,Mas Roy,4430,160,4,"Indonesian carpenter channel covering wood crafts, tool maintenance and carpentry tutorials.",tukang kayu,UCDIgsIk88-tMn_QYsU1aOZw,hands,furniture-woodworking,wave1,2026-09-14,filter,160
https://www.youtube.com/@ucm786s,@UCM786s,Unic craft man,69,63,4,"Name and description repeatedly reference furniture making videos and skills, thin but clear trade evidence.",furniture making,UClEIgGsrY-BurgvOOv4jF8g,hands,furniture-woodworking,wave1,2026-09-14,filter,64
https://www.youtube.com/@unfurniture9624,@unfurniture9624,un interior,70,57,4,"Furniture maker channel with short clips, thin evidence but clear trade focus.",furniture maker,UCA4mPfeNeRatj07zsCZNypg,hands,furniture-woodworking,wave1,2026-09-14,filter,57
https://www.youtube.com/@user-abies,@user-abies,АБИЕС Столярное дело,654,67,4,Russian joinery channel showing wood furniture-making and shop tool overviews with build titles.,столярн,UCN5E_Dw_NaEWOPZoj6JiD4A,hands,furniture-woodworking,wave1,2026-09-14,filter,71
https://www.youtube.com/@user-kang8869,@user-kang8869,버틴게달인,48,71,4,Furniture workshop filming actual bed/sofa production process despite promotional framing.,목공,UCPGN8lR46T8Qv1BfSufbaeA,hands,furniture-woodworking,wave1,2026-09-14,filter,71
https://www.youtube.com/@valeuadica,@valeuadica,Valeu a Dica | Ricardo Bernardi,205000,251,4,"Weekend woodworker channel sharing furniture projects, jigs and tips, hobbyist marcenaria focus.",marcenaria,UC58-HpSMzfOPDLpIJDneU4Q,hands,furniture-woodworking,wave1,2026-09-14,filter,251
https://www.youtube.com/@valtermarceneiro1589,@valtermarceneiro1589,Valter Marceneiro,1670,339,4,"Marcenaria channel with routine and tips, plain workshop bio.",marcenaria,UCYRK1WnHiMkTnWE5KOZRqNw,hands,furniture-woodworking,wave1,2026-09-14,filter,339
https://www.youtube.com/@vamosporlatr%c3%a1fic,@vamosporlatr%C3%A1fic,vamos por la trafic,41,80,4,Solo carpenter vlogging daily real workshop jobs and progress toward buying a van.,carpinter,UCh8q9s45cAFmkTtZhQGayKw,hands,furniture-woodworking,wave1,2026-09-14,filter,81
https://www.youtube.com/@vamshi2211,@Vamshi2211,Vamshi wood working,1260,140,4,"Kannada carpenter/furniture-making channel documenting daily wood, plywood and interior work.",furniture making,UCgqjIFLrqgEG-X0uo9ySM6A,hands,furniture-woodworking,wave1,2026-09-14,filter,140
https://www.youtube.com/@veritaswoodworks,@VeritasWoodworks,Veritas Woodworks,4620,74,4,"Fine woodworking shop channel with project builds and tutorials, thin but on-topic description.",fine woodworking,UCRfEnyrcpk0cNwnoYc7JI_g,hands,furniture-woodworking,wave1,2026-09-14,filter,74
https://www.youtube.com/@vinod_furniture,@Vinod_Furniture,vinod Furniture,21,118,4,"Furniture making channel for sofas, beds, wardrobes with contact info, plain trade evidence despite thin description.",furniture making,UC6yH-MH-u0oBsFzorveileQ,hands,furniture-woodworking,wave1,2026-09-14,filter,141
https://www.youtube.com/@virssym,@virssym,Mundo Madera,12000,122,4,"Self-taught carpenter documenting his furniture building process, now selling pieces made.",fine woodworking | carpinter,UCF3MFYfXLow3zfpzGC28QaA,hands,furniture-woodworking,wave1,2026-09-14,filter,122
https://www.youtube.com/@vladimir_ev,@VladiMIR_EV,Владимир Евстратенко,9610,216,4,Channel explicitly teaches joinery/carpentry skills through shared experience videos.,столярн,UCTkQi-1zAeAJax2VE6_4YfQ,hands,furniture-woodworking,wave1,2026-09-14,filter,217
https://www.youtube.com/@voronm,@VORONM,VORON-M,18900,302,4,Beginner joinery/carpentry hobbyist channel sharing learning journey in the craft.,joinery,UC5rSxpqDOmcUoi55yB3ofdg,hands,furniture-woodworking,wave1,2026-09-14,filter,302
https://www.youtube.com/@w.m.ewoodworkingstudio4679,@w.m.ewoodworkingstudio4679,목금토공방(W.M.E craft studio),679,170,4,Korean woodworking studio (목공) bio names woodworking as its main focus with minimal drift indicated.,목공,UCOVcryAmZ-pCgmBc47bSiLw,hands,furniture-woodworking,wave1,2026-09-14,filter,181
https://www.youtube.com/@wencesfernandovazquez4772,@wencesfernandovazquez4772,El CarpintArte de Wences,77,71,4,"Carpentry learning channel sharing progress, plain workshop bio with trade focus.",carpinter,UCYmME94uQ2Bms0rtSbOV6UA,hands,furniture-woodworking,wave1,2026-09-14,filter,76
https://www.youtube.com/@wendersonrosadosreis,@wendersonrosadosreis,Wenderson Rosa,4370,468,4,"Marcenaria hobby channel dedicated to woodworking projects, thin but on-topic description.",marcenaria,UCnkuiQOfuV6KXuwxV7ZSUUA,hands,furniture-woodworking,wave1,2026-09-14,filter,468
https://www.youtube.com/@wesleypinto1855,@wesleypinto1855,Wesley Pinto,785,108,4,"Marcenaria channel with titles showing workbench building, corner joints and squaring techniques on camera.",marcenaria,UCIpdAVDZpyKd-N_IOIw8Tig,hands,furniture-woodworking,wave1,2026-09-14,filter,108
https://www.youtube.com/@wood-ing,@Wood-ing,톱밥티스트,812,74,4,"Korean furniture workshop channel showing table-making, clamping, and countertop repair alongside laser engraver setup.",목공,UCN_vRR_0ToetjCEEdsi0PsA,hands,furniture-woodworking,wave1,2026-09-14,filter,74
https://www.youtube.com/channel/ucuzmnq4tp7vdz8ct-rfg_pa,@woodandart63,چوب و هنر,42,65,4,Persian carpentry channel teaching techniques and tools for making wooden items.,نجاری,UCuzMNq4tP7VDZ8Ct-RFg_PA,hands,furniture-woodworking,wave1,2026-09-14,filter,65
https://www.youtube.com/@woodart88,@woodart88,Wood art (WoodArt_88),45000,57,4,"Hobbyist woodworking/carpentry channel run by an engineer, plausible bench-based furniture work.",نجارة,UCo9ferzqel43ELB114qG8Ew,hands,furniture-woodworking,wave1,2026-09-14,filter,57
https://www.youtube.com/@woodartchile,@woodartchile,WoodartCHILE oficial.,7200,230,4,"Chilean carpentry channel sharing tips, tricks and furniture-making projects (carpintería para todos).",carpinter,UCjvetv1KSNTGLtA8fYR72lg,hands,furniture-woodworking,wave1,2026-09-14,filter,230
https://www.youtube.com/@woodcommudiy,@woodcommuDIY,ウッドコミュ wood craft workshop,1300,65,4,"DIY woodworker building furniture like cribs, desks and sofas from scratch, hobbyist but furniture-focused.",木工,UC2tU1kMgG2tnXggb6xRomzA,hands,furniture-woodworking,wave1,2026-09-14,filter,65
https://www.youtube.com/@wooden_furniture,@wooden_furniture,WOODEN FURNITURE & GUITAR,1910,143,4,Woodworking/joinery/design channel name suggests furniture and guitar building with educational bent.,joinery,UCKmN5RaHIdS5kWpPSm8gp_g,hands,furniture-woodworking,wave1,2026-09-14,filter,143
https://www.youtube.com/@woodmaster6575,@woodmaster6575,WOOD MASTER ,1930,1305,4,"Carpenter channel showing wardrobe, kitchen cabinet and furniture builds in the workshop.",furniture maker,UCLG2zABtjxgiHvnY-uSGFzw,hands,furniture-woodworking,wave1,2026-09-14,filter,1305
https://www.youtube.com/@woodmedia2455,@woodmedia2455,Wood Media,819,117,4,"Russian channel making joinery items from solid wood, though titles show mixed small projects and tool bits.",столярн,UCpdzB71WwsVBPwZdk4p3liA,hands,furniture-woodworking,wave1,2026-09-14,filter,124
https://www.youtube.com/@woodworkbrazil,@WoodworkBrazil,Woodworks Brazil,2860,182,4,"German artisan offering practical marcenaria course, plain woodworking/furniture trade channel.",marcenaria,UCVDxSrgf2AQM9cHNGT08d6Q,hands,furniture-woodworking,wave1,2026-09-14,filter,182
https://www.youtube.com/@woodworkdiy,@woodworkdiy,เกียรติกร woodwork diy,121000,831,4,"Thai woodworking DIY channel aimed at teaching woodworking steps to beginners, aligns with hands-on furniture work.",งานไม้,UCUYGh9lfE1lKR9fx80rGKmw,hands,furniture-woodworking,wave1,2026-09-14,filter,831
https://www.youtube.com/@woodworkingchanel,@Woodworkingchanel,Woodworking chanel,37700,1985,4,Woodworking tutorial channel focused on furniture/carpentry learning content.,tukang kayu,UC5yARbhOso4voXO7lbTGapw,hands,furniture-woodworking,wave1,2026-09-14,filter,1988
https://www.youtube.com/@woodworkingprocess,@woodworkingprocess,Woodworking Process,5060,259,4,Indonesian tukang kayu channel described as about furniture-making process and the world of wood.,tukang kayu,UCDvczNclUhRZ2AAK7UjlYfw,hands,furniture-woodworking,wave1,2026-09-14,filter,259
https://www.youtube.com/@woodworkskilltv,@Woodworkskilltv,Woodwork Skill Tv,1520,185,4,"DIY woodworking skill channel installing cabinets, doors, chairs and tables with some mixed vlogs.",wood furniture,UCvXvNpu7ukggvFyKXm9rwzA,hands,furniture-woodworking,wave1,2026-09-14,filter,185
https://www.youtube.com/@xilofilia1970,@XILOFILIA1970,XILOFILIA,7450,696,4,"Long-running personal channel on carpentry, cabinetmaking and furniture from decades of hands-on experience.",carpinter | ebanister,UC0GedPzrpKaUPaHkZZ9-qmw,hands,furniture-woodworking,wave1,2026-09-14,filter,697
https://www.youtube.com/@youngminkim9527,@youngminkim9527,새싹공방[Sessak Wood Studio],36,50,4,Wood craft studio making wooden lamps with build videos showing the making process.,목공,UCn-wMI_F4Twh6HvQXjgAYAQ,hands,furniture-woodworking,wave1,2026-09-14,filter,50
https://www.youtube.com/@yousef_1.,@yousef_1.,Yousef / يوسف,1310,96,4,"DIY channel covering woodworking (نجارة) and metalworking projects, hands-on trade content.",نجارة,UCrwB4YYKx7vetIAbgqcRg1A,hands,furniture-woodworking,wave1,2026-09-14,filter,97
https://www.youtube.com/@youtubewoodworking,@YouTubeWoodworking,YouTube Woodworking,8570,955,4,"Woodworking channel focused on wood finishing/staining and techniques, adjacent to full builds.",木工,UCaDWLJjj-mf2SwhYNUW9i5A,hands,furniture-woodworking,wave1,2026-09-14,filter,955
https://www.youtube.com/@xawadix,@xawadix,مهاراتي وخبراتي,1410,69,4,"Arabic channel teaching carpentry and decoration skills and wood maintenance, a plain trade bio with no contrary signals.",carpentry,UC39Y5AK9zImJuerioXQIQ6Q,hands,furniture-woodworking,trial100,2026-09-14,,69
