url,handle,name,subscribers,videos_count,score_0_5,reason,discovery_keywords,channel_id,vertical,topic,stage,scored_at
https://www.youtube.com/@karmanov-01,@karmanov-01,💻 СЛАВНЫЙ РЕМОНТ 💻 ,340,93,5,"Russian channel dedicated to real laptop/PC repairs including diagnostics, soldering, board restoration and BIOS work.",ремонт ноутбуков,UCBhBoB8cfkNkQY-iYXNWn8g,hands,laptop-computer-repair,trial100,2026-09-14
https://youtube.com/c/jayztwocents,@Jayztwocents,JayzTwoCents,4340000,2746,4,"Established PC building and hardware channel with how-to content, though mixed with reviews and buyer guides.",PC building,UCkWQ0gDrqOCarmUKmppD7GQ,hands,laptop-computer-repair,trial100,2026-09-14
https://www.youtube.com/@pc_monkey,@PC_Monkey,PC Monkey,475000,531,4,"Channel explicitly focused on computer repair, upgrade and PC build videos for DIY audience.",computer repair,UCyKO9ljz1sfS975gjnlwpzA,hands,laptop-computer-repair,trial100,2026-09-14
https://www.youtube.com/@reparanoia,@Reparanoia,Marcos Mora,857,224,4,Dedicated channel showing real laptop and desktop diagnostics and repairs like screen issues and MacBook recovery.,computer repair,UCPLknRKHneFCobInJPoAhrQ,hands,laptop-computer-repair,trial100,2026-09-14
https://www.youtube.com/@technocomkendari,@TechnocomKendari,Technocom Kendari,18000,98,4,Indonesian laptop repair center channel dedicated to showcasing laptop and PC repair tutorials and technology content.,laptop repair,UCfxR4xqURvf9fYF5-tB_Xog,hands,laptop-computer-repair,trial100,2026-09-14
https://www.youtube.com/@thshopayaz,@ThshopAyaz,ThshopAyaz Tech,123,96,4,"Dedicated laptop motherboard repair channel covering BIOS programming, IC replacement, and troubleshooting tutorials.",laptop repair | laptop repairing | laptop motherboard | motherboard repair,UCvHzR08VtylSb5DEjBjLsCA,hands,laptop-computer-repair,trial100,2026-09-14
https://www.youtube.com/@compufactsystems1463,@compufactsystems1463, CFS- Chip Level Training Institute In Kolkata,3120,800,4,"Chip-level laptop and desktop motherboard repairing training institute with schematic and BIOS courses, strong hands-on repair evidence.",laptop repair | laptop repairing | motherboard repair | chip level repair | laptop service,UCcu6CB4wiCm6dHZd-rq1vvg,hands,laptop-computer-repair,trial100,2026-09-14
https://www.youtube.com/@itsupportsolution.n,@itsupportsolution.n,Uttam tech solution,120,138,4,"Titles show real laptop hardware jobs (no power issue, hinge fabrication, backlight issue) despite some software content in description.",computer repair | motherboard repair,UCJx0snoynyM2EuFymGyCrVg,hands,laptop-computer-repair,trial100,2026-09-14
https://www.youtube.com/@pctop_tech,@pctop_tech,pcTop,44,56,4,"Iranian laptop/computer repair clinic channel with titles showing fan service, laptop teardown and repair diagnostics on camera.",laptop repair | computer repair,UCG1hp7DgMtUkKc9GrOdc-aA,hands,laptop-computer-repair,trial100,2026-09-14
https://www.youtube.com/@raminfotechlaptopservice547,@raminfotechlaptopservice547,Ram infotech Laptop Service Chennai Pvt Ltd,33300,1620,4,"Laptop service center describing chip-level troubleshooting, motherboard and display repairs across multiple branches.",laptop motherboard | laptop service,UCywFjCjBEKW2AVo_ZMyFHsQ,hands,laptop-computer-repair,trial100,2026-09-14
https://www.youtube.com/@anyrepaireng,@AnyrepairENG,Anyrepair ENG,1870,74,5,Dedicated notebook board-level repair lab channel explicitly filming in-depth repairs for reference.,réparation ordinateur portable,UC6jg-NmvLCQxf7Y8RTeq4Gg,hands,laptop-computer-repair,wave1,2026-09-14
https://www.youtube.com/@btlh,@BTLH,BUKAN TEKNISI LAPTOP HANDAL,11600,107,5,"Dedicated laptop motherboard repair channel with course offering, focused on board-level repair work.",servis laptop | صيانة لابتوب | 笔记本维修 | réparation ordinateur portable,UCsjK_7mE5fiQAZc3gBGby8w,hands,laptop-computer-repair,wave1,2026-09-14
https://www.youtube.com/@bertronics,@Bertronics,BLworkshop,638,84,5,Laptop repair workshop with titles showing real diagnostic and charging-fault repair jobs on multiple laptop brands.,electronics repair | electronics technician workshop,UCd3Sr1gwoHmK1wn0JzKwZNA,hands,laptop-computer-repair,wave1,2026-09-14
https://www.youtube.com/@daymoncomputer,@DaymonComputer,Daymon Computer-Mac Expert,958,153,5,Dedicated MacBook chip-level repair channel explicitly showing practical repair work bench sessions.,laptop repair Bangla,UCuVSks3owfFmHxCt4q5KcrA,hands,laptop-computer-repair,wave1,2026-09-14
https://www.youtube.com/@deansrepairs,@DeansRepairs,DEANS REPAIRS,1700,157,5,"Dedicated repair shop channel with real console/laptop diagnostics, microsoldering, HDMI replacements and stick drift fixes.",computer repair | game console repair,UC7os6-rQYSmg1L3XDe4qTIQ,hands,laptop-computer-repair,wave1,2026-09-14
https://www.youtube.com/@dotlineit,@DotlineIt,Dot line It,363,109,5,"Dedicated laptop repair shop with titles showing no-power diagnostics, board-level checks, and screen/battery replacement work.",laptop repair | تعمیر لپ تاپ | 笔记本维修 | réparation ordinateur portable,UCsEvPQWq0qpc9VdyzxQxiqQ,hands,laptop-computer-repair,wave1,2026-09-14
https://www.youtube.com/@gcrp0584,@GCRP0584,Graphics Card Repair Pakistan,784,72,5,Dedicated graphics card repair shop channel with real GPU board repairs and game testing after fix.,electronics repair,UCnmcFU4J7ikZGBRu5OO3c7Q,hands,laptop-computer-repair,wave1,2026-09-14
https://www.youtube.com/@gamefixphilly,@Gamefixphilly,Gamefix Philly,311,810,5,"Established motherboard/HDMI board-level repair brand specializing in BGA, SMD and component rework with viral repair videos.",game console repair,UCQdW7Tt7Ft956gWEznroiaw,hands,laptop-computer-repair,wave1,2026-09-14
https://www.youtube.com/@juan4repair,@Juan4Repair,Juan4Repair,6220,142,5,"Dedicated Mac board-level repair channel covering logic board diagnostics, microsoldering, IC replacement step by step.",reparación de laptops,UCNCHRbujcgpFf8PDi14aEWA,hands,laptop-computer-repair,wave1,2026-09-14
https://www.youtube.com/@laptoptechnician,@LAPTOPTECHNICIAN,Laptop Technician,4280,102,5,"Explicitly real laptop repair videos from disassembly to completion, step-by-step process shown on camera.",laptop repair | صيانة لابتوب | 笔记本维修 | réparation ordinateur portable,UCWuCqj-QgOpwKTTB7K4QMGA,hands,laptop-computer-repair,wave1,2026-09-14
https://www.youtube.com/@laptopdisassembly,@LaptopDisassembly,Laptop Disassembly,10600,248,5,Channel explicitly dedicated to step-by-step laptop disassembly tutorials and small fixes.,laptop disassembly,UCmxYazWlemI_A_w0eWpGJaA,hands,laptop-computer-repair,wave1,2026-09-14
https://www.youtube.com/@laptoprepairaid,@LaptopRepairAid,LaptopRepairAid,2170,118,5,"Channel dedicated to laptop keyboard, LCD, hard drive and fan removal/disassembly tutorials.",laptop screen replacement,UCqZONj66W8eYtKO1JZAfeTw,hands,laptop-computer-repair,wave1,2026-09-14
https://www.youtube.com/@laptopnuts,@Laptopnuts,Laptop Nuts,7280,369,5,Dedicated laptop disassembly video blog showing internals across various laptop models for repair purposes.,laptop screen replacement | laptop disassembly,UChJfxeHe4r62t9EsxoUbRLA,hands,laptop-computer-repair,wave1,2026-09-14
https://www.youtube.com/@laptopscreen,@Laptopscreen,LaptopScreen.com,17000,245,5,"Dedicated channel of step-by-step laptop, tablet and iPhone screen replacement tutorials for numerous brands.",laptop screen replacement,UCLCwfbgROuoZoWbNqDjILhw,hands,laptop-computer-repair,wave1,2026-09-14
https://www.youtube.com/@masterliutechnology,@MasterLiuTechnology,Laptop Repair,5420,826,5,"Long-established MacBook motherboard repair channel with offline and live training courses, dedicated bench repair content.",laptop repair | laptop repairing | laptop screen replacement | laptop disassembly | laptop repair course | Laptop reparieren | electronics repair course,UCYPr1mAzC_1489nrwqUE8XA,hands,laptop-computer-repair,wave1,2026-09-14
https://www.youtube.com/@mr.tech310,@Mr.tech310,@mr.tech310,38,72,5,Titles show real dead-laptop and GPU no-display repairs with clear fault-to-fix bench work.,electronic repair | electronic repairing,UCKLcJ2ucENCInA_kV0Q0fAw,hands,laptop-computer-repair,wave1,2026-09-14
https://www.youtube.com/@port-repair,@Port-repair,Port-repair,4620,152,5,"Console repair workshop channel specializing in PS5, Switch and controller micro-soldering repairs shown weekly.",game console repair,UCI8d7Cx2ngdseTd85EBYOOQ,hands,laptop-computer-repair,wave1,2026-09-14
https://www.youtube.com/@serviceplanet,@SERVICEPLANET,SERVICE planet,3730,98,5,Dedicated laptop and desktop motherboard chip-level repair channel description directly matching the topic.,motherboard repair | laptop motherboard repair | chip level repair | صيانة لابتوب | تعمیر لپ تاپ | réparation ordinateur portable,UCbnmvssJcHFAyKz42Vk-8Qw,hands,laptop-computer-repair,wave1,2026-09-14
https://www.youtube.com/@screensurgeons,@ScreenSurgeons,Screen Surgeons,27800,501,5,Dedicated channel specifically for laptop screen replacement tutorials across brands and models.,laptop screen replacement,UCKmQVR05np3It4LaaUSxGoQ,hands,laptop-computer-repair,wave1,2026-09-14
https://www.youtube.com/@sellbrokedotcom,@Sellbrokedotcom,SellBroke,8360,350,5,"Dedicated laptop teardown, upgrade and repair channel with explicit step-by-step disassembly guides for multiple brands.",صيانة لابتوب | 笔记本维修 | réparation ordinateur portable,UCI0N0v_IKvFeywb3zHvn_uw,hands,laptop-computer-repair,wave1,2026-09-14
https://www.youtube.com/@sietechnotebookreparatur,@SiETechNotebookReparatur,SiE-Tech Notebook Reparatur,9580,326,5,Repair workshop diary channel showing identification and fixing of mainboard problems in detail.,laptop tamiri | Laptop reparieren,UC1lN1KHuBlldGsYRSSbSBLA,hands,laptop-computer-repair,wave1,2026-09-14
https://www.youtube.com/@thecod3r,@TheCod3r,TheCod3r,130000,1090,5,Dedicated console repair channel with how-to videos and livestreams on PS4/PS5/Xbox/Switch repairs.,console repair | game console repair | electronics repair,UCeHILuUwWmHDQqbocxUvVoA,hands,laptop-computer-repair,wave1,2026-09-14
https://www.youtube.com/@totalcomputersolution-d5y,@TotalComputerSolution-d5y,Total Computer Solution ,274,78,5,"Chip-level laptop repair channel with titles showing board-level diagnosis, voltage checks and no-power repairs on bench.",laptop repair | صيانة لابتوب | تعمیر لپ تاپ | réparation ordinateur portable,UCmhe2AwroxGSbKurkO4ynvw,hands,laptop-computer-repair,wave1,2026-09-14
https://www.youtube.com/@xiankalao,@XianKaLao,维修的大佬湿,1530,261,5,Dedicated GPU repair channel sharing hands-on graphics card maintenance and troubleshooting process daily.,笔记本维修,UCWgNcEwB-r3hp8PCPeWK3dQ,hands,laptop-computer-repair,wave1,2026-09-14
https://www.youtube.com/@a1sistembilisim,@a1sistembilisim,A1 Sistem Bilişim Mac iMac Laptop EkranKartı Tamir,580,231,5,"Titles show VRAM replacement, GPU repair and thermal maintenance on real laptops, dedicated hardware repair channel.",laptop tamiri,UCPWyhY3uhXwqlaSbNMsUoSw,hands,laptop-computer-repair,wave1,2026-09-14
https://www.youtube.com/@academia-santale,@academia-santale,Academia Santale,3100,63,5,"Dedicated laptop motherboard board-level repair academy covering EC-PCH, BIOS SPI, reballing and oscilloscope diagnostics.",reparación de laptops | reparación de fuentes de poder,UCNI02U_NSW3wuDnhdJ7NtCw,hands,laptop-computer-repair,wave1,2026-09-14
https://www.youtube.com/@anarbolorchimegg7643,@anarbolorchimegg7643,小波维修,774,281,5,"Chip-level laptop repair channel showing RAM upgrades, board-level work and real bench jobs on MacBooks and Asus laptops.",笔记本维修,UCfJQ__uoXu__oTPUsrXPIaQ,hands,laptop-computer-repair,wave1,2026-09-14
https://www.youtube.com/@chengyun1668,@chengyun1668,程工修笔记本,410,106,5,Dedicated laptop repair channel with authentic real repair footage explicitly emphasized as original technical documentation.,صيانة لابتوب | 笔记本维修 | réparation ordinateur portable,UC_WaPPI1Ve8CTZN2ULXnUFQ,hands,laptop-computer-repair,wave1,2026-09-14
https://www.youtube.com/@dellpartspeople,@dellpartspeople,Parts-People Dell Laptop Experts,411000,10144,5,Specialist channel diagnosing and repairing Dell/Alienware laptop motherboards on camera with 25 years expertise.,laptop motherboard | laptop repair | laptop repairing | laptop motherboard repair | laptop disassembly | computer repair shop | laptop repair Bangla | réparation ordinateur portable | Laptop reparieren | electronics repair | electronic repairing | TV motherboard repair,UCUdgDNPGYCRJraG3BGxF2UA,hands,laptop-computer-repair,wave1,2026-09-14
https://www.youtube.com/@easyfix247,@easyfix247,EASY FIX 24_7,232,73,5,"Titles show detailed step-by-step no-power laptop repair and full servicing videos, dedicated chip-level channel.",laptop motherboard | laptop motherboard repair | صيانة لابتوب | 笔记本维修 | réparation ordinateur portable,UCH71mg4Hxi-9J3md0epJ3vw,hands,laptop-computer-repair,wave1,2026-09-14
https://www.youtube.com/@etechnotebook,@etechnotebook,E-tech soluções em Notebook,1950,86,5,Dedicated notebook board-level repair channel teaching strategies for repairing notebook circuit boards.,reparación de laptops,UCl72R_3lzR1R-dePU2qGFJg,hands,laptop-computer-repair,wave1,2026-09-14
https://www.youtube.com/@hitech9742,@hitech9742,HiTech,166,92,5,"Dedicated laptop repair channel covering disassembly, hardware replacements, troubleshooting and upgrades with step-by-step tutorials.",laptop disassembly,UCmFeDht_-DcJ_CexPVYVl0A,hands,laptop-computer-repair,wave1,2026-09-14
https://www.youtube.com/@lapcoresolution,@lapcoresolution,LapCore Solution,227,137,5,"Dedicated motherboard/chip-level laptop repair channel with real workshop cases: BIOS fixing, short circuit, charging issues.",laptop repair | motherboard repair | laptop motherboard repair | laptop repair Bangla | صيانة لابتوب | 笔记本维修 | réparation ordinateur portable,UCA59rWIs8Z7dZjClGYQhG2w,hands,laptop-computer-repair,wave1,2026-09-14
https://www.youtube.com/@laptopcourse2,@laptopcourse2,Laptop Course 2,948,154,5,"Dedicated chip-level laptop repair course channel with motherboard fault-finding, MOSFET/IC testing, BIOS demos.",laptop repair | chip level repair | laptop motherboard repair | laptop repair course | Laptop reparieren,UCPqzjekhao4XcS7REsNXL4A,hands,laptop-computer-repair,wave1,2026-09-14
https://www.youtube.com/@laptopdisassembly9886,@laptopdisassembly9886,Laptop disassembly,6700,64,5,Silent hands-and-tools laptop disassembly videos explicitly for repair/learning purposes.,laptop disassembly | صيانة لابتوب | تعمیر لپ تاپ | 笔记本维修 | réparation ordinateur portable,UCzE0q-LGrRq22833Ld77Aeg,hands,laptop-computer-repair,wave1,2026-09-14
https://www.youtube.com/@laptopecho,@laptopecho,Laptop Echo,1470,93,5,"Silent hands-on teardown and RAM/SSD upgrade tutorial channel with no talking, purely visual disassembly work.",laptop disassembly,UC5rSJ_91ZzEgKsHuEA763Pg,hands,laptop-computer-repair,wave1,2026-09-14
https://www.youtube.com/@mactechvenezuela,@mactechvenezuela,Mac Tech Venezuela,1770,143,5,Component-level MacBook and iMac repair channel explicitly focused on board-level hardware repairs.,reparación de laptops,UCGQFJdZaRXkxDseaqEqtYRw,hands,laptop-computer-repair,wave1,2026-09-14
https://www.youtube.com/@mpdavig,@mpdavig,XFiX,11100,84,5,"Dedicated Xbox repair/mod channel with specific titled videos on thermal paste, fan swaps, drive repairs and no-power fixes.",console repair | game console repair,UCDiiRMe1ew0S08we5INEmAw,hands,laptop-computer-repair,wave1,2026-09-14
https://www.youtube.com/@nityatechinstitute,@nityatechinstitute,Nitya Tech Institute,7770,252,5,"Advanced chip-level training institute covering schematics, boardview, BIOS programming and live practical repair sessions.",laptop repairing | laptop motherboard repair | chip level repair | laptop disassembly | laptop repair course | laptop repairing Hindi | computer repairing Hindi,UCnthW0zclWXf0BPrbrGIJnQ,hands,laptop-computer-repair,wave1,2026-09-14
https://www.youtube.com/@northwestrepair,@northwestrepair,northwestrepair,230000,432,5,Titles show detailed GPU repair on Alienware laptops with board-level troubleshooting and error codes.,laptop motherboard repair | laptop disassembly,UCvDDbj3qJYg-5FSPFWJxqMw,hands,laptop-computer-repair,wave1,2026-09-14
https://www.youtube.com/@retroregenrepairs,@retroregenrepairs,Retro Regen,138,93,5,Documents actual bench work repairing and restoring vintage consoles and computers.,console repair,UCvuM69oZzExaBpirChNFW9g,hands,laptop-computer-repair,wave1,2026-09-14
https://www.youtube.com/@seninfotechpurnia,@seninfotechpurnia,SEN INFOTECH PURNIA,401,133,5,Laptop service center channel with titles showing chip-level motherboard tracing and no-power diagnosis step by step.,chip level repair | laptop service | laptop repair course,UC6ouFEMKMLITElbDiuVNaYg,hands,laptop-computer-repair,wave1,2026-09-14
https://www.youtube.com/@%d0%a0%d0%b5%d0%bc%d0%be%d0%bd%d1%82%d0%90%d0%9a%d0%91,@%D0%A0%D0%B5%D0%BC%D0%BE%D0%BD%D1%82%D0%90%D0%9A%D0%91,Laptop Battery Lab,269,90,4,"Video blog specifically about laptop battery repair, a focused hands-on hardware repair niche.",reparación de laptops | ремонт ноутбуков,UCFMsBSUhiOMk0nkIzck2j1g,hands,laptop-computer-repair,wave1,2026-09-14
https://www.youtube.com/@%e0%b9%82%e0%b8%95%e0%b9%8a%e0%b8%b0%e0%b8%8a%e0%b9%88%e0%b8%b2%e0%b8%87,@%E0%B9%82%E0%B8%95%E0%B9%8A%E0%B8%B0%E0%B8%8A%E0%B9%88%E0%B8%B2%E0%B8%87,Repair table,40500,912,4,"Thai repair shop channel covering notebook CPU swaps, mainboard PC repair, and console repair.",ซ่อมคอมพิวเตอร์,UCnj23GOnqoVexTWJz4rUURA,hands,laptop-computer-repair,wave1,2026-09-14
https://www.youtube.com/@%e5%88%98%e5%a4%a7%e5%b8%88%e5%85%84%e7%ac%94%e8%ae%b0%e6%9c%ac%e7%bb%b4%e4%bf%ae,@%E5%88%98%E5%A4%A7%E5%B8%88%E5%85%84%E7%AC%94%E8%AE%B0%E6%9C%AC%E7%BB%B4%E4%BF%AE,刘大师兄笔记本维修,576,80,4,"Dedicated MacBook/laptop chip-level repair channel with 18 years experience, screen and board repair focus.",صيانة لابتوب | 笔记本维修 | réparation ordinateur portable,UCnRobW80vfLrruhs8siztFA,hands,laptop-computer-repair,wave1,2026-09-14
https://www.youtube.com/@%e5%b0%8f%e6%b3%a2%e7%bb%b4%e4%bf%ae,@%E5%B0%8F%E6%B3%A2%E7%BB%B4%E4%BF%AE,小波维修,2660,574,4,Laptop motherboard chip-level and signal-level repair specialist with 13 years experience described.,笔记本维修,UCrBHiPUeFx2MFNpOnIzeXWQ,hands,laptop-computer-repair,wave1,2026-09-14
https://www.youtube.com/@%e5%b0%8f%e9%a9%ac%e8%a3%85%e6%9c%ba,@%E5%B0%8F%E9%A9%AC%E8%A3%85%E6%9C%BA,小马装机日记,2310,118,4,Door-to-door PC building diary channel focused on cable management and turning parts into finished builds.,装机,UCtn8HDvB8vEm8MrAQ_c2FMg,hands,laptop-computer-repair,wave1,2026-09-14
https://www.youtube.com/@%e7%ac%94%e8%ae%b0%e6%9c%ac%e7%bb%b4%e4%bf%ae%e9%a6%86%e5%a4%a7%e5%b8%88%e5%85%84,@%E7%AC%94%E8%AE%B0%E6%9C%AC%E7%BB%B4%E4%BF%AE%E9%A6%86%E5%A4%A7%E5%B8%88%E5%85%84,笔记本维修馆大师兄,1490,97,4,"Professional computer repair channel name with description promising hands-on repair sharing, laptop repair focus.",笔记本维修,UCb4ZFzgA1OXtAXJPUlMg_xQ,hands,laptop-computer-repair,wave1,2026-09-14
https://www.youtube.com/@101gigabyte,@101Gigabyte,101 Gigabyte ,348,108,4,"Channel explicitly covers computer/laptop repairs, maintenance, cleaning and PC component assembly and upgrades.",сборка ПК,UCwOZmjotVgaSMVDpK0VFKnA,hands,laptop-computer-repair,wave1,2026-09-14
https://www.youtube.com/@365laptoprepairla,@365laptoprepairLA,365 Laptop Repair,6280,178,4,Repair shop channel explicitly aiming to show tutorial videos of screen replacements and computer repairs.,laptop repair | computer repair | laptop repairing | laptop motherboard repair | laptop screen replacement | laptop disassembly | Laptop reparieren,UCEOBXqwfBTVqhLES4eFpRiw,hands,laptop-computer-repair,wave1,2026-09-14
https://www.youtube.com/@616pcrepair,@616pcrepair,616 PC Repair,1910,63,4,"Small dedicated laptop repair channel filming actual repair jobs, though sporadic uploads.",laptop disassembly,UC4YsBmuTfOBb_JbfzRUEfJg,hands,laptop-computer-repair,wave1,2026-09-14
https://www.youtube.com/@ascomputers-lr6sc,@ASComputers-lr6sc,AS COMPUTERS - Motherboard Chiplevel Repair,70,53,4,"Motherboard chip-level repair shop with titles showing MacBook display change, battery replacement and charging repair.",laptop repair | computer repair | computer repairing | chip level repair | SMPS repair | monitor repair,UCkS6OSQeggcO32ewjaC0N2g,hands,laptop-computer-repair,wave1,2026-09-14
https://www.youtube.com/@aditya11ttt,@Aditya11ttt,Aditya11ttt,37000,445,4,Dedicated laptop chip-level repair training channel offering hands-on internship-style repair instruction on hard disks and laptops.,laptop repair | laptop disassembly | laptop repair course,UCXbA-gXbMAKbUKImRX-HBHg,hands,laptop-computer-repair,wave1,2026-09-14
https://www.youtube.com/@andy-ser,@Andy-SER,Swindon Electronic Repairs,3040,558,4,"Titles show Steam Deck repair and charity repair stream, hands-on electronics fixing format.",electronics repair | electronic repairing | réparation électronique | Elektronik reparieren,UCEbhwelkaCVnxvzL9zXXaiw,hands,laptop-computer-repair,wave1,2026-09-14
https://www.youtube.com/@apex.technology,@Apex.Technology,"Сборка современных ПК, ремонт ноутбуков",183,133,4,"Channel focused on modern PC building and laptop repair, core hands-on hardware assembly content.",ремонт ноутбуков,UCrmWI_YKfE4wAeIVgFwfUoQ,hands,laptop-computer-repair,wave1,2026-09-14
https://www.youtube.com/@arvutibuilds,@ArvutiBuilds,Arvuti Builds,263,120,4,Step-by-step custom PC build guide covering component selection and assembly with precision.,PC build | gaming PC build,UC8x4FNhZS_8LpGFOG9HXl9w,hands,laptop-computer-repair,wave1,2026-09-14
https://www.youtube.com/@ashikcomputerandhardwarelab,@AshikComputerAndHardwareLab,Ashik Computer and Hardware Lab,128000,3190,4,"Chip-level laptop/desktop repair training and service lab in Bangladesh, strong hands-on hardware focus.",laptop repair Bangla,UCEU8koQrTuJrKv4fz_cAoJA,hands,laptop-computer-repair,wave1,2026-09-14
https://www.youtube.com/@bobjohnson,@Bobjohnson,Bob Johnson's Computer Stuff Inc.,19800,1048,4,Toughbook refurbish/repair shop channel with repair tutorials mixed with rugged laptop reviews.,laptop disassembly,UCdbuXeiBYZHzEU158JyGMvA,hands,laptop-computer-repair,wave1,2026-09-14
https://www.youtube.com/@buyitfixit,@BuyitFixit,Buy it Fix it,86400,316,4,Long-running electronics and amusement machine/video game repair hobbyist channel with hands-on fix attempts.,game console repair,UChwnFBBtasi2kn2TDK5OsWg,hands,laptop-computer-repair,wave1,2026-09-14
https://www.youtube.com/@crepara,@CREPARA,C-REPARA,13000,57,4,"Electronics repair channel covering phones, laptops, consoles and microsoldering board-level work broadly.",reparación de laptops | reparación de computadoras,UCEkDBJf5vn5ueB6kDsGr3kQ,hands,laptop-computer-repair,wave1,2026-09-14
https://www.youtube.com/@cabridiy,@CabriDIY,CabriDIY,60500,281,4,"French gaming hardware repair content creator with dedicated repair service, likely hands-on console/PC fixes.",console repair,UCuct2fNB1nSdS8Dl6XzdA1g,hands,laptop-computer-repair,wave1,2026-09-14
https://www.youtube.com/@christopherflannigan,@ChristopherFlannigan,Christopher Flannigan,104000,772,4,"Channel explicitly offers full step-by-step PC build guides for various budgets, strong hands-on build format.",PC building | gaming PC build,UC6qtJp2I5yUaEec7xb5TwyA,hands,laptop-computer-repair,wave1,2026-09-14
https://www.youtube.com/@chromebookparts,@Chromebookparts,ChromebookParts.com,3380,453,4,"Chromebook parts supplier promoting self-repair with resources, likely has repair tutorial videos supporting hardware replacement.",laptop disassembly,UC0m1NHPKl_DaX1XMziq2_3w,hands,laptop-computer-repair,wave1,2026-09-14
https://www.youtube.com/@classicconsolerepairs,@ClassicConsoleRepairs,Classic Console Repairs,245,91,4,"Rebuilding classic consoles and handhelds with mods, clear hands-on repair/restoration focus.",console repair | game console repair,UC5yRiK1h01NkoBLFZlCElZg,hands,laptop-computer-repair,wave1,2026-09-14
https://www.youtube.com/@computechsanzo,@Computechsanzo,COMPUTECH SANZO,176,269,4,"POV/FPV PC build videos showing real component installation, thermal paste and cable management.",PC build,UCXcjznVGbvx6QJznLnrtmOg,hands,laptop-computer-repair,wave1,2026-09-14
https://www.youtube.com/@consoletechtamil,@ConsoleTechTamil,CONSOLE TECH TAMIL,2070,182,4,"Console repair service centre (PS/Xbox) filming service work, likely real bench jobs in Tamil.",console repair,UC7JGNj2AUwnrLQkhGGYQS5w,hands,laptop-computer-repair,wave1,2026-09-14
https://www.youtube.com/@consoletherapy,@ConsoleTherapy,Console Therapy,5260,86,4,"Dedicated console repair channel offering step-by-step troubleshooting and DIY fixes for PS5, Xbox, Switch.",console repair | game console repair,UCqem6ZyB9Xh_-ZHcdr0bOmg,hands,laptop-computer-repair,wave1,2026-09-14
https://www.youtube.com/@custompaynts,@CustomPaynts,Custom Paynts,212,100,4,"Xbox modding, cleaning and repair channel with hands-on console hardware work as main content.",console repair,UCOrtEjIJAlemPOnDP2xuhKQ,hands,laptop-computer-repair,wave1,2026-09-14
https://www.youtube.com/@drbioscom,@DrBioscom,Dr-Bios com,24700,153,4,Dedicated laptop repairing training institute since 2014 teaching step-by-step chip-level repair skills.,laptop repair | laptop repairing | laptop motherboard repair,UCSfhNaQ8qN7h-FLjEgo0fqg,hands,laptop-computer-repair,wave1,2026-09-14
https://www.youtube.com/@drboardfix,@DrBoardFix,DrBoardFix,888,80,4,Dedicated motherboard repair training channel promising practical chip-level diagnostic steps for real bench techniques.,laptop motherboard | motherboard repair | laptop motherboard repair,UCdVR_vA1IDhxT_FwT7G2iug,hands,laptop-computer-repair,wave1,2026-09-14
https://www.youtube.com/@ecb_it_hub,@ECB_IT_HUB,Rajeev R krishnan,229,117,4,Titles show BIOS programming and laptop motherboard chip-level service work on camera.,laptop service | chip level repair,UCkP5CK5wO7RGiaVW9ZGF0Dw,hands,laptop-computer-repair,wave1,2026-09-14
https://www.youtube.com/@easyconsolefixes,@EasyConsoleFixes,Easy Console Fixes,2200,60,4,Retro and modern console repair attempts channel with clear hands-on troubleshooting focus.,console repair,UCH8AdSdxhpDaf0v-U_obqug,hands,laptop-computer-repair,wave1,2026-09-14
https://www.youtube.com/@fcom39,@FCOM39,Lo So F,39900,743,4,Channel teaching PC/notebook motherboard repair and power supply repair for beginners and technicians.,ซ่อมคอมพิวเตอร์,UCe7lACVGOQuHg8ZWJlGTsRQ,hands,laptop-computer-repair,wave1,2026-09-14
https://www.youtube.com/@fixkey,@FIXKEY,HOW TO FIX Laptop Key,181,79,4,"Specialized channel providing tutorials for laptop keyboard key repair/replacement, a narrow hands-on hardware niche.",laptop disassembly,UCx8zPLKI1LHIdUhPJ4Zd_jg,hands,laptop-computer-repair,wave1,2026-09-14
https://www.youtube.com/@flfnpc,@FLFnPC,FLFn,154000,61,4,Channel explicitly films PC builds and custom case work on camera as its main activity.,сборка ПК,UCPO6-1DHznXMH0ay6PQuuqA,hands,laptop-computer-repair,wave1,2026-09-14
https://www.youtube.com/@faultfindinggame,@FaultFindingGame,Fault Finding Game,16000,237,4,"Experienced laptop/desktop engineer sharing repair videos, strong hands-on hardware repair evidence.",laptop motherboard repair,UC5FfVImLTJzFlCNXVS-IPqw,hands,laptop-computer-repair,wave1,2026-09-14
https://www.youtube.com/@fixitright911,@FixItRight911,FixItRight,215,311,4,Dedicated repair tutorial channel with screen replacement and hard drive upgrade step-by-step content.,computer repair | laptop screen replacement | laptop motherboard repair | laptop repair course,UCfmHONT_75ZmF4IxNSx9_9A,hands,laptop-computer-repair,wave1,2026-09-14
https://www.youtube.com/@fixmoi,@FixMoi,Fix Moi,401,139,4,"Electronics repair channel emphasizing microsoldering, strong board-level repair signal.",console repair | game console repair,UCt061gUwz-a4AIrOTjMB9xg,hands,laptop-computer-repair,wave1,2026-09-14
https://www.youtube.com/@fixmorewasteless,@FixMoreWasteLess,Fix More Waste Less,5100,61,4,Dedicated console repair hobbyist channel documenting bricked console repairs and mods.,console repair | game console repair,UC0WuHAq9GsdJ7yfeP-ak8iw,hands,laptop-computer-repair,wave1,2026-09-14
https://www.youtube.com/@fixandrepairdaily,@FixandRepairDaily,Fix and Repair Daily,154,53,4,Retro tech and console repair/preservation channel focused on fixing old computers and games.,game console repair,UCBLySBGudxkM5m0JMV_EQ5g,hands,laptop-computer-repair,wave1,2026-09-14
https://www.youtube.com/@fixitlaptop,@FixitLaptop,Fixit,2570,121,4,Name and description directly indicate laptop chip-level repair course content.,laptop repair course | electronics repair course,UCz_afVUGndKThCqKoWBbGNw,hands,laptop-computer-repair,wave1,2026-09-14
https://www.youtube.com/@frenchmac.fr-shorts,@FrenchMac.fr-shorts,French Mac,677,121,4,MacBook repair shop channel with titles showing real repair jobs on damaged and faulty laptops.,réparation ordinateur portable,UC_bDtzeoHdFZ5bqmqJmOppg,hands,laptop-computer-repair,wave1,2026-09-14
https://www.youtube.com/@gametechrefuge,@GameTechRefuge,Game Tech Refuge,1550,58,4,Soldering-focused console repair/hobby channel with hands-on hardware work implied by description.,game console repair,UCMeqbD202qj2mytjr7Uu1Rg,hands,laptop-computer-repair,wave1,2026-09-14
https://www.youtube.com/@gamesrepair001,@Gamesrepair001,Sv Game repairing ,770,134,4,"Dedicated console repair channel covering PS/Xbox hardware, accessories repair, with some software content mixed in.",console repair | game console repair,UCZ_Bo1xnRzmW00rHb9iPR4g,hands,laptop-computer-repair,wave1,2026-09-14
https://www.youtube.com/@gamextc,@Gamextc,Gamextc,2420,163,4,Console customization/repair channel with teardown videos and step-by-step guides across multiple console brands.,game console repair,UCugGRb9bAB37T6ItI4Sclfw,hands,laptop-computer-repair,wave1,2026-09-14
https://www.youtube.com/@gogamers,@GoGamers,Go Gamers,18300,178,4,Game store owner filming repair and information videos for PS4/Xbox/Nintendo consoles with real repair experience.,computer repair | console repair | game console repair,UCYfX9c1Q_8eWLSsnPeyKSLA,hands,laptop-computer-repair,wave1,2026-09-14
https://www.youtube.com/@haige-no.1,@Haige-No.1,海哥电脑维修,1180,419,4,Desktop and laptop computer repair channel sharing everyday repair experience in a lighthearted tone.,笔记本维修,UC95jMLM6BqBXbbPdec4BltA,hands,laptop-computer-repair,wave1,2026-09-14
https://www.youtube.com/@halifaxcomputersrepair,@HalifaxComputersRepair,Halifax Computers Repair,143,138,4,"Real repair videos shown: CMOS battery hardwiring, RAM installation, motherboard sourcing at a repair shop.",computer repair | computer repair shop,UC5hTKApL9ya0fWmik4-8N9Q,hands,laptop-computer-repair,wave1,2026-09-14
https://www.youtube.com/@harshadpatel,@HarshadPatel,Harshad Patel – Laptop Chip-Level Repair Expert,63900,223,4,Experienced laptop motherboard chip-level repair expert channel emphasizing real repair cases and diagnostics since 1998.,laptop repair | laptop motherboard | motherboard repair | laptop repairing | laptop motherboard repair | chip level repair | laptop repair course | laptop repairing Hindi | computer repairing Hindi | Laptop reparieren,UCe__oKXxu-HjrMd0Vv7U_KA,hands,laptop-computer-repair,wave1,2026-09-14
https://www.youtube.com/@helloengineer0002,@HelloEngineer0002,Hello Engineer,3370,599,4,"Tech channel emphasizing laptop motherboard schematic/boardview microsoldering repair, though also covers phone board repair.",laptop repair | laptop motherboard | motherboard repair | chip level repair | laptop repair course | chip level | motherboard repair | microsoldering,UCvEYAumBV-5HYShPw9pjpFQ,hands,laptop-computer-repair,wave1,2026-09-14
https://www.youtube.com/@hussaini2026,@Hussaini2026,Hussaini~2026,24,65,4,"Laptop/desktop repair shop channel explicitly showing troubleshooting, diagnosis, repair and testing steps.",laptop repair Bangla,UC9frHHv3c1R4ZMSy-Rub5LA,hands,laptop-computer-repair,wave1,2026-09-14
https://www.youtube.com/@itcarecomputer,@ITCARECOMPUTER,IT CARE COMPUTER,2310,119,4,"Dedicated laptop/desktop chip-level repairing institute offering schematic, BIOS editing and motherboard repair courses with practical videos.",laptop repair | laptop repairing | motherboard repair | chip level repair | laptop motherboard repair | laptop repair course | laptop repair Bangla | تعمیر لپ تاپ | réparation ordinateur portable,UC0IjS2q67rhjN5v1DgNei4w,hands,laptop-computer-repair,wave1,2026-09-14
https://www.youtube.com/@inventors104,@Inventors104,Inventor 104,1430,133,4,Channel dedicated to troubleshooting dead laptops with detailed component-level diagnostic instructions.,صيانة لابتوب,UCzmitvdEelbD2m8U-snnb3g,hands,laptop-computer-repair,wave1,2026-09-14
https://www.youtube.com/@japanistec,@Japanistec,Japanistec,889,130,4,"Electronics repair channel focused on GPU, PC and laptop hardware failures, liquid damage and short circuits.",electronics repair,UCw6CqZzrUxgyVqM9wKYyyOQ,hands,laptop-computer-repair,wave1,2026-09-14
https://www.youtube.com/@joeydoesshorts,@JoeyDoesShorts,Joey Does Shorts,86100,209,4,Short-form console/laptop repair diagnostics channel showing power draw testing and fault fixing across devices.,console repair,UCxzugQN-OxxTASVgkP3YwOg,hands,laptop-computer-repair,wave1,2026-09-14
https://www.youtube.com/@justinspiredkent,@JustInspiredKent,JustInspired Computer Repair,995,250,4,"Family-run computer and console repair shop explicitly filming real repair videos on laptops, desktops and consoles.",laptop repair | computer repair | console repair | game console repair | computer repair shop | electronics repair | power supply repair,UCQtc_iOYwB5mVCFmmiNeGWQ,hands,laptop-computer-repair,wave1,2026-09-14
https://www.youtube.com/@justnoteservice,@JustNoteService,JustNote,64400,213,4,"Service center channel showing internal work, equipment and tools reviews, hands-on laptop repair focus.",ремонт ноутбуков,UCTzaX6UqsLEW8xHFjjz6Upw,hands,laptop-computer-repair,wave1,2026-09-14
https://www.youtube.com/@karimakeservice,@KARIMAKESERVICE,KARIMAKESERVICE,57,78,4,"Laptop, PC and printer repair channel with technician tutorials and real field service damage analysis.",servis laptop | electronics repair,UCo-sU02-Xrglgb5VqnAezdg,hands,laptop-computer-repair,wave1,2026-09-14
https://www.youtube.com/@klsschool,@KLSSCHOOL,Yousup Meah,22800,187,4,Dedicated chip-level laptop/motherboard repair training institute channel with CRO/DSO fault-finding content.,laptop repair | laptop motherboard | motherboard repair | chip level repair | laptop repair course | laptop repair Bangla,UCgcn1psJXsOMjIv4olGrRJQ,hands,laptop-computer-repair,wave1,2026-09-14
https://www.youtube.com/@kangetsespc,@KangetsesPC,Kang et ses PC,150000,192,4,"Hardware-focused French channel with GPU VRAM mod, PC transformation build, and market investigation videos showing hands-on work.",montage PC,UC3-dl8nKItitMxM9DNTDAfQ,hands,laptop-computer-repair,wave1,2026-09-14
https://www.youtube.com/@khmerlaptoprepair,@Khmerlaptoprepair,KHMER Laptop Repair,4200,896,4,"Khmer-language laptop repair shop listing detailed chip-level and mainboard repair services with pricing, strong hardware focus.",laptop repair | laptop screen replacement | Laptop reparieren | monitor repair | UPS repair,UCGsmCwuFmgtktOiNnD3BpxA,hands,laptop-computer-repair,wave1,2026-09-14
https://www.youtube.com/@laptop_fix_2025,@LAPTOP_FIX_2025,Laptop Home Repair,5080,257,4,"Description explicitly lists laptop hardware repair, motherboard repair and maintenance tutorials, strong topic match by keywords.",laptop repair | computer repair | motherboard repair | laptop service | laptop repairing | laptop motherboard repair | laptop repair course | laptop repair Bangla | صيانة لابتوب | laptop tamiri | 笔记本维修 | réparation ordinateur portable | Laptop reparieren,UCWGWXw6mTKVbpTPLRWSYtOQ,hands,laptop-computer-repair,wave1,2026-09-14
https://www.youtube.com/@lcdguarantee,@LCDGuarantee,LCD Guarantee,179,59,4,"Laptop screen repair tutorials with step-by-step guides, though also includes product reviews and tips.",laptop screen replacement | monitor repair,UC8V5RZnJq2YbgzER7a50kTw,hands,laptop-computer-repair,wave1,2026-09-14
https://www.youtube.com/@lciit,@LCIIT,LCIIT,49600,841,4,Dedicated chip-level laptop repairing training institute channel with structured courses covering board-level repair skills.,laptop repair | laptop repairing | motherboard repair | chip level repair | laptop repair course | laptop repairing Hindi | computer repairing Hindi | Laptop reparieren | chip level | motherboard repair,UCLpZ97yUC-EUCoFQKIyKIZA,hands,laptop-computer-repair,wave1,2026-09-14
https://www.youtube.com/@labcompgreece,@LabCompGreece,"Lab CompGreece - Ремонт компьютеров, гаджетов",9050,124,4,"Repair channel showing disassembly and cleaning of laptops and electronics, explicit demonstration intent stated.",ремонт ноутбуков,UC3-l3LEi6JvOv04xV_qjO2Q,hands,laptop-computer-repair,wave1,2026-09-14
https://www.youtube.com/@lapremtop,@LapRemTop,LapRemTop,7440,295,4,"Channel explicitly focused on laptop repair topics with ongoing content expansion, hands-on repair implied.",reparación de laptops | صيانة لابتوب | تعمیر لپ تاپ | ремонт ноутбуков | 笔记本维修,UCCrRT3nXBYAYdI1zuYcbzhw,hands,laptop-computer-repair,wave1,2026-09-14
https://www.youtube.com/@lapzen1293,@LapZen1293,LapZen,1120,144,4,"Laptop/AIO/MacBook repair channel listing specific hardware faults like dead laptop, battery, overheating, liquid damage.",صيانة لابتوب | تعمیر لپ تاپ | réparation ordinateur portable,UCDzfKQ-Vxxf-dpzq9sSz8nA,hands,laptop-computer-repair,wave1,2026-09-14
https://www.youtube.com/@lappymaster100,@LappyMaster100,Lappy Master100 ,112,102,4,"Laptop motherboard repair channel with titles showing water damage repair, dead laptop diagnosis, hands-on hardware work.",motherboard repair | laptop motherboard repair,UC60MtuDBJj2edFQLGHec6FA,hands,laptop-computer-repair,wave1,2026-09-14
https://www.youtube.com/@laptopcourse,@LaptopCourse,PAVITHRA LAPTOP CARE,7960,626,4,Laptop chip-level course channel with BIOS editing title showing specific hands-on hardware repair content.,laptop repair course,UCVaWmwyZf_bRklqPrppGLQw,hands,laptop-computer-repair,wave1,2026-09-14
https://www.youtube.com/@laptopdisassembly12cmf,@LaptopDisassembly12cmf,Laptop Disassembly,7070,379,4,"Channel explicitly about laptop disassembly and fixing, directly matching the disassembly topic.",laptop motherboard repair | laptop disassembly | صيانة لابتوب | 笔记本维修 | réparation ordinateur portable,UCsFl3pylPGOysKUS2gfBh0g,hands,laptop-computer-repair,wave1,2026-09-14
https://www.youtube.com/@laptopfixprojapan,@LaptopFixProJAPAN,Various disassembly methods ,3770,298,4,"Channel dedicated to detailed disassembly/repair demos of Mac, PCs, tablets, game consoles and phones.",笔记本维修,UC4PaWKOuYunk5yMT2ey_S1Q,hands,laptop-computer-repair,wave1,2026-09-14
https://www.youtube.com/@laptoprepairguy,@LaptopRepairGuy,笔记本维修厮,158000,1049,4,"Dedicated laptop repair channel discussing diagnosing and fixing laptops, likely hands-on bench work with lower title evidence.",笔记本维修 | صيانة لابتوب,UCgaTQ4N7-Q50UTLkYSHslCQ,hands,laptop-computer-repair,wave1,2026-09-14
https://www.youtube.com/@laptoprepairwala07,@LaptopRepairWala07,Laptop Repair Wala,169,129,4,Channel explicitly dedicated to laptop repairing videos by name and description.,laptop repair | laptop repairing | Laptop reparieren,UCQt6iz8CinGwteZgcxXs51Q,hands,laptop-computer-repair,wave1,2026-09-14
https://www.youtube.com/@laptoprepairingcourse,@Laptoprepairingcourse,SRGinfoTech Laptop Repairing & Training institute,10900,180,4,Dedicated laptop repair training institute channel emphasizing chip-level practical training courses.,laptop repair | laptop repairing | chip level repair | laptop repair course | laptop repairing Urdu | صيانة لابتوب | تعمیر لپ تاپ | 笔记本维修 | réparation ordinateur portable,UCAZF97lrhr0vdA3o9ehC5Dg,hands,laptop-computer-repair,wave1,2026-09-14
https://www.youtube.com/@laptoprepairmaster,@Laptoprepairmaster,Laptop repair master,2110,234,4,"Chip-level maintenance and screen pressing team for MacBooks and notebooks, strong hardware repair signal.",laptop repair | laptop repairing,UCGvmxIh05VFOSc1TIhbatXg,hands,laptop-computer-repair,wave1,2026-09-14
https://www.youtube.com/@laptops_gyan,@Laptops_gyan,The Laptop Fixer 💻,138,86,4,Dedicated laptop chip-level repair channel with practical training content and hardware tool videos.,chip level repair,UCY8qOIYOtNv8lb39brioUgg,hands,laptop-computer-repair,wave1,2026-09-14
https://www.youtube.com/@metapcs,@METAPCs,META PCs,1690000,1929,4,"Custom PC building shop with titles showing hands-on builds, troubleshooting, and mini PC assembly.",PC building | gaming PC build | montagem de PC,UCiKNvzMjBFowg5Sj6pevymA,hands,laptop-computer-repair,wave1,2026-09-14
https://www.youtube.com/@mac789macbooknotebookpc,@Mac789MacbookNotebookPc,Mac 789 ศูนย์ซ่อม Macbook Notebook Pc ปทุมธานี,1650,138,4,Macbook/notebook repair center listing screen replacement and RAM upgrades across many brands.,ซ่อมคอมพิวเตอร์,UC1oY_actm0Fl9gwR9k6GZOg,hands,laptop-computer-repair,wave1,2026-09-14
https://www.youtube.com/@macbookrepairsexpertmaccare,@MacBookRepairsExpertMaccare,MacBook Repair Center Laptop Repair Expert Maccare,1110,333,4,"Chip-level repair, training and data recovery center for laptops/MacBooks/desktops, strong hardware repair signals.",laptop repairing | chip level repair,UCqHTlG-NpNPbaY6-3nORHEA,hands,laptop-computer-repair,wave1,2026-09-14
https://www.youtube.com/@machonachoproductions,@MachoNachoProductions,Macho Nacho Productions,442000,307,4,Dedicated retro gaming mod/repair channel with titles on Pokemon tech repairs and PS2 modding.,console repair | game console repair,UC4CsqctrGOn4NTz09sAhXwQ,hands,laptop-computer-repair,wave1,2026-09-14
https://www.youtube.com/@maytinh1166khavancan,@MayTinh1166KhaVanCan,Calculator 1166 Kha Van Can,21500,903,4,"PC/laptop hardware channel focused on mainboard, PSU repair experience sharing with practical troubleshooting content described.",sửa máy tính,UCLNDhMXx0tXY0aNrpCs7Hfg,hands,laptop-computer-repair,wave1,2026-09-14
https://www.youtube.com/@medijasleen,@MediJasleen,Medi Jasleen,4450,115,4,Indonesian vlog by a laptop technician/teacher covering laptop and electronics repair as regular content.,صيانة لابتوب | 笔记本维修 | réparation ordinateur portable,UCRXNQ4BL1w7JoX7HATKkugA,hands,laptop-computer-repair,wave1,2026-09-14
https://www.youtube.com/@micromagerepair,@MicroMageRepair,Micro Mage Repair,4470,376,4,Console repair and micro-soldering education channel with strong repair/soldering/training hashtag focus.,console repair | game console repair,UC3knEJpo0vLo-bUfkgUGAVA,hands,laptop-computer-repair,wave1,2026-09-14
https://www.youtube.com/@multisolution1,@MultiSolution1,Multi Solution,4970,318,4,"Laptop motherboard and body repair, assembly/disassembly channel with BIOS work, hands-on repair focus.",laptop disassembly,UCy1A4liYitztaVEuKqNOfQA,hands,laptop-computer-repair,wave1,2026-09-14
https://www.youtube.com/@neandertaltech,@NeandertalTech,NeandertalTech,3080,135,4,"Dedicated laptop/PC repair channel with real board-level diagnostics, BIOS, SMD component repair tutorials shown.",reparación de fuentes de poder,UCCYd2GKWfvsZpV7VXkjujDw,hands,laptop-computer-repair,wave1,2026-09-14
https://www.youtube.com/@newretrorepair,@NewRetroRepair,New Retro Repair,2730,56,4,Retro console repair channel spanning multiple systems with hands-on tinkering.,console repair | game console repair,UC3UNqHA4DfwXXr3_vokAEHA,hands,laptop-computer-repair,wave1,2026-09-14
https://www.youtube.com/@niktelio,@NikTelio,Nik Telio,12100,59,4,"DIY electronics channel featuring BGA reballing and rework repair videos, clear board-level hardware work.",laptop motherboard repair,UCivbLT7sRO-de3CCj9y7J6A,hands,laptop-computer-repair,wave1,2026-09-14
https://www.youtube.com/@norcalconsolefixx,@NorCalConsolefixx,Norcal Console Service & Repair ,48,61,4,Console and controller repair channel run by a repair technician documenting work.,game console repair,UCbuj77RjWHz61qY3drEpCWQ,hands,laptop-computer-repair,wave1,2026-09-14
https://www.youtube.com/@oddtinkering,@OddTinkering,Odd Tinkering,2830000,165,4,Restoration channel implying hands-on hardware repair/refurbishment work.,console repair | game console repair,UCf_suVrG2dA5BTjJhNLwthQ,hands,laptop-computer-repair,wave1,2026-09-14
https://www.youtube.com/@onestonetech,@OneStoneTech,光头哥Mac维修,124,52,4,"Mac repair specialist channel covering board-level chip repair, RAM/SSD upgrades, screen replacement, and cleaning.",笔记本维修,UCHFLCWqUK_KkzfgVNvxUGPw,hands,laptop-computer-repair,wave1,2026-09-14
https://www.youtube.com/@pcbuildmod,@PCBUILDMOD,PC BUILD & MOD,640,53,4,"Custom PC build and watercooling channel by an enthusiast, likely showing hands-on assembly work.",PC building,UCcR2D_GUPcRZMHytx8-QZeA,hands,laptop-computer-repair,wave1,2026-09-14
https://www.youtube.com/@pcexpert186,@PCExpert186,PC-Expert,160000,381,4,15-year laptop repair specialist channel sharing hands-on repair knowledge and experience.,reparación de laptops | ремонт ноутбуков,UCLAkaWhM73EJ_SvNOkoOGWQ,hands,laptop-computer-repair,wave1,2026-09-14
https://www.youtube.com/@pavithralaptopcarehindi,@Pavithralaptopcarehindi,Pavithra Laptop Care Hindi,2590,60,4,"Chip-level laptop repair solutions channel, name and description strongly signal board-level bench work.",laptop repair | chip level repair | laptop repair course | laptop repairing Hindi,UC07oK6W0z2ttHmIKend_DCg,hands,laptop-computer-repair,wave1,2026-09-14
https://www.youtube.com/@placestutoelectronicos,@PlacesTutoelectronicos,Tuto-Electrónicos / PLACES ,65600,325,4,"Motherboard and laptop board-level repair channel with electronics focus, some review content included.",reparación de laptops | reparación electrónica,UCCx7xumLiAvlsEtWTL-J9rg,hands,laptop-computer-repair,wave1,2026-09-14
https://www.youtube.com/@powerjackrepair,@Powerjackrepair,Power Jack Repair,16500,1381,4,"Specialized channel dedicated to laptop DC power jack repair and replacement, a clear hands-on hardware niche.",laptop disassembly,UCdfYbzDVtyhM_7ilb54vFNA,hands,laptop-computer-repair,wave1,2026-09-14
https://www.youtube.com/@primetechsupportespanol,@PrimeTechSupportEspanol,Prime Tech Support Espanol,335,86,4,"Repair shop channel specializing in MacBooks, GPUs, laptops with chip-level repair language suggesting bench work.",reparación de computadoras,UCGXjbfQYMZ581TkAHmetecg,hands,laptop-computer-repair,wave1,2026-09-14
https://www.youtube.com/@profixelektronik,@ProfixElektronik,Profix Elektronik I Emre Sağlam,8790,653,4,Repair shop channel describing microscope-level GPU and motherboard repair on Macbooks and laptops.,laptop tamiri | elektronik tamir,UCoPHMnvVBV6b1080tCkxqDg,hands,laptop-computer-repair,wave1,2026-09-14
https://www.youtube.com/@punkndisorderlygamer,@PunkNDisorderlyGamer,PunkNDisorderlyGamer,4890,86,4,"Amateur electronics repair, troubleshooting and modding channel with soldering tools listed, mostly video game hardware.",console repair,UCW5ZSlO2E5lcPiDrB_gJYuQ,hands,laptop-computer-repair,wave1,2026-09-14
https://www.youtube.com/@purendrashakya,@PurendraShakya,Purendra Shakya,279,55,4,"Chip-level laptop motherboard repair training channel run by a hardware engineer, strong topical match.",laptop repair | laptop repairing | motherboard repair | laptop disassembly | laptop repair course,UCLxrzI3V5M1o5NP7lzUNabw,hands,laptop-computer-repair,wave1,2026-09-14
https://www.youtube.com/@rcrssa,@RCRSSA,RCRS - Retro Console Repair Shop,735,97,4,Retro console repair shop channel dedicated to filmed repairs and modifications of classic hardware.,console repair | game console repair,UCbDiq3IBRBr91GJgnzKvNMQ,hands,laptop-computer-repair,wave1,2026-09-14
https://www.youtube.com/@rinku_kashyap_p,@RINKU_KASHYAP_P,AK-Tech IT,213,160,4,Shop channel promising live demos and step-by-step chip-level repairing tutorials for dead laptops.,laptop repair | laptop repairing | laptop motherboard | laptop motherboard repair | chip level repair,UCIZzA8EQQbuD3xaMpuKQvOA,hands,laptop-computer-repair,wave1,2026-09-14
https://www.youtube.com/@rklcrepairknowledge,@RKLCRepairKnowledge,RKLC Repair Knowledge,19300,226,4,Experienced laptop/desktop repair technician promising detailed step-by-step advanced practical repair videos.,laptop repairing | laptop motherboard repair | chip level repair | laptop repair course | laptop repairing Hindi,UCaIkz00tuwa0FD6bLE-Lj5g,hands,laptop-computer-repair,wave1,2026-09-14
https://www.youtube.com/@raminfotechlaptopserviceguduva,@RaminfotechLaptopServiceGuduva,Raminfotech Laptop Service Guduvanchery,22,54,4,"Laptop service business listing detailed hardware services including screen, motherboard, hinge and chip-level repair.",laptop repairing | chip level repair | laptop repair Tamil | servis laptop,UCUDMJtwQtThpT-jD4WdVp6w,hands,laptop-computer-repair,wave1,2026-09-14
https://www.youtube.com/@ranjit-singh-repair-rsr,@Ranjit-Singh-Repair-RSR,Ranjit Singh,205,97,4,Focused PlayStation console and controller repair channel with step-by-step troubleshooting guides.,game console repair,UCNu8OmubqIPMf4v-53ZRgbg,hands,laptop-computer-repair,wave1,2026-09-14
https://www.youtube.com/@refernce1,@Refernce1,Reference,12300,188,4,"Arabic channel explicitly focused on desktop/laptop, GPU, console and TV repair with scientific fault-tracing approach.",صيانة لابتوب,UCXEh55d9860OOuVMmlcB7mw,hands,laptop-computer-repair,wave1,2026-09-14
https://www.youtube.com/@remlab,@RemLab,РЕМЛАБ СЕРВИС,5810,61,4,"Console, GPU and laptop repair service channel with clear hardware repair business focus.",ремонт электроники,UCoNh7FsWrGmKGWXc80mHnAg,hands,laptop-computer-repair,wave1,2026-09-14
https://www.youtube.com/@remnootservice,@RemNootService,RemNoot Service,234,82,4,"Dedicated laptop repair service center description mentioning repair, maintenance and modernization of computers and laptops.",ремонт ноутбуков,UC6UH1OK5ldFLXFe02VaH8ow,hands,laptop-computer-repair,wave1,2026-09-14
https://www.youtube.com/@retro.revolution,@Retro.Revolution,Retro Revolution,17100,185,4,"DS handheld restoration, testing and modding channel with clear hands-on repair focus.",console repair,UCFZMX4iy-HWE18BC94-FO5Q,hands,laptop-computer-repair,wave1,2026-09-14
https://www.youtube.com/@retrorenegaderepairs,@RetroRenegadeRepairs,Retro Renegade Repairs,20600,115,4,Dedicated retro and modern game console repair and upgrade channel with hands-on hardware focus.,console repair,UCp7hqXl2bPoYTi_GIWT2C1w,hands,laptop-computer-repair,wave1,2026-09-14
https://www.youtube.com/@retrorepairs,@RetroRepairs,RetroRepairs,78200,139,4,"Buys damaged retro items and documents repair attempts, clear hands-on repair format.",console repair,UCclt_FYsR8R_fMFXOuUjFEA,hands,laptop-computer-repair,wave1,2026-09-14
https://www.youtube.com/@retrosalesaustralia,@RetroSalesAustralia,Retro Sales,12200,80,4,Retro console repair and troubleshooting tutorials with detailed hands-on focus.,console repair | game console repair,UC4gcyARkYf7kSBdE59tmumg,hands,laptop-computer-repair,wave1,2026-09-14
https://www.youtube.com/@rockieoficial,@RockieOficial,Rockie,292000,195,4,Titles show step-by-step budget gaming PC builds with clear assembly process across multiple videos.,armar PC,UCFJBsityvF0Z9dfxecDfm7g,hands,laptop-computer-repair,wave1,2026-09-14
https://www.youtube.com/@rosalessupertech,@RosalesSuperTech,Rosales Super Tech,1480,162,4,Dedicated console repair content channel with regular repair-focused uploads per description.,console repair | game console repair,UCl135O2m5AJawwAK4GrXhBA,hands,laptop-computer-repair,wave1,2026-09-14
https://www.youtube.com/@russianlaptoprepair,@RussianLaptopRepair,Russian Laptop Repair,2710,69,4,"Dedicated laptop repair and modding channel emphasizing real, unscripted repair work filmed in real time.",laptop repair | ремонт ноутбуков | laptop disassembly | electronics repair,UCYNcF_Q_BDNt5n8f9niqAjw,hands,laptop-computer-repair,wave1,2026-09-14
https://www.youtube.com/@russierussrepairs,@RussieRussRepairs,RussieRussRepairs,1030,111,4,Hobbyist electronics repair channel mostly focused on gaming console repairs and challenges.,console repair | electronic repair,UCIYXJFJXzHWct2P8wm1FvFQ,hands,laptop-computer-repair,wave1,2026-09-14
https://www.youtube.com/@shriraminstituteoftechnology,@SHRIRAMINSTITUTEOFTECHNOLOGY,SHRI RAM INSTITUTE OF TECHNOLOGY,25800,125,4,"Established chip-level repair institute with 25+ years experience specializing in laptop, printer and monitor repair.",laptop repair | chip level repair | laptop repairing | laptop motherboard repair | laptop repair course,UCesASBqkFxkIO2XmUcwcPCw,hands,laptop-computer-repair,wave1,2026-09-14
https://www.youtube.com/@smtclaptoprepairing,@SMTCLAPTOPREPAIRING,SMTC LAPTOP REPAIRING,349,84,4,"Laptop/desktop repairing training institute emphasizing hands-on lab practicals, courses in hardware and chip-level work.",laptop repair | laptop repair course,UC-GJWttgY-8Wdk8bkwPBuaQ,hands,laptop-computer-repair,wave1,2026-09-14
https://www.youtube.com/@salemtechsperts,@SalemTechsperts,Salem Techsperts,2780000,631,4,"Refurbishing business with 15 years experience making comedic educational tech videos, likely shows real repair work.",laptop repair | laptop repairing | computer repair | laptop disassembly | computer repair shop | monitor repair | TV repair tagalog | electronics repair shop | TV repair technician,UCClfFsWcT3N2I7VTXXyt84A,hands,laptop-computer-repair,wave1,2026-09-14
https://www.youtube.com/@sayakas_digital_attic,@Sayakas_Digital_Attic,Sayaka's Digital Attic,247000,114,4,"Restoration work documentation on computers and consoles, personal hands-on repair channel.",console repair,UC2OYnh5nKWUnzj5D1Xt9Kdw,hands,laptop-computer-repair,wave1,2026-09-14
https://www.youtube.com/@segredosdosnotebooks,@SegredosDosNotebooks,Segredos Dos Notebooks,33100,72,4,"Portuguese notebook maintenance/repair channel with tips content, suggests hands-on hardware work though generic description.",réparation ordinateur portable,UCT-kssDc5aRJeNs-l3wQ8Bg,hands,laptop-computer-repair,wave1,2026-09-14
https://www.youtube.com/@shanesretrogames,@ShanesRetroGames,ShanesRetroGames,361,56,4,Dedicated retro game console repair/restoration/mod channel showing hands-on fixing of classic hardware.,console repair,UCY1GibjFopHowkbTHlvwp6Q,hands,laptop-computer-repair,wave1,2026-09-14
https://www.youtube.com/@shuvocomputer,@ShuvoComputer,Shuvo Computer,9900,511,4,Computer hardware engineer/trainer channel explicitly for chip-level laptop and desktop training and repairing.,laptop repair Bangla,UCi3sACCMG7N4zS-Gl-CknUA,hands,laptop-computer-repair,wave1,2026-09-14
https://www.youtube.com/@singularitycomputers,@SingularityComputers,SingularityComputers,138000,593,4,Custom PC building and water-cooling component business with hands-on build videos.,PC build | PC building,UCqChlb8y4cQ0jAFaNFPQLqA,hands,laptop-computer-repair,wave1,2026-09-14
https://www.youtube.com/@skywardbeyondyourfuture,@SkywardBeyondYourFuture,Skyward Beyond Your Future,2190,192,4,"Educational channel explicitly teaching software, card-level and chip-level laptop/desktop repairing techniques.",laptop repair | laptop repairing | chip level repair | laptop repairing Hindi,UCRM3L-aRDVkMZ4_MWXLFTOA,hands,laptop-computer-repair,wave1,2026-09-14
https://www.youtube.com/@sohailsystem,@SohailSystem,Sohail System,2120,67,4,Chip-level laptop repair shop channel with explicit specialization in board-level repairs.,laptop repair | chip level repair,UC3Ba_vxUboe3u5zu-hzh3Lw,hands,laptop-computer-repair,wave1,2026-09-14
https://www.youtube.com/@superlevelzyt,@SuperLevelZYT,Super Level Z,1080,173,4,"iFixit ambassador restoring video game consoles, hands-on repair and restore focus.",console repair | game console repair,UCmidSI-hG_6sPqNPulp33Ew,hands,laptop-computer-repair,wave1,2026-09-14
https://www.youtube.com/@sureshitsolution,@SureshItsolution,Suresh IT Solution Hub,96,94,4,"Titles show laptop battery change, motherboard display checking, and gaming laptop repair on camera.",laptop motherboard repair,UCayaDLZogHpP99wzswZVTJA,hands,laptop-computer-repair,wave1,2026-09-14
https://www.youtube.com/@sypthv8,@Sypthv8,Sypthv8,687,51,4,"Arcade and video game modification and repair how-tos, hands-on hardware focus.",console repair | game console repair,UCdAhlWED0KOX63JSv4gb_ag,hands,laptop-computer-repair,wave1,2026-09-14
https://www.youtube.com/@tcrscircuit,@TCRSCircuit,TCRS Circuit,14100,367,4,MacBook logic board repair and data recovery shop with strong board-level repair focus described.,laptop motherboard repair,UCTqjuDiJ3ZmRXSF0y1tfIBQ,hands,laptop-computer-repair,wave1,2026-09-14
https://www.youtube.com/@techiamolabs,@TechiamoLabs,Techiamo Labs,336,278,4,Practical tech repair channel covering PS5/Xbox hardware fixes and controller repair alongside phones and electronics.,game console repair,UCiSXqIxPddn_Qgxp7B8NimQ,hands,laptop-computer-repair,wave1,2026-09-14
https://www.youtube.com/@tekkiesincbartlett,@TekkiesIncBartlett,Tekkies ,2100,55,4,"Shop making real-world repair videos and DIY guides for consoles, computers and GPUs.",console repair | game console repair,UCkSEJir7-VaalbPwjkUzzIg,hands,laptop-computer-repair,wave1,2026-09-14
https://www.youtube.com/@teknisilaptoppalangkaraya,@Teknisilaptoppalangkaraya,Teknisi Laptop Palangkaraya,4790,114,4,"Indonesian channel focused on laptop mainboard repair with schematic/BIOS resources, hands-on board-level focus.",صيانة لابتوب,UC9PE8YqM6qi5X-Rq_ggrh4w,hands,laptop-computer-repair,wave1,2026-09-14
https://www.youtube.com/@theretrostation,@TheRetroStation,The Retro Station,3170,63,4,"Retro repair, restoration and modding channel with hands-on hobbyist focus.",console repair,UCXlwzTU7Fl5vYjDrrQjUt6Q,hands,laptop-computer-repair,wave1,2026-09-14
https://www.youtube.com/@tronicsfixlongs,@TronicsFixLongs,TronicsFix Longs,46600,53,4,"Extended cuts of TronicsFix, a well-known hands-on console repair channel, board-level work implied.",console repair | game console repair,UC7_gLMPj6VjHH3fWWItlfpA,hands,laptop-computer-repair,wave1,2026-09-14
https://www.youtube.com/@ufotechvn,@UFOTechVN,UFOTech,3870,115,4,"Laptop/Macbook repair and advanced repair training channel, strong technical focus suggesting bench-level hands-on content.",sửa laptop,UCzTLn-tJugFPlzvIExirFOw,hands,laptop-computer-repair,wave1,2026-09-14
https://www.youtube.com/@vikramlaptop,@VikramLaptop,VIKRAM LAPTOP HUB ,395,50,4,Dedicated laptop chip-level and software repair training channel with hands-on hardware focus.,chip level repair | laptop repair course,UCMrOtxCuAUDixMHsx7gA4bA,hands,laptop-computer-repair,wave1,2026-09-14
https://www.youtube.com/@wayayeo,@Wayayeo,Wayayeo Repairs,3680,70,4,Dedicated video game console repair and micro-soldering shop channel serving nationwide mail-in customers.,console repair | game console repair,UCyko_uvCxMtizY4vSnf8HKQ,hands,laptop-computer-repair,wave1,2026-09-14
https://www.youtube.com/@xiaocaiinstall,@XiaoCaiInstall,小蔡电脑服务,7060,231,4,"Channel dedicated to PC building and computer repair, sharing daily assembly work on camera.",装机,UCjkUr5PsjGx4LIJkN2VXhEQ,hands,laptop-computer-repair,wave1,2026-09-14
https://www.youtube.com/@xtremepcrgb,@XtremePCRGB,Xtreme PC RGB,11100,53,4,"Academy channel teaching laptop, PC and graphics card repair step-by-step from basic to advanced electronics.",reparación de laptops,UC0LX_s5MMm_73ZaGo5Y-GZg,hands,laptop-computer-repair,wave1,2026-09-14
https://www.youtube.com/@yetigamerepairs,@YetiGameRepairs,Yeti Game Repairs,690,242,4,Dedicated console and accessory repair channel documenting technician work as a learning resource.,game console repair,UCkrkUwZSnKSw1yjPrrshrVg,hands,laptop-computer-repair,wave1,2026-09-14
https://www.youtube.com/@zainjunaid,@ZainJunaid,Zain Junaid,1600,227,4,"Hobbyist component-level repair of motherboards, GPUs and vintage computers, buy-repair-sell format.",electronics repair | solar inverter repair,UCF9vNh_vNy11EolG01crrMA,hands,laptop-computer-repair,wave1,2026-09-14
https://www.youtube.com/@adonayinformatica2327,@adonayinformatica2327,ADONAY INFORMATICA,1900,147,4,"Dedicated channel to notebook motherboard repair with regular posting schedule, strong board-level repair focus.",réparation ordinateur portable,UCl49XeYKXN9WCPBIMoRoW4A,hands,laptop-computer-repair,wave1,2026-09-14
https://www.youtube.com/@allcastillosoporte,@allcastillosoporte,All Castillo Soporte,6820,268,4,"Component-level laptop repair technician channel with 20+ years experience, courses and diagnostics content.",reparación de laptops,UCAmCNPOED1Rl5NGpV90cGfQ,hands,laptop-computer-repair,wave1,2026-09-14
https://www.youtube.com/@allteckrepairspecialist9196,@allteckrepairspecialist9196,allteck repair specialist,73,153,4,"Titles show real bench repairs: charge port, LCD screen and PC loading issue across laptops and phones.",computer repair | console repair | game console repair,UCR41gBIMDDKGarfURqouV0Q,hands,laptop-computer-repair,wave1,2026-09-14
https://www.youtube.com/@alopcbilgisayar,@alopcbilgisayar,AloPC Bilgisayar ,158,59,4,Turkish shop channel with titles showing motherboard repair and tablet assembly work on camera.,laptop tamiri | bilgisayar tamiri,UCmCQYx01z5P_jPYMJP0tbcw,hands,laptop-computer-repair,wave1,2026-09-14
https://www.youtube.com/@awrepairtechsolution,@awrepairtechsolution,AW Repair & Tech Solution,109,78,4,"Self-described laptop hardware expert since 2014, servicing focus suggests hands-on repair content.",laptop repair Bangla,UC8GlFyrunO0vmXXjYrV5ceg,hands,laptop-computer-repair,wave1,2026-09-14
https://www.youtube.com/@axcc,@axcc,Racer PS2 and electronics repair,621,484,4,"Dedicated PS2 and electronics repair channel, console hardware repair focus.",electronics repair,UCcJbL3IJCunHrOtKW-2mvPg,hands,laptop-computer-repair,wave1,2026-09-14
https://www.youtube.com/@bdlaptopbazarservice,@bdlaptopbazarservice,Laptop Bazar Service,833,218,4,"Titles show real battery and charging port replacement jobs on multiple laptop brands, solid hands-on repair.",laptop motherboard | motherboard repair | laptop motherboard repair | laptop disassembly | laptop repair Bangla | Laptop reparieren,UCNIVnQsZHYjCsqmqBKvPV7w,hands,laptop-computer-repair,wave1,2026-09-14
https://www.youtube.com/@brixlaptoprepair127,@brixlaptoprepair127,Brix Laptop Repair,4170,177,4,"Laptop repair shop description details real hardware issues (no power, reballing, hinge repair, water damage) suggesting bench work.",laptop repair | laptop repairing | laptop motherboard repair | Laptop reparieren,UCsuNviYJZmo45BuSiGqXn9w,hands,laptop-computer-repair,wave1,2026-09-14
https://www.youtube.com/@brunolopez2224,@brunolopez2224,Laptop Lab,537,79,4,"Laptop repair training channel with practical tutorials on diagnostics, motherboard analysis and hardware upgrades.",reparación de laptops | reparación de computadoras,UC_SF1FTBPvYKLsg4zOS7iZQ,hands,laptop-computer-repair,wave1,2026-09-14
https://www.youtube.com/@buildpcasahobby,@buildpcasahobby,Build PC as a Hobby,210,93,4,"Hobbyist channel dedicated to budget gaming PC builds, personal project format suggests hands-on build videos.",gaming PC build,UCuk-1bZzCut_NDDrKMqryEQ,hands,laptop-computer-repair,wave1,2026-09-14
https://www.youtube.com/@chiedzasolutions,@chiedzasolutions,Chiedza Solutions,84,63,4,"Family repair business doing computer and game console repairs plus custom PC builds, real bench work likely.",console repair | game console repair,UCKUE5Y-tZRPiFxBBa3Wa8lw,hands,laptop-computer-repair,wave1,2026-09-14
https://www.youtube.com/@comfixlomsak,@comfixlomsak,ศูนย์ซ่อมโน๊ตบุ๊คหล่มสัก,1700,61,4,"Notebook repair shop mentioning chip replacement service, business description with hardware focus.",ซ่อมคอมพิวเตอร์ | صيانة لابتوب | réparation ordinateur portable,UC6RyUsrrdJXi70-UE9jN2kg,hands,laptop-computer-repair,wave1,2026-09-14
https://www.youtube.com/@computersrepaircotesaint-l7407,@computersrepaircotesaint-l7407,Computers repair Cote Saint-Luc,241,52,4,Laptop motherboard chip-level repair and micro-soldering shop description strongly aligns with board-level hardware work.,computer repair | laptop motherboard | laptop motherboard repair | chip level repair,UCRHV2jkZcRAgV2iktIlvO_A,hands,laptop-computer-repair,wave1,2026-09-14
https://www.youtube.com/@computerworld-pandveswar,@computerworld-pandveswar,Computer World (Pandaveswar),298,58,4,Computer chip level repairing shop channel name directly matches PC hardware repair focus.,chip level repair,UC_EzfAvv2dTE6K1X6nPuaAg,hands,laptop-computer-repair,wave1,2026-09-14
https://www.youtube.com/@creativehardware934,@creativehardware934,Creative Hardware,1930,85,4,"Dedicated laptop and desktop repair training channel in Bangladesh, name and description strongly hardware-focused.",laptop repair Bangla,UCuQojOmnW8bp-6XwHUF-gRQ,hands,laptop-computer-repair,wave1,2026-09-14
https://www.youtube.com/@cycomputerservices8284,@cycomputerservices8284,C&Y Computer Services,1650,72,4,"Computer repair shop listing LCD/battery/keyboard/motherboard replacement and desktop assembly, strong hands-on hardware focus.",computer repair shop | صيانة لابتوب | réparation ordinateur portable,UC1hV3qVDnADy4P51fBIlh3A,hands,laptop-computer-repair,wave1,2026-09-14
https://www.youtube.com/@diacomservice,@diacomservice,CRM,17500,409,4,"Motherboard repair service description spanning multiple cities, professional diagnosis and restoration of computers.",computer repair | laptop tamiri,UChFvGZa1tlAv3SEu5LqNvPQ,hands,laptop-computer-repair,wave1,2026-09-14
https://www.youtube.com/@diylaptoprepairs8284,@diylaptoprepairs8284,DIY Laptop Repairs,310,50,4,Dedicated laptop repair channel by HP-certified tech promising step-by-step hardware removal and replacement videos.,computer repair | laptop repairing | laptop screen replacement,UC8Gdqbd55YA5U8bk86C23yw,hands,laptop-computer-repair,wave1,2026-09-14
https://www.youtube.com/@doctorchipchannel,@doctorchipchannel,DoctorChip,1620,157,4,"Channel explicitly focused on practical computer maintenance and repair learning, aligns with hands-on hardware topic.",montagem de PC,UCAK3PKeA-pFGyX6LUwdDN4Q,hands,laptop-computer-repair,wave1,2026-09-14
https://www.youtube.com/@doggheadtech,@doggheadtech,DoggheadTech,383,76,4,Gaming console repair and refurbishment channel documenting hands-on electronics fixes.,console repair,UCfWZqxvA66uZhGkKbIe4gcQ,hands,laptop-computer-repair,wave1,2026-09-14
https://www.youtube.com/@dr-graphic,@dr-graphic,dr-graphic,1010,50,4,"Specialized GPU/motherboard/laptop chip-level repair center with BGA machine and ultrasonic equipment, strong hardware repair signals.",تعمیر لپ تاپ,UCv5USsT0vOf1buhJHEK4zrA,hands,laptop-computer-repair,wave1,2026-09-14
https://www.youtube.com/@egglabrcr,@egglabrcr,The Egg Lab - Retro Console Restoration,100,64,4,"Restores, repairs and mods retro consoles and electronics, hands-on hobbyist channel.",console repair | game console repair | electronics repair,UCDMWzqGSYo0P7GSWyybRZEQ,hands,laptop-computer-repair,wave1,2026-09-14
https://www.youtube.com/@elhoutcomputer7201,@elhoutcomputer7201,elhout computer,1900,60,4,"Arabic channel dedicated to laptop, PC, game console and TV repair with circuit analysis and fault-tracing focus.",صيانة لابتوب | صيانة الكترونيات,UCJF3EG6qYVspnvjmrsE7TTA,hands,laptop-computer-repair,wave1,2026-09-14
https://www.youtube.com/@emamali326,@emamali326,Hardware Fix,1090,61,4,"Arabic hardware-fix channel explicitly covering desktop/laptop repair, monitor faults, disassembly and thermal paste steps.",صيانة لابتوب,UCW0rt4BPrzYp2VXuRTA_hbQ,hands,laptop-computer-repair,wave1,2026-09-14
https://www.youtube.com/@enedreparaciones,@enedreparaciones,EneD-Reparaciones ,614,59,4,"Channel dedicated to graphics card repairs, a focused board-level hardware repair niche.",reparación de computadoras,UCNjdSV-19fX_H2GhBh8hjKg,hands,laptop-computer-repair,wave1,2026-09-14
https://www.youtube.com/@errorsolution1589,@errorsolution1589,ERROR SOLUTION,24,86,4,Laptop and desktop repair training channel emphasizing practical skills over academic knowledge.,laptop repair Bangla,UCrt7xLGOThpCkn7DiJX0DGQ,hands,laptop-computer-repair,wave1,2026-09-14
https://www.youtube.com/@especialistaemnotebook,@especialistaemnotebook,Especialistas em Notebook,76,52,4,"Dedicated notebook repair shop description mentioning BGA soldering, motherboard repair and data recovery lab work.",conserto de notebook,UC3ooulEBix6-8tdzewy6bxA,hands,laptop-computer-repair,wave1,2026-09-14
https://www.youtube.com/@etemadlaptop,@etemadlaptop,ETEMAD LAPTOP,2750,97,4,"Persian laptop repair center offering multi-brand repair and motherboard course, business-style description with credible hands-on service.",تعمیر لپ تاپ,UCZpAjMh-KhgayyKm_oGceqQ,hands,laptop-computer-repair,wave1,2026-09-14
https://www.youtube.com/@f.g.electronics1002,@f.g.electronics1002,F.G.Electronics,16400,127,4,"Electronics technician specializing in board-level repair of notebooks, laptops, tablets and industrial PCBs.",reparación electrónica,UCNUhmzmUX7D8RV85Yl_7_qg,hands,laptop-computer-repair,wave1,2026-09-14
https://www.youtube.com/@f1tekno,@f1tekno,F1 Teknoloji ve Bilişim Sistemleri,30,83,4,"Repair shop channel describing screen, keyboard and fan replacement videos with damaged device stories.",bilgisayar tamiri | laptop tamiri,UCD_tMiZGNLcZTpUCvVHsk8A,hands,laptop-computer-repair,wave1,2026-09-14
https://www.youtube.com/@firstchoicelaptopservice,@firstchoicelaptopservice,First Choice Laptop Service,41100,471,4,Laptop hardware service center specializing in chip/BGA level repair and spare parts across brands.,chip level repair | laptop service | laptop repair | laptop repairing | laptop motherboard repair | laptop disassembly | servis laptop | Laptop reparieren,UCc2CNibLA1YcBHUt72UqsTg,hands,laptop-computer-repair,wave1,2026-09-14
https://www.youtube.com/@fixbyte-1,@fixbyte-1,fix-byte1,263,195,4,"IC replacement, chip-level motherboard repairing and keyboard replacement described as core content.",laptop motherboard repair,UCeXXRzjVOOiHkvDZEF4LbrA,hands,laptop-computer-repair,wave1,2026-09-14
https://www.youtube.com/@gadgetschampion,@gadgetschampion,Gadgetschampion,55,288,4,PlayStation/Xbox/drone repair business with titles showing actual stick drift and overheating repairs performed.,game console repair,UCuww_SJTsL5Tk33Ix7Go_ag,hands,laptop-computer-repair,wave1,2026-09-14
https://www.youtube.com/@hadirepairinglab,@hadirepairinglab,Hadi Repairing LaB,482,343,4,"Workshop channel describing real laptop repair, fault finding and motherboard repairing from a physical bench location.",laptop repair | laptop repairing | motherboard repair | laptop motherboard repair | chip level repair,UCFtmS5sByJEq52veuX2_-4w,hands,laptop-computer-repair,wave1,2026-09-14
https://www.youtube.com/@happypcbuildpc,@happypcbuildpc,HappyPC - PRO сборки и железо,72600,219,4,"Custom PC build channel explicitly filming real builds with watercooling, testing temps, and showing the process.",сборка ПК,UCjGdwnnMBOCvjCEEpxtqUwg,hands,laptop-computer-repair,wave1,2026-09-14
https://www.youtube.com/@hardwarefix8969,@hardwarefix8969,hardwarefix,236,104,4,"Explicitly laptop and desktop disassembly, assembly and basic error fixing channel with hands-on framing.",صيانة لابتوب | تعمیر لپ تاپ | 笔记本维修 | réparation ordinateur portable,UC9sgPmAZIlyQITOLVatFkmQ,hands,laptop-computer-repair,wave1,2026-09-14
https://www.youtube.com/@hiahiahia77,@hiahiahia77,【bilibili】PC Building SHOW,1390,154,4,Experienced computer assembler channel focused on PC building demonstrations.,PC build | PC building,UCQ17zmvmCxjyrbRfzOz5ZYw,hands,laptop-computer-repair,wave1,2026-09-14
https://www.youtube.com/@hitechrepairinggzp7842,@hitechrepairinggzp7842,HiTech Repairing Gzp,2480,141,4,"Bios/schematic-focused laptop repair channel with shop address, signals chip-level bench work.",laptop motherboard repair,UCctZ9rkZQWerWvmUyeHy0HA,hands,laptop-computer-repair,wave1,2026-09-14
https://www.youtube.com/@hpcblg,@hpcblg,HAPPYPC ,372000,944,4,Computer repair shop channel with titles showing dead PC repairs and full PC builds with benchmarks.,сборка ПК,UCuQsxUWAr6isMoTkYKSQitA,hands,laptop-computer-repair,wave1,2026-09-14
https://www.youtube.com/@itechnician.repairs,@iTechnician.repairs,iTechnician Mac&PC Repair ,530,52,4,"Mac/PC repair channel with motherboard diagnostics, micro-soldering tutorials and component-level repair content.",microsoldering,UCNsyFbrsaNLlUC7wG62NFUA,hands,laptop-computer-repair,wave1,2026-09-14
https://www.youtube.com/@idealcomputerandlaptoprepa1124,@idealcomputerandlaptoprepa1124,Ideal Computer and Laptop Repair,213,78,4,"Repair shop channel with titles showing keyboard change, HDD/RAM upgrade, and charging fixes on camera.",laptop repair | laptop repairing | laptop screen replacement | laptop disassembly | Laptop reparieren,UCGerbEsVGutLlbbyDICgzRw,hands,laptop-computer-repair,wave1,2026-09-14
https://www.youtube.com/@informaticasolutions,@informaticasolutions,Informática Solutions - Electrónica de Avanzada,2960,95,4,"Specialized Macbook/iMac board-level repair shop, addresses GPU issues, short circuits, liquid damage—strong hardware focus.",reparación electrónica,UC-F8Nc9_Dedf7yypZby0nfQ,hands,laptop-computer-repair,wave1,2026-09-14
https://www.youtube.com/@ivestcomputer,@ivestcomputer,Ivest,2240,53,4,Channel explicitly plans disassembly and repair videos for laptops and tablets from repair jobs.,reparación de laptops | صيانة لابتوب | 笔记本维修 | réparation ordinateur portable | صيانة الكترونيات | ремонт усилителя,UCx5b57Zv70_y7NQiVMm9KzA,hands,laptop-computer-repair,wave1,2026-09-14
https://www.youtube.com/@izmirpclaptoptamir,@izmirpclaptoptamir,İzmir Pc Laptop Tamir ve Bilişim Hizmetleri,524,148,4,"Turkish laptop/PC repair and upgrade channel with titles showing GPU maintenance, case conversion and laptop repair.",laptop repair | laptop tamiri,UCbqOpPiuyZPlELPIpuxV-4g,hands,laptop-computer-repair,wave1,2026-09-14
https://www.youtube.com/@jceletroinfo,@jceletroinfo,JC EletroInfo,246,51,4,Assistência técnica channel showing upgrade and maintenance results on computers/notebooks with hands-on repair focus.,montagem de PC,UCIDhxiuQk8ui27Chi6fHc8g,hands,laptop-computer-repair,wave1,2026-09-14
https://www.youtube.com/@juanitofix3103,@juanitofix3103,Juanito Fix,3730,136,4,"Spanish-language channel dedicated to console repair, cleaning and maintenance on camera.",console repair,UCVDPILpJq0tothZqe6Yp3fg,hands,laptop-computer-repair,wave1,2026-09-14
https://www.youtube.com/@kalika_laptop_repair_center,@kalika_laptop_repair_center,Kalika Laptop Repair Centre ,506,161,4,Chip-level laptop and electronic repair centre specializing in motherboard issues and hardware upgrades.,laptop repair | laptop repairing | laptop motherboard repair | chip level repair | laptop screen replacement | Laptop reparieren | electronic repair,UCQqWTDyARdJKVn3FnKSAdIg,hands,laptop-computer-repair,wave1,2026-09-14
https://www.youtube.com/@kanasutechpark715,@kanasutechpark715,Kanasu Tech Park,2300,608,4,"Chip-level training institute description emphasizing live practicals on circuit sections, strong bench repair signal.",laptop motherboard | laptop motherboard repair | chip level repair | laptop repair course | laptop repair Tamil,UCkd-hZL3k3oJrgQaSOho-7g,hands,laptop-computer-repair,wave1,2026-09-14
https://www.youtube.com/@kayrabilgisayariletisim,@kayrabilgisayariletisim,Kayra Bilgisayar & İletişim,181,52,4,"Shop channel with titles showing PC building, thermal paste and gaming PC assembly work on camera.",bilgisayar tamiri | laptop tamiri,UC3gfA5AQBv6DIisYR4iK31w,hands,laptop-computer-repair,wave1,2026-09-14
https://www.youtube.com/@konkastecnologia,@konkastecnologia,Konkas Tecnologia,1360,206,4,Repair shop channel showing real day-to-day PC maintenance and technician work on cameras.,montagem de PC,UCKKjAzDmAUsPFvu4u4xYLBQ,hands,laptop-computer-repair,wave1,2026-09-14
https://www.youtube.com/@kosteamd,@kosteamd,Костя Малашенко,20900,114,4,"Individual repairer of laptops and game consoles, direct hands-on hardware repair service description.",ремонт ноутбуков,UC9CKOnaGrBSb73BFHP-Em3g,hands,laptop-computer-repair,wave1,2026-09-14
https://www.youtube.com/@laboneinside,@laboneinside,www.laboneinside.com,13600,139,4,"Dedicated chip-level laptop repairing channel providing tutorials, parts info and BIOS bin files for professionals.",laptop repair | laptop repairing | chip level repair | laptop repairing Urdu | صيانة لابتوب | 笔记本维修 | réparation ordinateur portable,UCyHm_oQNYkp4d956K6gsE8g,hands,laptop-computer-repair,wave1,2026-09-14
https://www.youtube.com/@lalbabupssahani,@lalbabupssahani,lalbabu.p.s.sahani,79600,243,4,"Chip-level laptop and MacBook repair channel offering advanced training, real bench repair content implied.",laptop repair | laptop repairing | laptop repair course | صيانة لابتوب | 笔记本维修 | réparation ordinateur portable,UCuiZrgdbaA9YKpXJnyZ40EA,hands,laptop-computer-repair,wave1,2026-09-14
https://www.youtube.com/@lapfix,@lapfix,LapFix,59200,665,4,"Dedicated MacBook repair and data recovery center, name and description strongly indicate hands-on hardware bench work.",صيانة لابتوب | تعمیر لپ تاپ | 笔记本维修 | réparation ordinateur portable,UCG88LAOVxSNQfkB_xtpuZlw,hands,laptop-computer-repair,wave1,2026-09-14
https://www.youtube.com/@laptechinfo,@laptechinfo,Laptech Info,606,88,4,"Laptop chip-level motherboard repair channel covering schematics, MOSFET, short circuit hunting and charging IC issues.",laptop repair | laptop motherboard | laptop service | laptop repair course | TV repair | LED TV repair,UCeVPp-bAi8TqezalhQ-_Yog,hands,laptop-computer-repair,wave1,2026-09-14
https://www.youtube.com/@laptex1377,@laptex1377,Laptex,48500,744,4,"Laptop repair training channel covering screen replacement, logic board repair, battery replacement and liquid damage repair.",laptop repair | laptop repairing | laptop motherboard repair | chip level repair | laptop screen replacement | laptop repair course | laptop repairing Urdu | Laptop reparieren,UCZIyJxTSt2fYQj-vFCpaQcA,hands,laptop-computer-repair,wave1,2026-09-14
https://www.youtube.com/@laptop_repairs,@laptop_repairs,Laptop Repairs ,215,110,4,"Laptop/MacBook repair centre listing motherboard, screen, keyboard, battery replacement and reballing services.",motherboard repair | laptop repairing | laptop motherboard repair,UCoxQdZyuj8i8DEd2xjD9vig,hands,laptop-computer-repair,wave1,2026-09-14
https://www.youtube.com/@laptopcarebhopal1500,@laptopcarebhopal1500,Laptop Care Bhopal,81,56,4,Laptop repair shop channel with titles showing MacBook repair and part replacement services on camera.,laptop repair | laptop repairing | laptop motherboard | laptop disassembly,UCxpE9rROvd1a1uWcW_g9wDw,hands,laptop-computer-repair,wave1,2026-09-14
https://www.youtube.com/@laptopdr,@laptopdr,Disassembling & Assembling computer,16100,667,4,"Channel focused on laptop disassembly and assembly with practical tips, matching hands-on hardware repair format.",laptop repairing Hindi | computer repairing Hindi,UC2f3BUrrLVXImQUyfIPWNyg,hands,laptop-computer-repair,wave1,2026-09-14
https://www.youtube.com/@laptophocasi,@laptophocasi,Laptop Hocası,812,52,4,Dedicated channel on laptop and desktop motherboard repair alongside tech reviews and error fixes.,laptop tamiri,UCl_4c3-5vOS17BLF2ybHEXw,hands,laptop-computer-repair,wave1,2026-09-14
https://www.youtube.com/@laptophospital7337,@laptophospital7337,Laptop Hospital,245,228,4,Laptop Hospital name and description explicitly about repairing laptops of various brands and common issues.,reparación de computadoras,UCDK-O-8tccTofIzZP8GM9MQ,hands,laptop-computer-repair,wave1,2026-09-14
https://www.youtube.com/@laptopsolver,@laptopsolver,Laptop Solver,3470,60,4,Dedicated laptop disassembly/repair tutorial channel description explicitly mentions bongkar pasang and component repair guides.,servis laptop,UC_jELSYm0zx-lzacxScPnEA,hands,laptop-computer-repair,wave1,2026-09-14
https://www.youtube.com/@lcdrepublictutorial,@lcdrepublictutorial,LCD Republic Tutorial,2920,220,4,"Dedicated laptop repair shop tutorial channel showing disassembly, install and repair of laptop parts.",laptop repair | laptop screen replacement,UCkjxZm-4pHj-T25ituK8I2A,hands,laptop-computer-repair,wave1,2026-09-14
https://www.youtube.com/@liangzaixiuji-z4t,@liangzaixiuji-z4t,Handsome Guy Repairs,4340,65,4,Computer repair channel focused on graphics card troubleshooting with hands-on demonstrations and hardware maintenance.,笔记本维修,UCyCGdUAUbQCvJVvUVKJNUlw,hands,laptop-computer-repair,wave1,2026-09-14
https://www.youtube.com/@malaykumar920,@malaykumar920,Malay Kumar,264,112,4,"Description explicitly covers PC assembly, SSD upgrades, motherboard repair tutorials in Tamil.",laptop repair Tamil,UCjRFJLU-5EmNgukHjTVIf_w,hands,laptop-computer-repair,wave1,2026-09-14
https://www.youtube.com/@maz.reparateur,@maz.reparateur,Maz Réparateur,8340,380,4,"Laptop motherboard repair service channel, name and handle indicate board-level repair focus.",réparation ordinateur portable,UC8uq7TbgIdqz3U_hxYhruqg,hands,laptop-computer-repair,wave1,2026-09-14
https://www.youtube.com/@mickfixesjunk,@mickfixesjunk,Mick Fixes Junk,208,52,4,"Fixes speakers, laptops, cars, computers and consoles, broad hands-on repair channel.",console repair | game console repair,UCFC95-rl3A4UaJ798lnAXRg,hands,laptop-computer-repair,wave1,2026-09-14
https://www.youtube.com/@mipcmayorista7058,@mipcmayorista7058,MI PC MAYORISTA,3030,287,4,"Hands-on tutorial channel explicitly covering laptop screen, keyboard, hinge replacement and SSD installs.",reparación de computadoras,UCKIk3gQ7vBKVtGYGYaNcFTg,hands,laptop-computer-repair,wave1,2026-09-14
https://www.youtube.com/@mtstechnicalinstitute,@mtstechnicalinstitute,Mts Technical Institute Mumbai,339,152,4,"Institute channel explicitly teaching laptop chip-level repair, soldering, reballing and motherboard diagnostics with practical focus.",laptop repair | motherboard repair | chip level repair | laptop motherboard repair,UCSF5s3DDgy0vrCrg31-YaPw,hands,laptop-computer-repair,wave1,2026-09-14
https://www.youtube.com/@mx3042,@mx3042,صيانة M ْX,2500,338,4,"Arabic channel dedicated to computer hardware repair, fault diagnosis and reviving old parts, clear hardware focus.",صيانة لابتوب | صيانة الكترونيات,UCkaLY4SS8gDS_T_lbi3-ItA,hands,laptop-computer-repair,wave1,2026-09-14
https://www.youtube.com/@n-technaresh,@n-technaresh,N-Tech Naresh Laptop Repairing&Training Institute,14000,223,4,"Laptop repair training institute with workshop and video courses, engineer repairs MacBooks and laptops.",laptop repair | laptop repairing | chip level repair | laptop repair course | laptop repairing Urdu | Laptop reparieren | electronics repair course,UCkiG2u5ur7AAJB8Wr_075Wg,hands,laptop-computer-repair,wave1,2026-09-14
https://www.youtube.com/@nadotechnology7730,@nadotechnology7730,Nado Technology,475,85,4,Advanced computer/laptop repair training institute explicitly focused on hands-on repair skill training.,صيانة لابتوب | 笔记本维修 | réparation ordinateur portable,UCd9mmf1d6vrT7K1wLpCyuNw,hands,laptop-computer-repair,wave1,2026-09-14
https://www.youtube.com/@nibbantechnologies,@nibbantechnologies,Nibban💻Technologies,363,61,4,"Laptop chip-level repair experts channel, MacBook/iMac focus with clear board-level hardware repair evidence.",chip level repair,UCWTSpXq2MqVDOrYOAlI-bGQ,hands,laptop-computer-repair,wave1,2026-09-14
https://www.youtube.com/@norgantech,@norgantech,Norgan Technology - Electronics Repair,203,74,4,"Board-level electronics repair channel focused on laptop no-power faults, GPU issues, and diagnostics.",electronics repair,UCqRw5X6e7hOWWdoWUnsRN3A,hands,laptop-computer-repair,wave1,2026-09-14
https://www.youtube.com/@notebook1,@notebook1,Notebook1 Ассоциация сервисных центров,157000,344,4,"Professional laptop, monoblock and game-console repair service channel with a strong hands-on repair focus.",reparación de laptops | ремонт ноутбуков,UCNntnT1Asa2kcK3Ernvxmzw,hands,laptop-computer-repair,wave1,2026-09-14
https://www.youtube.com/@notebook31,@notebook31,notebook-31,871000,511,4,"Detailed repair channel covering laptops, PCs, phones and GPUs with explicit process transparency including errors and nuances.",ремонт ноутбуков,UCR1HSvPGgweMlKoHRkSkwjw,hands,laptop-computer-repair,wave1,2026-09-14
https://www.youtube.com/@notebookcenterru,@notebookcenterru,fx-laptop,1950,637,4,"Notebook center channel titled around laptop disassembly how-tos, minimal but relevant description.",laptop disassembly,UCE5xztaVDCMV6L5_oFluD-Q,hands,laptop-computer-repair,wave1,2026-09-14
https://www.youtube.com/@optimizelogicrepair2784,@optimizelogicrepair2784,Optimize Logic Repair,1450,119,4,"Small electronics repair shop working on MacBooks, laptops, consoles and GPUs, hands-on bench work implied.",laptop motherboard repair | electronics repair | power supply repair | electronics repair shop,UC3uw34JchaewByfYurGY1Uw,hands,laptop-computer-repair,wave1,2026-09-14
https://www.youtube.com/@ormocgamingconsolerepairtv9895,@ormocgamingconsolerepairtv9895,Ormoc Fix,1270,193,4,"Repairs laptops, phones, and gaming consoles, mixed electronics repair shop channel.",console repair | game console repair | monitor repair,UChz4TCG3gxh5O9cCP_VAA_w,hands,laptop-computer-repair,wave1,2026-09-14
https://www.youtube.com/@pcmaxinformatica,@pcmaxinformatica,PC MAX INFORMÁTICA,1790,263,4,Bench-based printer and computer repair channel showing real diagnostic and repair work from a technician's daily practice.,montagem de PC,UCIrFsBhHpEOX1UJKbcvgUWw,hands,laptop-computer-repair,wave1,2026-09-14
https://www.youtube.com/@philiptroniks,@philiptroniks,PHILIPTRONIKS REPAIR SOLUTIONS,3080,52,4,"Chip-level laptop repair shop listing hinge, charging, battery, keyboard replacement services suggesting hands-on bench work.",laptop repair | laptop motherboard repair | chip level repair | laptop screen replacement,UCIMWwoL7NiKDEvDt91fNdhg,hands,laptop-computer-repair,wave1,2026-09-14
https://www.youtube.com/@pomeroypowerjackrepair,@pomeroypowerjackrepair,Pomeroy DC Jack Repair,7840,369,4,Dedicated DC jack and laptop repair channel with how-to fix guides showing real hands-on hardware work.,laptop motherboard repair,UChttFRSkP1hH8e3RokiFTNg,hands,laptop-computer-repair,wave1,2026-09-14
https://www.youtube.com/@protomdz,@protomdz,Proto,1780000,2505,4,"Titles show multiple PC building videos for gaming, work and architecture use cases, fitting hands-on build format.",armar PC,UCIIHM_DjF-4kSyUifxsnkuw,hands,laptop-computer-repair,wave1,2026-09-14
https://www.youtube.com/@raevenpagdilao213,@raevenpagdilao213,JOHN ALSHAMEL LAPTOP REPAIR,419,122,4,Personal laptop repair channel sharing hands-on repair experience from technician's work in Saudi Arabia.,laptop repair | laptop repairing | laptop screen replacement | Laptop reparieren,UCcXdH8esqYLiU1l1vve5mQQ,hands,laptop-computer-repair,wave1,2026-09-14
https://www.youtube.com/@reaperselectronics,@reaperselectronics,Reapers Electronics,1900,232,4,"Dedicated console/laptop repair shop specializing in PS5/PS4/Xbox HDMI repair and controller mods, strong hands-on focus.",laptop repair | computer repair | console repair | game console repair | electronics repair | electronics repair shop,UCMswHfPtg2umIeMnqGixvNA,hands,laptop-computer-repair,wave1,2026-09-14
https://www.youtube.com/@rebuiltpc,@rebuiltpc,REBUILT PC,487,58,4,"PC and laptop repair, maintenance, build and upgrade channel description directly matches hardware work.",reparación de computadoras | armar PC,UCZULMIIu1pmqJ37Yb6s1Xjg,hands,laptop-computer-repair,wave1,2026-09-14
https://www.youtube.com/@remont_pc,@remont_PC,Игорь Кособуцкий,962,89,4,"Titles show PC build, keyboard replacement, motherboard upgrade, printer board replacement -- solid hands-on hardware repair evidence.",ремонт компьютеров | ремонт ноутбуков,UCZ5G1IVVKipnUz2nNxGw70g,hands,laptop-computer-repair,wave1,2026-09-14
https://www.youtube.com/@remyogurt765,@remyogurt765,remYogurt,8480,436,4,"Dedicated channel for laptop and video card repair with shipping logistics described, clear hardware repair focus.",ремонт ноутбуков,UC52XyUes_XynaCZvM8vcGMQ,hands,laptop-computer-repair,wave1,2026-09-14
https://www.youtube.com/@repairfun,@repairFUN,リペア研究所 for ダイナショップ,3750,281,4,"Repair channel showing disassembly, repair and upgrades across many laptop brands like dynabook, Lenovo, HP.",reparación de laptops,UCDTBHI7NtkDaAL9xQJqZmsQ,hands,laptop-computer-repair,wave1,2026-09-14
https://www.youtube.com/@repaircircuitpro4794,@repaircircuitpro4794,REPAIR CIRCUIT ok,68,53,4,"Dedicated laptop motherboard chip-level repair channel covering BIOS programming, schematic/boardview, voltage checking and dead laptop fixes.",laptop repair | laptop motherboard | motherboard repair | chip level repair,UCW3D3QPhOIMQCxwN95LGqZw,hands,laptop-computer-repair,wave1,2026-09-14
https://www.youtube.com/@repaire_blr,@repaire_blr,repaire,1040,155,4,"MacBook and gaming laptop chip-level repair shop specializing in motherboard, NAND, and boot loop fixes.",laptop repair | laptop motherboard | motherboard repair | chip level repair | laptop repair Tamil,UChEghf5wZa9SgAcHzvNIxCg,hands,laptop-computer-repair,wave1,2026-09-14
https://www.youtube.com/@reparaciondelaptopsypcs,@reparaciondelaptopsypcs,Aprende a reparar laptops y pc. ,267,129,4,Practical laptop/PC repair course channel promising hands-on maintenance and repair training with certification.,reparación de laptops,UCQh7Dj2QROaGfAZZ8_AuELQ,hands,laptop-computer-repair,wave1,2026-09-14
https://www.youtube.com/@retrostashrepairs,@retrostashrepairs,Retro Stash Repairs,4160,80,4,Retro console/gameboy repairs and mods channel with hands-on repair focus.,console repair | game console repair,UCNndPHQAvLf1mCbXciZojmw,hands,laptop-computer-repair,wave1,2026-09-14
https://www.youtube.com/@rstshivam,@rstshivam,RST TECHNO,2370,93,4,Chip-level laptop and mobile repairing training channel with strong credentials and hands-on repair course focus.,laptop repair | laptop repairing | motherboard repair | chip level repair | laptop repair course | laptop repairing Hindi,UCvV0c5mu30mvGElAsI8-7xQ,hands,laptop-computer-repair,wave1,2026-09-14
https://www.youtube.com/@sanjaymicroprocessor,@sanjaymicroprocessor,Sanjay Microprocessor,304,60,4,"Laptop chip-level repair training channel covering motherboard repair, BIOS and schematic analysis with practical demos.",laptop motherboard | motherboard repair | laptop motherboard repair,UC1jhUv9uN1-JHr2OEvuKpLg,hands,laptop-computer-repair,wave1,2026-09-14
https://www.youtube.com/@sblgamesinc,@sblgamesinc,"SBL Games, Inc",3020,980,4,Dedicated console repair channel explicitly showcasing microsoldering and HDMI port replacement work.,console repair | game console repair,UCZ-UDXfq1YaW-pGODLr5DBA,hands,laptop-computer-repair,wave1,2026-09-14
https://www.youtube.com/@shafi_kc,@shafi_kc,Shafi kc,361,53,4,Dedicated laptop chip-level repair channel with motherboard diagnosis and practical demonstrations described.,chip level repair,UC8ZZNB0C5aUXsW0NT_XcjRQ,hands,laptop-computer-repair,wave1,2026-09-14
https://www.youtube.com/@shanthatechnologies,@shanthatechnologies,shanthatechnologies,1410,155,4,"Channel explicitly focused on advanced chip-level laptop and desktop repair tips, strong board-level repair signal.",تعمیر لپ تاپ | 笔记本维修,UCBjQylmxw19QAMF8rjCAwcw,hands,laptop-computer-repair,wave1,2026-09-14
https://www.youtube.com/@shivaminfotech-laptoprepai97,@shivaminfotech-laptoprepai97,Shivam Infotech-Laptop Service Center,93,51,4,"Laptop service center with titles on motherboard CPU fan and charging section repair, showing board-level hands-on work.",laptop repair | laptop service | laptop motherboard repair | monitor repair,UCKCP1Fh01mk1aCzCMsStGGA,hands,laptop-computer-repair,wave1,2026-09-14
https://www.youtube.com/@shreechakratechnologies,@shreechakratechnologies,Shree Chakra Technologies,3760,106,4,"Laptop and Apple repair channel promising expert repair tutorials for screens, batteries, hard drives on camera.",computer repairing Telugu,UC3JNKQS_9SMWjNy9Bd9ck-Q,hands,laptop-computer-repair,wave1,2026-09-14
https://www.youtube.com/@shreelaptoprepaircenter,@shreelaptoprepaircenter,Shree Laptop Repair Center,340,130,4,"Dedicated laptop repair channel describing motherboard, chip-level, hinge, screen and battery repair with real cases.",laptop repair | motherboard repair | laptop motherboard repair | chip level repair | laptop screen replacement,UCioxU75C7jklZTrx_3rbAXA,hands,laptop-computer-repair,wave1,2026-09-14
https://www.youtube.com/@siggmo,@siggmo,Siggmo,4670,468,4,"Dedicated laptop disassembly guide channel tied to a parts shop, likely hands-on teardown videos.",laptop disassembly,UCguvrPInRLbJux6GPEjuXMQ,hands,laptop-computer-repair,wave1,2026-09-14
https://www.youtube.com/@siyasinternationaljaipur,@siyasinternationaljaipur,Siyas International,290,386,4,Service centre titles show real disassembly and panel repair jobs on Dell/HP laptops.,laptop repair | laptop service | laptop disassembly,UCJslzAKuxtFLiNJHaJBHw4w,hands,laptop-computer-repair,wave1,2026-09-14
https://www.youtube.com/@skillmeta,@skillmeta,Skill Meta,1780,118,4,"Training institute offering laptop and mobile chip-level practical repair courses, likely showing bench work.",laptop repair | laptop repairing | laptop motherboard | chip level repair | laptop repair course,UCEUj-nsoZHVksx0boJv1bhg,hands,laptop-computer-repair,wave1,2026-09-14
https://www.youtube.com/@tamirmasam,@tamirmasam,TAMİR MASAM,1770,58,4,"Computer repair shop channel explicitly making videos about repair, parts and maintenance work.",laptop tamiri,UCcfixQEbEItgoXCgB9MPqhw,hands,laptop-computer-repair,wave1,2026-09-14
https://www.youtube.com/@techfixcomputerlab,@techfixcomputerlab,TechFix computer Lab,775,56,4,Dedicated laptop and MacBook chip-level repair channel with hands-on hardware focus described.,chip level repair,UCrAR6Dxvn34RcgDm1dEwHeg,hands,laptop-computer-repair,wave1,2026-09-14
https://www.youtube.com/@techidiot1120,@techidiot1120,Tech Idiot,750,72,4,Description explicitly mentions laptop panel/hinge reworks and motherboard chip-level services alongside software.,laptop repair Tamil,UC7ksI1iTf2Xr86Kv-kBot_w,hands,laptop-computer-repair,wave1,2026-09-14
https://www.youtube.com/@technician365,@technician365,Tech365,2440,193,4,"Laptop repair shop covering screen, keyboard, battery, RAM, hinge and chip-level repairs across major brands.",laptop repair Tamil,UCs3W550u2eYpAcOlA4fK2kg,hands,laptop-computer-repair,wave1,2026-09-14
https://www.youtube.com/@technoelectronicsolution,@technoelectronicsolution,Techno Electronic Solution,532,97,4,"Laptop chip level repair and training channel with titles showing board testing, charging section repair, hands-on bench work.",chip level repair | laptop repair course,UCOVSGarONfj60gGLyV0HFww,hands,laptop-computer-repair,wave1,2026-09-14
https://www.youtube.com/@techrestoread,@techrestoread,Tech Restore AD,17900,83,4,Tech restoration channel fixing found/salvaged electronics with hands-on repair focus.,console repair | game console repair,UCufNs9ybn7_bqY0AjLTooYQ,hands,laptop-computer-repair,wave1,2026-09-14
https://www.youtube.com/@tecnicodameianoite,@tecnicodameianoite,Técnico da Meia Noite Informática,110,77,4,Computer/laptop repair and PC gamer assembly channel explicitly showing maintenance work to viewers.,montagem de PC,UCe0Vba7c0YuQCyDZ4Vl710Q,hands,laptop-computer-repair,wave1,2026-09-14
https://www.youtube.com/@tekaltechnician,@tekaltechnician,Tek AL Computer Repair,707,91,4,"Titles show actual PC build time-lapses with named components, cases and coolers assembled.",PC building | computer repair | computer repairing,UCJXpUylRvNlebHvaSwt67Dg,hands,laptop-computer-repair,wave1,2026-09-14
https://www.youtube.com/@thechipmaster_god,@thechipmaster_god,The Chipmaster,10500,169,4,"Description details chip-level motherboard fault-finding with tools like oscilloscope, strong hands-on bench repair focus.",laptop motherboard | chip level repair | laptop motherboard repair | صيانة لابتوب | تعمیر لپ تاپ | réparation ordinateur portable,UC6NQFJ2548VxaQnaqCf1GSw,hands,laptop-computer-repair,wave1,2026-09-14
https://www.youtube.com/@titanrepairs,@titanrepairs,TitanRepairs,2850,101,4,Dedicated retro console repair channel restoring old game consoles and accessories with hands-on fixes.,console repair | game console repair,UCb4NxjRtFYOEo1CvYu-zcCw,hands,laptop-computer-repair,wave1,2026-09-14
https://www.youtube.com/@totalcomputersolutionsramg7348,@totalcomputersolutionsramg7348,Total Computer Solutions Ramgarh.,1510,359,4,"Chip-level laptop repair shop covering screen, logic board, battery, hinge and keyboard replacements.",laptop repair | laptop motherboard repair | صيانة لابتوب | 笔记本维修 | réparation ordinateur portable,UCrADtcVivkuBEULMvg0i4yg,hands,laptop-computer-repair,wave1,2026-09-14
https://www.youtube.com/@toysretroland,@toysretroland,ToysRetroland,52,59,4,"Dedicated console repair/restoration channel explicitly covering HDMI ports, drift, refurbishments and mods.",console repair | game console repair,UC7emK1h2u6_WL2fmiYy97MQ,hands,laptop-computer-repair,wave1,2026-09-14
https://www.youtube.com/@ufixtek,@uFixTek,UFIXTEK,39100,1379,4,"Dedicated to laptop, console and electronics disassembly/repair guides with reviews mixed in.",laptop disassembly | electronic repair | electronics repair shop,UCbnjsfxrZn-Oi8VOtqD90Ag,hands,laptop-computer-repair,wave1,2026-09-14
https://www.youtube.com/@wahlaptop,@wahlaptop,Wahlaptop Repairing Lab,700,122,4,"Titles show real hands-on jobs: UPS battery install, MacBook heatsink/CPU repaste, heating fixes.",laptop repair | laptop repairing | PC building | laptop motherboard repair | laptop screen replacement,UCCpAwlVNisNztB9dtyRsy_Q,hands,laptop-computer-repair,wave1,2026-09-14
https://www.youtube.com/@chipfixmasterinstitute,@ChipfixMasterInstitute,Chipfix Master Institute,237,100,4,"Chip-level repair training institute covering mobile and laptop, hands-on courses though mixed with mobile repair content.",laptop repair course | electronics repair | electronics repair course | electronics repairing institute,UCoMR6TZScoLMc8FwhbF4-GA,hands,laptop-computer-repair,wave2,2026-09-14
https://www.youtube.com/@pcstechcare2277,@PCSTechCare2277,PCS Tech Care ,361,71,4,Chip-level laptop/desktop repair and hardware maintenance shop with detailed service descriptions.,laptop motherboard repair | power supply repair | monitor repair | servis power supply,UCa40kICj5dcMVqsImCBRJtA,hands,laptop-computer-repair,wave2,2026-09-14
https://www.youtube.com/@roysrepair,@RoysRepair,Roy's Repair & Resale,568,153,4,Console and electronics repair enthusiast channel with commentary-style repair content.,console repair | game console repair | electronics repair,UCAsT__rVVsvev_K2e_qPm2w,hands,laptop-computer-repair,wave2,2026-09-14
https://www.youtube.com/@techmaniabd,@TechManiaBD,TechMania |BD|,238000,560,4,Bangladeshi PC build and hardware troubleshooting channel mixing real repair cases with reviews.,PC build | laptop repair Bangla | UPS repair,UC9WnF4bRBQz3ec04sE5HAjQ,hands,laptop-computer-repair,wave2,2026-09-14
https://www.youtube.com/@itechzonegoa,@itechzonegoa,I-Tech Zone Goa | Electronics Repair Experts,379,59,4,"Multi-service electronics repair shop covering chip-level laptop, console and GPU repair among other devices.",chip level repair | console repair | electronics repair | amplifier repair,UCit1rA9gMU-Gzfq6fjIeGvg,hands,laptop-computer-repair,wave2,2026-09-14
https://www.youtube.com/@kelatosinformatica,@kelatosinformatica,Kelatos ,3300,12622,4,"Spanish repair channel with laptop, GPU and hard drive data recovery tutorials, though appliance repair also included.",reparación electrónica,UCaxAqLD9Mk5gvzqoDedlWSA,hands,laptop-computer-repair,wave2,2026-09-14
https://www.youtube.com/@reparacioncomputadores,@reparacioncomputadores,Servilab Tecnología 🤳💻,170,79,4,"Electronics repair shop channel covering computers, laptops, consoles and microelectronics diagnostics with hands-on focus.",reparación de laptops | reparación electrónica,UCaBfr4spBCJe5LT7l7_EqmA,hands,laptop-computer-repair,wave2,2026-09-14
https://www.youtube.com/@supamodztech5366,@supamodztech5366,Supamodz Tech,1190,79,4,Apple electronics repair channel focused on fixing computers with hands-on teaching format.,electronics repair,UC7OgvUGW_agWDcmGcJ16jQQ,hands,laptop-computer-repair,wave2,2026-09-14
https://www.youtube.com/@therepairshare673,@therepairshare673,The Repair Share,5510,187,4,Dedicated laptop motherboard electronic repair tutorial channel with detailed guides.,laptop motherboard | laptop motherboard repair | electronic repair | monitor repair,UCESjWHO_zMY_sfLxbzaSBjQ,hands,laptop-computer-repair,wave2,2026-09-14
https://www.youtube.com/@fixmelaptoprepairsrilanka605,@fixmelaptoprepairsrilanka605,Fixme Laptop repair,3540,73,4,Chip-level motherboard repair shop with clear hardware repair focus and liquid damage/SSD upgrade services.,laptop repair | motherboard repair | laptop repairing | laptop motherboard repair | chip level repair | laptop repair course | Laptop reparieren,UCPUc3Eq7yUUDzJPbDDeR8zA,hands,laptop-computer-repair,wave3,2026-09-14
https://www.youtube.com/@officepcmac,@officepcmac,오피스피씨맥,56,492,4,Korean repair shop specializing in precise PC/laptop PCB board-level repair alongside IT peripherals.,시계 수리,UCwVjVJuF2Zq79yZoD86W8JA,hands,laptop-computer-repair,wave3,2026-09-14
