url,handle,name,subscribers,videos_count,score_0_5,reason,discovery_keywords,channel_id,vertical,topic,stage,scored_at,source,live_videos_count
https://www.youtube.com/@%d0%92%d0%bb%d0%b0%d0%b4%d0%b8%d0%bc%d0%b8%d1%80%d0%9a%d0%be%d0%b2%d0%b0%d0%bb%d1%8c%d1%87%d1%83%d0%ba-%d0%bd2%d0%be,@%D0%92%D0%BB%D0%B0%D0%B4%D0%B8%D0%BC%D0%B8%D1%80%D0%9A%D0%BE%D0%B2%D0%B0%D0%BB%D1%8C%D1%87%D1%83%D0%BA-%D0%BD2%D0%BE,Владимир Владимирович,1080,214,5,Titles show detailed chainsaw/trimmer repair steps like carburetor replacement and recoil starter installation.,ремонт бензопилы,UCFVgEc5V2eIyf7jDZn0G_uw,hands,motorcycle-small-engine-repair,wave1,2026-09-14,scraper,214
https://www.youtube.com/@%d0%9c%d0%be%d1%82%d0%be%d0%96%d0%b8%d0%b7%d0%bd%d1%8c88,@%D0%9C%D0%BE%D1%82%D0%BE%D0%96%D0%B8%D0%B7%D0%BD%D1%8C88,МотоЖизнь 88,574,50,5,Dedicated channel for Soviet motorcycle repair.,ремонт мотоцикла,UCF-vS7De9bZeTz6QAct9u9A,hands,motorcycle-small-engine-repair,wave1,2026-09-14,scraper,50
https://www.youtube.com/@%d0%a0%d0%b5%d0%bc%d0%be%d0%bd%d1%82%d1%81%d0%b0%d0%b4%d0%be%d0%b2%d0%be%d0%b9%d1%82%d0%b5%d1%85%d0%bd%d0%b8%d0%ba%d0%b8,@%D0%A0%D0%B5%D0%BC%D0%BE%D0%BD%D1%82%D1%81%D0%B0%D0%B4%D0%BE%D0%B2%D0%BE%D0%B9%D1%82%D0%B5%D1%85%D0%BD%D0%B8%D0%BA%D0%B8,Ремонт садовой техники,60000,159,5,"Dedicated garden equipment repair channel covering trimmers, chainsaws, cultivators, mowers.",ремонт бензопилы,UCXojtZzYUQ8rgV_noOINBHQ,hands,motorcycle-small-engine-repair,wave1,2026-09-14,scraper,159
https://www.youtube.com/@%d0%a0%d0%b5%d0%bc%d0%be%d0%bd%d1%82%d1%81%d0%ba%d1%83%d1%82%d0%b5%d1%80%d0%b0%d0%b2%d0%b3%d0%b0%d1%80%d0%b0%d0%b6%d0%b5,@%D0%A0%D0%B5%D0%BC%D0%BE%D0%BD%D1%82%D1%81%D0%BA%D1%83%D1%82%D0%B5%D1%80%D0%B0%D0%B2%D0%B3%D0%B0%D1%80%D0%B0%D0%B6%D0%B5,Ремонт скутера в гараже,2200,51,5,Dedicated scooter repair channel covering engine and electrical repair in garage setting.,ремонт мотоцикла | ремонт скутера,UCJYwk0i9rvOKCHhN6R9I_rQ,hands,motorcycle-small-engine-repair,wave1,2026-09-14,scraper,51
https://www.youtube.com/@%d0%a0%d0%b5%d0%bc%d0%be%d0%bd%d1%82-%d0%b1%d0%b5%d0%bd%d0%b7%d0%be%d0%b8%d0%bd%d1%81%d1%82%d1%80%d1%83%d0%bc%d0%b5%d0%bd%d1%82%d0%b0-.19,@%D0%A0%D0%B5%D0%BC%D0%BE%D0%BD%D1%82-%D0%B1%D0%B5%D0%BD%D0%B7%D0%BE%D0%B8%D0%BD%D1%81%D1%82%D1%80%D1%83%D0%BC%D0%B5%D0%BD%D1%82%D0%B0-.19,Мастерская у Сергеевича.Ремонт бензоинструмента ,344,80,5,"Dedicated gas-tool repair workshop covering chainsaws, trimmers and generators explicitly.",ремонт бензопилы,UCqGbXNCGXg7KgNyRAjSSHTQ,hands,motorcycle-small-engine-repair,wave1,2026-09-14,scraper,80
https://www.youtube.com/@%d0%a1%d0%be%d0%b2%d0%b4%d0%b5%d0%bf%d0%9c%d0%be%d1%82%d0%be%d1%80%d1%81,@%D0%A1%D0%BE%D0%B2%D0%B4%D0%B5%D0%BF%D0%9C%D0%BE%D1%82%D0%BE%D1%80%D1%81,Совдеп Моторс,4950,80,5,"Detailed hands-on engine rebuild, boring pistons, wiring and electrical work on Soviet mopeds/motorcycles.",ремонт мотоцикла,UC-sKdFfTeABm-OF52BESs9Q,hands,motorcycle-small-engine-repair,wave1,2026-09-14,scraper,80
https://www.youtube.com/@%d9%85%d9%8a%d9%83%d8%a7%d9%86%d9%8a%d9%83%d9%8a_%d8%a7%d9%84%d9%85%d9%88%d8%aa%d9%88%d8%b3%d9%8a%d9%83%d9%84%d8%a7%d8%aa_%d8%a7%d9%84%d8%b5%d9%8a%d9%86%d9%8a,@%D9%85%D9%8A%D9%83%D8%A7%D9%86%D9%8A%D9%83%D9%8A_%D8%A7%D9%84%D9%85%D9%88%D8%AA%D9%88%D8%B3%D9%8A%D9%83%D9%84%D8%A7%D8%AA_%D8%A7%D9%84%D8%B5%D9%8A%D9%86%D9%8A,Tito Doctor scooter ,216,63,5,"Scooter/motorcycle repair workshop with titles showing oil, engine service work on Chinese scooters.",ميكانيكا دراجات نارية,UCACVYmHFi8iezLPI48zNEBg,hands,motorcycle-small-engine-repair,wave1,2026-09-14,scraper,63
https://www.youtube.com/@%e0%b8%8a%e0%b9%88%e0%b8%b2%e0%b8%87%e0%b8%a7%e0%b8%b8%e0%b8%98%e0%b8%99%e0%b8%b2%e0%b8%9b%e0%b9%88%e0%b8%b2%e0%b9%80%e0%b8%8b%e0%b8%ad%e0%b8%a3%e0%b9%8c%e0%b8%a7%e0%b8%b4%e0%b8%aa,@%E0%B8%8A%E0%B9%88%E0%B8%B2%E0%B8%87%E0%B8%A7%E0%B8%B8%E0%B8%98%E0%B8%99%E0%B8%B2%E0%B8%9B%E0%B9%88%E0%B8%B2%E0%B9%80%E0%B8%8B%E0%B8%AD%E0%B8%A3%E0%B9%8C%E0%B8%A7%E0%B8%B4%E0%B8%AA,ช่างวุธ นาป่า เซอร์วิส,29800,96,5,"Dedicated channel teaching motorcycle repair techniques to viewers, core hands-on repair content.",ซ่อมมอเตอร์ไซค์,UCZbS4lmy44JvzI2I8qbEcuQ,hands,motorcycle-small-engine-repair,wave1,2026-09-14,scraper,96
https://www.youtube.com/@2strokeengine786,@2strokeengine786,2strokeengine ,1010,55,5,"Dedicated 2-stroke engine repair channel covering chainsaws, brush cutters and sprayers with hands-on fixes.",chainsaw repair,UCDISvxugr6J86pg7gxNfW6g,hands,motorcycle-small-engine-repair,wave1,2026-09-14,scraper,55
https://www.youtube.com/@3d_trio,@3D_trio,Craftsman repair channel,503,259,5,Professional gas/electric tool repair and maintenance channel with service business focus.,ремонт бензопилы,UCax5g5Bh8Io0fjrrwv3gV7w,hands,motorcycle-small-engine-repair,wave1,2026-09-14,scraper,259
https://www.youtube.com/@academiamotopro01,@AcademiaMotoPro01,Academia Moto Pro,138,88,5,"Titles detail crankcase closing, gearbox alignment and full engine teardown/rebuild, clear hands-on repair format.",ميكانيكا دراجات نارية,UCwcd7G1JhGmmm8mG1sHAurA,hands,motorcycle-small-engine-repair,wave1,2026-09-14,scraper,88
https://www.youtube.com/@afakbikerepairing9359,@afakbikerepairing9359,Afak bike repairing,128,72,5,"Certified Hero Honda mechanic channel dedicated to solving bike problems, clear repair specialist content.",motorcycle repairing,UCLZMS6A05hJfXt-dSYHg0qA,hands,motorcycle-small-engine-repair,wave1,2026-09-14,scraper,72
https://www.youtube.com/@agriculturekisanmachine,@agricultureKisanmachine,KISAN SERVICE TELUGU ,831,50,5,"Telugu small-engine channel explicitly repairing chainsaws, sprayers, carburetors and 2-stroke engines.",bike repairing Telugu,UCBRnwhW7g5WaU2ATMr8lExw,hands,motorcycle-small-engine-repair,wave1,2026-09-14,scraper,50
https://www.youtube.com/@akhtar-e5r,@Akhtar-e5r,Akhtar mechanic tips,1170,347,5,"Detailed description of complete bike restoration process including engine cleaning, part replacement and rebuilding.",motorcycle engine rebuild,UCkWznzc1GZtaGrJJcmK25Cg,hands,motorcycle-small-engine-repair,wave1,2026-09-14,scraper,347
https://www.youtube.com/@alibaba.motercycle.77860,@Alibaba.motercycle.77860,Ali baba motorcycle mechanic ,53,113,5,"Titles show Honda 125 repairing and engine work by a mechanic, real repair footage.",motorcycle mechanic,UC69gzfO4P9gbEF11BZJiGPg,hands,motorcycle-small-engine-repair,wave1,2026-09-14,scraper,113
https://www.youtube.com/@amotorcyclemechanic,@amotorcyclemechanic,A motorcycle mechanic,2060,90,5,"Hinglish motorcycle mechanic channel covering engine, wiring and all-problem repair with explanation.",motorcycle repair | motorcycle repairing | motorcycle mechanic,UCKkC41K-ihNCToenqJ1WHSg,hands,motorcycle-small-engine-repair,wave1,2026-09-14,scraper,90
https://www.youtube.com/@amster555,@Amster555,ProЕксперт ,25500,514,5,"Dedicated repair and maintenance channel for chainsaws, trimmers, generators and drills.",ремонт бензопилы,UCRQ9x9UrS2fFhh-L1F128fA,hands,motorcycle-small-engine-repair,wave1,2026-09-14,scraper,514
https://www.youtube.com/@backyardrepairs,@BackyardRepairs,Backyard Repairs,7550,78,5,Hobbyist channel restoring discarded small engines with detailed repair process shown.,chainsaw repair,UCle1tLx9ErXjLDaZUOHIy6w,hands,motorcycle-small-engine-repair,wave1,2026-09-14,scraper,78
https://www.youtube.com/@benzomaster1,@BenzoMaster1,Benzo Master,58000,129,5,"Dedicated small-engine repair channel covering chainsaws, trimmers, generators and pumps in detail.",ремонт бензопилы,UCLx7FZnklTVWtFeqpP6Fb8Q,hands,motorcycle-small-engine-repair,wave1,2026-09-14,scraper,129
https://www.youtube.com/@benzomaster_pmr,@BenzoMaster_PMR,БензоМастер ПМР,54200,408,5,"Dedicated small-engine repair shop for chainsaws, trimmers, mowers, generators and tillers.",ремонт мотоцикла | ремонт бензопилы,UCYWjVRmdz5cexa0CUTwkM5Q,hands,motorcycle-small-engine-repair,wave1,2026-09-14,scraper,408
https://www.youtube.com/@benzoremontnik,@benzoremontnik,Benzo repairman,20000,316,5,Dedicated chainsaw and lawn mower repair channel with diagnostic and repair focus.,ремонт бензопилы,UC0g9B4YJ1fMLoKWdeh-_5vA,hands,motorcycle-small-engine-repair,wave1,2026-09-14,scraper,316
https://www.youtube.com/@bernardfisson2433,@bernardfisson2433,le cambouis selon berny ,18,92,5,"Dedicated small-engine mechanic channel restoring lawn tractors, chainsaws and brushcutters as passion project.",réparation tondeuse,UCqHYj_pBMoBL2Ev1nZOkaZA,hands,motorcycle-small-engine-repair,wave1,2026-09-14,scraper,92
https://www.youtube.com/@bgser25,@bgser25,Ben's Garage Small Engine Repair ,280,52,5,Small engine repair channel with step-by-step repairs and rescuing junk mowers and chainsaws.,small engine repair | lawn mower repair,UCHQC9eKX6x1UyBAuwWldd5g,hands,motorcycle-small-engine-repair,wave1,2026-09-14,scraper,52
https://www.youtube.com/@bikemechanichindi,@BikeMechanicHindi,Bike Mechanic Hindi,44,50,5,Titles show actual bike mechanic repair work like gear shaft fitting and pickup problem fixes in Hindi.,bike repairing Hindi,UCj8zvZIOwMyGMSSk12QgYFw,hands,motorcycle-small-engine-repair,wave1,2026-09-14,scraper,50
https://www.youtube.com/@bikerepairing928,@bikerepairing928,BIJOY REPAIRING,499,280,5,"Details engine assembly, wiring, CDI, armature, ignition repair -- strong hands-on mechanical repair evidence.",motorcycle repairing,UCGmg-JebczucqzH7uX3iESQ,hands,motorcycle-small-engine-repair,wave1,2026-09-14,scraper,280
https://www.youtube.com/@brantsmallenginerepairs,@brantsmallenginerepairs,Brant Small Engine Repairs,8840,282,5,Hobby-business small engine tinkering and service channel sharing repair knowledge.,lawn mower repair,UCEPwPjCD7IKbQLWUksX9gCQ,hands,motorcycle-small-engine-repair,wave1,2026-09-14,scraper,282
https://www.youtube.com/@brickhousebuilds,@BrickHouseBuilds,Brick House Builds,154000,490,5,Dedicated motorcycle revival and restoration channel showing custom builds and repair work.,motorcycle repair,UC7QNdzLR3qvLIU29Jg5TJXA,hands,motorcycle-small-engine-repair,wave1,2026-09-14,scraper,490
https://www.youtube.com/@bungascustombikes,@BungasCustomBikes,Bungas Custom Bikes,789,64,5,Full service motorcycle shop channel showing powersports repair work and builds.,carburetor rebuild,UCq4BtIjk85BPAaHy2nx_9Gw,hands,motorcycle-small-engine-repair,wave1,2026-09-14,scraper,64
https://www.youtube.com/@butlercustoms,@butlercustoms,Butler Customs Motorcycle Shop,19300,629,5,"Custom motorcycle shop channel focused on revivals, road-ready builds and repairs shown in shop.",motorcycle repair | motorcycle repairing | motorcycle mechanic | motorcycle repair shop,UCR72EWmwCOZAhgfqKeYsySQ,hands,motorcycle-small-engine-repair,wave1,2026-09-14,scraper,629
https://www.youtube.com/@carlosarandamotos,@carlosarandamotos,carlos aranda motos y motores,218000,274,5,"Repair videos, general mechanics, electricity, tutorials and courses to fix motorcycles described directly.",reparación de motos,UCQPp_zIL1jF1FOFWHULBKDQ,hands,motorcycle-small-engine-repair,wave1,2026-09-14,scraper,274
https://www.youtube.com/@centralservicemototaller,@CentralServiceMotoTaller,Central Service Moto Taller,24400,233,5,"Dedicated motorcycle repair workshop with tutorials on maintenance, synchronization and parts replacement.",mecánica de motos | Motorrad reparieren,UCVr5igcVXckN1y5BB8Q2Jsg,hands,motorcycle-small-engine-repair,wave1,2026-09-14,scraper,233
https://www.youtube.com/@changkla_com,@Changkla_com,ช่างกล้า สอนซ่อมรถมอเตอร์ไซค์ ,4950,231,5,Dedicated motorcycle mechanic training channel with structured practical repair curriculum described.,ซ่อมมอเตอร์ไซค์,UC1XGT2v1O4qPGY-dZrJH8Bw,hands,motorcycle-small-engine-repair,wave1,2026-09-14,scraper,231
https://www.youtube.com/@charlietheboatguy,@charlietheboatguy,Charlie the boat guy,1210,124,5,"Dedicated outboard motor and boat repair channel covering rebuilds, rigging, electrical, real customer jobs.",outboard motor repair,UCFnSxtfCl-AtFxgsKDVx7_Q,hands,motorcycle-small-engine-repair,wave1,2026-09-14,scraper,124
https://www.youtube.com/@cjsaws,@CJSaws,CJ Saws,10200,437,5,Dedicated chainsaw building and repair channel fitting the small-engine repair niche precisely.,chainsaw repair,UC5dR9aTBkQmKV4MTWXtrw0g,hands,motorcycle-small-engine-repair,wave1,2026-09-14,scraper,437
https://www.youtube.com/@crackerjackmechanic,@CrackerJackMechanic,CrackerJack Mechanic,8840,113,5,Dedicated motorcycle diagnostics channel with engine teardowns and rebuilds by an experienced tech.,motorcycle mechanic,UCCwP8J_TPd8e2CgO-gxHaAA,hands,motorcycle-small-engine-repair,wave1,2026-09-14,scraper,113
https://www.youtube.com/@davessmallengines,@DavesSmallEngines,Dave's Small Engines,17200,111,5,Diagnoses and repairs old/broken small engines with articulated thought process on camera.,small engine repair | chainsaw repair,UCRu58zFqxB3_z28qgGLLM5w,hands,motorcycle-small-engine-repair,wave1,2026-09-14,scraper,111
https://www.youtube.com/@deanallen,@DeanAllen,Deano's Garage ,2310,121,5,"Home garage channel stripping down, servicing and rescuing motorcycles with step-by-step demonstrations.",réparation moto,UCXzPGPhg4xmFHlel4FekXPg,hands,motorcycle-small-engine-repair,wave1,2026-09-14,scraper,121
https://www.youtube.com/@deepakautorepair7203,@deepakautorepair7203,Deepak Auto Repair,147000,53,5,"Auto Repair channel explicitly covering bike problems, engine fitting and repair videos.",motorcycle repairing,UCsnviT3kUANy8y5LMRmj40A,hands,motorcycle-small-engine-repair,wave1,2026-09-14,scraper,53
https://www.youtube.com/@dennymotorservis3493,@dennymotorservis3493,denny motor servis,798,51,5,"Detailed description of motorcycle repair covering overhaul, engine disassembly, ignition, electrical, injection systems.",servis motor,UC3Kxfd2esqBVnhA5Ccwy73Q,hands,motorcycle-small-engine-repair,wave1,2026-09-14,scraper,51
https://www.youtube.com/@easyrepairlk,@easyrepairlk,easy repair,106,55,5,"Dedicated chainsaw and brushcutter repair channel covering carburetor cleaning, sharpening and troubleshooting.",chainsaw repair,UCA6lWvGwXNXecl85dM8OEDQ,hands,motorcycle-small-engine-repair,wave1,2026-09-14,scraper,55
https://www.youtube.com/@elbarbasmotos,@ElBarbasMotos,El Barbas Motos,795,75,5,Mechanic teaching step-by-step tutorials for common motorcycle faults and real repair solutions.,reparación de motos,UCtAcl8o1LdMBbggXnDCLkqg,hands,motorcycle-small-engine-repair,wave1,2026-09-14,scraper,75
https://www.youtube.com/@engrthursdayayapko5530,@engrthursdayayapko5530,thursco outboard repair ,40,110,5,"Dedicated outboard engine repair channel covering fuel, electrical and cooling system diagnosis and fixes.",outboard motor repair,UCkX0h7cVIzJ59RK2nsdUOSQ,hands,motorcycle-small-engine-repair,wave1,2026-09-14,scraper,110
https://www.youtube.com/@gardenmarketplace,@gardenmarketplace,Repairtech,297,145,5,"Garden machinery mechanic showing real repairs, rebuilds and troubleshooting of chainsaws and mowers.",chainsaw repair,UCFTQ1DrKOGq5tExYuWILU_g,hands,motorcycle-small-engine-repair,wave1,2026-09-14,scraper,145
https://www.youtube.com/@horexwerkstatt7010,@horexwerkstatt7010,HOREX WERKSTATT,7140,202,5,"Dedicated vintage motorcycle restoration channel with technical tips, repair work and parts fabrication tutorials.",Motorrad reparieren,UCrQnlFw4yYW67M8qbWKeVXA,hands,motorcycle-small-engine-repair,wave1,2026-09-14,scraper,202
https://www.youtube.com/@hydrophobiclab.komstir,@hydrophobiclab.komstir,Bengkel Komstir Motor,3380,157,5,Specialized motorcycle steering bearing repair shop with titles clearly showing disassembly and replacement steps.,bengkel motor,UCFvwIrHL9ns0NwW9FpTHb-g,hands,motorcycle-small-engine-repair,wave1,2026-09-14,scraper,157
https://www.youtube.com/@intheweedsser,@intheweedsser,In the Weeds Small Engine Repair ,88,54,5,"Variety small engine and equipment repair channel covering mowers, snowblowers and snowmobiles.",small engine repair | lawn mower repair,UC56gyRBwtjdRl76Z8v-c43w,hands,motorcycle-small-engine-repair,wave1,2026-09-14,scraper,54
https://www.youtube.com/@jandmclassics,@JandMClassics,John and Marsha’s Classics,20,56,5,"Dedicated vintage outboard motor restoration and repair channel for Evinrude, Johnson, and Gale engines.",outboard motor repair,UCCqRRhmquroyQg9tkqacdVA,hands,motorcycle-small-engine-repair,wave1,2026-09-14,scraper,56
https://www.youtube.com/@jawa-bryansk,@jawa-bryansk,Иван Стовпец,3480,91,5,Dedicated motorcycle restoration and repair channel for Java and CZ motorcycles.,ремонт мотоцикла,UCXPnUBDJt1zlVMccTV4GrGw,hands,motorcycle-small-engine-repair,wave1,2026-09-14,scraper,91
https://www.youtube.com/@jeffslawnmowerrepairandservice,@jeffslawnmowerrepairandservice,Jeff's Lawnmower Repair and Service Tips,14000,161,5,Dedicated small-engine repair channel with tips and service videos across many mower brands.,lawn mower repair,UCG2Mf6_iONIoJcdBQyL0xEg,hands,motorcycle-small-engine-repair,wave1,2026-09-14,scraper,161
https://www.youtube.com/@jjssmallenginerepair208,@JJsSmallEngineRepair208,JJs Small Engine Repair ,268,58,5,"Small engine repair shop with titles showing specific mower, chainsaw and ATV diagnostics and fixes.",small engine repair | lawn mower repair,UC0bz5oo4iz_-35xT3LD0ksg,hands,motorcycle-small-engine-repair,wave1,2026-09-14,scraper,58
https://www.youtube.com/@jobert46tv2,@jobert46tv2,Jobert46TV,9860,238,5,"Explicit description: troubleshoot, repair, maintenance of motorcycles.",تعمیر موتور سیکلت,UCJ2GbFXHlRUruR647JTiI2g,hands,motorcycle-small-engine-repair,wave1,2026-09-14,scraper,238
https://www.youtube.com/@joelhardy,@joelhardy,Joel Hardy réparation d'outils de jardin,79900,140,5,"Dedicated channel for repairing garden power tools, engine faults and small repairs shown on camera.",réparation tondeuse,UCLsJczvZ68oDXc6Nm6wHW_A,hands,motorcycle-small-engine-repair,wave1,2026-09-14,scraper,140
https://www.youtube.com/@johnsonssmallengines,@JohnsonsSmallEngines,Johnson's Small Engines,102000,464,5,"Veteran small engine repairman with 38+ years fixing lawn/garden equipment, generators and snow throwers on camera.",small engine repair | lawn mower repair,UCmlp1YBtt0b3gv4SrfcSlcQ,hands,motorcycle-small-engine-repair,wave1,2026-09-14,scraper,464
https://www.youtube.com/@kadthalvillagebikemechanic,@KadthalVillageBikeMechanic,Kadthal village Bike Mechanic,149000,544,5,"Village bike mechanic channel repairing all major brands, dedicated repair shop format.",bike repairing Telugu,UClv7X3q__xcdaW32eqEb5Pg,hands,motorcycle-small-engine-repair,wave1,2026-09-14,scraper,544
https://www.youtube.com/@khemilmotor,@khemilmotor,Khemil Motor Channel,388,124,5,"Titles show real repair tasks: shock swap, kopling strut, brake calibration, piston removal.",bengkel motor,UCFMDtcz_wTM4IUVCwbuyymQ,hands,motorcycle-small-engine-repair,wave1,2026-09-14,scraper,124
https://www.youtube.com/@kinyoxmotor,@kinyoxmotor,kinyox motor,32100,191,5,"Dedicated motorcycle repair channel covering shock, clutch, ignition, camshaft and bore-up tutorials.",servis motor,UCXfBjCJ0O8TdZOHfKW8X9vQ,hands,motorcycle-small-engine-repair,wave1,2026-09-14,scraper,191
https://www.youtube.com/@kirilltepll,@kirilltepll,ExcellenT- Мото,6930,267,5,Moto service channel with video instructions on motorcycle and scooter repair tricks and tips.,ремонт мотоцикла,UC-kNemqflcyKOuqoXDJ0pBA,hands,motorcycle-small-engine-repair,wave1,2026-09-14,scraper,267
https://www.youtube.com/@krkservice,@KRKService,KRKService,3670,178,5,Bulgarian channel dedicated to repair and maintenance tips for chainsaws and mowers of major brands.,chainsaw repair,UCjuP1VjtdgWvBykUp_jPnRg,hands,motorcycle-small-engine-repair,wave1,2026-09-14,scraper,178
https://www.youtube.com/@kuldeepmachinerepair,@kuldeepmachinerepair,Kuldeep Machine Repair ,32,64,5,"Dedicated small-machine repair shop channel servicing chainsaws, brush cutters, water pumps and generators.",chainsaw repair,UCEGWnlbnEuh1-e15DF5QJ1A,hands,motorcycle-small-engine-repair,wave1,2026-09-14,scraper,64
https://www.youtube.com/@kythuatsuaxe,@kythuatsuaxe,kỹ thuật sửa xe máy TV,575,79,5,"Dedicated motorcycle technical channel covering wiring diagrams, sensors, ECU, FI diagnostics and repairs.",sửa xe máy,UC1H5NEO3BPCxN2Lpb3xxLwA,hands,motorcycle-small-engine-repair,wave1,2026-09-14,scraper,79
https://www.youtube.com/@lesteroliveintheshop9825,@lesteroliveintheshop9825,Lester Olive In The Shop,5500,120,5,"Dedicated 2-cycle equipment repair channel covering chainsaws, trimmers, blowers with hands-on maintenance.",chainsaw repair,UCDCZs_BkoKnfs9U3KFyfYow,hands,motorcycle-small-engine-repair,wave1,2026-09-14,scraper,120
https://www.youtube.com/@lestutosmotoculture,@LesTutosMotoculture,Les Tutos Motoculture,45900,412,5,"Professional garden equipment mechanic sharing tutorials, tests and fault-fixing for motoculture machines.",réparation tondeuse,UCyQvwkef0Aq5mff7fB1NPnw,hands,motorcycle-small-engine-repair,wave1,2026-09-14,scraper,412
https://www.youtube.com/@limitlesspowersportsservic3394,@limitlesspowersportsservic3394,Limitless Powersports service & repair,10400,252,5,"Powersports tech channel with motor builds, maintenance, troubleshooting and electrical diagnosis tutorials.",motorcycle repair shop | generator repair | inverter repair,UC1FupihyaParHOor0tOEwoA,hands,motorcycle-small-engine-repair,wave1,2026-09-14,scraper,252
https://www.youtube.com/@litldime,@litldime,DRR Technical Services,707,60,5,"Small-engine technician channel with clear carburetor, valve adjustment and ignition repair tutorials across brands.",chainsaw repair,UCag9fxYJ2hEOUpm0pDe1lMA,hands,motorcycle-small-engine-repair,wave1,2026-09-14,scraper,60
https://www.youtube.com/@madni786-u,@madni786-u,Madni autos Tech ,18800,357,5,"Dedicated motorcycle repair channel covering engine overhaul, carburetor tuning, electrical wiring and parts replacement.",motorcycle repairing Urdu,UCnz40022dsN-F-uONTssVug,hands,motorcycle-small-engine-repair,wave1,2026-09-14,scraper,357
https://www.youtube.com/@mahendrabikedoctor,@MahendraBikeDoctor,Mahendra bike🔧 doctor 🩺,144,306,5,"Real workshop bike repairing channel covering engine, clutch, gear, timing chain with step-by-step videos.",Motorrad reparieren,UCA0QZC79mWM_ZKn7f_LcEZw,hands,motorcycle-small-engine-repair,wave1,2026-09-14,scraper,306
https://www.youtube.com/@maksimmv,@MaksimMV,Ремонт Без Границ,10200,200,5,"Dedicated small-engine repair channel covering chainsaw, trimmer, generator repair and maintenance.",ремонт бензопилы,UCmm9JCP8XYP4T2ELUSOo8Ag,hands,motorcycle-small-engine-repair,wave1,2026-09-14,scraper,200
https://www.youtube.com/@marineengineservicing,@MarineEngineServicing,Marine Engine Servicing,5650,652,5,Dedicated outboard engine servicing and repair channel with will-it-run style videos.,outboard motor repair,UCm2_ex9tLqZI5Ji0-bWv86A,hands,motorcycle-small-engine-repair,wave1,2026-09-14,scraper,652
https://www.youtube.com/@marriedwithsmallengines,@MarriedWithSmallEngines,Married with Small Engines,45800,208,5,"Chainsaw diagnostics, failure analysis and repair focused two-stroke small engine channel.",small engine repair | chainsaw repair,UCttLz9ho1PSVcdW2y_I4RRQ,hands,motorcycle-small-engine-repair,wave1,2026-09-14,scraper,208
https://www.youtube.com/@mec%c3%a1nicademotos-t2d,@Mec%C3%A1nicademotos-t2d,Mecánica de motos,101,54,5,"Titles show real fault diagnosis: oil leaks, engine timing errors, rear brake issues with practical repair tips.",reparación de motos | mecánica de motos,UCGhBEW448V7tHCFqmqqoxKA,hands,motorcycle-small-engine-repair,wave1,2026-09-14,scraper,54
https://www.youtube.com/@mec%c3%a1nicasobreruedas-u3u,@mec%C3%A1nicasobreruedas-u3u,Aprende Mecánica Sobre Ruedas,39,137,5,"Titles show engine assembly, carburetor work, suspension bars and drag kits - clear hands-on repair content.",mecánica de motos,UCfkZz4-ls_FrulNHW7o-fTg,hands,motorcycle-small-engine-repair,wave1,2026-09-14,scraper,137
https://www.youtube.com/@mechanictiki,@mechanictiki,mechanic tiki,506,135,5,"Real two-wheeler workshop channel showing piston fitting, engine fitting and mechanic life on Honda/Activa bikes.",bike repairing Hindi,UCmytBAyZ2RffS9SaDUWp4hw,hands,motorcycle-small-engine-repair,wave1,2026-09-14,scraper,135
https://www.youtube.com/@mechd1-z6g,@MechD1-z6g,Mech D1,180,66,5,Mechanic filming daily bike repair jobs like fixing Dio starting trouble and fuse issues.,bike repairing Telugu,UCiX2Kzw78vQAU7UFR8QZ2BA,hands,motorcycle-small-engine-repair,wave1,2026-09-14,scraper,66
https://www.youtube.com/@mengsoutboardgarage,@MengsOutboardGarage,Meng’s Outboard Garage,78,50,5,Dedicated vintage outboard motor restoration garage channel.,outboard motor repair,UCZH8-JSBT7C6doYGPBbEuAA,hands,motorcycle-small-engine-repair,wave1,2026-09-14,scraper,50
https://www.youtube.com/@mercsonl6,@MerCSonL6,MerCSon L6,8550,196,5,Outboard mechanic channel specializing in Merc Inline engine diagnosis and repair with hands-on approach.,outboard motor repair,UCmFN55B57UOm9mFNfiynYCg,hands,motorcycle-small-engine-repair,wave1,2026-09-14,scraper,196
https://www.youtube.com/@michaeljsimon,@michaeljsimon,T-Mikes Vintage Outboards Restoration,22000,888,5,Dedicated vintage outboard restoration channel teaching hands-on repair of Johnson & Evinrude motors.,outboard motor repair,UCWjnAHWE09ll6qcaFxLIpZg,hands,motorcycle-small-engine-repair,wave1,2026-09-14,scraper,888
https://www.youtube.com/@montecycles,@montecycles,Montecycles ,3030,439,5,Classic British motorcycle repair channel showing step-by-step fixes with hands-on detail.,motorcycle engine rebuild | motorcycle mechanic,UChqSpNhIfLF5GGQLv4Eh4Pw,hands,motorcycle-small-engine-repair,wave1,2026-09-14,scraper,439
https://www.youtube.com/@moonauto,@moonauto,moon auto,55000,267,5,"Multi-brand motorcycle repairing videos aimed at teaching mechanics, dedicated repair channel.",motorcycle repairing,UC5wT099uZBnZC7lo7H8DWdQ,hands,motorcycle-small-engine-repair,wave1,2026-09-14,scraper,267
https://www.youtube.com/@motodom-dubna,@Motodom-dubna,Евгений Налимов,981,74,5,"BMW motorcycle repair, diagnostics and maintenance business channel with hands-on service focus.",ремонт мотоцикла,UCv9PkfRHVHKwLkAgKw9LZEQ,hands,motorcycle-small-engine-repair,wave1,2026-09-14,scraper,74
https://www.youtube.com/@motoggarage,@MotoGgarage,Moto Garage,1450,96,5,"Polish channel dedicated to motorcycle/quad repair, service and instructional teardown videos.",réparation moto,UCNJ5ZJNCH9NJIU5zPU8Qeuw,hands,motorcycle-small-engine-repair,wave1,2026-09-14,scraper,96
https://www.youtube.com/@motohans04,@MOTOHANS04,MOTOHANS,12100,233,5,"Mechanic teaching tutorials on motorcycle repair, basic electricity, fault detection and disassembly for viewers.",reparación de motos,UCq6b3fityx3Glka6S14A-2g,hands,motorcycle-small-engine-repair,wave1,2026-09-14,scraper,233
https://www.youtube.com/@motoprojects_rr,@motoprojects_rr,MotoProjects,6280,298,5,"Classic motorcycle restoration channel documenting full disassembly, mechanics and transformation of real projects.",mecánica de motos,UCc4jC7_prQh5u0Avqu6MpnA,hands,motorcycle-small-engine-repair,wave1,2026-09-14,scraper,298
https://www.youtube.com/@motorcyclemechanictutorials,@motorcyclemechanictutorials,Motorcycle Basic Mechanic,54800,1300,5,Motorcycle mechanic tutorial channel focused on basic repair and demo content.,motorcycle repair | motorcycle mechanic,UCmDKo9Eq-yzlWhjhX-Yn81Q,hands,motorcycle-small-engine-repair,wave1,2026-09-14,scraper,1300
https://www.youtube.com/@motorefaccionesbiker,@MotorefaccionesBiker,Curso de Mecánico de Motocicletas ,269,61,5,"Motorcycle mechanic training channel with 24 practical course classes on repair, strong hands-on educational format.",reparación de motos,UC1HFk7bzloV0PZKr5LtPBVg,hands,motorcycle-small-engine-repair,wave1,2026-09-14,scraper,61
https://www.youtube.com/@motoremont123,@Motoremont123,Моторемонт 123,1390,57,5,"Dedicated training channel teaching motorcycle, moped and scooter repair.",ремонт мотоцикла | ремонт скутера,UCv_qyVJKZsAGANRT7IcAKTQ,hands,motorcycle-small-engine-repair,wave1,2026-09-14,scraper,57
https://www.youtube.com/@motorradchristiansen,@MotorradChristiansen,Motorrad Christiansen,11000,275,5,"Motorcycle workshop showing chain care, tire changes, cylinder head gasket repair and carburetor cleaning.",Motorrad reparieren,UCmbNKNuyUfnbJmcPOjA0nTA,hands,motorcycle-small-engine-repair,wave1,2026-09-14,scraper,275
https://www.youtube.com/@motoscasals,@MotosCasals,Motos Casals,3870,288,5,"Classic motorcycle repair workshop teaching restoration and repair with tips, strongly hands-on focus.",reparación de motos | mecánica de motos,UCnMoZ5MpfcLZaMHuDOnzRMA,hands,motorcycle-small-engine-repair,wave1,2026-09-14,scraper,288
https://www.youtube.com/@mototallerapmotos,@mototallerapmotos,Mototaller AP Motos,328000,139,5,Practical two-wheel mechanic channel with titles on suspension seal replacement and clutch spring work.,reparación de motos | mecánica de motos | mecânica de motos | تعمیر موتور سیکلت,UCejvU67XD7b7VO0DnAQbHtw,hands,motorcycle-small-engine-repair,wave1,2026-09-14,scraper,139
https://www.youtube.com/@mrkaushal,@Mrkaushal,Mr. Kaushal,431000,232,5,"Motorcycle mechanic with named shop teaching bike repair since 2018, clear hands-on repair channel.",motorcycle repairing,UC4QCsW-DiJnPW0NRUQ2Bz9A,hands,motorcycle-small-engine-repair,wave1,2026-09-14,scraper,232
https://www.youtube.com/@mtjetskiriders,@MTjetskiriders,SeaDoo rebuild MT,152,79,5,Dedicated SeaDoo/jet ski rebuild channel focused on repair.,outboard motor repair,UC8bjZd5YgvnipALZyeYTJgA,hands,motorcycle-small-engine-repair,wave1,2026-09-14,scraper,79
https://www.youtube.com/@najibabad__restoration_shadab,@najibabad__restoration_shadab,Najibabad Restoration,6250,202,5,Auto service channel dedicated to full restoration work including Yamaha RX100 restoration.,motorcycle repairing | motorcycle restoration,UCYuaDCeYk03sCIeA69ze7QQ,hands,motorcycle-small-engine-repair,wave1,2026-09-14,scraper,202
https://www.youtube.com/@ncrmotorcycles,@ncrmotorcycles,NCR Motorcycles,991000,707,5,Royal Enfield specialist channel with engine upgrades and vintage restorations shown in depth.,motorcycle repairing | motorcycle restoration | motorcycle mechanic | motorcycle repair shop | réparation moto | Motorrad reparieren,UC3GZVMQDxo2VJQrDplSRbsw,hands,motorcycle-small-engine-repair,wave1,2026-09-14,scraper,707
https://www.youtube.com/@niceice36,@NiceIce36,NiceIce36,11800,1324,5,"German channel dedicated to full motorcycle/moped teardown, restoration and rebuild filmed for viewers.",conserto de moto | ремонт мотоцикла | naprawa motocykla,UCgCoMlPzOJfeu2xbjZXZ7tw,hands,motorcycle-small-engine-repair,wave1,2026-09-14,scraper,1324
https://www.youtube.com/@oscarj572,@oscarj572,Todo sobre motos México,62600,342,5,"Extensive keyword list covering engine, carburetor tuning, brakes, electrical system shows deep repair-focused content.",reparación de motos,UCvREeYKj9Jyunxof-BOOi6w,hands,motorcycle-small-engine-repair,wave1,2026-09-14,scraper,342
https://www.youtube.com/@otrvm,@OTRVM,OTRVM,2350,53,5,"Yamaha certified mechanic filming mobile motorcycle, ATV, UTV and scooter repairs.",carburetor rebuild,UCXoOv_VbWyU1bQQMMOUK2Kg,hands,motorcycle-small-engine-repair,wave1,2026-09-14,scraper,53
https://www.youtube.com/@pbrmotorcycles,@PBRMotorcycles,PBR Motorcycles,24300,306,5,"Dedicated Royal Enfield workshop channel covering CI, UCE, EFI and diesel engine work.",motorcycle repairing | motorcycle restoration,UCdEnQa-jq2ORvNNqw8rgSKA,hands,motorcycle-small-engine-repair,wave1,2026-09-14,scraper,306
https://www.youtube.com/@pmgmotorcycles,@pmgmotorcycles,PMG Motorcycles,3360,176,5,Dedicated DIY motorcycle maintenance and repair educational channel covering multiple brands and repair topics.,Motorrad reparieren,UC_ifam67B1FahtaZY6MTHCA,hands,motorcycle-small-engine-repair,wave1,2026-09-14,scraper,176
https://www.youtube.com/@pnwsmallengineandlawn,@PNWSmallEngineandLawn,PNW Small Engine and Lawn,5430,887,5,"Small engine repair channel covering carb cleaning, ignition, rebuilds across many outdoor tools.",lawn mower repair | chainsaw repair,UCtyC85kuhjoqQkeg803pSew,hands,motorcycle-small-engine-repair,wave1,2026-09-14,scraper,887
https://www.youtube.com/@potenciaymecanica,@potenciaymecanica,potencia y mecánica ,172,53,5,"Step-by-step engine disassembly, gearbox assembly and full motor rebuild titles show real hands-on motorcycle repair.",ميكانيكا دراجات نارية,UC0K5_BD3LVVOXSl0NN2kDuw,hands,motorcycle-small-engine-repair,wave1,2026-09-14,scraper,53
https://www.youtube.com/@pushmowerrepair,@Pushmowerrepair,PushMowerRepair.com,10700,88,5,Dedicated push mower repair tutorial channel offering clear step-by-step fixes.,lawn mower repair,UCvdB99ROgSTccftlhgvWOVQ,hands,motorcycle-small-engine-repair,wave1,2026-09-14,scraper,88
https://www.youtube.com/@qasimghulami,@QasimGhulami,Qasim Ghulami | Motorcycle Mechanic,438,272,5,"Motorcycle mechanic channel teaching real repair, troubleshooting, engine, gearbox, clutch and electrical work.",motorcycle repair | motorcycle mechanic | تعمیر موتور سیکلت,UCDVXjOgAN4WWQ7vjw9j0yhA,hands,motorcycle-small-engine-repair,wave1,2026-09-14,scraper,272
https://www.youtube.com/@retromoto2859,@retromoto2859,Retro Moto Техника,8340,158,5,Dedicated Soviet-era motorcycle engine repair and restoration channel with garage focus.,ремонт мотоцикла,UChghAnI2PXyQv6D1bpLdLmA,hands,motorcycle-small-engine-repair,wave1,2026-09-14,scraper,158
https://www.youtube.com/@ronmotorepair28,@ronmotorepair28,ron moto repair,32700,374,5,"Dedicated motorcycle repair channel covering overhaul, tune-up, wiring, CVT cleaning, brakes.",motorcycle repair | motorcycle repairing | scooter repair | motorcycle repair shop | motor repair tagalog,UCTJXTV-l7Umvpt9eZ81g-mw,hands,motorcycle-small-engine-repair,wave1,2026-09-14,scraper,374
https://www.youtube.com/@rz.bike.centre,@RZ.BIKE.CENTRE,RZ BIKE REPAIRING CENTRE ,129,97,5,"Detailed description of motorcycle repairing, servicing, engine work, electrical repair and maintenance tutorials.",motorcycle repairing | bike repairing,UCokUo2q4Gx_4xvF2BiM0Zeg,hands,motorcycle-small-engine-repair,wave1,2026-09-14,scraper,97
https://www.youtube.com/@sachinbikeworkshop,@SACHINBIKEWORKSHOP,SACHIN BIKE WORKSHOP ,426,760,5,"Hindi-language bike workshop channel doing engine tuning, wiring and brake repair on bikes and scooters.",bike repairing Hindi,UCVheBR2YEVHIQhXrBCDwg8Q,hands,motorcycle-small-engine-repair,wave1,2026-09-14,scraper,760
https://www.youtube.com/@saleemmughal9081,@saleemmughal9081,Mughal Autos,168,71,5,"Workshop channel dedicated to chainsaw, engine and generator repairing per description.",chainsaw repair,UCC2k_kX5T2sdlPfm2MqF3rg,hands,motorcycle-small-engine-repair,wave1,2026-09-14,scraper,71
https://www.youtube.com/@sam-sebe-benzomaster,@sam-sebe-benzomaster,Сам себе бензомастер (Serhii Kostiuk),48400,358,5,Dedicated gas-tool repair channel run by mechanic focusing on theory and practical chainsaw/engine repair.,ремонт бензопилы,UCWiegq-kjKzlv9UhPcrjFyw,hands,motorcycle-small-engine-repair,wave1,2026-09-14,scraper,358
https://www.youtube.com/@sandeepgalgat07,@Sandeepgalgat07,Sandeep galgat 07,23,74,5,"Dedicated bike mechanic channel covering engine problems, wiring, CDI, magnet coil repair across multiple brands.",bike repairing Hindi,UCfPYNVc5Anw7aphxUTObdgQ,hands,motorcycle-small-engine-repair,wave1,2026-09-14,scraper,74
https://www.youtube.com/@scooterservicepeters,@Scooterservicepeters,Scooter_Service_Peter's,105,88,5,"Scooter repair shop listing detailed engine, piston, crankcase, carb services performed in Kiev.",ремонт скутера,UCVt8w6L2niY91E4-FRIdUgw,hands,motorcycle-small-engine-repair,wave1,2026-09-14,scraper,88
https://www.youtube.com/@shadetreemowermechanic,@ShadeTreeMowerMechanic,Shade Tree Mower Mechanic,2200,154,5,Dedicated small-engine repair channel with step-by-step carburetor and mower troubleshooting titles.,chainsaw repair,UCMaLdF7Z0VchY7oGuqvb7Gg,hands,motorcycle-small-engine-repair,wave1,2026-09-14,scraper,154
https://www.youtube.com/@smallenginerescue,@smallenginerescue,Small Engine Rescue,2130,174,5,"Small engine, lawn mower, ATV and motorcycle repair videos covering hands-on fixes.",small engine repair | lawn mower repair | chainsaw repair,UCcx4ie3lKBROwAgUKudI-qw,hands,motorcycle-small-engine-repair,wave1,2026-09-14,scraper,174
https://www.youtube.com/@smekalslesar,@smekalslesar,Смекалистый Слесарь,35200,905,5,Dedicated scooter/moped/motorcycle repair channel showing full repair process with narration.,ремонт скутера,UCc6ngBOcVqMkAsQR9pEr19Q,hands,motorcycle-small-engine-repair,wave1,2026-09-14,scraper,905
https://www.youtube.com/@stevessmallenginesaloon,@StevesSmallEngineSaloon,Steve's Small Engine Saloon,766000,402,5,Dedicated DIY tutorial channel diagnosing and repairing outdoor power equipment engines step by step.,small engine repair | lawn mower repair | chainsaw repair,UCpqca7L2YYDN-BIHUQ2TfAA,hands,motorcycle-small-engine-repair,wave1,2026-09-14,scraper,402
https://www.youtube.com/@stevessmallenginesaloon_de,@StevesSmallEngineSaloon_de,Steve's Small Engine Saloon auf Deutsch,292,62,5,"Dedicated German-dubbed small engine repair channel: chainsaws, mowers, blowers, trimmers how-to repair videos.",Rasenmäher reparieren,UCOKD7FiF-Pg_yO9M-mHZ_Xw,hands,motorcycle-small-engine-repair,wave1,2026-09-14,scraper,62
https://www.youtube.com/@tamiratkarimi1352,@tamiratkarimi1352,تعمیرگاه موتور سیکلت کریمی,6710,132,5,"Dedicated motorcycle engine repair channel with step-by-step tutorials on carburetor, injector, engine service.",تعمیر موتور سیکلت,UCL50wuIMnqa-bXg4xqZ6ZXA,hands,motorcycle-small-engine-repair,wave1,2026-09-14,scraper,132
https://www.youtube.com/@tehnol_service,@Tehnol_Service,Технол Сервис ,18000,130,5,Experienced technician channel showing diagnostics and repair of gas/electric tools with detailed process.,ремонт бензопилы,UCeI1yrS1BtW_GKUeTailqsA,hands,motorcycle-small-engine-repair,wave1,2026-09-14,scraper,130
https://www.youtube.com/@thefazer555,@TheFazer555,Ремонт бензоинструмента,19400,59,5,Dedicated gas-tool repair channel focused on fault-finding and repairing small engines.,ремонт бензопилы,UCYEdElCD1JrQksRc-Io2VjQ,hands,motorcycle-small-engine-repair,wave1,2026-09-14,scraper,59
https://www.youtube.com/@themotogarage-b3o,@TheMotoGarage-b3o,The Moto Garage ,40,53,5,"Dedicated motorcycle repair channel covering engine diagnosis, carburetor, electrical troubleshooting and servicing in Bengali.",réparation moto,UCb6YOc9wCUsZp85dohzlTRQ,hands,motorcycle-small-engine-repair,wave1,2026-09-14,scraper,53
https://www.youtube.com/@therepairspecialist,@TheRepairSpecialist,TheRepairSpecialist,202000,447,5,Dedicated lawnmower/chainsaw carburetor strip-and-rebuild channel with detailed trade expertise described.,chainsaw repair | carburetor rebuild,UCDB6ra11XRRbp-_bKs-Z33A,hands,motorcycle-small-engine-repair,wave1,2026-09-14,scraper,447
https://www.youtube.com/@thesawshack,@TheSawShack,The Saw Shack,231,50,5,"Dedicated chainsaw repair channel with hands-on troubleshooting, sharpening and maintenance content.",chainsaw repair,UCd1OVoZxKrSiql5gB2KIrWw,hands,motorcycle-small-engine-repair,wave1,2026-09-14,scraper,50
https://www.youtube.com/@thesmallenginemechanic,@TheSmallEngineMechanic,The Small Engine Mechanic,3010,90,5,Small engine repair channel focused on lawnmower and snow thrower diagnostics and fixes shown on camera.,small engine repair,UCwJbJo7AADxfGd-hefHH2cA,hands,motorcycle-small-engine-repair,wave1,2026-09-14,scraper,90
https://www.youtube.com/@throttleandhex,@ThrottleAndHex,Throttle & Hex,4820,96,5,Dedicated vintage Honda motorcycle restoration/customization channel focused on turning wrenches.,motorcycle engine rebuild,UCmaGSa1UsdYTIJ_-uBuNvnQ,hands,motorcycle-small-engine-repair,wave1,2026-09-14,scraper,96
https://www.youtube.com/@tinmanssaws,@tinmanssaws,Tinman's saws,70800,1036,5,Dedicated chainsaw rebuilding and porting channel showing hands-on engine work.,chainsaw repair,UC7g-cFPcqvGstYXczi_GR8g,hands,motorcycle-small-engine-repair,wave1,2026-09-14,scraper,1036
https://www.youtube.com/@tufanhazrathemechanic-me,@TufanHazraTheMechanic-me,Tufan Hazra The Mechanic,247,149,5,Garage mechanic channel explicitly showing bike and scooter repair problem-solving on camera.,ремонт мотоцикла | naprawa motocykla,UCyn49JZ7ZbRgOMAB-VGzaOA,hands,motorcycle-small-engine-repair,wave1,2026-09-14,scraper,149
https://www.youtube.com/@twowheelerrestoration,@TwoWheelerRestoration,Two Wheeler Restoration,43900,167,5,Two-stroke bike and scooter restoration channel showing faults and full restoration process.,motorcycle engine rebuild | motorcycle restoration,UCOZR7t2k3SpBHhXLZqi2cdg,hands,motorcycle-small-engine-repair,wave1,2026-09-14,scraper,167
https://www.youtube.com/@udhayalokesh-r2y,@Udhayalokesh-r2y,V M  BIKE CARE ,509,59,5,"Tamil bike care shop explicitly describing full service, engine work and chassis wiring for two-wheelers.",bike repair Tamil,UCyF94F0txuNFTzly5B-WLsg,hands,motorcycle-small-engine-repair,wave1,2026-09-14,scraper,59
https://www.youtube.com/@unclesteve1208,@UncleSteve1208,Uncle Steve’s small engine repair ,273,483,5,"Hands-on mini bike and go-kart small engine repair, rebuild and upgrade channel.",small engine repair,UCt_IODhnq_9i-qNDcTd3oow,hands,motorcycle-small-engine-repair,wave1,2026-09-14,scraper,483
https://www.youtube.com/@veteranssmallenginerepair5934,@veteranssmallenginerepair5934,Veteran's Small Engine Repair,3880,59,5,"DIY small engine repair channel covering lawn mowers, trimmers, chainsaws and leaf blowers.",small engine repair | lawn mower repair,UC9wK3ZvZFYB9nzvU3KfE9QQ,hands,motorcycle-small-engine-repair,wave1,2026-09-14,scraper,59
https://www.youtube.com/@viktorpolev,@ViktorPolev,Repair of chainsaws. Important details.,36200,314,5,Dedicated channel for chainsaw and small-engine self-repair with disassembly/reassembly format.,ремонт бензопилы,UCTw3WL1LO-lUANGX_a73IlQ,hands,motorcycle-small-engine-repair,wave1,2026-09-14,scraper,314
https://www.youtube.com/@vincentdorlan,@VincentDorlan,Vincent Dorlan tractologue 🛠,7040,98,5,"Dedicated channel to restoration, repair and maintenance of ride-on lawn tractors, small-engine focus.",réparation tondeuse,UCMBu_JKjlieK9tdnwM1VSZQ,hands,motorcycle-small-engine-repair,wave1,2026-09-14,scraper,98
https://www.youtube.com/@vintageenginerepairs,@VintageEngineRepairs,Vintage Engine Repairs,75300,278,5,Dedicated engine restoration and repair channel across 2-stroke and 4-stroke engines.,lawn mower repair | chainsaw repair,UC7R_Gh8EuJW3SpeP_Xz3RDQ,hands,motorcycle-small-engine-repair,wave1,2026-09-14,scraper,278
https://www.youtube.com/@vmrandmore,@VMRandMore,Vintage Motorcycle Repair and More!,618,67,5,Vintage Japanese motorcycle repair channel dedicated to fixing bikes across decades.,motorcycle repair | motorcycle repairing,UC-PNxC_SPg40CXkkpdNxNrg,hands,motorcycle-small-engine-repair,wave1,2026-09-14,scraper,67
https://www.youtube.com/@wakhammotorcycle8497,@wakhammotorcycle8497,Wakham Motorcycle,22400,847,5,"Long-time mechanic channel dedicated to bike service, repair and restoration work.",motorcycle repairing | motorcycle restoration,UC3pPgsgqaIT95bSpM9_zrvg,hands,motorcycle-small-engine-repair,wave1,2026-09-14,scraper,847
https://www.youtube.com/@wasimbikerepairing,@wasimbikerepairing,Wasim Bike Repairing,2070,803,5,"Two-wheeler repairing videos aimed at teaching bike-related repair work, dedicated hands-on channel.",motorcycle repairing | bike repairing,UCLYpAR-6nFloIGqA-mtQHaQ,hands,motorcycle-small-engine-repair,wave1,2026-09-14,scraper,803
https://www.youtube.com/@whitesrepairs1836,@whitesrepairs1836,White’s Repairs,869,83,5,Experienced small engine tech sharing mower and equipment repair knowledge on camera.,chainsaw repair | generator repair,UC6F1B2saQxaaPlV_gNka6sQ,hands,motorcycle-small-engine-repair,wave1,2026-09-14,scraper,83
https://www.youtube.com/@williammoore-p3r4z,@WilliamMoore-p3r4z,Moores small engine repair ,175,50,5,"Small engine work building go-karts, mini bikes and engine-kit bicycles, hands-on repair focus.",small engine repair | lawn mower repair,UCS1eB5l5pnsO9pFSaa1M3eg,hands,motorcycle-small-engine-repair,wave1,2026-09-14,scraper,50
https://www.youtube.com/@wisconsinsmallenginenut,@wisconsinsmallenginenut,Wisconsin Small Engine Nut,1040,172,5,"Fixes and collects small engines, chainsaws and yard equipment, project-based repair channel.",small engine repair,UCdsLOrTkgPRQu-o8_PI24yw,hands,motorcycle-small-engine-repair,wave1,2026-09-14,scraper,172
https://www.youtube.com/@xiangyangaoscarrep,@XiangyangaosCarRep,襄阳小苏修车,54,237,5,Dedicated motorcycle and e-bike repair channel sharing hands-on repair experience.,摩托车维修,UCV8SXQ3WsdeDlh8adoT3dXA,hands,motorcycle-small-engine-repair,wave1,2026-09-14,scraper,237
https://www.youtube.com/@xiaotaoxiuche,@xiaotaoxiuche,爱修车的小涛,205,143,5,15-year motorcycle/e-bike repair technician channel focused on real repair issues.,摩托车维修,UCmcm9R315hkT4AJytyTdJgQ,hands,motorcycle-small-engine-repair,wave1,2026-09-14,scraper,143
https://www.youtube.com/@xiuchexiaosu,@xiuchexiaosu,襄阳小苏修车,703,723,5,"Dedicated motorcycle/e-bike repair channel run by a 15-year mechanic, daily repair videos.",摩托车维修,UCfVe1aS9tXfekw-lj47IbaA,hands,motorcycle-small-engine-repair,wave1,2026-09-14,scraper,723
https://www.youtube.com/@yamaharxtuning,@YamahaRxtuning,Yamaha Rx tuning,151000,1488,5,"Dedicated Yamaha RX two-stroke restoration and service shop explicitly showing engine work, painting, and service, no sales.",bike repair Tamil,UCfAwDgYbbGXs2fG67Qj79iQ,hands,motorcycle-small-engine-repair,wave1,2026-09-14,scraper,1488
https://www.youtube.com/@yuanmotorboyolali,@YuanMotorBoyolali,Yuan Motor Boyolali,89,117,5,"Motorcycle repair channel with titles showing starter fixes, brake pad installs, oil leaks and chain cutting.",servis motor,UCm5KQsgHw5aOr9bntFzzeCg,hands,motorcycle-small-engine-repair,wave1,2026-09-14,scraper,117
https://www.youtube.com/@zonghaomotorcyclemaintenance,@ZonghaoMotorcycleMaintenance,Zonghao Motorcycle Maintenance,7320,700,5,15-year motorcycle maintenance channel sharing repair and usage knowledge directly.,摩托车维修,UCF577My3ZBIaP-ykn0bZGZQ,hands,motorcycle-small-engine-repair,wave1,2026-09-14,scraper,700
https://www.youtube.com/@adeshrajbiketechnical,@Adeshrajbiketechnical,Adesh Kumar,2210,1489,5,"Bike Tech channel with step-by-step repairing, servicing and spare parts videos in Hinglish.",motorcycle repair | motorcycle repairing | bike repairing | bike repair,UCTGmjfqSE1yec75uxriOQKw,hands,motorcycle-small-engine-repair,wave1,2026-09-14,both,1489
https://www.youtube.com/@aontorbikeservice,@Aontorbikebd,Aontor Bike BD,36,114,5,"Bengali bike servicing channel with titles showing engine RPM fixes, horn setup, general servicing on camera.",bike repair | bike servicing Bangla,UCukAP7IixYcF0EJLt-M8DmA,hands,motorcycle-small-engine-repair,wave1,2026-09-14,both,190
https://www.youtube.com/@asafkhan11223,@AsafKhan11223,Asif Khan,153,110,5,"Motorcycle workshop channel with clutch, gearbox, carburetor, electrical repair and engine rebuild tutorials shown on camera.",bike repair | motorcycle mechanic | motorcycle workshop | engine rebuild | motorcycle engine rebuild | carburetor rebuild,UCFqYz24L_I4vH_UKdJEf18Q,hands,motorcycle-small-engine-repair,wave1,2026-09-14,both,145
https://www.youtube.com/@baikrepairingminhazmistiri,@baikrepairingminhazmistiri,Bike Repairing Minhaz Mistiri,199,139,5,"Titles show clutch plate change, oxygen sensor, engine fitting work on real bikes step by step.",bike repairing | bike repair | motorcycle repairing | bike repairing Hindi,UCiAIH9KihISPu6oPIpSZ37Q,hands,motorcycle-small-engine-repair,wave1,2026-09-14,both,141
https://www.youtube.com/@balbevbikerepairing,@balbevbikerepairing,baldev bike repairing,863,178,5,"Dedicated bike repairing channel with piston ring fitting, timing chain replacement, clutch plate fitting titles.",bike repair | motorcycle repairing | تعمیر موتور سیکلت | Motorrad reparieren,UCnJtCJoUIzOi0urIDivOVsQ,hands,motorcycle-small-engine-repair,wave1,2026-09-14,both,177
https://www.youtube.com/@bhaibikerepairing,@bhaibikerepairing,bhai bike repairing,271,261,5,"Titles show clutch changing, fuel pump pipe changing and half engine opening on real bikes.",bike repairing | bike repair | motorcycle repairing,UCu7HD_6EKkKZZV6w1N4tiqg,hands,motorcycle-small-engine-repair,wave1,2026-09-14,both,281
https://www.youtube.com/@bikashbikerepairing2827,@bikashbikerepairing2827,BIKASH BIKE REPAIRING,521,56,5,"Dedicated bike repair channel with titles on headlight, fuse, timing and engine work.",bike repair | bike repairing,UCQ1fUrBalZbAXRJ-pB8lu-A,hands,motorcycle-small-engine-repair,wave1,2026-09-14,both,56
https://www.youtube.com/@bike-bd-6,@bike-bd-6,motorcycle service ,312,625,5,"Keyword-dense description covering engine rebuild, carburetor cleaning, clutch and brake repair tutorials in Bangla.",motorcycle repair | bike repair | motorcycle mechanic | engine rebuild | motorcycle engine rebuild | bike servicing Bangla,UCsZSwnIO_t1bF8OlzSgoGsA,hands,motorcycle-small-engine-repair,wave1,2026-09-14,both,646
https://www.youtube.com/channel/ucmnkwx-foseqrvaldqoifpg,@BikeGuruRajesh,Bike Guru Rajesh,168,109,5,"Dedicated Hindi bike/scooter repair channel with titles showing gearbox, wiring, and part replacement fixes.",bike repair | bike repairing Hindi,UCmnkWx-foSeQrVALDQoIFpg,hands,motorcycle-small-engine-repair,wave1,2026-09-14,both,186
https://www.youtube.com/@bikesservice,@BikesService,Bike Service,502,81,5,Two-wheeler scooter and bike repair and restoration channel run by named mechanic Sandeep Sandy.,bike repair | scooter repair,UCC7TK3iyP7qX0z787Kx4dXg,hands,motorcycle-small-engine-repair,wave1,2026-09-14,both,92
https://www.youtube.com/@cad%c3%aavoc%c3%aajun%c3%a3o,@Cad%C3%AAVoc%C3%AAJun%C3%A3o,Cadê Você Junão,63,131,5,"Real motorcycle engine teardown workshop videos: cylinder head assembly, opening engine cases, daily shop routine.",conserto de moto | ميكانيكا دراجات نارية,UCRgrWS8psSC9rQbKjnU5Wdw,hands,motorcycle-small-engine-repair,wave1,2026-09-14,both,131
https://www.youtube.com/@chrysleroutboarddude,@chrysleroutboarddude,chrysleroutboarddude,11800,502,5,Dedicated channel to repair and restoration of classic Chrysler and antique outboard motors from personal collection.,outboard motor | outboard motor repair,UC6g6I9wyY0OMjEwM4osBcEA,hands,motorcycle-small-engine-repair,wave1,2026-09-14,both,502
https://www.youtube.com/@datughahe,@DatuGhahe,Datu Ghahe,22900,1246,5,Cebu-based motorcycle mechanic filming real step-by-step repairs for hard starting and engine trouble.,motorcycle mechanic | motorcycle repair shop | motor repair tagalog,UCaC8U141OIR3H6t4N3dGYGA,hands,motorcycle-small-engine-repair,wave1,2026-09-14,both,1247
https://www.youtube.com/@donyboy73,@donyboy73,donyboy73,463000,1970,5,Dedicated small engine repair shop channel run by a longtime mechanic showing tips and tricks from real jobs.,small engine repair | motorcycle engine rebuild | lawn mower repair | chainsaw repair | carburetor rebuild,UC6MEb54vwjicHs7L39sS4hA,hands,motorcycle-small-engine-repair,wave1,2026-09-14,both,1970
https://www.youtube.com/@h.rbikerepairing,@h.rbikerepairing,H.R Bike Repairing,332,81,5,"Titles show cylinder oil leakage, starting problems, and full restoration of Honda bikes.",bike repairing | bike repair | motorcycle repairing,UC9ZryRGOaP5MfznKHt7266A,hands,motorcycle-small-engine-repair,wave1,2026-09-14,both,82
https://www.youtube.com/@harun-bike,@Harun-bike,Harun bike repairing,428,401,5,"Titles show gearbox fitting, engine parts, clutch plate fitting on real bikes in sequence.",bike repairing | bike repair | motorcycle repairing,UCfMko7icZnqW8no3S_ktoWQ,hands,motorcycle-small-engine-repair,wave1,2026-09-14,both,605
https://www.youtube.com/@hayesmotorcycleandatv,@hayesmotorcycleandatv,Hayes motorcycle and Atv Hayesmc,220,99,5,Honda-trained motorcycle/ATV/scooter mechanic shop with engine rebuild and repair titles shown.,scooter repair | engine rebuild | motorcycle repair | motorcycle repairing,UCBdbMQNjFZySWIS9sXtdpiQ,hands,motorcycle-small-engine-repair,wave1,2026-09-14,both,110
https://www.youtube.com/@highnoonsmallenginerepair,@highnoonsmallenginerepair,High Noon Small Engine Repair,77,58,5,"Dedicated small engine repair channel with detailed titles on carburetor swaps, head gasket replacement and engine builds.",small engine repair,UC542vGWPxs6072N9qiwO3bQ,hands,motorcycle-small-engine-repair,wave1,2026-09-14,both,58
https://www.youtube.com/@hungnguyen-gc2xf,@hungnguyen-gc2xf,SỬA XE DUY HƯNG VLOG,493,245,5,Scooter and moped repair shop with titles showing diagnosis and fixes for specific engine hesitation and stalling issues.,sửa xe máy,UCg4xv6aNMV6EXTplnjJnxQA,hands,motorcycle-small-engine-repair,wave1,2026-09-14,both,257
https://www.youtube.com/@jakeshadyrepair,@Jakeshadyrepair,Jake's Shady Repair ,222,71,5,"Dedicated small engine repair channel with detailed titles on mower carburetor, fuel pump, and troubleshooting fixes.",small engine repair | lawn mower repair,UCWdof3n5sZT-t8ZkUc9tRlg,hands,motorcycle-small-engine-repair,wave1,2026-09-14,both,139
https://www.youtube.com/@jannatbikerepairing965,@jannatbikerepairing965,Jannat Bike Repairing,317,70,5,"Bike repairing channel with detailed titles on clutch plate change, engine fitting and fuel meter problem solving.",bike repairing | bike repair | motorcycle repairing,UCOlXbpzu5wePiO1_f6W9yJA,hands,motorcycle-small-engine-repair,wave1,2026-09-14,both,70
https://www.youtube.com/@jayfixesstuff,@JayFixesStuff,Jay Fixes Stuff,5870,52,5,Passionate small engine repair channel with chapterized long-form videos on outdoor power equipment fixes.,small engine repair | generator repair,UCIjBTGN6sc2abvGv7ANbXdA,hands,motorcycle-small-engine-repair,wave1,2026-09-14,both,52
https://www.youtube.com/@jeetubikemechanic,@Jeetubikemechanic,Jeetu Bike Mechanic,481,473,5,"Bike Mechanic channel with titles showing engine fitting, ring fitting and crank work on real bikes.",bike repair | تعمیر موتور سیکلت,UC1HUBsg8-B_Ja07l35pxToA,hands,motorcycle-small-engine-repair,wave1,2026-09-14,both,470
https://www.youtube.com/@leonschainsawpartsandrepair,@LeonsChainsawPartsAndRepair,Leon's Chainsaw Parts & Repair,15600,1021,5,"Dedicated chainsaw repair channel, small engine focus with Homelite specialty and hands-on shop videos.",chainsaw repair,UCRwdKlJH5y6GHRrmq-rTU9g,hands,motorcycle-small-engine-repair,wave1,2026-09-14,both,1021
https://www.youtube.com/@life_of_a_motorcycle_mechanic,@Life_of_a_motorcycle_mechanic,Life of a motorcycle mechanic,283,76,5,"Titles show detailed engine, clutch and alternator work on multiple motorcycle models, real mechanic jobs.",motorcycle repair | motorcycle mechanic,UC99P4MyJBdB9kc0iw0ttHsg,hands,motorcycle-small-engine-repair,wave1,2026-09-14,both,81
https://www.youtube.com/@livetofishoutboardrepair,@LivetofishOutboardRepair,livetofish Outboard Repair,5900,188,5,"Dedicated channel repairing old outboard motors and taking customer repair jobs, hands-on garage format.",outboard motor | outboard motor repair,UCQzkLKGZ8N6jVnrbdpKmK2w,hands,motorcycle-small-engine-repair,wave1,2026-09-14,both,188
https://www.youtube.com/@macbaejid,@MacBaejid,Mac Baejid,192,171,5,"Bangladeshi motorcycle repair channel focused on FI engine problems, service guides and real fixing videos.",motorcycle repair | bike repair | bike servicing Bangla,UC0uiKdD3fOL0hWuUg-vwGXg,hands,motorcycle-small-engine-repair,wave1,2026-09-14,both,224
https://www.youtube.com/@marwatautospeshawar-ef3lu,@MarwatAutosPeshawar-ef3lu,Marwat Autos Peshawar,437,53,5,"Bike mechanics hub with titles showing engine fitting, full repairing and modification of Honda CD70.",bike repair,UCxQ9aK6FbbZ7_r6EXBguixA,hands,motorcycle-small-engine-repair,trial100,2026-09-14,both,53
https://www.youtube.com/channel/ucjq5c84j-ekjsrl7-aine4w,@Mec%C3%A1nicadeMotosFred,Mecánica de Motos Fred,17,83,5,"Titles show real hands-on engine disassembly, oil filter, brake fluid and engine cleaning work.",mecánica de motos | mecânica de motos,UCJq5C84j-EkJsrL7-AINE4w,hands,motorcycle-small-engine-repair,wave1,2026-09-14,both,83
https://www.youtube.com/@michaelthesmallengineguy,@Michaelthesmallengineguy,Michael the small engine guy ,35500,346,5,"Dedicated small engine shop channel covering mowers, chainsaws, blowers, trimmers and generators repair.",small engine repair | lawn mower repair | chainsaw repair | generator repair,UC4MAhAqo5UIocsHGOf2L2UA,hands,motorcycle-small-engine-repair,wave1,2026-09-14,both,346
https://www.youtube.com/@montana2strokeracer,@montana2strokeracer,Dale Sweger Motorcycles,12700,562,5,"Vintage Japanese motorcycle restoration channel showing full engine work, welding and machine work in shop.",motorcycle repair | motorcycle restoration | motorcycle engine rebuild | motorcycle repair shop | تعمیر موتور سیکلت,UCZ2_r7QnQyLamIb72Fv2eAg,hands,motorcycle-small-engine-repair,wave1,2026-09-14,both,562
https://www.youtube.com/@motodoctor,@MotoDoctor,Moto Doctor (MotoDoctor),384,58,5,Dedicated motorcycle repair channel with detailed engine teardown and rebuild videos shown step by step.,ремонт мотоциклов | ремонт мотоцикла,UCIabuO6VaMnMObjB6p2ixaw,hands,motorcycle-small-engine-repair,wave1,2026-09-14,both,55
https://www.youtube.com/@motoeliteacademyx,@MotoEliteAcademyX,MotoElite AcademyX,110,54,5,Motorcycle mechanic training channel with detailed practical diagnostic and repair titles showing real bench work.,reparación de motos | mecánica de motos | ميكانيكا دراجات نارية,UC6j2gP5rXitWWa6culE1Qvw,hands,motorcycle-small-engine-repair,wave1,2026-09-14,both,54
https://www.youtube.com/@motomecanicaonline,@MotoMecanicaOnline,MotoMecanicaonline,215000,222,5,Motorcycle mechanics channel focused on low-displacement bike maintenance and repair recorded as jobs arise.,motorcycle mechanic | mecánica de motos | mecânica de motos | conserto de moto,UC1-z1y31uZ-zFdXhASIdoHg,hands,motorcycle-small-engine-repair,wave1,2026-09-14,both,222
https://www.youtube.com/@motomedic,@MotoMedic,Moto Medic,15400,72,5,Small motorcycle repair shop specializing in vintage Japanese bikes with full tutorials on large jobs.,motorcycle repair | motorcycle repair shop,UCRU1VDHEGfFVLGvSqbnjT5A,hands,motorcycle-small-engine-repair,wave1,2026-09-14,both,72
https://www.youtube.com/@motorbikerepair,@motorbikerepair,大马摩托车通行视频TONG XING VIDEO,3050,126,5,"Dedicated motorcycle repair channel per description, sharing maintenance and repair videos.",摩托车维修,UC1Q-n0AmNEhHujNOQBHCVSQ,hands,motorcycle-small-engine-repair,wave1,2026-09-14,both,126
https://www.youtube.com/@motorcyclemechanicsylhet,@MotorcycleMechanicSylhet,Motorcycle Mechanic Sylhet ,48,89,5,"Sylhet garage channel with titles showing full servicing, bearing fitting, coil fitting, tank wash jobs.",motorcycle mechanic | motorcycle repair,UCQAdw1b9IBo2rgQjE211XUA,hands,motorcycle-small-engine-repair,wave1,2026-09-14,both,90
https://www.youtube.com/@motorcyclerestomagic8070,@motorcyclerestomagic8070,Motorcycle Resto Magic,673,158,5,"Dedicated Suzuki GS1000 restoration channel showing teardown, wiring, assembly and paint steps in detail.",motorcycle restoration | تعمیر موتور سیکلت,UCs1X9qQtRJJZwurb5FGt_cA,hands,motorcycle-small-engine-repair,wave1,2026-09-14,both,186
https://www.youtube.com/@motorebuild,@motorebuild,Moto Rebuild ,13100,504,5,"Dedicated engine rebuild and restoration channel explicitly focused on diagnose, overhaul and repair tutorials.",motorcycle repair | engine rebuild | motorcycle repairing | motorcycle engine rebuild | motorcycle restoration | Motorrad reparieren,UC3LMq7kki0spyix2iooARXw,hands,motorcycle-small-engine-repair,wave1,2026-09-14,both,504
https://www.youtube.com/@motorepairmaster,@MotoRepairMaster,Moto Repair Master,81,55,5,"Titles show real Honda Wave engine reassembly, timing chain replacement, brake bulb repair steps.",motorcycle repair | motorcycle repairing | motorcycle engine rebuild | motorcycle repair shop | تعمیر موتور سیکلت,UCNxw0-xA1QIKAizF0B4PhSw,hands,motorcycle-small-engine-repair,wave1,2026-09-14,both,99
https://www.youtube.com/@motosjacome,@motosjacome,Rafael Paredes,98,63,5,"Titles show real repairs: fixing vendix, assembling Honda XR engine, starter motor fix.",mecánica de motos | ميكانيكا دراجات نارية,UCXFE-OrsPjh5dqLPWmq9oOA,hands,motorcycle-small-engine-repair,wave1,2026-09-14,both,93
https://www.youtube.com/@ms.alam699,@Ms.alam699,bike doctor sakir,1480,51,5,"Professional bike mechanic teaching repair, servicing, engine problems and maintenance in Hindi.",bike repair | bike repairing Hindi,UC5dJuWh2kmsobH68wK55Ffw,hands,motorcycle-small-engine-repair,wave1,2026-09-14,both,51
https://www.youtube.com/@mtzracing1,@MTZracing1,MTZ racing,46600,229,5,"Motorcycle restoration and engine rebuild channel covering engine failures, oil leaks and electrical faults.",engine rebuild | 摩托车维修,UCXlmIjFnHeENqe6nrG9MWWw,hands,motorcycle-small-engine-repair,wave1,2026-09-14,both,229
https://www.youtube.com/@mylawnmowerrepairguy,@mylawnmowerrepairguy,my lawnmower repair guy,8890,105,5,"Dedicated lawnmower and small engine repair channel covering engine rebuilds, deck repair, and troubleshooting won't-start issues.",engine rebuild | lawn mower repair | generator repair,UCKQgAYE8GeWA5W0ola83WnA,hands,motorcycle-small-engine-repair,wave1,2026-09-14,both,105
https://www.youtube.com/@novamotorcycles,@novamotorcycles,Nova Motorcycles,4680,698,5,Dedicated motorcycle repair and restoration shop channel showing shop work.,motorcycle repair | motorcycle repairing | motorcycle restoration | motorcycle repair shop,UCfkDDeNPYeniHGQKeUBaczQ,hands,motorcycle-small-engine-repair,wave1,2026-09-14,both,698
https://www.youtube.com/@official.yogeshrajput,@official.yogeshrajput,Yogesh Kumar,86,65,5,"Titles show ring replacement, timing chain repair, clutch plate installation on real motorcycles.",bike repairing | bike repair | Motorrad reparieren,UCJir-Kc_RD8oKumE4lA8I8A,hands,motorcycle-small-engine-repair,wave1,2026-09-14,both,66
https://www.youtube.com/@onlinebikeclinic,@OnlineBikeClinic,Online Bike Clinic ,355,188,5,"Step-by-step motorcycle repair tutorials covering engine, carburetor, chain, wiring in Urdu/Hindi.",motorcycle repair | motorcycle repairing | bike repairing | bike repair | motorcycle repairing Urdu,UCoXn4MjmIwWLhVI2L8FcNjQ,hands,motorcycle-small-engine-repair,wave1,2026-09-14,both,188
https://www.youtube.com/@outboardfixer,@outboardfixer,Mark Weaver,238,69,5,Dedicated outboard motor and chainsaw repair channel with titles showing specific vintage engine fixes and rebuilds.,chainsaw repair | outboard motor,UCa15zv6X6Y9WDJSvGzbZdxg,hands,motorcycle-small-engine-repair,wave1,2026-09-14,both,80
https://www.youtube.com/@mouthpiece985,@outdooramateur1,outdooramateur,714,151,5,Titles show hands-on carburetor and fuel line repair on blowers and lawnmower maintenance.,small engine repair | chainsaw repair | generator repair,UCh5JvINwoD1GB6UyImU8bJQ,hands,motorcycle-small-engine-repair,wave1,2026-09-14,both,172
https://www.youtube.com/@pomdongbang,@pomdongbang,ช่างซ่อมมอ'ไซค์บ้านนอก ดงบังเซอร์วิส,453,232,5,"Titles show clear repair jobs: clutch assembly, tire changes, engine assembly, fork repair, brake pads.",ซ่อมมอเตอร์ไซค์,UCHw_OKdCwNJzrqaIuaWPf7g,hands,motorcycle-small-engine-repair,wave1,2026-09-14,both,416
https://www.youtube.com/@prashantkurreprashant,@PrashantkurrePrashant,prashant bike repairing ,227,117,5,"Titles show detailed repair tasks: full servicing, piston ring fitting, timing chain fitting on real bikes.",bike repairing | bike repair,UCjopYdnqoYUTgHyCVpVfzww,hands,motorcycle-small-engine-repair,wave1,2026-09-14,both,162
https://www.youtube.com/@rafinbikegarage,@RafinBikeGarage,Rafin Bike Garage,72,54,5,"Real motorcycle workshop videos with detailed engine rebuild, piston fitting and bearing replacement titles.",motorcycle repair | motorcycle workshop | engine rebuild | conserto de moto | conserto de relógio,UClCwNsMByOJINjSpsrwqhnw,hands,motorcycle-small-engine-repair,wave1,2026-09-14,both,54
https://www.youtube.com/@raju-bikemechanic,@RAJU-bikemechanic,RAJU bike mechanic,2780,209,5,"Dedicated Hindi bike mechanic channel covering engine repair, clutch, gearbox, wiring across multiple brands.",motorcycle repair | bike repairing | bike repair | motorcycle engine rebuild,UC1Nkp8Hhz9aUGft1ZoIyrxw,hands,motorcycle-small-engine-repair,wave1,2026-09-14,both,209
https://www.youtube.com/@rashidbikemachanic,@RashidBikeMachanic,Rashid Bike Mechanic,225,84,5,"Royal Enfield mechanic channel with clutch repair, restoration and engine rebuild titles shown on camera.",motorcycle repair | engine rebuild | motorcycle engine rebuild | تعمیر موتور سیکلت,UCGAiH-4FpBoG1a-o7NKI9Sw,hands,motorcycle-small-engine-repair,wave1,2026-09-14,both,113
https://www.youtube.com/@repairingshow,@RepairingShow,Repairing Show,22400,158,5,"Dedicated small engine repair channel with step-by-step tutorials on GX engines, chainsaws, water pumps.",small engine repair | chainsaw repair,UCzGBAx1RNAbDR88BJA9Vzvg,hands,motorcycle-small-engine-repair,wave1,2026-09-14,both,158
https://www.youtube.com/@riyazmotorcyclegairege8755,@riyazmotorcyclegairege8755,Riyaz motorcycle gairej,5990,288,5,"Hindi garage channel detailing engine repair, starting problems, brakes, clutch and timing chain diagnostics.",motorcycle repair | motorcycle repairing,UCmPFUjc3tCLnzLvOZ6MGjBQ,hands,motorcycle-small-engine-repair,wave1,2026-09-14,both,288
https://www.youtube.com/@ronybikrepair07,@ronybikrepair07,Rony Bike Repair,866,170,5,"Real bike garage videos: milage/carb work, timing chain, valve setting, full service on multiple scooters/motorcycles.",bike repair | scooter repair | تعمیر موتور سیکلت,UCcOpaxbNKfvu9LaYaN4xY8A,hands,motorcycle-small-engine-repair,wave1,2026-09-14,both,192
https://www.youtube.com/@scooterprofiru,@ScooterprofiRu,Роман Буянов,20200,62,5,Dedicated scooter repair and tuning tutorial channel with video lessons on hands-on fixes.,ремонт скутеров | ремонт скутера,UCOORKdM5UBphGwsuEGrh30g,hands,motorcycle-small-engine-repair,wave1,2026-09-14,both,62
https://www.youtube.com/@sharazmotortricks786,@sharazmotortricks786,Sharaz motor tricks,184,65,5,"Motorcycle mechanic channel with titles on meter installation, chain cover install and sprocket replacement.",motorcycle mechanic | motorcycle repairing Urdu,UCkT3vlQIySUJ7AMc8Zkp8-g,hands,motorcycle-small-engine-repair,wave1,2026-09-14,both,65
https://www.youtube.com/@sksamirul9791,@sksamirul9791,Samirul bike repair shop,275,341,5,"Dedicated bike mechanic shop with titles showing charging, disc brake and starting problem repairs.",bike repair | motorcycle repairing | motorcycle repair shop | تعمیر موتور سیکلت,UCa09hsd_VjwY7POi4bOtZkw,hands,motorcycle-small-engine-repair,wave1,2026-09-14,both,571
https://www.youtube.com/@smallengineexpertsdenverreview,@SmallEngineExpertsDenverReview,Small Engine Experts Denver + Reviews,10,102,5,"Mobile small engine repair channel showing real diagnostics and fixes on mowers, generators, snow blowers.",small engine repair | lawn mower repair | generator repair,UCS6m4ZNnULKOgNLIMQOJ0zg,hands,motorcycle-small-engine-repair,wave1,2026-09-14,both,102
https://www.youtube.com/@smallenginerepairchannel,@SmallEngineRepairChannel,Small Engine Repair Channel,464,230,5,"Dedicated small engine repair channel with 20+ years experience showing carburetor, ignition, fuel system fixes.",small engine repair | chainsaw repair | carburetor repair | generator repair,UC57CeqkFrUb8zQ9hlOTiLCg,hands,motorcycle-small-engine-repair,wave1,2026-09-14,both,240
https://www.youtube.com/@tepcocyclerepair,@TepcoCycleRepair,Tepco Cycle Repair,32200,756,5,"Long-running motorcycle repair channel with real-world troubleshooting, engine diagnostics and complete repair guides.",motorcycle repair | motorcycle repairing | motorcycle engine rebuild,UC8gbIlsitU713dNPS1Ze3Tg,hands,motorcycle-small-engine-repair,wave1,2026-09-14,both,756
https://www.youtube.com/@thegreasyshoprag,@TheGreasyShopRag,The Greasy Shop Rag,22600,628,5,Small engine repair shop mechanic filming actual customer repairs on 2-cycle outdoor power equipment with voice-over explanation.,small engine repair | chainsaw repair,UCCqDqfRJoQhm6FQMej0t7lg,hands,motorcycle-small-engine-repair,wave1,2026-09-14,both,628
https://www.youtube.com/@themowermedic1,@THEMOWERMEDIC1,THEMOWERMEDIC1,158000,2140,5,"Veteran small engine mechanic covering lawn mowers, chainsaws, generators and outdoor power equipment repair.",engine rebuild | small engine repair | lawn mower repair,UCKo-we_E3l1rLx5VYXtEqbg,hands,motorcycle-small-engine-repair,wave1,2026-09-14,both,2140
https://www.youtube.com/@thetoolbox1971,@TheToolbox1971,The Toolbox LLC Harley Repair Shop,93,100,5,"Independent Harley repair shop channel with compensator, primary vent install and no-start diagnosis titles.",motorcycle repair | motorcycle repair shop,UC9UJ_HwgFIjiWQl-GsoJnVA,hands,motorcycle-small-engine-repair,wave1,2026-09-14,both,101
https://www.youtube.com/@thienmotorcyclerepair,@thienmotorcyclerepair,Nguyen Quoc Thien | Motorcycle Repair,243,145,5,"Professional garage channel detailing torque specs, clutch repair, engine troubleshooting step-by-step.",motorcycle repair,UCM1cv64nupwC-faZT_7-cnA,hands,motorcycle-small-engine-repair,wave1,2026-09-14,both,148
https://www.youtube.com/@twowheelthings,@twowheelthings,TwoWheelThings,1530,103,5,"Dedicated motorcycle repair, restoration and rebuild channel with hands-on guides from the ground up.",motorcycle repair | motorcycle engine rebuild,UCzvXZlEWVwz49_ZX_0VCMCg,hands,motorcycle-small-engine-repair,wave1,2026-09-14,both,103
https://www.youtube.com/@vjmotoresto,@VJMotoResto,VJMotoResto,2620,101,5,Dedicated vintage Japanese motorcycle restoration channel covering hands-on rebuild work.,motorcycle restoration,UCLzYFP3b8HuIbyXHmZO59Bw,hands,motorcycle-small-engine-repair,wave1,2026-09-14,both,101
https://www.youtube.com/@waleslucas-s4s,@waleslucas-s4s,Wales Lucas,31,119,5,"Titles show real repair tasks: bearing replacement, brake fixing, camshaft timing, clutch fitting.",motorcycle repair | bike repair | motorcycle workshop | naprawa motocykla,UCuDRZLJXbqja8H7A_bmfHgQ,hands,motorcycle-small-engine-repair,wave1,2026-09-14,both,119
https://www.youtube.com/@warsht_motocyclat,@Warsht_Motocyclat,ورشة الموتوسيكلات   /  Warsht_Motocyclat,417,96,5,"Dedicated motorcycle repair workshop channel showing engine, wiring, and part fitting jobs.",الدراجات النارية | تصليح موتوسيكل,UCtg9v-88QYEPbDVlYSUZ-tA,hands,motorcycle-small-engine-repair,wave1,2026-09-14,both,97
https://www.youtube.com/@willcountypowersports6338,@willcountypowersports6338,Will County Powersports,907,144,5,"Motorcycle-focused channel with Harley Davidson transmission rebuilds, carburetor work and engine rebuilds shown in detail.",engine rebuild | carburetor rebuild,UC6tE2ZoqSBI8B8qmMd_CULg,hands,motorcycle-small-engine-repair,wave1,2026-09-14,both,174
https://www.youtube.com/@xemayxuanhop,@xemayxuanhop,Xuan Hop Motorcycle,55900,7993,5,Vietnamese motorcycle repair channel with dedicated theory and practice tutorial format for bike maintenance.,motorcycle repair | sửa xe máy,UCvtDKPuFLVlHaOmdVyyxTqA,hands,motorcycle-small-engine-repair,wave1,2026-09-14,both,7993
https://www.youtube.com/@weekendwarriorpowersports,@weekendwarriorpowersports,Weekend Warrior Powersports,1190,109,5,"Dedicated budget ATV repair channel with step-by-step rebuilds, carb tuning, electrical and suspension work.",TV repair,UCBWD5OceX4BxFvVMqCDhRYA,hands,motorcycle-small-engine-repair,wave1,2026-09-14,pool,109
https://www.youtube.com/@%e0%b8%9b%e0%b8%a7%e0%b8%b5%e0%b8%93%e0%b8%b2%e0%b8%a1%e0%b8%b1%e0%b9%88%e0%b8%99%e0%b8%a2%e0%b8%b7%e0%b8%99-%e0%b8%a07%e0%b8%86,@%E0%B8%9B%E0%B8%A7%E0%B8%B5%E0%B8%93%E0%B8%B2%E0%B8%A1%E0%B8%B1%E0%B9%88%E0%B8%99%E0%B8%A2%E0%B8%B7%E0%B8%99-%E0%B8%A07%E0%B8%86,สามใบเถา มั่นยืน by ช่างเบิ้ม,33,54,5,"Titles show real repair tasks: valve seat facing, wheel rebuilding, clutch replacement, tire changes.",ซ่อมมอเตอร์ไซค์,UC3midGCukmbDx80L5J5TyUA,hands,motorcycle-small-engine-repair,wave1,2026-09-14,filter,65
https://www.youtube.com/@%e0%b8%a7%e0%b8%b4%e0%b8%96%e0%b8%b5%e0%b8%8a%e0%b9%88%e0%b8%b2%e0%b8%87,@%E0%B8%A7%E0%B8%B4%E0%B8%96%E0%B8%B5%E0%B8%8A%E0%B9%88%E0%B8%B2%E0%B8%87,วิถีช่าง,759,145,5,"Titles cover small engine repair (GX160, brushcutter), scooter starter fix, showing real hands-on troubleshooting.",ซ่อมมอเตอร์ไซค์,UCTyhbpIuZWhOUZba0J8Nfdg,hands,motorcycle-small-engine-repair,wave1,2026-09-14,filter,169
https://www.youtube.com/@abhay_kumar_01772,@abhay_kumar_01772,Abhay ,812,301,5,Motorcycle mechanic channel with titles showing clutch plate change and self-starter fitting on Splendor bikes.,motorcycle mechanic,UC8K_BK-F-n88ymFLpT1FIPQ,hands,motorcycle-small-engine-repair,wave1,2026-09-14,filter,352
https://www.youtube.com/@adongsenmotorchannel,@ADONGSENMOTORCHANNEL,ADONGSEN MOTOR CHANNEL,8120,397,5,"Repair shop channel focused on damage analysis, repair and dismantling of motorbikes from hands-on experience.",motorcycle repair,UCv92S09Xl48JGY7Z0Uo683A,hands,motorcycle-small-engine-repair,wave1,2026-09-14,filter,397
https://www.youtube.com/@adrilaba,@Adrilaba,Adrilaba,78900,683,5,Dedicated motorcycle mechanics channel with tutorials on disassembling and reassembling engines using household tools.,motorcycle mechanic,UCLli4LcwTrlx9aTrXUvdxfw,hands,motorcycle-small-engine-repair,wave1,2026-09-14,filter,683
https://www.youtube.com/@ahsanautowork,@ahsanautowork,Ahsan Malik bagpat ,446,63,5,"Bike repair channel with detailed fitting titles: clutch housing, fuel pump, shocker seal fitting.",bike repairing | bike repair,UCwgilB6H4y_AqdWSztHUdNw,hands,motorcycle-small-engine-repair,wave1,2026-09-14,filter,107
https://www.youtube.com/channel/ucn_k-adlsc1rxijfij3ukjg,@Ajayy9891,Ajay Machanic ,543,398,5,"Multi-brand mechanic channel showing service, oil change, half-engine fitting jobs on various bikes.",bike repair,UCN_k-ADLSc1rxIJFiJ3uKjg,hands,motorcycle-small-engine-repair,wave1,2026-09-14,filter,948
https://www.youtube.com/@amitbikemistri,@Amitbikemistri,Amit bike mistri,501,406,5,"Bike mechanic channel with titles showing engine fitting, ring replacement, and full engine repairing.",bike repairing | bike repair,UCm9E2qxzx9ne_TkTNasbwhg,hands,motorcycle-small-engine-repair,wave1,2026-09-14,filter,1071
https://www.youtube.com/channel/ucgtb5vgtiltrps01-rcgsrq,@AmitChanni,Amit Channi,34,55,5,"Royal Enfield repair channel with piston fitting, engine work, wiring, chassis fitting titles showing real jobs.",motorcycle repair,UCgtb5VgtIltRPS01-RcgsrQ,hands,motorcycle-small-engine-repair,wave1,2026-09-14,filter,59
https://www.youtube.com/@amitkumarbikepoint9642,@amitkumarbikepoint9642,Amit Kumar bike point ,526,429,5,"Bike garage channel showing engine, head/piston and clutch assembly work on real jobs.",bike repairing | bike repair,UClsB9EF4Jsc2RXbHtaOJduA,hands,motorcycle-small-engine-repair,wave1,2026-09-14,filter,533
https://www.youtube.com/@amarbikerepair,@amrvlogs143,@Amar vlogs143,34,81,5,"Garage channel with engine open, gearbox fitting, clutch plate installation shown step-by-step on Hero Honda bikes.",bike repair,UC2F2BgZsRLZ_PGjzOigE8Sg,hands,motorcycle-small-engine-repair,wave1,2026-09-14,filter,213
https://www.youtube.com/@anandjibikeservicecentre2,@Anandjibikeservicecentre2,Anand ji bike service centre ,73,74,5,Bike service centre with engine fitting and brake repair videos shown across multiple models.,bike repairing | bike repair,UCjGtvYIjuKJ-ufsa4jfMkmQ,hands,motorcycle-small-engine-repair,wave1,2026-09-14,filter,72
https://www.youtube.com/@anwarmotorcycleworkshop,@AnwarMotorcycleWorkshop,Anwar Motorcycle Workshop ,721,195,5,"Indian workshop with detailed titles: sensor replacement, engine head/block fitting, full engine opening.",motorcycle repair | motorcycle repairing,UCK1jbnV1q74e5alA_1RWVNg,hands,motorcycle-small-engine-repair,wave1,2026-09-14,filter,225
https://www.youtube.com/channel/ucm51y4iv9nh935lbfug1zuq,@arvindmechanical5435,Sharma service,63,66,5,"Titles show real engine fitting, tubeless tyre fitting, fuel pump problem repair on camera.",bike repairing | bike repair,UCm51y4iV9NH935LbfUg1ZuQ,hands,motorcycle-small-engine-repair,wave1,2026-09-14,filter,66
https://www.youtube.com/@ayushautoservice1212,@ayushautoservice1212,AYUSH AUTO SERVICE,91,61,5,"Title shows Activa half engine fitting, direct hands-on scooter repair footage.",bike repairing | bike repair,UC6t34rCkVI_Try8_ELXNyfQ,hands,motorcycle-small-engine-repair,wave1,2026-09-14,filter,92
https://www.youtube.com/@b.n.autorepairing,@B.N.AutoRepairing,B.N.AutoRepairing,517,367,5,"Detailed repair tutorials: armature check, clutch plate installation, discover bike clutch issue troubleshooting shown.",bike repair,UCuufC0k6dijUHUu8CkietGQ,hands,motorcycle-small-engine-repair,wave1,2026-09-14,filter,376
https://www.youtube.com/@bangajiebengkel,@Bangajiebengkel,Bang Ajie Bengkel ,613,100,5,"Indonesian bengkel channel with real fault-diagnosis videos on ECU, starter, wiring for scooters.",motorcycle repair | motorcycle workshop,UCN1PXXlXLz_MLtRZOFqHDnw,hands,motorcycle-small-engine-repair,wave1,2026-09-14,filter,100
https://www.youtube.com/channel/ucuxj8jxejiaetqgsrlyqmmw,@bapakyuschn..3842,Bapak Yus chn..,311,239,5,"Mechanic channel with detailed diagnostic titles: starter repair, wheel/tire removal, lock and key fixes.",bengkel motor,UCUXj8jXejiaETqgsrLyQmmw,hands,motorcycle-small-engine-repair,wave1,2026-09-14,filter,239
https://www.youtube.com/@benymahrum,@benymahrum,beny mahrum,363,207,5,"Engine assembly, crankcase splitting and clutch disassembly clearly shown in titles.",bengkel motor,UCyIRk9DJHz3cu1pF4_dN4aQ,hands,motorcycle-small-engine-repair,wave1,2026-09-14,filter,206
https://www.youtube.com/@bhupenyadav1895,@bhupenyadav1895,Public Auto 🇳🇵,415,86,5,"Titles show real repair jobs: starting problems, full body strip, painting, fork arm bush replacement.",bike repair,UCQcbxm6nZYtzqsYGyuFpb2g,hands,motorcycle-small-engine-repair,wave1,2026-09-14,filter,92
https://www.youtube.com/channel/uc6uxc8ohtzidyxqshifzzfg,@bikemechanic_4G,4GBike repair,38,61,5,"Dedicated bike mechanic channel covering engine, clutch, brake, gearbox repair with step-by-step titles.",bike repairing | bike repair,UC6UXc8OhtZiDYxqSHifzzFg,hands,motorcycle-small-engine-repair,wave1,2026-09-14,filter,61
https://www.youtube.com/@bikepointgoutam,@BikePointGoutam,Bike Point Goutam ,116,62,5,"Titles show wiring repair, starting problem solving, and clutch plate change on real motorcycles.",bike repairing | bike repair,UCYsjGX1IxRzGJu71Z5ym6VQ,hands,motorcycle-small-engine-repair,wave1,2026-09-14,filter,83
https://www.youtube.com/@bikerboy8214,@bikerboy8214,BIKER BOY,602,87,5,"Motorcycle repair channel with wheel assembly, gearbox, clubhouse installation titles showing real mechanical work.",motorcycle repair,UC3Ri2fOsDoelxqBflDCJgFg,hands,motorcycle-small-engine-repair,wave1,2026-09-14,filter,87
https://www.youtube.com/@bikerepairing_73,@Bikerepairing_73,BIKE REPAIRING ,132,127,5,"Titles show specific repair tasks: timing chain change, gear pinion setting, timing setting on real bikes.",bike repairing | bike repair,UCVsrPP2BTSacHjO57HKkkpw,hands,motorcycle-small-engine-repair,wave1,2026-09-14,filter,212
https://www.youtube.com/@bikerepairingdecoration2364,@bikerepairingdecoration2364,Bike Repairing & Decoration,521,59,5,"Titles show clutch plate change, timing chain, CG125 assembly—clear hands-on motorcycle repair tutorials.",bike repairing | bike repair,UC9YZP8QDYbsScMbGIjabAhA,hands,motorcycle-small-engine-repair,wave1,2026-09-14,filter,59
https://www.youtube.com/@bikerepairingfk,@bikerepairingfk,bike repairing fk,694,149,5,"Real bike repair shop with titles showing disc pad change, self-start problem fixes on scooters and bikes.",bike repairing | bike repair,UCZadMA58gPsFnszRK0t9s-Q,hands,motorcycle-small-engine-repair,wave1,2026-09-14,filter,227
https://www.youtube.com/@bikerepairminda,@Bikerepairminda,Bike repair Minda ,179,118,5,"Bike mechanic channel with titles on relay/horn wiring and carburetor work, real repair jobs.",bike repair,UCWwqaFYEnKlGs3UdfLwSpTw,hands,motorcycle-small-engine-repair,wave1,2026-09-14,filter,126
https://www.youtube.com/@bikesknowledges,@Bikesknowledges,Bikes crazy vlogs ,155,57,5,Titles show timing chain setting and full engine work detail on Splendor and HF Delex bikes.,bike repairing | bike repair,UCgnxgIe3qxpjMx9O_oHoPHQ,hands,motorcycle-small-engine-repair,wave1,2026-09-14,filter,179
https://www.youtube.com/@bossdondon_vlog1524,@bossdondon_vlog1524,bossdondon vlog,234,51,5,"Titles show real scooter repair jobs: CVT cleaning, clutch lining, ignition coil fault fixing on Honda Beat and Mio.",motorcycle mechanic,UCB9DGfR2ouetzcPidy701CQ,hands,motorcycle-small-engine-repair,wave1,2026-09-14,filter,51
https://www.youtube.com/@boyong.smallenginetv,@boyong.SmallEngineTV,SmallEngineTV,1700,354,5,"Small engine repair, maintenance and troubleshooting channel with practical mechanical solutions.",small engine repair,UCfqM0mVwB9gHfq6Spxf5Yjg,hands,motorcycle-small-engine-repair,wave1,2026-09-14,filter,356
https://www.youtube.com/@brothers-motors,@brothers-motors,Brothers motors ctg,304,63,5,"Bangladeshi bike service center with detailed titles: engine assembly, piston block setting, coolant leak repair.",bike repair,UCBKx7SlAj4NuLpvsPZecAkg,hands,motorcycle-small-engine-repair,wave1,2026-09-14,filter,91
https://www.youtube.com/@brucegoldsmith3721,@brucegoldsmith3721,Goldys garage,798,186,5,Vintage motorcycle restoration channel with episodic titles showing Manx Norton and Panther rebuilds in detail.,motorcycle mechanic,UC9PbOEkqdieGomc-4eR7JSQ,hands,motorcycle-small-engine-repair,wave1,2026-09-14,filter,220
https://www.youtube.com/@bsbmototech9117,@bsbmototech9117,BSB mototech,43300,317,5,"Motorcycle repair teaching channel covering overhauling and electrical wiring, dedicated hands-on content.",motorcycle repair,UCVOLrID7z3oAUFPKRzo8tYg,hands,motorcycle-small-engine-repair,trial100,2026-09-14,filter,317
https://www.youtube.com/@bunnyhari2428,@bunnyhari2428,BIKE DOCTOR BUNNY,445,80,5,"Bike doctor channel with self-start fixes, frock cup change, and full engine bore work shown in Telugu.",bike repair,UC4gmpXB9cerJNWoGJeAE3Dw,hands,motorcycle-small-engine-repair,wave1,2026-09-14,filter,149
https://www.youtube.com/channel/uc2gzyoqgjfribnhx-2tc2ka,@buntybikerepair,BANTY BIKE REPAIR ,14,51,5,Dedicated bike repair channel with titles showing half-engine repair work on Splendor.,bike repair,UC2GZyoQgjfRIBNHx-2tc2KA,hands,motorcycle-small-engine-repair,wave1,2026-09-14,filter,52
https://www.youtube.com/channel/ucnebh7lsgbgsy-xrq7w3s_w,@candramotor5078,Candra Motor,295,78,5,"Japanese motorcycle repair specialist shop with titles on overhaul, electrical faults, CDI, engine issues.",servis motor,UCNEbH7lSgBGSy-xRq7W3S_w,hands,motorcycle-small-engine-repair,wave1,2026-09-14,filter,86
https://www.youtube.com/@carbkingeu,@CarbKingEU,Carb King,2430,173,5,Dedicated carburetor repair channel with step-by-step disassembly/assembly guides for motorcycles.,carburetor repair,UCtz-3JQxi-jgAgnuhjWJwvQ,hands,motorcycle-small-engine-repair,wave1,2026-09-14,filter,173
https://www.youtube.com/@chamanhondasarves,@ChamanHondasarves,Chaman Honda sarves,671,103,5,"Motorcycle mechanic channel with titles on headlight, CDI unit wiring and current problem fixes shown.",motorcycle mechanic,UCLy0xN-nnCkQhzzb1t3CIRg,hands,motorcycle-small-engine-repair,wave1,2026-09-14,filter,103
https://www.youtube.com/@chandherohondaservicecentre,@ChandHeroHondaServiceCentre,MD. Chand shaikh bikes Guru🙏,671,391,5,"Hero Honda Bajaj service centre with clutch fitting, current issue diagnosis and repair videos shown.",bike repairing | bike repair,UCUjCLLMMV7WhtJ1ZIZvkpKw,hands,motorcycle-small-engine-repair,wave1,2026-09-14,filter,475
https://www.youtube.com/@cm.ciburuymotor2033,@cm.ciburuymotor2033,CM.Ciburuy motor,71,104,5,"Titles show piston, CVT, roller and carb assembly work step-by-step in a home garage.",bengkel motor,UCVtRgxPgM6KYJJMNwcvzKIQ,hands,motorcycle-small-engine-repair,wave1,2026-09-14,filter,104
https://www.youtube.com/@dasmechanicealassam,@DASMECHANICEALASSAM,Das mechanical Assam ,755,217,5,"Bike repairing centre with titles showing block kit repair, clutch install and full engine service.",bike repairing | bike repair,UCHbRkoznv_34Jbjpc4WAWww,hands,motorcycle-small-engine-repair,wave1,2026-09-14,filter,287
https://www.youtube.com/@dedebengkel7334,@dedebengkel7334,Dede bengkeL,492,161,5,"Dedicated bengkel channel with bore-up, piston fitting and brake service titles showing hands-on mechanic work.",bengkel motor,UC3aNRhzKF8EYVH1xZIXecXA,hands,motorcycle-small-engine-repair,wave1,2026-09-14,filter,179
https://www.youtube.com/@detectormotostv6995,@detectormotostv6995,DETECTOR MOTOS TV,635,88,5,"Detailed hands-on valve adjustment, electrical diagnostics and piston ring inspection on motorcycle engines.",mecánica de motos,UCAAeD1rqEmZ2GTPRStAoFlQ,hands,motorcycle-small-engine-repair,wave1,2026-09-14,filter,88
https://www.youtube.com/@dhanalakshmicustoms,@DhanalakshmiCustoms,Dhanalakshmi Customs by AK,146,82,5,Dedicated vintage bike restoration shop in Bangalore showing full engine and mechanical rebuilds.,motorcycle restoration | engine rebuild,UC_u7FJErAq_fEaik1Jx1vcw,hands,motorcycle-small-engine-repair,wave1,2026-09-14,filter,118
https://www.youtube.com/@dhickaviearn1402,@dhickaviearn1402,DHICKA ARDEV,229,117,5,"Detailed repair titles: clutch ring assembly, tire tools, engine problems, porting head on matic bikes.",bengkel motor,UCTC5CFuRAzAy8bml-cYMAbw,hands,motorcycle-small-engine-repair,wave1,2026-09-14,filter,124
https://www.youtube.com/@dirtbikerepair,@Dirtbikerepair,DirtBikeRepair,5300,674,5,"Dedicated dirt bike restoration channel covering engine rebuilds, carburetor tuning and suspension setup on camera.",engine rebuild,UCUfEMIOt1YgUHkoEJWeyg9w,hands,motorcycle-small-engine-repair,wave1,2026-09-14,filter,674
https://www.youtube.com/@diy.garage,@diy.garage,DIYgarage,785,69,5,"Titles show CB125 ignition switch repair, worn engine block diagnosis and caliper measurement, hands-on garage work.",motorcycle repair,UCVyk5KulLY3ZeV-rz6I6yRw,hands,motorcycle-small-engine-repair,wave1,2026-09-14,filter,74
https://www.youtube.com/@dkmechmoto,@Dkmechmoto,Dk mech moto ,564,141,5,Motor shop channel showing actual repair process including engine troubleshooting and timing gear installation.,motorcycle repair,UC39gCtd7DEG-scTgrrv-lvA,hands,motorcycle-small-engine-repair,wave1,2026-09-14,filter,142
https://www.youtube.com/@doityourselfdaveoj,@DoItYourselfDaveOJ,Do it yourself Dave,413,104,5,"Home motorcycle restoration channel with titles on chassis building, carb refresh and power valve control.",motorcycle restoration,UCSouIDZVqyJs0on8KYfpruQ,hands,motorcycle-small-engine-repair,wave1,2026-09-14,filter,154
https://www.youtube.com/@doktormekanik123,@doktormekanik123,DOKTOR MEKANIK ,43300,819,5,"Mechanic channel specializing in handlebar, counterweight and crankshaft installation with professional technique tutorials.",motorcycle repair,UC2S5ADC7GDxT72o0Z2yPB8g,hands,motorcycle-small-engine-repair,wave1,2026-09-14,filter,823
https://www.youtube.com/channel/uc0ao6rfgpsicothqrvp6xww,@dudungabdullah7255,Bedah MOTOR (Mekar Jaya Motor),67,55,5,"Indonesian bengkel channel with real repair titles: brake diagnostics, oil change, tire removal, pulley fitting.",motorcycle repair,UC0AO6RFgPSicoThqrvp6xWw,hands,motorcycle-small-engine-repair,wave1,2026-09-14,filter,55
https://www.youtube.com/@dutchedshedbuilds,@DutchedShedBuilds,Dutched Shed Builds,2590,276,5,Shed-based vintage motorcycle rebuilding channel featuring carburetor rebuilds and how-to repair tutorials.,motorcycle restoration,UCD2aJqr5hLbomQ5k-T8CHXQ,hands,motorcycle-small-engine-repair,wave1,2026-09-14,filter,276
https://www.youtube.com/@eltallerdeyogui269,@eltallerdeyogui269,EL TALLER DE YOGUI,984,68,5,Clear hands-on clutch disassembly and disc replacement videos for Yamaha and FZ motorcycles.,mecánica de motos,UCP8743IclGriIhFOlPkAXFQ,hands,motorcycle-small-engine-repair,wave1,2026-09-14,filter,70
https://www.youtube.com/@enginecraftgarage,@EngineCraftGarage,EngineCraft Garage,4000,152,5,"Dedicated revival channel bringing broken small engines back to life with real diagnostics on mowers, tractors and golf carts.",small engine repair,UCA-rPTG1-miITRPWlMDgQmw,hands,motorcycle-small-engine-repair,wave1,2026-09-14,filter,152
https://www.youtube.com/@eronworks,@eronworks,Eron work's,145,54,5,"Step-by-step titles cover fork assembly, CVT cleaning, oxygen sensor cleaning showing real repair work.",motorcycle repair,UC-W3MQNGF1a1TDu7PCMo1Lw,hands,motorcycle-small-engine-repair,wave1,2026-09-14,filter,67
https://www.youtube.com/@faizansportsbikework1090,@faizansportsbikework1090,Faizan Sports Bike Work,704,66,5,"Royal Enfield repair center with titles on ABS speed meter, fuel pump and fuse checking issues.",bike repairing | bike repair,UCfo_f5H232pMDNpmVp1UhXQ,hands,motorcycle-small-engine-repair,wave1,2026-09-14,filter,66
https://www.youtube.com/@fajar.motor.injeksi,@fajar.motor.injeksi,Fajar Motor Injeksi,614,338,5,"Clear diagnostic repair titles covering engine noise, overheating, and timing chain issues on scooters.",bengkel motor,UCFGsc5QUUSoUuHKMBn_0P3Q,hands,motorcycle-small-engine-repair,wave1,2026-09-14,filter,343
https://www.youtube.com/@fivegarage,@fivegarage,*Мастерская Five Garage* Алексей Фадин,199,59,5,Motorcycle repair channel with detailed fuel pump and filter replacement work shown on BMW models.,ремонт мотоциклов,UC8LbHvcrofInxqVTrpvGbpw,hands,motorcycle-small-engine-repair,wave1,2026-09-14,filter,60
https://www.youtube.com/@fullmetalhands,@fullmetalhands,Full Metal Hands,10800,63,5,No-talking hands-on motorcycle repair and engine rebuild channel with clear visuals of technique.,motorcycle repair | engine rebuild,UCIPh0YrtMqeHfEOBymfsDFg,hands,motorcycle-small-engine-repair,wave1,2026-09-14,filter,63
https://www.youtube.com/@garagepoint5576,@garagepoint5576,GARAGE POINT,298,170,5,"Garage channel with hands-on titles: engine gear kit setup, carburetor overflow issue, gear jam problems shown.",bike repair,UCU6AVZgv6-5Lsxh6lzOMAOg,hands,motorcycle-small-engine-repair,wave1,2026-09-14,filter,170
https://www.youtube.com/@garagetech009,@Garagetech009,Garagetech009,552,168,5,"Garage channel showing clutch plate installation, LED install and pickup problem fixes on real bikes.",bike repairing | bike repair,UCAd2zVL0Rj1wAXIvksmpxBw,hands,motorcycle-small-engine-repair,wave1,2026-09-14,filter,166
https://www.youtube.com/channel/ucasufvb1s1o-mmcflrfm_ka,@garasi2986,GARASI 29,197,85,5,"Titles show CVT maintenance, tire replacement, engine overheating diagnosis and cylinder swaps on bikes.",bengkel motor,UCASufvb1s1o-mMcFlrFm_KA,hands,motorcycle-small-engine-repair,wave1,2026-09-14,filter,86
https://www.youtube.com/channel/ucgrvlr0exzhvht3pvx1picw,@Gj15chanod,Gj 15 chanod,100,100,5,"Titles show engine missing problem fix, gearbox fitting and wiring/charging repair with real mechanic work.",bike repairing | bike repair,UCGRVLR0exZhvHt3pVx1pIcw,hands,motorcycle-small-engine-repair,wave1,2026-09-14,filter,132
https://www.youtube.com/@greghitchko,@GregHitchko,Greg Hitchko,23600,308,5,Motocross bike replica builds with detailed engine rebuild and suspension how-to tutorials.,engine rebuild,UCp9jaii9DZ8QfUIM9PWK1Gw,hands,motorcycle-small-engine-repair,wave1,2026-09-14,filter,308
https://www.youtube.com/@gulam5320,@gulam5320,Gulam Bike,366,132,5,"Dedicated bike repair channel with titles showing cooling fan check, engine servicing and clutch plate change steps.",bike repair,UCz9bTTSb-_TU10LICqCY4JQ,hands,motorcycle-small-engine-repair,wave1,2026-09-14,filter,132
https://www.youtube.com/@harda_mekanik,@HARDA_mekanik,HARDA,85,147,5,"Titles show hands-on repair: rewiring ignition, cleaning fuel injector, lock repair — clear followable mechanic work.",bengkel motor,UCZlOo017A_K-48yYiZqlafQ,hands,motorcycle-small-engine-repair,wave1,2026-09-14,filter,231
https://www.youtube.com/@hariombikegarage,@Hariombikegarage,HARIOM BIKE GARAGE,844,99,5,"Indian bike garage channel with real repair videos: overheating, starting problems, servicing shown on camera.",bike repairing | bike repair,UCiz3vysLwVhXyKGj9DNQeOA,hands,motorcycle-small-engine-repair,wave1,2026-09-14,filter,95
https://www.youtube.com/@harishautoservicecentre652,@harishautoservicecentre652,HARISH auto service123,71,95,5,"Titles show detailed fitting work: pump fitting, half engine fitting, gearbox and head fitting tasks.",bike repairing | bike repair,UCQNxBM4Ooxl8eFqP5aI5ZLw,hands,motorcycle-small-engine-repair,wave1,2026-09-14,filter,93
https://www.youtube.com/channel/uc5jl-wleunn35agywaxhyfa,@hassnainakbar5124,Hassnain Akbar512,408,117,5,"Bike repair channel with clutch plate change, silencer cleaning, workshop vlog titles showing hands-on work.",bike repairing | bike repair,UC5jL-WlEUnn35AgYWaxHYFA,hands,motorcycle-small-engine-repair,wave1,2026-09-14,filter,117
https://www.youtube.com/@haymotor,@Haymotor,Haymotor,295,103,5,"Bengkel motor with detailed seal, pulley and CVT repair tutorials showing hands-on mechanical work.",bengkel motor,UC4ddD3hVPv7y5vSfT3Fmfvw,hands,motorcycle-small-engine-repair,wave1,2026-09-14,filter,103
https://www.youtube.com/@herijoo19,@herijoo19,heri joo,11500,386,5,"Bengkel motor channel with piston ring, clutch, brake pad rebuild tutorials shown hands-on.",bengkel motor,UC0neJ4AIdL3FEocIc5iTi_Q,hands,motorcycle-small-engine-repair,wave1,2026-09-14,filter,386
https://www.youtube.com/@iftkhairbikerepair,@IftkhairBikeRepair,Iftkhair Bike Repair,34,102,5,Dedicated Urdu bike repair channel with clutch plate replacement and engine work titles shown regularly.,motorcycle repair | motorcycle repairing | bike repairing | bike repair,UCbjvf6mcLNnaW6dJgOcZAXA,hands,motorcycle-small-engine-repair,wave1,2026-09-14,filter,106
https://www.youtube.com/@imgarage8510,@imgarage8510,im garage,667,442,5,Indonesian bengkel motor channel with detailed real repair titles like brake bleeding and gear box fixes.,motorcycle repair | motorcycle mechanic | motorcycle workshop | bengkel motor,UC1k82tfC8e05ADdsHwnB73w,hands,motorcycle-small-engine-repair,wave1,2026-09-14,filter,484
https://www.youtube.com/@itsmytimeletsgo,@itsmytimeletsgo,Its My Time Lets Go,9420,251,5,"Dedicated vintage Harley repair shop channel covering engines, transmissions and fabrication.",motorcycle repair,UCZAbLEMnQhyk1SjheziCVqA,hands,motorcycle-small-engine-repair,wave1,2026-09-14,filter,251
https://www.youtube.com/@jamirshekh580,@jamirshekh580,Jamir motorcycle workshop ,465,237,5,Motorcycle workshop with titles showing clutch plate changes and roadside bike repair fixes on camera.,motorcycle workshop,UC5KxtkwgK-8Mv57vARwwEsg,hands,motorcycle-small-engine-repair,wave1,2026-09-14,filter,258
https://www.youtube.com/@jangmubinchannel,@jangmubinchannel,JangmubinChannel,232,90,5,"Short clips clearly show brake pad fitting, valve clearance setting, chain and carb adjustment work.",bengkel motor,UC5BT6WkGL31Bg9Xb73ykGDQ,hands,motorcycle-small-engine-repair,wave1,2026-09-14,filter,100
https://www.youtube.com/channel/uckiqa35u72f8lkxouaopkzq,@jawateck1929,Garage 24x7,78,89,5,"Jawa/Yezdi specialist garage with titles on shim adjustment, clutch plate, timing chain repair.",bike repair,UCKiQA35u72f8lkxouaopKZQ,hands,motorcycle-small-engine-repair,wave1,2026-09-14,filter,92
https://www.youtube.com/@jayveer_chandra,@jayveer_chandra,HK bike ,775,331,5,"Desi bike garage with clutch plate replacement, half-engine rebuild and ring fitting videos shown on camera.",bike repairing | bike repair,UCw5kKxf9Xr7fXHIhUu4_DzQ,hands,motorcycle-small-engine-repair,trial100,2026-09-14,filter,384
https://www.youtube.com/@jitendra-gz4hw,@Jitendra-gz4hw,Jitendra7901,72,98,5,"Nepali bike hospital workshop channel showing real engine repair, servicing and maintenance work.",motorcycle repair | motorcycle workshop,UCu4iP5lAYCn9X_2v4P0B3Sg,hands,motorcycle-small-engine-repair,wave1,2026-09-14,filter,143
https://www.youtube.com/@joethemountainjedi,@JoeTheMountainJedi,JoeTheMountainJedi,5660,220,5,"Veteran factory-certified mechanic channel focused on motorcycle repair, maintenance and restoration with shop tips.",motorcycle repair,UCtwLEWgMuwkygWyXXMeLrvQ,hands,motorcycle-small-engine-repair,wave1,2026-09-14,filter,220
https://www.youtube.com/@jrzuniga83,@jrzuniga83,jr Zuniga ,24,63,5,"Titles show real small engine repair jobs on mowers - cable fixes, tune ups, running repairs shown start to finish.",small engine repair,UCZDFA3U1dPk3vBXiUU_BokA,hands,motorcycle-small-engine-repair,wave1,2026-09-14,filter,105
https://www.youtube.com/@kalajengkingmotor-l3h,@KalajengkingMOTOR-l3h,Kalajengking MOTOR,303,230,5,"Clear hands-on repair titles: starter motor diagnosis, compression leak, clogged tank cleaning, engine noise troubleshooting.",servis motor,UCjN9-11hPHCAJ5P03bNGblg,hands,motorcycle-small-engine-repair,wave1,2026-09-14,filter,298
https://www.youtube.com/@kalandarmotors8312,@kalandarmotors8312,kalandar🏍️🛵 motors,497,71,5,"Daily bike repair videos: carburetor jet removal, brake system, starter relay work across various bikes.",bike repair,UCQcSQBchhj3dfgcW0XeN6cA,hands,motorcycle-small-engine-repair,wave1,2026-09-14,filter,80
https://www.youtube.com/channel/ucfyvaepef4v7t2k_aja0nyw,@katimbengkel,Katim bengkel,206,51,5,"Bengkel motor with fault diagnosis titles like dead engine, carburetor sync, electrical work shown.",bengkel motor,UCfYvaepEF4v7t2k_AJa0NYw,hands,motorcycle-small-engine-repair,wave1,2026-09-14,filter,51
https://www.youtube.com/@khanmotorcyclegarage,@Khanmotorcyclegarage,Khan motorcycle garage,608,335,5,"Titles show full servicing, carburetor fitting, clutch plate fitting across multiple real bikes.",bike repairing | bike repair,UCjeSvIcSOLWyFh925Z4NvbA,hands,motorcycle-small-engine-repair,wave1,2026-09-14,filter,342
https://www.youtube.com/@kushwaha_auto_workshop_d,@kushwaha_auto_workshop_d,Kushwaha_auto_workshop,17,52,5,"Desi two-wheeler workshop channel covering engine overhaul, clutch, brake, chain sprocket and electrical repair jobs.",bike repair,UCoTgxUYbE8Go6i74a5fni4Q,hands,motorcycle-small-engine-repair,wave1,2026-09-14,filter,52
https://www.youtube.com/@kwrightway,@kwrightway,kwrightway,3750,461,5,"Vintage Japanese motorcycle repair, reconditioning and restoration channel with small engine and machining work.",motorcycle repair | small engine repair,UCIb39LrwRqvjXmCd7g56oAg,hands,motorcycle-small-engine-repair,wave1,2026-09-14,filter,461
https://www.youtube.com/@leightons2strokes,@Leightons2strokes,Leightons 2 strokes,6610,132,5,Dedicated 2-stroke motorcycle restoration channel sharing hands-on rebuild knowledge.,motorcycle restoration,UCBk08G4VDJ_xd7ujerNPvTw,hands,motorcycle-small-engine-repair,wave1,2026-09-14,filter,132
https://www.youtube.com/@lionstechcycleshop769,@lionstechcycleshop769,LionsTech CycleShop,292,66,5,Crashed motorcycle restoration specialist with titles showing crankcase repair and TIG welding work.,motorcycle restoration,UC-Hk6GmAWF401k7iDctFtXw,hands,motorcycle-small-engine-repair,wave1,2026-09-14,filter,75
https://www.youtube.com/@lucas244motos,@Lucas244motos,Lucas 244 motos,7640,259,5,Dedicated motorcycle mechanics tutorial channel focused entirely on bike repair,mecânica de motos,UCshK8UJeG92JaWMs-gC9C-Q,hands,motorcycle-small-engine-repair,trial100,2026-09-14,filter,259
https://www.youtube.com/@machanictop1,@machanictop1,mechanic top 1 ,124,106,5,"Titles show real repairs: tyre fitting, fuel pump issues, starting problems, spark plug checks.",bike repair,UCkvvtRIR7OLswr-SsHPDqhQ,hands,motorcycle-small-engine-repair,wave1,2026-09-14,filter,137
https://www.youtube.com/@mahboobauto,@mahboobauto,MehboobAuto,178,79,5,"Motorcycle repair channel with clutch plate, brake shoe, and oil pump repair titles shown.",bike repairing | bike repair,UCWBpghwQhvmAq_3jU9gkdVg,hands,motorcycle-small-engine-repair,wave1,2026-09-14,filter,105
https://www.youtube.com/@marcelocastro9545,@marcelocastro9545,marcelo castro,848,96,5,"Titles show real diagnostic and repair work: stator testing, tank assembly, suspension noise fixes.",mecânica de motos,UCPLgVeN3EDwJIMxUrbHT6xA,hands,motorcycle-small-engine-repair,wave1,2026-09-14,filter,128
https://www.youtube.com/@maxgontarev,@MaxGontarev,Maksim Hontarau,50,186,5,Motorcycle mechanic channel with concrete repair titles like ABS pump repair and service manuals.,naprawa motocykli,UC_DevIvaJB63LuRQMdFd9Jg,hands,motorcycle-small-engine-repair,wave1,2026-09-14,filter,1432
https://www.youtube.com/@mdchandansari-l4n,@MdchandAnsari-l4n,S Motors  🏍️🛠️,49,109,5,"Bike repair shop with titles on engine problems, self-start fixes and service light resets across brands.",bike repair,UCOA37WbHigoTB-U4_qE7w0w,hands,motorcycle-small-engine-repair,wave1,2026-09-14,filter,170
https://www.youtube.com/channel/uczjdvm61dknrpto3k1owgig,@Mdsshidkha,USTAAD MOTORS,190,275,5,"Motorcycle repair centre with titles showing full and half engine work, battery repair.",bike repairing | bike repair,UCzJdVm61DKnRPTo3K1oWgig,hands,motorcycle-small-engine-repair,wave1,2026-09-14,filter,421
https://www.youtube.com/@mechanic354,@mechanic354, mechanic354📎,364,400,5,"Mechanic channel with real bike service videos: coolant flush, clutch one-way change, full servicing shown.",bike repairing | bike repair,UC0PCpyizuWg-JMyRyyqYeBw,hands,motorcycle-small-engine-repair,wave1,2026-09-14,filter,399
https://www.youtube.com/@mechanixservicemotorcycle9164,@mechanixservicemotorcycle9164,Mechanix Service Motorcycle,333,70,5,"Motorcycle repair shop channel with titles showing valve, clutch and TPS diagnostics on real bikes and snowmobiles.",reparación de motos,UCo6hOCe_U52GNnZ7HSLjH3A,hands,motorcycle-small-engine-repair,wave1,2026-09-14,filter,76
https://www.youtube.com/@mechenicvlog,@mechenicvlog,CHAUHAN MECHENIC VLOGS,208,94,5,"Dedicated bike mechanic vlog covering repairing tips, engine problems and full servicing step by step.",bike repairing | bike repair,UCqQ-Qva7kEgi9ewJKm6Wdmg,hands,motorcycle-small-engine-repair,trial100,2026-09-14,filter,95
https://www.youtube.com/@mekanikoffline,@mekanikoffline,Mekanik offline,46,90,5,"Dedicated carburetor and injection tutorial channel with detailed titles like seal removal, valve clearance.",bengkel motor,UCwZxED8la1shJ3-iZlYO0aw,hands,motorcycle-small-engine-repair,wave1,2026-09-14,filter,92
https://www.youtube.com/@mekanikoficial5831,@mekanikoficial5831,Omah Bengkel ,540,279,5,"Indonesian bike shop showing gear set assembly, camshaft rebuild, filter work with clear hands-on titles.",bengkel motor,UC6tCq1h1pBDPXQw5rIlwlkg,hands,motorcycle-small-engine-repair,wave1,2026-09-14,filter,451
https://www.youtube.com/@mekanikpemula372,@Mekanikpemula372,mekanikpemula372,559,191,5,"Titles show clutch plate comparison, coil diagnosis, and vacuum rubber failure repair work.",bengkel motor,UCzUL6dfAn4XvOukfwqTb1-g,hands,motorcycle-small-engine-repair,wave1,2026-09-14,filter,191
https://www.youtube.com/@mike-anic,@Mike-anic,Mikeanic,1380,289,5,Dedicated small engine repair channel with weekly hands-on lawnmower and generator repair videos.,small engine repair,UCRIi323_Ryg8WHtG5Q3xGig,hands,motorcycle-small-engine-repair,wave1,2026-09-14,filter,289
https://www.youtube.com/@mithileshbikerspoitnt,@MithileshBikersPoitnt,Mithilesh Bikers Point,186,63,5,"Titles show engine building, wiring problem fixes and clutch fitting on real motorcycles, strong repair evidence.",bike repairing | bike repair,UClljhWVu1wLJRTuc4cP5cOQ,hands,motorcycle-small-engine-repair,wave1,2026-09-14,filter,63
https://www.youtube.com/@monuvlogs111,@MonuVlogs111,MonuVlogs111,193,124,5,Auto garage channel with titles showing full engine rebuild fitting on Hero motorcycles step by step.,bike repair,UCo4bKaRbyyD2V88tTuve6xg,hands,motorcycle-small-engine-repair,wave1,2026-09-14,filter,245
https://www.youtube.com/@moto%c3%89liteacademy1,@Moto%C3%89liteAcademy1,MotoÉlite Academy,246,54,5,"Practical motorcycle mechanic training channel with titles on real diagnostics, bearings, spark plugs, centering issues.",reparación de motos | mecánica de motos,UCQALcPF7dVJVBUeXUpAui2w,hands,motorcycle-small-engine-repair,wave1,2026-09-14,filter,54
https://www.youtube.com/@motoeliteacademy3,@MotoEliteAcademy3,MotoElite Academy,45,54,5,"Practical motorcycle mechanic training channel with titles on real diagnostics, bearings, spark plugs, centering issues.",reparación de motos | mecánica de motos,UCDhwuvbkx92U4XBjyWAJ0iA,hands,motorcycle-small-engine-repair,wave1,2026-09-14,filter,54
https://www.youtube.com/@motofixer-pro,@motofixer-pro,Motofixer,372,76,5,Dedicated no-talking oil change and repair guides for specific motorcycle models with clear step-by-step titles.,motorcycle repair | motorcycle mechanic,UCz9K7v9oh8fe9MiGRCjop-Q,hands,motorcycle-small-engine-repair,wave1,2026-09-14,filter,79
https://www.youtube.com/@motoloco10,@motoloco10,Motolocooficial,17900,509,5,Dedicated motorcycle mechanics tutorial channel per description,mecánica de motos,UCjWP9T6o3JSOPXzZos9kXsQ,hands,motorcycle-small-engine-repair,trial100,2026-09-14,filter,509
https://www.youtube.com/@mp.10bikerepair,@MP.10BikeRepair,MP.10 Bike Repair ,165,149,5,Titles show detailed engine fitting tutorials and fuel gauge troubleshooting on real bikes.,bike repair,UCc1jRTOBojTyQRvNJU-dOew,hands,motorcycle-small-engine-repair,wave1,2026-09-14,filter,227
https://www.youtube.com/@mukeshautocentre,@MukeshAutocentre,Mukesh Auto centre,526,63,5,"Two-wheeler garage filming real jobs: engine noise diagnosis, starting problems, sensor cleaning, engine fitting.",bike repairing | bike repair,UCkIAAEQP8mFLLMqk5wqi9WQ,hands,motorcycle-small-engine-repair,wave1,2026-09-14,filter,63
https://www.youtube.com/@munnabikerepairvlog8045,@munnabikerepairvlog8045,Munna Bike repair vlog,713,368,5,"Bike repair vlog demonstrating engine opening, piston ring inspection and full service procedures.",bike repairing | bike repair,UCuPEV-v3oW6zGRh92nyxNrQ,hands,motorcycle-small-engine-repair,wave1,2026-09-14,filter,368
https://www.youtube.com/channel/uc20rukkqk0i7qyeaunc_lrw,@MunnaHeroHondaWorkshop,Munna Hero Honda Workshop,118,65,5,"Hero Honda workshop channel with detailed titles on piston ring fitting, carburetor repair and clutch work.",bike repairing | bike repair,UC20RUkkQK0I7qYeAunc_lrw,hands,motorcycle-small-engine-repair,wave1,2026-09-14,filter,179
https://www.youtube.com/@munobikerepairingyoutubech5457,@munobikerepairingyoutubech5457,Muno bike repairing  YouTube channel,146,97,5,"Piston ring installation, brake shoe fix, sprocket replacement titles show hands-on motorcycle repair.",bike repairing | bike repair,UCpkfaPsYep4wZVPIz8mhW6A,hands,motorcycle-small-engine-repair,wave1,2026-09-14,filter,97
https://www.youtube.com/@mustaqeemmacanick,@MustaqeemMacanick,Mustaqeem Macanick,96,89,5,Titles show clutch plate fitting step-by-step and petrol setting adjustments on real bikes.,bike repairing | bike repair,UCQP3wLUCjQ7JSis3HFBKH6Q,hands,motorcycle-small-engine-repair,wave1,2026-09-14,filter,127
https://www.youtube.com/@naveenbikeraparing,@Naveenbikeraparing,Naveen ,67,204,5,"Real garage videos showing clutch plate replacement, spring fitting, seplender parts on camera.",bike repairing | bike repair,UC1hp64iSqHJ2WU_QxWV31Jw,hands,motorcycle-small-engine-repair,wave1,2026-09-14,filter,298
https://www.youtube.com/@nawabhondacarecenter7344,@nawabhondacarecenter7344,Nawab Honda Care Center,271,126,5,"Honda care center with titles showing engine overhauling, disassembly and full engine teardown work.",bike repairing | bike repair,UClBB6uHeIOti-8XR9vDw_sg,hands,motorcycle-small-engine-repair,wave1,2026-09-14,filter,129
https://www.youtube.com/@northbiloxilawnandsmallengine,@Northbiloxilawnandsmallengine,North Biloxi Lawn & Small Engine,43,52,5,"Dedicated small engine shop covering mower, trimmer, chainsaw, carburetor rebuilds and engine diagnostics on camera.",lawn mower repair,UCWlZ_Ki9pkQii-DnS9aYadA,hands,motorcycle-small-engine-repair,wave1,2026-09-14,filter,53
https://www.youtube.com/@novan19channel,@novan19channel,NovaN19 channel,778,234,5,"Titles show detailed diagnostic and repair work: ignition loss, shock replacement, engine noise troubleshooting.",bengkel motor,UCfRW5uKkQGrAGtFG0vRLjtQ,hands,motorcycle-small-engine-repair,wave1,2026-09-14,filter,234
https://www.youtube.com/channel/ucyy3c-opjgcophw7knhirpa,@opicmotor,Taupik Rahman,218,108,5,"Titles show real motorcycle repair jobs: electrical faults, brake pad swap, starter fix, tire repair.",bengkel motor,UCYy3C-OpjGCophw7KnHiRPA,hands,motorcycle-small-engine-repair,wave1,2026-09-14,filter,108
https://www.youtube.com/@orangebloodedmotomaniac,@orangebloodedmotomaniac,Orange Blooded MotoManiac,16300,154,5,"KTM-focused DIY repair channel with step-by-step guides, troubleshooting and service maintenance content.",motorcycle repair,UC-Dj5rfg9CksyFp_q2VmTEw,hands,motorcycle-small-engine-repair,wave1,2026-09-14,filter,154
https://www.youtube.com/@originalmotorcycleworkshop,@Originalmotorcycleworkshop,ORIGINAL Motorcycle Workshop,665,62,5,"Motorcycle mechanic channel with step-by-step titles on crankcase fitting, oil pump and engine setting repairs.",motorcycle workshop,UCcBfLY-GHgqp4dIJSZjJRJA,hands,motorcycle-small-engine-repair,wave1,2026-09-14,filter,62
https://www.youtube.com/channel/uc7azk3gp5rewaofq5ne2qtg,@PalashDolai-c6u,Palash bike technical,72,175,5,"Bike technician channel with titles on gearbox fitting, half engine work, crankshaft fitting, disc brake oil.",bike repair,UC7aZk3GP5reWAofq5nE2qtg,hands,motorcycle-small-engine-repair,wave1,2026-09-14,filter,340
https://www.youtube.com/@pro-carburator,@pro-carburator,PRO КАРБЮРАТОР,32700,79,5,Dedicated Russian carburetor repair channel with step-by-step tutorials on Solex/Ozone carburetors.,carburetor repair,UC0VHkXdG_fGwFlxlqo7Jy5Q,hands,motorcycle-small-engine-repair,wave1,2026-09-14,filter,79
https://www.youtube.com/@professionalmotorbikerep-ie1ty,@Professionalmotorbikerep-ie1ty,Motorcycle Hospital,76,120,5,"Professional motorcycle repair channel with detailed titles on maintenance, reassembly and part replacement.",motorcycle repair | bike repair,UCeSonwlgkqZ-XdpMIVIyw2Q,hands,motorcycle-small-engine-repair,wave1,2026-09-14,filter,120
https://www.youtube.com/channel/ucmksivysgxn4kkiggf8-psw,@rafagl5570,MECANICA DE MOTOS H&R,226,123,5,"Clear hands-on garage channel with titles on compression testing, cylinder head removal, oil changes and cable replacement.",mecánica de motos,UCMkSIVYsGxN4KkIggF8-Psw,hands,motorcycle-small-engine-repair,wave1,2026-09-14,filter,135
https://www.youtube.com/@ramautosarvice23,@RamautoSarvice23,Ram auto services23,286,77,5,"Titles show real Hindi motorcycle engine fitting, timing setting, oil seal and clutch repair jobs.",motorcycle repair | motorcycle repairing,UCPkTv4aGwVTLDOQ5Zu1hqxg,hands,motorcycle-small-engine-repair,wave1,2026-09-14,filter,84
https://www.youtube.com/@rashidhondaservice,@Rashidhondaservice,Rashid honda service ,111,50,5,"Honda service shop with clear repair titles: oil leakage fix, piston ring change, clutch plate work.",bike repairing | bike repair,UCtP5mN7yWZIZ7dEG3dkT65A,hands,motorcycle-small-engine-repair,wave1,2026-09-14,filter,50
https://www.youtube.com/@rejwan.sk11auto,@Rejwan.Sk11auto,Rejon auto,100,123,5,"Garage mechanic channel with titles on crime bithana, disc brake jam repair and fuel pump fixes.",motorcycle mechanic,UCUnes5vChamEvwx2-uq8-nw,hands,motorcycle-small-engine-repair,wave1,2026-09-14,filter,136
https://www.youtube.com/@riditfixitmakit,@RiditFixitMakit,Ridit Fixit Makit,1270,199,5,"Home workshop channel doing in-depth motorcycle restorations, engine rebuilds and precision machining on classic bikes.",motorcycle restoration | engine rebuild,UCxWRTQd-VJsPZM1NLsSyUJw,hands,motorcycle-small-engine-repair,wave1,2026-09-14,filter,199
https://www.youtube.com/@riteshkumarrr9043,@riteshkumarrr9043,Ritesh Kumar R R,271,121,5,"Hands-on Hero Splendor engine repair videos showing clutch plate fitting, rocker installation, full engine repairing.",bike repairing | bike repair,UCaI1ZZ-ojv0TM53GD_jWbnA,hands,motorcycle-small-engine-repair,trial100,2026-09-14,filter,126
https://www.youtube.com/@robiyanto-dr2bd,@Robiyanto-dr2bd,Rubiyanto1975,696,90,5,"Bengkel motor channel with titles on timing marks, bearing replacement, and overheating engine diagnosis.",bengkel motor,UCLR5ZqwCW6uIZejq6ib0EPw,hands,motorcycle-small-engine-repair,wave1,2026-09-14,filter,90
https://www.youtube.com/@roller-fix,@Roller-Fix,Roller-Fix,13700,120,5,"Dedicated scooter repair channel covering ignition, valve adjustment, tuning and DIY maintenance.",scooter repair,UCCCgoq5mnppsIzIwcfJwbOQ,hands,motorcycle-small-engine-repair,wave1,2026-09-14,filter,120
https://www.youtube.com/@route-34,@route-34,Andrey Krupp,6200,381,5,Dedicated Soviet motorcycle restoration workshop teaching cheap easy fixes and repair history.,motorcycle workshop,UCrRo3uhiisv2BvqYT9H_U3w,hands,motorcycle-small-engine-repair,wave1,2026-09-14,filter,382
https://www.youtube.com/@royalenfieldmeteor467,@RoyalEnfieldmeteor467,Royal Enfield meteor 350,16,54,5,"Royal Enfield channel dedicated to servicing, tappet adjustment, clutch, gearbox and electrical repair guides.",motorcycle repair,UCFXtqU7psz-SrP7OaCD1GDA,hands,motorcycle-small-engine-repair,wave1,2026-09-14,filter,55
https://www.youtube.com/channel/ucvexdb9aig17yunxiyai2fg,@roylau7140,Roy Lau,84,157,5,"Tutorials cover tire puncture repair, dead engine fix, rear brake and ECU wiring diagnostics.",bengkel motor,UCvExDb9Aig17yuNxiYaI2fg,hands,motorcycle-small-engine-repair,wave1,2026-09-14,filter,261
https://www.youtube.com/@rpmatuomoto,@Rpmatuomoto,Rpm auto moto,633,139,5,Small engine and ATV/motorcycle repair and restoration channel with troubleshooting and revival focus.,motorcycle repair | motorcycle restoration | small engine repair | TV repair,UCwfs_QbYvGglIgERM-cUkFA,hands,motorcycle-small-engine-repair,wave1,2026-09-14,filter,141
https://www.youtube.com/@samianaworks,@SamianaWorks,Samiana Works,157000,895,5,Channel explicitly focused on motorcycle and small engine repairs with hands-on tutorials.,engine rebuild | small engine repair,UCMLdJjB_RFcjpqsbVgZhoAg,hands,motorcycle-small-engine-repair,wave1,2026-09-14,filter,896
https://www.youtube.com/@sanjayauto72,@sanjayauto72,SANJAY AUTO,717,59,5,"Indian bike mechanic channel with detailed repair titles: kick spring, stand pin, head fitting, flywheel repair.",motorcycle repair,UCAg2GeOk5w63Jzrj3fk34wQ,hands,motorcycle-small-engine-repair,wave1,2026-09-14,filter,69
https://www.youtube.com/@saurabhmechanic9700,@saurabhmechanic9700,Saurabh Mechanic,2880,299,5,"Two-wheeler mechanic channel showing motorcycle, scooty and Bullet servicing, repairing and maintenance step by step.",bike repair,UCYSyFXp3JeWtjuXdXKAtGWw,hands,motorcycle-small-engine-repair,wave1,2026-09-14,filter,299
https://www.youtube.com/@servicetools,@Servicetools,Ремонт Сервіс,16400,367,5,"Dedicated small-engine repair channel: chainsaws, generators, trimmers, drills disassembled and rebuilt.",ремонт бензопил,UCI64Puj2Nk9PFYla35ikZAg,hands,motorcycle-small-engine-repair,wave1,2026-09-14,filter,367
https://www.youtube.com/@sethgabbard7705,@sethgabbard7705,Seth Gabbard,477,57,5,Outboard motor repair videos including carburetor cleaning across multiple engine models shown on camera.,outboard motor,UCIuWoCuf4LPSQasfJCzDm0Q,hands,motorcycle-small-engine-repair,wave1,2026-09-14,filter,57
https://www.youtube.com/channel/ucwr6-hj_uw1moj_l8ciekhq,@sgtechnicianworld8515,SG TECHNICIAN WORLD,123,50,5,"Bike repairing channel with KTM engine opening, clutch plate problems, and oil leakage repair titles.",bike repairing | bike repair,UCwr6-Hj_uw1moJ_l8CiEKHQ,hands,motorcycle-small-engine-repair,wave1,2026-09-14,filter,51
https://www.youtube.com/@shakharsaw5959,@shakharsaw5959,Shekhar bike  repairing,326,64,5,"Dedicated repair tutorials showing clutch fitting, wiring kit info and timing chain fitting on real bikes.",bike repairing | bike repair,UCu8GtdPztRWNBurxflWf0_g,hands,motorcycle-small-engine-repair,wave1,2026-09-14,filter,64
https://www.youtube.com/@shivambikemechanic,@Shivambikemechanic,Shivam bike mechanic ,6180,508,5,"Bike mechanic channel detailing engine repair, oil change, brake repair and chain setting content.",bike repairing | bike repair,UC6qZKKrVP2hRAd-pPcU3pXQ,hands,motorcycle-small-engine-repair,wave1,2026-09-14,filter,508
https://www.youtube.com/channel/ucuu6fvqzao-nugrtuubgl6q,@ShiviAutomobiles,Shivi Automobile Workshop ,27,55,5,"Automobile workshop with real diagnostic/repair titles: starting issues, timing, battery, code faults.",bike repairing | bike repair,UCuU6fVQzAO-NugrTuubgl6Q,hands,motorcycle-small-engine-repair,wave1,2026-09-14,filter,81
https://www.youtube.com/@shukla_ji_automobile,@shukla_ji_Automobile,Shukla Ji AutoMobile,103,75,5,"Titles show chain/sprocket replacement, disc brake repair, clutch plate change and carburetor work in detail.",bike repairing | bike repair,UCSCwbGnVtG170xyLtgWhhUA,hands,motorcycle-small-engine-repair,wave1,2026-09-14,filter,79
https://www.youtube.com/@silvernutsgarage-di5ls,@SilverNutsGarage-di5ls,Silver Nuts Garage,1960,410,5,Vintage Harley Davidson repair channel focused on DIY wrenching tips and personal repair experience.,motorcycle repair,UCBh2M42z_ibgbVydDyOrcTA,hands,motorcycle-small-engine-repair,wave1,2026-09-14,filter,410
https://www.youtube.com/@smallenginedoctor3767,@smallenginedoctor3767,Small Engine Doctor,163,70,5,"Dedicated small engine repair channel with detailed long-form titles on Toro, Briggs and Stratton carburetor fixes.",small engine repair,UCGko6BxATxWzEPZmkCvrqCQ,hands,motorcycle-small-engine-repair,wave1,2026-09-14,filter,70
https://www.youtube.com/@smallenginerepair,@SmallEngineRepair,Small Engine Shop,5030,162,5,Dedicated small engine repair channel with focused hands-on repair content per description.,small engine repair,UCoN0KvW9FmBo6OIzrGPSd9g,hands,motorcycle-small-engine-repair,wave1,2026-09-14,filter,162
https://www.youtube.com/@smotorcycle,@SMotorcycle,Sangam Motorcycle9470,76,83,5,"Hindi bike repair channel with concrete titles fixing handles, clutch cables and specific model issues.",motorcycle repair,UCtjEYzqOJf1E3doiKWKMDpQ,hands,motorcycle-small-engine-repair,wave1,2026-09-14,filter,111
https://www.youtube.com/@sonu.bikepoint,@Sonu.bikepoint,MD Gufran,799,471,5,"Titles show real engine opening, clutch plate surgery, full engine fitting and timing chain work.",motorcycle repair | motorcycle repairing,UCB8AyZWS7_-wZlTOnYzm08Q,hands,motorcycle-small-engine-repair,wave1,2026-09-14,filter,506
https://www.youtube.com/@specialbikerepair,@specialbikerepair,Ata welding Master ,973,256,5,"Bike repair channel with sprocket bearing, silencer, brake pedal spring fix titles showing detailed hands-on work.",motorcycle repair | motorcycle repairing | bike repair,UCfw1dAzBu7FyCztIlrDlYTA,hands,motorcycle-small-engine-repair,wave1,2026-09-14,filter,183
https://www.youtube.com/@starautomobile934,@STARAUTOMOBILE934,STAR AUTO MOBILE ,291,162,5,"Titles show clutch plate change, half engine work and complete servicing across multiple bike models.",bike repairing | bike repair,UC6p_ZgRsi07kBZZRsEatdpg,hands,motorcycle-small-engine-repair,wave1,2026-09-14,filter,167
https://www.youtube.com/@stevenlettsperformance,@StevenLettsPerformance,Steven Letts Performance,534,199,5,Small engine repair and vintage chainsaw restoration channel with titles showing porting and repair work on McCulloch saws.,small engine repair,UCsyhdjKy5m4HSKmj1BZ542A,hands,motorcycle-small-engine-repair,wave1,2026-09-14,filter,199
https://www.youtube.com/@sudarshanmaker1909,@sudarshanmaker1909,SUDARSHAN MAKER OFFICIAL ,986,83,5,"Two-wheeler repair channel with titles on ACM short circuit, kick free issue, and electrical fault diagnosis.",bike repairing | bike repair,UCvpWzppAXe0tr-4Ks2qP7rQ,hands,motorcycle-small-engine-repair,wave1,2026-09-14,filter,120
https://www.youtube.com/@sunilsalvi57775,@SunilSalvi57775,Shree Dev auto workshop ,341,106,5,Indian auto workshop channel with titles showing engine opening and gear set repair on scooters/bikes.,motorcycle repair,UC2-0DEWOQc8oa_uA64e8wcg,hands,motorcycle-small-engine-repair,wave1,2026-09-14,filter,106
https://www.youtube.com/channel/ucpp4gi3lr-o2x3_fiz9lp7w,@supriyatnochanel91,supriyatno chanel,78,83,5,"Practical repair tutorials: valve clearance, clutch fix, carburetor issues, body fitting on real bikes.",bengkel motor,UCpP4GI3LR-o2x3_fiZ9LP7w,hands,motorcycle-small-engine-repair,wave1,2026-09-14,filter,83
https://www.youtube.com/@t8motos,@T8motos,T8 motos,479,93,5,"Hands-on motorcycle repair titles: fuel filter change, carburetor leak fixes, oil labeling guide.",mecánica de motos,UCgnfgeuKICJgwtb1rF8x_Vw,hands,motorcycle-small-engine-repair,wave1,2026-09-14,filter,117
https://www.youtube.com/@tanmansbikebuilds931,@tanmansbikebuilds931,TanMansBuilds,858,138,5,"Dirt bike top-end rebuilds and timing chain replacement shown in titles, clear motorcycle mechanical work.",engine rebuild,UCdofqWKNPM7cqu6F6MJrptg,hands,motorcycle-small-engine-repair,wave1,2026-09-14,filter,140
https://www.youtube.com/@thebikedoctorindia,@TheBikeDoctorIndia,Bike Doctor India ,56,70,5,"Hindi bike/scooty repair channel with clear engine fitting, piston ring installation, gear fitting videos.",bike repair,UC8j_bjAW6bPzxrDm0lXP3vA,hands,motorcycle-small-engine-repair,trial100,2026-09-14,filter,107
https://www.youtube.com/@topbikerepair0.2,@Topbikerepair0.2,Top Bike repair 0.2,249,89,5,Two-wheeler workshop channel with titles on full engine open and starting problem diagnosis.,bike repair,UCzpbc_1N1Vv-ognyI5_rNxA,hands,motorcycle-small-engine-repair,wave1,2026-09-14,filter,89
https://www.youtube.com/@trungnguyendac-kw6km,@TrungNguyendac-kw6km,Trung Nguyễn đắc,616,287,5,"Titles show real repair jobs: electric bike engine disassembly, piston removal, ignition fixes with hands-on detail.",sửa xe máy,UC_1qcldaNHKhuPN80MshfhA,hands,motorcycle-small-engine-repair,wave1,2026-09-14,filter,288
https://www.youtube.com/@twins_bengkel,@twins_bengkel,TWINS BENGKEL,239,75,5,"Detailed carburetor tuning, brake caliper install, ground strap wiring shown on RX King motorcycle.",bengkel motor,UCSRIqbfeDRYchUbS7tXVrKg,hands,motorcycle-small-engine-repair,wave1,2026-09-14,filter,75
https://www.youtube.com/channel/ucj7xisfczi35w6jbsuqwrvw,@Umeshmacanic2,Umesh Macanic 2,142,137,5,"Titles show gear lever change, clutch plate replacement, brake troubleshooting on real bikes.",bike repairing | bike repair,UCJ7xIsFcZI35W6jBsuQwrvw,hands,motorcycle-small-engine-repair,wave1,2026-09-14,filter,137
https://www.youtube.com/@umsport,@UMsport,UM78 chanel,397,54,5,"Bengkel motor channel with detailed titles on transmission assembly, clutch slip repair, and oil pump service.",bengkel motor,UCN3vV5ARh8QoFUN50vqUwwQ,hands,motorcycle-small-engine-repair,wave1,2026-09-14,filter,54
https://www.youtube.com/@uniquebikeservicepointalibhai,@UniqueBikeservicePointAlibhai,UBSP ,140,111,5,"Professional bike mechanic channel with gearbox, engine repair, and oil pump change titles shown.",bike repairing | bike repair,UCJxvYK-P4NS90ogP8vf8dPw,hands,motorcycle-small-engine-repair,wave1,2026-09-14,filter,158
https://www.youtube.com/@user-petrolhead,@user-petrolhead, Chappy shop,56,92,5,Dedicated Chappy moped restoration channel with wiring and mechanical repair videos shown.,motorcycle restoration,UCjdya9V36VIOQfweFyJUXdA,hands,motorcycle-small-engine-repair,wave1,2026-09-14,filter,99
https://www.youtube.com/@varietech-au,@Varietech-AU,Vtech AU,3940,139,5,"Dedicated small engine DIY tutorial channel covering carburetors, pull starters, ignition systems in depth.",small engine repair,UCjrDuNiJcdDhCSEnKFYTK8w,hands,motorcycle-small-engine-repair,wave1,2026-09-14,filter,139
https://www.youtube.com/@vector2strokes,@Vector2strokes,Vector 2 Strokes ,298,64,5,"2-stroke motorcycle enthusiast doing porting, carburetor strip and engine builds on Yamaha Blaster.",engine rebuild,UCf-FH9BmjRpEhnkOGa-bT5w,hands,motorcycle-small-engine-repair,wave1,2026-09-14,filter,64
https://www.youtube.com/@viralshubhamsi,@Viralshubhamsi,Viral Shubham si,235,193,5,"Hindi-language channel covering injector repairs, engine overhauls and step-by-step repair tutorials for multiple bike brands.",motorcycle repair | bike repair,UCnkbHiwYZlewZP-YOc8Pzgw,hands,motorcycle-small-engine-repair,wave1,2026-09-14,filter,202
https://www.youtube.com/channel/ucwlvncx9rajtqwxvlbts_gq,@youtubedayeng21,@youtubedayeng212,200,86,5,"Real garage channel with fault-to-fix titles like bent valve, radiator issue, worn clutch across multiple bikes.",bengkel motor,UCwlvNCx9raJTQWxVlBtS_GQ,hands,motorcycle-small-engine-repair,wave1,2026-09-14,filter,86
https://www.youtube.com/@zaleesbikedoctor,@Zaleesbikedoctor,ZALEES BIKE DOCTOR ,977,421,5,"Bike doctor channel with service, fuel pump, gearbox sound problem videos showing hands-on repair.",motorcycle repair,UCIBV91RDpVJg1N6C3Zp7-Yw,hands,motorcycle-small-engine-repair,wave1,2026-09-14,filter,599
https://www.youtube.com/@%c4%90%e1%bb%a9cmanhsuaxe247,@%C4%90%E1%BB%A9cManhsuaxe247,Đức Mạnh sửa xe 247,6080,62,4,"Focused on diagnosing fuel-injection bike faults, technical repair sharing.",sửa xe máy,UCK_ZK-409fKboGzzLaMNSmw,hands,motorcycle-small-engine-repair,wave1,2026-09-14,scraper,62
https://www.youtube.com/@%d0%91%d0%be%d0%b3%d0%b4%d0%b0%d0%bd%d0%a2%d0%b0%d1%85%d1%82%d0%b0%d0%bc%d1%8b%d1%88%d0%b5%d0%b2-%d1%8d3%d0%b4,@%D0%91%D0%BE%D0%B3%D0%B4%D0%B0%D0%BD%D0%A2%D0%B0%D1%85%D1%82%D0%B0%D0%BC%D1%8B%D1%88%D0%B5%D0%B2-%D1%8D3%D0%B4,Богдан Тахтамышев,476,69,4,Description succinctly states motorcycle repair and modification as channel focus.,ремонт мотоцикла,UCMiLkiCIra64SQGGGhlQ5jA,hands,motorcycle-small-engine-repair,wave1,2026-09-14,scraper,69
https://www.youtube.com/@%d0%91%d0%be%d1%80%d1%8202,@%D0%91%D0%BE%D1%80%D1%8202,Борт02,870,60,4,"Channel dedicated to Soviet motorcycle repair and maintenance, likely showing hands-on work.",ремонт мотоцикла,UCh6HgmoBXE7Tr5zO9nEcXLQ,hands,motorcycle-small-engine-repair,wave1,2026-09-14,scraper,60
https://www.youtube.com/@%d0%9a%d0%b0%d0%bf%d0%a0%d0%b5%d0%bc%d0%be%d0%bd%d1%82,@%D0%9A%D0%B0%D0%BF%D0%A0%D0%B5%D0%BC%D0%BE%D0%BD%D1%82,КапРемонт,4750,71,4,Dedicated gas-tool repair service channel with contact for chainsaw and engine repairs.,ремонт бензопилы,UCo7iSpBrmeQCnGl6L1_xP0Q,hands,motorcycle-small-engine-repair,wave1,2026-09-14,scraper,71
https://www.youtube.com/@%d0%9c%d0%9e%d0%9f%d0%95%d0%94%d0%9e%d0%94%d0%95%d0%9b,@%D0%9C%D0%9E%D0%9F%D0%95%D0%94%D0%9E%D0%94%D0%95%D0%9B,МОПЕДОДЕЛ,69000,560,4,Educational channel on two-wheeler repair and usage based on author's experience.,ремонт мотоцикла,UCizrVaXjryaDQ5qqo-L4NRQ,hands,motorcycle-small-engine-repair,wave1,2026-09-14,scraper,560
https://www.youtube.com/@%d0%9c%d0%b5%d1%85%d1%80%d0%b5%d0%bc,@%D0%9C%D0%B5%D1%85%D1%80%D0%B5%D0%BC,Ремонт бензо&электро инструмента,676,173,4,Russian small-engine/power tool repair channel focused on gas and electric tool fixes.,ремонт бензопилы,UCT_ilErZg_HHXZprNOdiQqg,hands,motorcycle-small-engine-repair,wave1,2026-09-14,scraper,173
https://www.youtube.com/@%d0%9c%d0%be%d1%82%d0%be%d0%bc%d0%b0%d1%81%d1%82%d0%b5%d1%80%d1%81%d0%ba%d0%b0%d1%8f%d0%9d%d0%b0%d0%b7%d0%b0%d1%80%d0%be%d0%b2%d0%b0,@%D0%9C%D0%BE%D1%82%D0%BE%D0%BC%D0%B0%D1%81%D1%82%D0%B5%D1%80%D1%81%D0%BA%D0%B0%D1%8F%D0%9D%D0%B0%D0%B7%D0%B0%D1%80%D0%BE%D0%B2%D0%B0,Мотомастерская Назарова,154000,1200,4,Motorcycle workshop channel focused on repair alongside travel and review content.,ремонт мотоцикла | ремонт скутера,UCpu-AkLKkRtWTdD9_ICF8SQ,hands,motorcycle-small-engine-repair,wave1,2026-09-14,scraper,1200
https://www.youtube.com/@%d0%a0%d0%95%d0%9c%d0%9e%d0%9d%d0%a2%d0%91%d0%95%d0%9d%d0%97%d0%9e%d0%9f%d0%98%d0%9b%d0%a2%d0%90%d0%9c%d0%9e%d0%a2%d0%9e%d0%9a%d0%86%d0%a1,@%D0%A0%D0%95%D0%9C%D0%9E%D0%9D%D0%A2%D0%91%D0%95%D0%9D%D0%97%D0%9E%D0%9F%D0%98%D0%9B%D0%A2%D0%90%D0%9C%D0%9E%D0%A2%D0%9E%D0%9A%D0%86%D0%A1,РЕМОНТ БЕНЗОПИЛ ТА МОТОКІС,795,64,4,"Mechanic-run channel giving chainsaw and trimmer repair recommendations, likely practical demos.",ремонт бензопилы,UCPB9B5EC4A1RQyLAbI7LY4w,hands,motorcycle-small-engine-repair,wave1,2026-09-14,scraper,64
https://www.youtube.com/@%d0%a0%d0%be%d0%bc%d0%b0%d0%bd-%d0%9c%d0%be%d1%82%d0%be-%d0%a0%d0%b5%d0%bc%d0%be%d0%bd%d1%82,@%D0%A0%D0%BE%D0%BC%D0%B0%D0%BD-%D0%9C%D0%BE%D1%82%D0%BE-%D0%A0%D0%B5%D0%BC%D0%BE%D0%BD%D1%82,Роман Мото-Ремонт,4180,309,4,"Motorcycle repair channel showing real repair jobs brought in, informal but hands-on format.",ремонт бензопилы,UCswR88-SQnctTm-4BcKc7RQ,hands,motorcycle-small-engine-repair,wave1,2026-09-14,scraper,309
https://www.youtube.com/@%d0%a8%d0%b0%d0%bd%d0%a5%d0%b0%d0%b9%d1%81%d0%ba%d0%b8%d0%b9%d1%80%d0%b5%d0%bc%d0%be%d0%bd%d1%82%d0%b1%d0%b5%d0%bd%d0%b7%d0%be%d1%82%d0%b5%d1%85%d0%bd%d0%b8%d0%ba%d0%b8,@%D0%A8%D0%B0%D0%BD%D0%A5%D0%B0%D0%B9%D1%81%D0%BA%D0%B8%D0%B9%D1%80%D0%B5%D0%BC%D0%BE%D0%BD%D1%82%D0%B1%D0%B5%D0%BD%D0%B7%D0%BE%D1%82%D0%B5%D1%85%D0%BD%D0%B8%D0%BA%D0%B8,ШанХайский ремонт бензотехники,1640,125,4,"Named gasoline equipment repair channel, minimal detail but clear topic focus.",ремонт бензопилы,UCiUckD_9sgzDWYCWeCxAIlg,hands,motorcycle-small-engine-repair,wave1,2026-09-14,scraper,125
https://www.youtube.com/@%d0%ba%d0%b0%d0%bd%d0%b0%d0%bb.%d0%a0%d0%b5%d0%bc%d0%be%d0%bd%d1%82%d0%94%d0%be%d0%bc%d0%b0,@%D0%BA%D0%B0%D0%BD%D0%B0%D0%BB.%D0%A0%D0%B5%D0%BC%D0%BE%D0%BD%D1%82%D0%94%D0%BE%D0%BC%D0%B0,"канал.,Ремонт  Дома!!",471,95,4,"Small engine/moped repair channel filmed in garage setting, focused on hands-on fixes without staged production.",ремонт скутера,UCAt5CstHd-3pXE3wkJgvsMA,hands,motorcycle-small-engine-repair,wave1,2026-09-14,scraper,95
https://www.youtube.com/@%d8%a3%d8%a8%d9%88%d8%a3%d8%ad%d9%85%d8%af%d8%aa%d8%b9%d9%84%d9%8a%d9%85%d9%85%d9%83%d9%86%d9%8a%d9%83%d8%a7%d9%84%d9%85%d8%aa%d8%b3%d9%83%d9%84%d8%a7%d8%aa,@%D8%A3%D8%A8%D9%88%D8%A3%D8%AD%D9%85%D8%AF%D8%AA%D8%B9%D9%84%D9%8A%D9%85%D9%85%D9%83%D9%86%D9%8A%D9%83%D8%A7%D9%84%D9%85%D8%AA%D8%B3%D9%83%D9%84%D8%A7%D8%AA,أبو أحمد تعليم مكنيك المتسكلات,343,50,4,"Arabic channel teaching motorcycle mechanics, name signals hands-on teaching format.",تصليح موتوسيكل,UCHA639IA7E90XyA5yBVq0mA,hands,motorcycle-small-engine-repair,wave1,2026-09-14,scraper,50
https://www.youtube.com/@%d8%ae%d8%a7%d9%84%d8%af%d8%b5%d9%84%d8%a7%d8%ad%d8%a7%d9%84%d8%ad%d8%a7%d8%af%d9%89,@%D8%AE%D8%A7%D9%84%D8%AF%D8%B5%D9%84%D8%A7%D8%AD%D8%A7%D9%84%D8%AD%D8%A7%D8%AF%D9%89,خالد صلاح الحادى,135000,341,4,"Channel description states professional motorcycle maintenance instruction, likely practical repair content.",ميكانيكا دراجات نارية,UCjB7gb5OX3TXiJOCNIrynnQ,hands,motorcycle-small-engine-repair,wave1,2026-09-14,scraper,341
https://www.youtube.com/@%d8%b9%d9%84%d9%8a-%d8%b1-%d8%ae-0%d9%858-%d9%8a2,@%D8%B9%D9%84%D9%8A-%D8%B1-%D8%AE-0%D9%858-%D9%8A2,ورشه-معلم- ذمار-سوق الربوع.,35,72,4,Yemeni motorcycle mechanic workshop offering teaching/training in bike repair with contact info.,تصليح موتوسيكل,UCFsGcvYQPGc2x4A3E5uFejA,hands,motorcycle-small-engine-repair,wave1,2026-09-14,scraper,72
https://www.youtube.com/@%d9%85%d8%b1%d9%83%d8%b2_%d8%a7%d9%84%d9%85%d9%88%d8%aa%d8%b3%d9%8a%d9%83%d9%84_%d8%a8%d8%b1%d9%88,@%D9%85%D8%B1%D9%83%D8%B2_%D8%A7%D9%84%D9%85%D9%88%D8%AA%D8%B3%D9%8A%D9%83%D9%84_%D8%A8%D8%B1%D9%88,مركز الموتوسيكل برو ,212,76,4,"Arabic channel dedicated to motorcycle engine overhauls, electrical wiring, and preventive maintenance tutorials.",تصليح موتوسيكل,UCjVhQlmIcXZwNqd1ZVF7vuA,hands,motorcycle-small-engine-repair,wave1,2026-09-14,scraper,76
https://www.youtube.com/@%e0%a6%ae%e0%a6%be%e0%a6%ae%e0%a6%be%e0%a6%ad%e0%a6%be%e0%a6%97%e0%a7%8d%e0%a6%a8%e0%a7%87%e0%a6%87%e0%a6%9e%e0%a7%8d%e0%a6%9c%e0%a6%bf%e0%a6%a8%e0%a6%bf%e0%a6%af%e0%a6%bc%e0%a6%be%e0%a6%b0%e0%a6%bf%e0%a6%82%e0%a6%93%e0%a6%af%e0%a6%bc%e0%a6%be%e0%a6%b0%e0%a7%8d%e0%a6%95,@%E0%A6%AE%E0%A6%BE%E0%A6%AE%E0%A6%BE%E0%A6%AD%E0%A6%BE%E0%A6%97%E0%A7%8D%E0%A6%A8%E0%A7%87%E0%A6%87%E0%A6%9E%E0%A7%8D%E0%A6%9C%E0%A6%BF%E0%A6%A8%E0%A6%BF%E0%A6%AF%E0%A6%BC%E0%A6%BE%E0%A6%B0%E0%A6%BF%E0%A6%82%E0%A6%93%E0%A6%AF%E0%A6%BC%E0%A6%BE%E0%A6%B0%E0%A7%8D%E0%A6%95,মামা ভাগ্নে ইঞ্জিনিয়ারিং ওয়ার্কশপ,152,62,4,Bike engineering and servicing center posting regular update videos of actual shop work.,bike servicing Bangla,UCP_8HHi43z7C9T00ibRkZrA,hands,motorcycle-small-engine-repair,wave1,2026-09-14,scraper,62
https://www.youtube.com/@%e0%ae%aa%e0%af%88%e0%ae%95%e0%af%8d%e0%ae%9f%e0%ae%be%e0%ae%95%e0%af%8d%e0%ae%9f%e0%ae%b0%e0%af%8dtn60,@%E0%AE%AA%E0%AF%88%E0%AE%95%E0%AF%8D%E0%AE%9F%E0%AE%BE%E0%AE%95%E0%AF%8D%E0%AE%9F%E0%AE%B0%E0%AF%8DTN60, Bike doctor TN 60 A TO Z ,3300,634,4,"Tamil channel name and description explicitly about two-wheeler repair videos, 'Bike Doctor' A-Z repairs.",bike repair Tamil,UCaFuyaGzZz5HHfSxXtI_l0g,hands,motorcycle-small-engine-repair,wave1,2026-09-14,scraper,634
https://www.youtube.com/@%e0%b8%9e%e0%b8%a3%e0%b9%80%e0%b8%97%e0%b8%9e%e0%b8%9e%e0%b8%b1%e0%b8%94%e0%b9%80%e0%b8%9b%e0%b8%a5%e0%b8%b5%e0%b9%88%e0%b8%a2%e0%b8%99,@%E0%B8%9E%E0%B8%A3%E0%B9%80%E0%B8%97%E0%B8%9E%E0%B8%9E%E0%B8%B1%E0%B8%94%E0%B9%80%E0%B8%9B%E0%B8%A5%E0%B8%B5%E0%B9%88%E0%B8%A2%E0%B8%99,พรเทพ​ พัดเปลี่ยน,105000,2030,4,"Motorcycle mechanic training instructor at a vocational school, practical skills-focused course channel.",ซ่อมมอเตอร์ไซค์,UCt9nMUL0OkSCrXRgGDpVmfA,hands,motorcycle-small-engine-repair,wave1,2026-09-14,scraper,2030
https://www.youtube.com/@1000piwinapraw,@1000piwinapraw,1000 Piw i Napraw,35700,277,4,"Vintage motorcycle and car presentation and repair channel, showing restoration work.",naprawa motocykla,UC7xCn5BGf7v7V6TpyZRLW8A,hands,motorcycle-small-engine-repair,wave1,2026-09-14,scraper,277
https://www.youtube.com/@1661st_moto,@1661st_Moto,1661st Moto,190,50,4,Vintage motorcycle restoration channel focused on motorsports rebuilds.,carburetor rebuild,UCBTVA6EqOJfWCEkPFdN1TQw,hands,motorcycle-small-engine-repair,wave1,2026-09-14,scraper,50
https://www.youtube.com/@2strokemxclassics,@2strokemxclassics,2strokemxclassics,2940,268,4,2-stroke motocross engine full rebuilds and restorations with hands-on advice.,motorcycle engine rebuild,UCGnmVszSZ4BZltG_tgtZO4w,hands,motorcycle-small-engine-repair,wave1,2026-09-14,scraper,268
https://www.youtube.com/@70%e5%90%8e%e8%80%81%e5%be%90,@70%E5%90%8E%E8%80%81%E5%BE%90,70后老徐,4,117,4,"Small-town mechanical repair shop channel doing lathe work and machinery repair, matches hands-on repair mission.",摩托车维修,UCG2xxW2C5I_FuWl1iidv07w,hands,motorcycle-small-engine-repair,wave1,2026-09-14,scraper,117
https://www.youtube.com/@academiademecanicademotos3618,@academiademecanicademotos3618,Academia De Mecanica de motos,6530,159,4,"Motorcycle mechanics academy with titles on oil changes, clutch discs and common repair mistakes.",mecánica de motos,UCrqV7tKSw99mUXN0z66j5zg,hands,motorcycle-small-engine-repair,wave1,2026-09-14,scraper,159
https://www.youtube.com/@adhdatredline,@ADHDatredline,ADHD At RedLine,703,201,4,Channel built around real mechanical diagnosis and repair of small engines and scooters.,motorcycle engine rebuild,UC0YXObkqL1xLPSm6_Zit1Xg,hands,motorcycle-small-engine-repair,wave1,2026-09-14,scraper,201
https://www.youtube.com/@adleont,@ADLeont,AD Leont,143,150,4,Repair channel for 2-4 stroke gasoline tools and various wheeled vehicles.,ремонт бензопилы,UCkO8kTOYy0XufFtbU361xRg,hands,motorcycle-small-engine-repair,wave1,2026-09-14,scraper,150
https://www.youtube.com/@africanmechanics,@Africanmechanics,AFRICAN MECHANICS ,536000,2974,4,"African channel rebuilding car and motorcycle engines with basic tools, real repairs shown.",motorcycle mechanic,UCOU5jDzjEuZChjw8shFStzA,hands,motorcycle-small-engine-repair,wave1,2026-09-14,scraper,2974
https://www.youtube.com/@aknmechanicaltecnologyrepa3417,@aknmechanicaltecnologyrepa3417,AKN mechanical tecnology repairing,477,61,4,"Motorcycle mechanical technology repairing channel explaining bike series/parts, knowledge-focused hands-on repair content.",motorcycle repairing,UCGe1KiIFvg7C-8FmQIX1j2w,hands,motorcycle-small-engine-repair,wave1,2026-09-14,scraper,61
https://www.youtube.com/@alasmacanmotor,@alasmacanmotor,ALAS MACAN MOTOR,2690,202,4,Bore-up/stroke-up engine build workshop plus daily motorcycle service on classic bikes.,bengkel motor,UCaUAr9Ze9jS8qx8Jb_yChrQ,hands,motorcycle-small-engine-repair,wave1,2026-09-14,scraper,202
https://www.youtube.com/@alfatihamotor,@alfatihamotor,alfatiha motor,4960,162,4,"Motorcycle carburetor and injection service channel, direct repair business description.",motosiklet tamiri,UCRXW4gKGgPdYjzGTEE0PXAQ,hands,motorcycle-small-engine-repair,wave1,2026-09-14,scraper,162
https://www.youtube.com/@alfiansuspension,@alfiansuspension,meruya jaya specialis shokbeleker motor,104,114,4,"Shockbreaker/suspension specialist shop describing disassembly, cleaning, oil change process for motorcycles.",servis motor,UCFxYY9NWjGxSkOv-NPt58jw,hands,motorcycle-small-engine-repair,wave1,2026-09-14,scraper,114
https://www.youtube.com/@ali.autos.bike.repairing,@Ali.autos.bike.repairing,Ali Autos,231,53,4,Motorcycle repair shop channel specializing in Honda 125/110/70cc repair work.,motorcycle repairing | motorcycle repairing Urdu,UCCO58PNTU_drV87DWjtlnvw,hands,motorcycle-small-engine-repair,wave1,2026-09-14,scraper,53
https://www.youtube.com/@alibikerepairing1348,@alibikerepairing1348,Ali bike repairing,596,158,4,"CD70/CG125 bike repair info channel with contact number, business-style but repair-focused content.",motorcycle repairing,UCi26xGXntcFAdl0sIxvbPAw,hands,motorcycle-small-engine-repair,wave1,2026-09-14,scraper,158
https://www.youtube.com/@allenmillyard,@AllenMillyard,Allen Millyard,322000,146,4,"In-depth engine-making and maintenance content on custom motorcycles, mixed with riding footage.",motorcycle engine rebuild,UCj4hbNBjmdvXONmcxcLSNhg,hands,motorcycle-small-engine-repair,wave1,2026-09-14,scraper,146
https://www.youtube.com/@alsuhayamotor86,@ALSUHAYAMOTOR86,Al Suhaya Motor,1530,282,4,Motorcycle service and modification tutorial channel covering maintenance tips and custom builds for beginners.,servis motor,UCLV2n8AAa5jZgN7amMNNBqA,hands,motorcycle-small-engine-repair,wave1,2026-09-14,scraper,282
https://www.youtube.com/@amanbikecaree,@amanbikecaree,Aman Bike Caree,367,235,4,"Bike repair shop servicing Bullet, Pulsar, Duke, KTM models, clear hands-on garage focus.",تعمیر موتور سیکلت,UCphlpXyt_XwSLzIRcqY4Msg,hands,motorcycle-small-engine-repair,wave1,2026-09-14,scraper,235
https://www.youtube.com/@americanbikersandforious2697,@americanbikersandforious2697,mecanica de motos eco y mas,2890,194,4,Channel dedicated to motorcycle mechanics and electrical repair content.,reparación de motos,UCw2nfbD6xE_F1EHlkfRTZMw,hands,motorcycle-small-engine-repair,wave1,2026-09-14,scraper,194
https://www.youtube.com/@americanmotorcycleuniversity,@AmericanMotorcycleUniversity,AMU - American Motorcycle University,750,98,4,Motorcycle technology instructor channel with hands-on V-Twin maintenance and repair lessons.,motorcycle repair shop,UCocvU-Y3B3MHE9vRzvC8MHw,hands,motorcycle-small-engine-repair,wave1,2026-09-14,scraper,98
https://www.youtube.com/@amozashatmotor,@Amozashatmotor,Amozeshat motor,11800,304,4,"Weekly motorcycle repair tutorials listing clutch, cylinder, gearbox, carburetor, wiring work specifically.",تعمیر موتور سیکلت,UCvwFFkBLx0PU4nvUVRZoBbQ,hands,motorcycle-small-engine-repair,wave1,2026-09-14,scraper,304
https://www.youtube.com/@anhthosuaxe1707,@anhthosuaxe1707,Anh Thợ Sửa Xe,2390,66,4,"Motorcycle repair tutorial channel per description, hands-on guidance implied.",sửa xe máy,UC1WYS6AkssmCIA0A9mOg5Ow,hands,motorcycle-small-engine-repair,wave1,2026-09-14,scraper,66
https://www.youtube.com/@apitcastro-io1fj,@ApitCastro-io1fj,APIT MOTOR,799,231,4,Tutorial channel addressing motorcycle problems and repair fixes from named workshop.,bengkel motor,UCa7k_I0LLz3JZQhL8OTOqTg,hands,motorcycle-small-engine-repair,wave1,2026-09-14,scraper,231
https://www.youtube.com/@apnabikehospital,@Apnabikehospital,Apna bike hospital ,244,58,4,Technical bike work channel for riders and workshop owners aiming to teach repair skills.,تعمیر موتور سیکلت | Motorrad reparieren,UCLNcEBt8inyGpaDizWXJTYQ,hands,motorcycle-small-engine-repair,wave1,2026-09-14,scraper,58
https://www.youtube.com/@ashikulalom-d3u,@AshikulAlom-d3u,Ar repairing centre ,179,146,4,"Titles show real bike repairing jobs like Jupiter, FZ, Glamour, Splendour with mechanic hashtags.",bike repairing,UC_ya_GOIrWlamKQTxO-gsYg,hands,motorcycle-small-engine-repair,wave1,2026-09-14,scraper,146
https://www.youtube.com/@asisehace-mx,@ASISEHACE-mx,ASI SE HACE,80500,59,4,Motorcycle mechanic channel sharing useful repair content and diagnosing customer engine issues on camera.,reparación de motos | mecánica de motos | mecânica de motos,UC6W-1r8JRtyedFZhM8a9jig,hands,motorcycle-small-engine-repair,wave1,2026-09-14,scraper,59
https://www.youtube.com/@asmotorcyclerepairtv,@ASMotorcycleRepairTV,AS Motorcycle Repair TV,13400,109,4,"Trained mechanic channel showing repairs and products, motorcycle-focused with some product reviews mixed in.",motorcycle repair | motorcycle repairing | motorcycle repair shop | motorcycle repairing Urdu | Fernseher reparieren,UCrA8hwMVyyo7CQDIsqiFgig,hands,motorcycle-small-engine-repair,wave1,2026-09-14,scraper,109
https://www.youtube.com/@atariservicecentre,@AtariServiceCentre,Atari Auto Parts And Service Centre,8510,314,4,"Service center channel explicitly covering bike/scooty servicing, sensor testing and repair across major brands.",scooter repair,UCJ1BObQ4DfvSrc0y7vacA5w,hands,motorcycle-small-engine-repair,wave1,2026-09-14,scraper,314
https://www.youtube.com/@att_racing,@ATT_Racing,ช่างอัฐ วาซาบิ,36900,484,4,"Machine shop channel posting motorcycle repair clips regularly including standard, custom and race bikes.",ซ่อมมอเตอร์ไซค์,UCCObrna7hsd4nRBOCosjQ5Q,hands,motorcycle-small-engine-repair,wave1,2026-09-14,scraper,484
https://www.youtube.com/@atvrepairsandmore2482,@atvrepairsandmore2482,ATV Repairs and More,2390,85,4,"ATV and small engine repair channel with tips, tricks and walkaround videos on real jobs.",generator repair,UCT8BxH68hveRQo7eStglR0g,hands,motorcycle-small-engine-repair,wave1,2026-09-14,scraper,85
https://www.youtube.com/@autotechdeepak,@AutotechDeepak,Autotech Deepak,149,139,4,"Professional bike mechanic channel listing detailed repair services including engine, electrical and clutch work.",motorcycle repairing,UCo2zp6PkT80klBCYnVPigwQ,hands,motorcycle-small-engine-repair,wave1,2026-09-14,scraper,139
https://www.youtube.com/@azhariautomobilesservicese4106,@azhariautomobilesservicese4106,Azhar auto service ,44900,619,4,Mechanic channel describing daily bike repair videos and wiring/problem-solving content in Hindi.,Motorrad reparieren,UC6FDQUt2VRqB6p_oSWdi3pg,hands,motorcycle-small-engine-repair,wave1,2026-09-14,scraper,619
https://www.youtube.com/@b.kherohondaservicecentre,@B.KHEROHONDASERVICECENTRE,Bike Guru Chhedi Lal,128,52,4,"Bike mechanic channel focused on fault diagnosis, sensor checks and daily mechanic tips in Hindi.",bike repairing Hindi,UCPvK61WLCV9JmHJXhw78Kjg,hands,motorcycle-small-engine-repair,wave1,2026-09-14,scraper,52
https://www.youtube.com/@bababulletguru,@Bababulletguru,Baba bullet guru,485,62,4,"Bullet modification, restoration and service shop with titles showing project bikes and mechanical work.",Motorrad reparieren,UCFASp2BCA139x7vwPB5705A,hands,motorcycle-small-engine-repair,wave1,2026-09-14,scraper,62
https://www.youtube.com/@baimotorcycles,@BAIMOTORCYCLES,BAI MOTORCYCLES,2440,64,4,Motorcycle service shop channel showing real workshop processes and gold service on various bikes.,تعمیر موتور سیکلت,UCo_SeCuGhz9awnscdWE6h5Q,hands,motorcycle-small-engine-repair,wave1,2026-09-14,scraper,64
https://www.youtube.com/@bajkowymotocykle5737,@bajkowymotocykle5737,bajkowy motocykle,9330,1086,4,Long-time motorcycle sales/service/repair business now filming his work for the channel.,naprawa motocykla,UCuOEjj0UWdA9giThzrO7-YQ,hands,motorcycle-small-engine-repair,wave1,2026-09-14,scraper,1086
https://www.youtube.com/@bankebihariservicecentre,@Bankebihariservicecentre,Banke bihari service centre ,2720,108,4,Hindi bike and scooty service center channel covering maintenance and repair information.,motorcycle repair shop,UC5StpacqqnWsvaQheoG3fiA,hands,motorcycle-small-engine-repair,wave1,2026-09-14,scraper,108
https://www.youtube.com/@belajarmekanikdarinol,@Belajarmekanikdarinol,MJM Channel,756000,3422,4,Motorcycle mechanic training channel sharing tool knowledge and automotive tutorials from a workshop.,bengkel motor,UClN605tjrle9UIifsON9_CA,hands,motorcycle-small-engine-repair,wave1,2026-09-14,scraper,3422
https://www.youtube.com/@bengekelkampungevamotor,@bengekelkampungevamotor,bengkel Kampung Eva motor,193,169,4,Indonesian motorcycle repair shop channel filming actual repair jobs on customer bikes.,bengkel motor,UCiiyHZsluiNJHvWTmPqlG9g,hands,motorcycle-small-engine-repair,wave1,2026-09-14,scraper,169
https://www.youtube.com/@bengkeljabrikmotor,@BENGKELJABRIKMOTOR,BENGKEL JABRIK MOTOR,73,108,4,Tutorial and analysis channel covering repair of all motorcycle types.,bengkel motor,UCWMJ0lzKVY3ZhRplv7Rz5ng,hands,motorcycle-small-engine-repair,wave1,2026-09-14,scraper,108
https://www.youtube.com/@bengkelkampung3261,@bengkelkampung3261,Bengkel kampung,5930,565,4,"Indonesian motorcycle garage/bengkel channel covering servis, sparepart and bubut repair work topics.",servis motor,UCAvXib2w5XBjqEeKplgfnxQ,hands,motorcycle-small-engine-repair,wave1,2026-09-14,scraper,565
https://www.youtube.com/@bengkelmamanmotor,@bengkelmamanmotor,Bengkel Maman Motor ,448,119,4,Motorcycle repair channel with tutorials on part installation and repair solutions.,bengkel motor,UC8cmnElrk2jR9hEyZ8qs8Ow,hands,motorcycle-small-engine-repair,wave1,2026-09-14,scraper,119
https://www.youtube.com/@bengkelmegamotor,@BengkelMegaMotor,Bengkel Mega Motor,39,179,4,"Two-wheeler repair shop listing tune-up, carb/injection service, engine overhaul as core services.",bengkel motor,UCWV31HZQ-08pead4XYOvn6Q,hands,motorcycle-small-engine-repair,wave1,2026-09-14,scraper,179
https://www.youtube.com/@bengkelmitramandirimotor,@BengkelMitraMandiriMotor,Bengkel Mitra Mandiri Motor,195,70,4,"Titles show real motorcycle repairs: steering bearing replacement, downsizing, general servicing.",bengkel motor,UCEWdPWs-E2v3TNNe3Qg3CAA,hands,motorcycle-small-engine-repair,wave1,2026-09-14,scraper,70
https://www.youtube.com/@bengkelmotorabangali17,@Bengkelmotorabangali17,BENGKEL MOTOR ABANG ALI Official,162,112,4,Tutorial channel covering repair of all motorcycle types from a named shop.,bengkel motor,UCf7CY9B-clVVGcEE03DUFdw,hands,motorcycle-small-engine-repair,wave1,2026-09-14,scraper,112
https://www.youtube.com/@bengkelmotorhdm9167,@bengkelmotorhdm9167,bengkel motor hdm,1510,85,4,Tutorial channel specifically for DIY motorcycle repair without expensive shop visits.,bengkel motor,UC7wC6IQkLOed4TCdHRZKtOQ,hands,motorcycle-small-engine-repair,wave1,2026-09-14,scraper,85
https://www.youtube.com/@bengkelniagamotor,@bengkelniagamotor,Bengkel Niaga Motor,143,88,4,"Bengkel motor/mobil channel showing tire changes, oil changes and service tips filmed at the shop.",servis motor,UCTKpvKZY2dqH_zYKO2c9hsA,hands,motorcycle-small-engine-repair,wave1,2026-09-14,scraper,88
https://www.youtube.com/@bengkeltm1385,@bengkeltm1385,BENGKEL TM,33400,2079,4,"Channel about motorcycle spare parts, repair of all motorcycles, and daily mechanic work vlogs.",bengkel motor,UCItEZMSZNAKWeUz_tKA9SHA,hands,motorcycle-small-engine-repair,wave1,2026-09-14,scraper,2079
https://www.youtube.com/@benzservice5099,@benzservice5099,ช่างเบนซ์ออโต้เซอร์วิสBenzService,640,62,4,"Motorcycle repair service and teaching channel sharing repair knowledge, solid topic match from description.",ซ่อมมอเตอร์ไซค์,UCwhV-frCNQb0RAub5giaZgQ,hands,motorcycle-small-engine-repair,wave1,2026-09-14,scraper,62
https://www.youtube.com/@berkahabadimotor,@berkahabadimotor,Berkah Abadi Motor,16900,342,4,"Motorcycle repair tutorial channel, description explicitly states repair tutorials.",motosiklet tamiri,UCTue6tgjU_DpI69-XIGDSZg,hands,motorcycle-small-engine-repair,wave1,2026-09-14,scraper,342
https://www.youtube.com/@bigfootbikesandbrews,@BIGFOOTBIKESANDBREWS,Bigfoot Bikes And Brews,6920,194,4,"Dirt bike and three-wheeler restoration/fixing in a shed, hands-on repair focus.",motorcycle engine rebuild,UCK4xNMyyrBNr57FLa4jyzzA,hands,motorcycle-small-engine-repair,wave1,2026-09-14,scraper,194
https://www.youtube.com/@bikedoctortamil2.0,@bikedoctortamil2.0,Bike doctor tamil,168000,449,4,Bike Doctor Tamil name strongly suggests dedicated motorcycle repair channel format.,bike repair Tamil | Motorrad reparieren,UCHmQ1JEzbkVJ7Fln1nJeTVA,hands,motorcycle-small-engine-repair,wave1,2026-09-14,scraper,449
https://www.youtube.com/@bikegarejwala,@BikeGarejwala,Bike Garejwala ,226,177,4,"Marathi/Hindi bike garage channel describing practical repair videos for engine, electrical, clutch and brake issues.",bike repairing Hindi,UCk8wQXtTd99RbIWqg6NT0AQ,hands,motorcycle-small-engine-repair,wave1,2026-09-14,scraper,177
https://www.youtube.com/@bikemechanic1746,@bikemechanic1746,bike mechanic,3230,64,4,Bike mechanic channel explicitly solving and explaining all types of bike problems.,تعمیر موتور سیکلت,UCj0IutEm85xgtqI6wBn4dww,hands,motorcycle-small-engine-repair,wave1,2026-09-14,scraper,64
https://www.youtube.com/@bikerepairing,@BikeRepairing,Bike Repairing,64800,80,4,Channel explicitly dedicated to practical bike repairing content addressing various problems in Hindi.,bike repairing Hindi,UCm9y7lDZw0L2H1mXfyHJ-Jw,hands,motorcycle-small-engine-repair,wave1,2026-09-14,scraper,80
https://www.youtube.com/@bikersbox,@BikersBox,BikersBox,1330,103,4,Motorcycle self-repair channel explicitly focused on fixing and replacing broken parts.,تعمیر موتور سیکلت,UCow-2dnxAIDKAfLPuEU7ieA,hands,motorcycle-small-engine-repair,wave1,2026-09-14,scraper,103
https://www.youtube.com/@bikeservicingbd,@bikeservicingbd,Bike servicing bd,15100,1833,4,"Certified bike mechanic garage offering engine tuning and servicing, business-forward but likely shows repair work.",motorcycle repairing | bike servicing Bangla,UCGhxaYuKbP8lpGRn-HFuGLg,hands,motorcycle-small-engine-repair,wave1,2026-09-14,scraper,1833
https://www.youtube.com/@biketechnicaltips,@biketechnicaltips,bike technical tips,3190,99,4,Bike technical tips channel showing unedited real repair footage and risk-taking mechanic work.,تعمیر موتور سیکلت,UCCky3lUGeF6eOIrCbOUigPg,hands,motorcycle-small-engine-repair,wave1,2026-09-14,scraper,99
https://www.youtube.com/@bilalgorenservis06,@Bilalgorenservis06,Bilal Gören,33600,72,4,Motor revizyon (engine overhaul) channel with technical workshop vlogs and real repair stories described.,servis motor,UC8l5jHMC4Z6aVg3-GDc1tVQ,hands,motorcycle-small-engine-repair,wave1,2026-09-14,scraper,72
https://www.youtube.com/@blackiestune-tune,@BlackiesTune-Tune,Blackies Tune-Tune Small Engines. ,194,116,4,"Small engine repair channel covering lawnmowers, pit bikes, pocket bikes, quad bikes and 2/4-stroke engines.",generator repair,UCd9f0J3l-HteAwz1l5l5sUQ,hands,motorcycle-small-engine-repair,wave1,2026-09-14,scraper,116
https://www.youtube.com/@blaines-smallengine-repair,@Blaines-smallengine-repair,Blaine’s small engine repair,1860,517,4,"How-to videos and discussions on small engines, real repair-focused channel.",small engine repair | lawn mower repair,UCuQ3pNWrvup7_ZOqsa2xURA,hands,motorcycle-small-engine-repair,wave1,2026-09-14,scraper,517
https://www.youtube.com/@blaummotorradtechnik,@BlaumMotorradtechnik,Blaum Motorradtechnik,1700,58,4,"Motorcycle channel showing projects, technology, tuning, repairs and conversions in workshop daily life.",Motorrad reparieren,UCUg4YedIwMb9oRKS3jWRNww,hands,motorcycle-small-engine-repair,wave1,2026-09-14,scraper,58
https://www.youtube.com/@boatworxpa,@BOATWORXPA, BOATWORXPA,162,56,4,"Jon boat restoration channel showing outboard rebuilds, maintenance and repair work in detail.",outboard motor repair,UCym_qs5PNMkP7Dg-kFZoVWQ,hands,motorcycle-small-engine-repair,wave1,2026-09-14,scraper,56
https://www.youtube.com/@borod5571,@borod5571,Bo Rodriguez,280,94,4,"Master technician for air-cooled engines, generators, mowers and pressure washers with real service expertise.",generator repair,UCW98gbJqfh8mVJ7kNJBZG5g,hands,motorcycle-small-engine-repair,wave1,2026-09-14,scraper,94
https://www.youtube.com/@brandonsgarage,@BrandonsGarage,Brandon's Garage,63900,504,4,Outboard-focused tinkering garage channel with hands-on engine work.,outboard motor repair,UCtMF1u1XaHvDbZIifNsOpoQ,hands,motorcycle-small-engine-repair,wave1,2026-09-14,scraper,504
https://www.youtube.com/@bs6bikerepairing,@Bs6bikeRepairing,Bs6 bike Repairing,65600,1214,4,Two-wheeler technical repair channel covering wiring and problem-solving across many bike brands.,motorcycle repairing | bike repairing,UCjuUVjozzt1kZfmq_z_v0Pg,hands,motorcycle-small-engine-repair,wave1,2026-09-14,scraper,1214
https://www.youtube.com/@buckwsr,@Buckwsr,Buck's Small Engine DIY,62300,551,4,DIY repair and maintenance channel covering lawnmowers and small engines with hands-on approach.,small engine repair | generator repair,UCiR73hul_QGVZzFDnrknnTg,hands,motorcycle-small-engine-repair,wave1,2026-09-14,scraper,551
https://www.youtube.com/@candrascootergarage,@candrascootergarage,candra scooter garage,3890,110,4,Vespa scooter repair shop (bengkel vespa) channel likely filming real service jobs.,réparation moto,UCW7mhn3OnScvZPKA-cxbzlw,hands,motorcycle-small-engine-repair,wave1,2026-09-14,scraper,110
https://www.youtube.com/@cctv123automotive,@cctv123Automotive,cctv123 channel,7590,417,4,Automotive tutorial channel focused on disassembling and repairing specific motorcycle models at home.,servis motor,UC467y03hZtti1kHT4_iADbQ,hands,motorcycle-small-engine-repair,wave1,2026-09-14,scraper,417
https://www.youtube.com/@cg25bikecare,@cg25BikeCare,CG25 Bike Care',201,215,4,"Bike repair and service channel covering tips, all-type repair, modification and EV service.",Motorrad reparieren,UC11xVrS-X_D3FhdSPNfYfSA,hands,motorcycle-small-engine-repair,wave1,2026-09-14,scraper,215
https://www.youtube.com/@chainsawace1777,@chainsawace1777,ChainSawAce,24500,245,4,Dedicated chainsaw and outdoor power equipment maintenance/repair channel from a family business.,chainsaw repair,UCkdht_Hnk23ohx2KlIlbjxw,hands,motorcycle-small-engine-repair,wave1,2026-09-14,scraper,245
https://www.youtube.com/@chainsawcharliesgarage,@Chainsawcharliesgarage,Chainsaw charlies garage,317,110,4,Lawn equipment and chainsaw repair and maintenance channel for lawncare business owners.,chainsaw repair,UCBplcpjSYqxnhEz6b14RE8A,hands,motorcycle-small-engine-repair,wave1,2026-09-14,scraper,110
https://www.youtube.com/@chandanbiketech23,@Chandanbiketech23,Chandan Bike Tech,2690,176,4,"Two-wheeler repair channel covering multiple brands with service and modification videos, solid repair focus.",تعمیر موتور سیکلت,UC1Jtsm29cPApYUt7UGkeaPw,hands,motorcycle-small-engine-repair,wave1,2026-09-14,scraper,176
https://www.youtube.com/@chanubikeworks4986,@chanubikeworks4986,CHANU BIKE WORKS,64500,1416,4,"BS6 garage channel offering repairs, restorations and modification with expert repair descriptions.",bike repairing Telugu,UCcCQ4dMNSyXY7VnyCN4l6fw,hands,motorcycle-small-engine-repair,wave1,2026-09-14,scraper,1416
https://www.youtube.com/@chesapeake_media,@Chesapeake_Media,Chesapeake Media,1470,97,4,"Hands-on boat and outboard repair projects alongside dirt bikes and e-bikes, real project documentation.",outboard motor repair,UCO7Xd39z-dFs8Co9ZcIutBg,hands,motorcycle-small-engine-repair,wave1,2026-09-14,scraper,97
https://www.youtube.com/@chichubamotor,@chichubamotor,CHICHUBA MOTOR,12500,519,4,"Wiring, engine conversion from injection to carburetor services, hands-on mechanical work described.",motosiklet tamiri,UCYPUpjahnsuWMJNhx5IpQmw,hands,motorcycle-small-engine-repair,wave1,2026-09-14,scraper,519
https://www.youtube.com/@china-spb198,@china-spb198,Ремонт твоего скутера 198,777,235,4,"Scooter repair business in St. Petersburg run by experienced mechanic, service-focused description.",ремонт скутера,UCtaUSvW-_Ao7qOlFZZ5BbAQ,hands,motorcycle-small-engine-repair,wave1,2026-09-14,scraper,235
https://www.youtube.com/@chrisr.harris,@ChrisR.Harris,Chris Harris,38100,535,4,BMW motorcycle service videos captured on camera by a dedicated mechanic-run channel.,motorcycle repair | motorcycle mechanic | Motorrad reparieren,UCRZEzmVmi88hqnVKe7d-wIg,hands,motorcycle-small-engine-repair,wave1,2026-09-14,scraper,535
https://www.youtube.com/@claitonlimamecanico,@claitonlimamecanico,Claiton Lima Mecânico,269000,1014,4,"Specialist in electrical and electronic injection diagnostics, training mechanics with practical diagnostic content.",mecánica de motos | mecânica de motos,UCZTIQrr2gu5aXQB3PcBKefg,hands,motorcycle-small-engine-repair,wave1,2026-09-14,scraper,1014
https://www.youtube.com/@clinicsatriamotor,@Clinicsatriamotor,Clinic Satria Motor ,16300,1949,4,Motorcycle damage tutorial channel with clear repair-focused content across brands.,motosiklet tamiri,UC7XIHkb4cKiZ0HpLKWPeAeg,hands,motorcycle-small-engine-repair,wave1,2026-09-14,scraper,1949
https://www.youtube.com/@clintonmano,@clintonmano,Clinton mano,34800,318,4,"Vintage Royal Enfield restoration and modification shop covering mechanical works, tinkering, painting and coating.",bike repair Tamil,UC5x7UIP8rCujnqdkVPyEr5g,hands,motorcycle-small-engine-repair,wave1,2026-09-14,scraper,318
https://www.youtube.com/@club_mecanica_biker,@club_mecanica_biker,club_mecanica_biker,5490,467,4,"Spanish titles show real hands-on work: valve adjustment, timing chain diagnosis, carburetor setup, engine assembly.",ميكانيكا دراجات نارية,UCmJ7AumKT7l6BG6fm8B8aJA,hands,motorcycle-small-engine-repair,wave1,2026-09-14,scraper,467
https://www.youtube.com/@cotemotorcycles,@CoteMotorcycles,Cote Motorcycles,16700,86,4,"Motorcycle maintenance, diagnostics, repair and fabrication shop channel with real shop work, occasional car project.",تعمیر موتور سیکلت,UCKh4Gk7mhj_UEYNT4RORTkg,hands,motorcycle-small-engine-repair,wave1,2026-09-14,scraper,86
https://www.youtube.com/@craft-s1p,@Craft-s1p,Craft X38,296,124,4,"Channel dedicated to repair of small gas/moto equipment technology, matches small-engine repair scope.",ремонт бензопилы,UC7AlIe7pK4R0WOib1RCe-zw,hands,motorcycle-small-engine-repair,wave1,2026-09-14,scraper,124
https://www.youtube.com/@cultofrust,@CultofRust,Cult of Rust,1160,204,4,Workshop channel taking apart and modifying motorcycles and small-engine machines with hands-on approach.,motorcycle restoration,UCLhDiZq8wxpxzn99_GhaGQw,hands,motorcycle-small-engine-repair,wave1,2026-09-14,scraper,204
https://www.youtube.com/@custom3460,@custom3460,"Депо Анальгин: мотоциклы, ремонт, тюнинг & custom",253,82,4,Team specializing in complex engine and transmission repair plus custom builds with detailed technical description.,ремонт мотоцикла,UCH3uK5VspX8v2yAVi7TdYtg,hands,motorcycle-small-engine-repair,wave1,2026-09-14,scraper,82
https://www.youtube.com/@cymoto,@CYMoto,ช่างจา หาดใหญ่ จาออโต้ฯ CYmoto มือดำทำเอง ซ่อม Diy,35100,455,4,Shop owner shares hands-on DIY repair experience for motorcycles and EV repair services.,ซ่อมมอเตอร์ไซค์,UCMZzfNm-fbKILp6Rl_0wVKg,hands,motorcycle-small-engine-repair,wave1,2026-09-14,scraper,455
https://www.youtube.com/@dailybikedoctor,@DailyBikeDoctor,Daily Bike Doctor,118,204,4,Bike maintenance channel offering step-by-step servicing guides and DIY repair tutorials with garage experience.,bike servicing Bangla,UCPGW05MMc61GDGCvAx2F_PA,hands,motorcycle-small-engine-repair,wave1,2026-09-14,scraper,204
https://www.youtube.com/@dawer1981,@dawer1981,Kell Tyler mecánica motos ,26,70,4,DIY motorcycle mechanics videos aimed at teaching viewers to repair themselves.,mecánica de motos,UCgWZSC7IBjaEXTTt69Sdo5A,hands,motorcycle-small-engine-repair,wave1,2026-09-14,scraper,70
https://www.youtube.com/@dcmotorbengkel,@DCMotorBengkel,DC Motor Motorcycle Repair Shop ,69,68,4,"Motorcycle repair shop with titles showing radiator, brake disc, and starter jumper fixes.",bengkel motor,UCuWJgC_oQWfMIjjPhE1zJuA,hands,motorcycle-small-engine-repair,wave1,2026-09-14,scraper,68
https://www.youtube.com/@demotosreparacionesymas,@DEMOTOSREPARACIONESYMAS,DE MOTOS REPARACIONES Y MAS,17600,455,4,"Videos on basic motorcycle and scooter mechanics for beginners, directly repair-education focused.",reparación de motos,UCOZl3E45zIJq3u3l51pyn8A,hands,motorcycle-small-engine-repair,wave1,2026-09-14,scraper,455
https://www.youtube.com/@derrasenmaher9730,@derrasenmaher9730,Der Rasenmäher,1100,726,4,"German channel dedicated to small engines and lawn care, likely showing repair work on camera.",Rasenmäher reparieren,UCuZp_W1_Cz20b6bNxMLshxw,hands,motorcycle-small-engine-repair,wave1,2026-09-14,scraper,726
https://www.youtube.com/@ders%c3%a4gendoktor,@DerS%C3%A4gendoktor,Der Sägendoktor,61400,213,4,"Repair shop name 'Sägendoktor' with tagline about repairs lasting longer than a marriage, likely tool/chainsaw repair.",Rasenmäher reparieren,UCMG_rnNBmB_F-BO54seUOXA,hands,motorcycle-small-engine-repair,wave1,2026-09-14,scraper,213
https://www.youtube.com/@desi_mechanic_life,@Desi_mechanic_life,Desi mechanic life,132,51,4,"Desi mechanic channel focused on bike maintenance, tuning and repairing tips in Urdu for specific models.",motorcycle repairing Urdu,UCpZ7H_lHbMUqqw0Gn4i8JVA,hands,motorcycle-small-engine-repair,wave1,2026-09-14,scraper,51
https://www.youtube.com/@dindagemes,@DindaGemes,Kuli Bengkel,14400,700,4,Motorcycle service tutorial channel covering CVT servicing and troubleshooting motorcycle problems.,motosiklet tamiri,UCHZEcF5bxbBj-ZtLNSV8kmQ,hands,motorcycle-small-engine-repair,wave1,2026-09-14,scraper,700
https://www.youtube.com/@dirtrunnersgarage,@DirtrunnersGarage,Dirt Runners Garage,2930,109,4,"ATV, dirt bike and SXS repair/rebuild shop with mod content though riding footage also featured.",carburetor rebuild,UCiJrz4gU2Rfs4bKFYZDI1Ag,hands,motorcycle-small-engine-repair,wave1,2026-09-14,scraper,109
https://www.youtube.com/@divyautozone,@Divyautozone,Divy auto zone ,134,156,4,"Two-wheeler mechanical channel covering engine work, servicing, parts installation and repair troubleshooting.",scooter repair,UCD0IJubyTkeIsHnLtXfYNZA,hands,motorcycle-small-engine-repair,wave1,2026-09-14,scraper,156
https://www.youtube.com/@djsgarage,@DJsGarage,DJ’s Garage,30500,222,4,Race bike restoration and rebuild garage channel with hands-on repair work.,réparation moto,UCJruRthkJDBeldbdk4lmR4w,hands,motorcycle-small-engine-repair,wave1,2026-09-14,scraper,222
https://www.youtube.com/@dr.kwan-ep1,@Dr.Kwan-ep1,ซ่อมมอไซค์ สไตล์ช่างบ้านนอก,141000,3885,4,Rural mechanic channel focused on vehicle and small engine repair with DIY content.,ซ่อมมอเตอร์ไซค์,UC0sNkUfg4FoN8A8B4E0Haxg,hands,motorcycle-small-engine-repair,wave1,2026-09-14,scraper,3885
https://www.youtube.com/@dr.kwan-ep2,@Dr.Kwan-ep2,ซ่อมมอไซค์ สไตล์ช่างบ้านนอกV2,39000,2555,4,Backup channel for motorcycle repair content also covering agricultural equipment repair and farming hobby.,ซ่อมมอเตอร์ไซค์,UCrlgGXyzAUKFPm5qKZoiMCA,hands,motorcycle-small-engine-repair,wave1,2026-09-14,scraper,2555
https://www.youtube.com/@ellisfamilybusiness21,@EllisFamilyBusiness21,Ellis Family Motorcycle & ATV Repair LLC,40,98,4,"Family motorcycle, ATV and small-engine repair shop channel with real repair services described.",motorcycle repair | motorcycle repairing | motorcycle repair shop | TV repair,UCFxWvZMsWqVw_2Jtbx2JlBw,hands,motorcycle-small-engine-repair,wave1,2026-09-14,scraper,98
https://www.youtube.com/@elsenordelasmotos4748,@elsenordelasmotos4748,EL SEÑOR DE LAS MOTOS,12800,181,4,Tutorial channel teaching motorcycle mechanics and repairs with detailed maintenance tips.,reparación de motos,UC5YOL9e7j69v7U2Kl3hoWxg,hands,motorcycle-small-engine-repair,wave1,2026-09-14,scraper,181
https://www.youtube.com/@epsformacion,@epsformacion,epsformacion,36700,130,4,Established motorcycle mechanics training school producing formative videos on mechanics and electricity since 1985.,mecánica de motos,UC_I7awJl4rAWGz3TF9WCgtw,hands,motorcycle-small-engine-repair,wave1,2026-09-14,scraper,130
https://www.youtube.com/@escolamestredasmotos,@EscolaMestredasMotos,Escola Mestre das Motos,66300,231,4,Motorcycle mechanics school offering practical courses including engine prep and electronic injection.,mecánica de motos | mecânica de motos,UCXnZR5glNSzkBoQoqGMFw8A,hands,motorcycle-small-engine-repair,wave1,2026-09-14,scraper,231
https://www.youtube.com/@evsolutionhub-sb,@EvSolutionHub-SB,EV Solution Hub,288,109,4,"Electric scooter/bike mechanic channel covering battery, motor, controller and wiring repair solutions in Hindi.",scooter repair,UCaMEWW_9WrfB2zHrYuJXMkA,hands,motorcycle-small-engine-repair,wave1,2026-09-14,scraper,109
https://www.youtube.com/@eye-modify,@Eye-Modify,ช่าง โมดิฟาย,788,127,4,Modify shop description states repairs all motorcycle types from two-stroke to big bikes.,ซ่อมมอเตอร์ไซค์,UCVMz1FXSnzNGv8IB0h9o6gw,hands,motorcycle-small-engine-repair,wave1,2026-09-14,scraper,127
https://www.youtube.com/@fabianvivasmecanico,@fabianvivasmecanico,Fabian Vivas Mecanico,146000,2011,4,Specialized motorcycle mechanic channel covering repairs across small to large displacement bikes.,reparación de motos | mecánica de motos,UCkCoNcDrTxuhUNt-gHqoVTg,hands,motorcycle-small-engine-repair,wave1,2026-09-14,scraper,2011
https://www.youtube.com/@falkamotor3219,@falkamotor3219,FALKA MOTOR,23700,74,4,"Motorcycle repair shop channel sharing mechanic experience, part analysis and troubleshooting tutorials.",motosiklet tamiri,UCMvCE-wzHmFU27NjUbv-a1Q,hands,motorcycle-small-engine-repair,wave1,2026-09-14,scraper,74
https://www.youtube.com/@fendibengkelchannel,@fendibengkelchannel,fendi bengkel channel,27500,258,4,Explicitly states channel content is motorcycle repair (PERBAIKAN SEPEDA MOTOR) since 2020.,bengkel motor,UCmQI0fZCxQmw20STu658eOA,hands,motorcycle-small-engine-repair,wave1,2026-09-14,scraper,258
https://www.youtube.com/@fixdatting,@FixDatTing,Fix Dat Ting,1310,93,4,"General small-engine/vehicle repair channel covering boats, jet skis, snowmobiles and motorcycles.",outboard motor repair,UCXLMgUyL_IjZXtCbfwGoNFQ,hands,motorcycle-small-engine-repair,wave1,2026-09-14,scraper,93
https://www.youtube.com/@fixmotopl,@FixMotoPL,FixMotoPL ,32,51,4,"Dedicated scooter and motorcycle repair shop in Warsaw, business channel likely showing repair work.",naprawa motocykla,UCl7RrDo6rnvHlgsUtNO_Qzg,hands,motorcycle-small-engine-repair,wave1,2026-09-14,scraper,51
https://www.youtube.com/@g.d.b.smallenginerepairllc9899,@g.d.b.smallenginerepairllc9899,G. D. B. SMALL ENGINE REPAIR LLC,244,96,4,"Small engine repair LLC bringing old equipment back to life, hands-on fixing implied.",small engine repair,UCSr7fMhIKY8r_upF9uxk3nQ,hands,motorcycle-small-engine-repair,wave1,2026-09-14,scraper,96
https://www.youtube.com/@gabomotossantaelena,@GaboMotosSantaElena,Gabo Motos Mecánica Básica ,1530,198,4,Basic motorcycle mechanics tips channel teaching viewers to repair their own bikes.,reparación de motos | mecánica de motos,UC47adVC-q1LIxbEWjFJJ2uQ,hands,motorcycle-small-engine-repair,wave1,2026-09-14,scraper,198
https://www.youtube.com/@garagebuilder,@GarageBuilder,Budget Moto Garage ,36,79,4,"Café racer build channel showing teardown, custom parts and step-by-step budget build process.",réparation moto,UC62BzDQpOYmWpkRn7akuCLg,hands,motorcycle-small-engine-repair,wave1,2026-09-14,scraper,79
https://www.youtube.com/@garasiklinikmotor,@Garasiklinikmotor,Garasi Klinik Motor,670,93,4,"Workshop tutorial channel covering service, troubleshooting and diagnosis of motorcycles.",motosiklet tamiri,UCldPSEB819gI5aKdXQ6jixA,hands,motorcycle-small-engine-repair,wave1,2026-09-14,scraper,93
https://www.youtube.com/@gavrilov_moto,@Gavrilov_moto,мото гараж Александр Гаврилов,1000,325,4,Moto garage channel dedicated to repair and maintenance of domestic and foreign motorcycles.,ремонт мотоцикла,UCpvf_uSPZdLgB__NN9Gw69w,hands,motorcycle-small-engine-repair,wave1,2026-09-14,scraper,325
https://www.youtube.com/@goerage,@goerage,gÖrage motorcycles,349,61,4,"Motorcycle repair manual project with videos, articles and blogs on fixing bikes.",motorcycle repair,UCBPUuEvUjUdaOZyDvCA7vGw,hands,motorcycle-small-engine-repair,wave1,2026-09-14,scraper,61
https://www.youtube.com/@govind_engineering_works,@Govind_engineering_works,Govind engineering works,158,61,4,"Small engine repair shop servicing chainsaws, brush cutters and garden equipment with genuine parts.",chainsaw repair,UCB9zxkHX9HPw57Xppnhmmeg,hands,motorcycle-small-engine-repair,wave1,2026-09-14,scraper,61
https://www.youtube.com/@graczykos,@Graczykos,Graczykos&MotoGarage,9280,293,4,"Polish moto garage/service description with real bike models and workshop mentions, indicating filmed repair work.",naprawa motocykla,UCpBnyb9q9BGZzAgZIHpjmkA,hands,motorcycle-small-engine-repair,wave1,2026-09-14,scraper,293
https://www.youtube.com/@gregchan2109,@gregchan2109,Greg Chan,17600,583,4,"Motorcycle mechanic tutorial channel covering engine overhaul, wiring, and troubleshooting.",motorcycle mechanic,UCXldHAPY-lEhUKqpSYaAg2w,hands,motorcycle-small-engine-repair,wave1,2026-09-14,scraper,583
https://www.youtube.com/@guptabikerepairing,@guptabikerepairing,Gupta bike repairing,3360,177,4,Bike repairing channel name with emojis suggesting tools and hands-on garage content for bikes.,motorcycle repairing | bike repairing,UCF8eDbT26-eecjB_6FYHJHw,hands,motorcycle-small-engine-repair,wave1,2026-09-14,scraper,177
https://www.youtube.com/@hariautomobile,@Hariautomobile,Hari Automobile,6860,74,4,Two-wheeler bike mechanic with 20 years experience uploading repair content videos from his shop.,bike repairing Telugu,UCzgkNOQk4sdeicspxGlCeBA,hands,motorcycle-small-engine-repair,wave1,2026-09-14,scraper,74
https://www.youtube.com/@harimec,@HariMec,Hari Mec,253000,1674,4,Self-identified two-wheeler bike mechanic with 26 years experience uploading repair content videos.,bike repairing Telugu,UC5xfT9uKUeh5PchY8XbuGDw,hands,motorcycle-small-engine-repair,wave1,2026-09-14,scraper,1674
https://www.youtube.com/@haroon_motorcycle_works,@HAROON_MOTORCYCLE_WORKS,Haroon_motorcycle_works,3000,300,4,Desi bike mechanic garage channel promising A-Z bike problem solutions and repairs.,motorcycle engine rebuild | تعمیر موتور سیکلت,UCfQ_UzV-8X9NRZmcN8z8_1A,hands,motorcycle-small-engine-repair,wave1,2026-09-14,scraper,300
https://www.youtube.com/@hectoraugustosantosortiz4976,@hectoraugustosantosortiz4976,HECTOR AUGUSTO SANTOS ORTIZ,47800,453,4,Instructor channel aimed at teaching motorcycle mechanics to students.,mecánica de motos,UCjBbHrgA26jUM7WcoG4_0ug,hands,motorcycle-small-engine-repair,wave1,2026-09-14,scraper,453
https://www.youtube.com/@heindlengineeringmotorcycle,@heindlengineeringmotorcycle,Heindl Engineering Motorcycle Sales & Service,20000,271,4,Full-service Ural and multi-brand motorcycle shop channel with sidecar service focus.,motorcycle repair | motorcycle repairing | motorcycle repair shop | Motorrad reparieren,UCBCp8kKv8ELV-yMQaN-CGkw,hands,motorcycle-small-engine-repair,wave1,2026-09-14,scraper,271
https://www.youtube.com/@helloautoservice,@Helloautoservice,Hello auto service,761,118,4,"Pakistani bike repairing channel covering engine work, wiring, and maintenance tips for Honda models.",motorcycle repair,UC4U4lUAA93w9feYn80_yVCQ,hands,motorcycle-small-engine-repair,wave1,2026-09-14,scraper,118
https://www.youtube.com/@hendrysetiya1916,@hendrysetiya1916,DHANA MOTOR,1300,74,4,"Indonesian motorcycle channel with tutorials on servis, bongkar pasang and component repair.",servis motor | motosiklet tamiri,UCHIcQL7QVwGTbT11qjj7Ssw,hands,motorcycle-small-engine-repair,wave1,2026-09-14,scraper,74
https://www.youtube.com/@hero_bike_expert_,@Hero_bike_expert_,Hero bike expert,12200,317,4,"Bike mechanic channel focused on repairing multiple brands, description implies regular repair videos.",motorcycle repairing,UCnCqEs_etRYWAtiKDRI8UKg,hands,motorcycle-small-engine-repair,wave1,2026-09-14,scraper,317
https://www.youtube.com/@herrepairgarage,@HerRepairGarage,Her Repair Garage,8990,88,4,"Hands-on garage channel doing engine repair, rust repair and full mechanical rebuilds on motorcycles and cars.",motorcycle repairing | motorcycle restoration | motorcycle mechanic,UCc_oOS-PRecl60CuCISdxTA,hands,motorcycle-small-engine-repair,wave1,2026-09-14,scraper,88
https://www.youtube.com/@hkk555i,@HKK555i,Repair ,124,80,4,Chainsaw and trimmer repair and service channel emphasizing real work and fixes.,chainsaw repair,UCR8srpnB6P9qQ1lgr9DOCMw,hands,motorcycle-small-engine-repair,wave1,2026-09-14,scraper,80
https://www.youtube.com/@hmsmotorhmsmotor8547,@hmsmotorhmsmotor8547,HMS MOTOR,3970,413,4,Motorcycle repair shop channel (HMS Motor) documenting workshop activities and troubleshooting tutorials.,servis motor,UCKXLMYkQeY3eiKuffVTJ8LA,hands,motorcycle-small-engine-repair,wave1,2026-09-14,scraper,414
https://www.youtube.com/@ho%c3%a0ngng%e1%bb%8dcxu%c3%a2n-r2q,@Ho%C3%A0ngNg%E1%BB%8DcXu%C3%A2n-r2q,Hoàng Ngọc Xuân,63700,1725,4,Description explicitly states a motorcycle repair teaching channel sharing knowledge and repair experience.,sửa xe máy,UCZgQs5nNbREwjMdxpGHbtMw,hands,motorcycle-small-engine-repair,wave1,2026-09-14,scraper,1725
https://www.youtube.com/@holeyshed,@holeyshed,Holey Shed Motorbike Rebuilds,353,64,4,"Hobbyist rescuing and rebuilding rusty motorcycles, focused on hands-on restoration work in a shed.",motorcycle engine rebuild | motorcycle mechanic,UCjGx8NIXIeMWUx4Ud2dK-yA,hands,motorcycle-small-engine-repair,wave1,2026-09-14,scraper,64
https://www.youtube.com/@hondabikerepairing722,@HondaBikeRepairing722,Expert Bike Repairing 722,1440,182,4,Honda bike repairing channel focused on engine repair and maintenance with daily videos promised.,motorcycle repairing,UC1pDXRevw-Hh5X21GXOcgXw,hands,motorcycle-small-engine-repair,wave1,2026-09-14,scraper,182
https://www.youtube.com/@howtobikehtb,@HowtoBikeHTB,How to Bike,11000,116,4,Hindi self-repair tutorial channel teaching bike tips and tricks with practical instruction.,تعمیر موتور سیکلت,UCxuCdd9oeblxSySbE4BHHWg,hands,motorcycle-small-engine-repair,wave1,2026-09-14,scraper,116
https://www.youtube.com/@htmr,@HTMR,How-To Motorcycle Repair,142000,445,4,"Dedicated how-to motorcycle repair and maintenance channel, format matches mission well.",motorcycle repair | motorcycle repairing | motorcycle engine rebuild | motorcycle mechanic | motorcycle repair shop | motorcycle repairing Urdu | تعمیر موتور سیکلت,UCy4-4AFgc21Z9QKdGSOD9TA,hands,motorcycle-small-engine-repair,wave1,2026-09-14,scraper,445
https://www.youtube.com/@hydrophobiclab.shockbreaker,@hydrophobiclab.shockbreaker,Bengkel Shockbreaker Motor,388,72,4,Dedicated shock absorber rebuild shop with titles showing suspension teardown and rebuild work.,bengkel motor,UCmi2wLr0MfFKn64QNS17csQ,hands,motorcycle-small-engine-repair,wave1,2026-09-14,scraper,72
https://www.youtube.com/@ijazbikerestoration76,@IJAZBIKERESTORATION76,IJAZ BIKE RESTORATION! 🏍️,68,94,4,"Bike restoration channel explicitly covering engine rebuilding, painting and full restoration process on camera.",motorcycle engine rebuild | motorcycle restoration,UCK6y0NMqRPCeEYjtxkCYOLw,hands,motorcycle-small-engine-repair,wave1,2026-09-14,scraper,94
https://www.youtube.com/@impostrspeedshop,@Impostrspeedshop,Impostr Speed Shop,548,206,4,"Small motorcycle shop channel described as hooligans working on motorcycles, hands-on garage work.",motorcycle repair shop,UC8FUQTt6Xq19jvpdGXV6hMQ,hands,motorcycle-small-engine-repair,wave1,2026-09-14,scraper,206
https://www.youtube.com/@industrialengine,@industrialengine,Technician Bai👭,80,71,4,"Focused on 2-stroke and 4-stroke small engine work, clear topic alignment for small-engine repair.",carburetor rebuild,UCgfJEu0iie5Jhz-tpURDI2A,hands,motorcycle-small-engine-repair,wave1,2026-09-14,scraper,71
https://www.youtube.com/@isaiahflipsit,@isaiahflipsit,Isaiah Gonzalez,84,61,4,"Dirtbike/ATV mechanic doing engine rebuilds, carb rebuilds and services, short-form clips.",motorcycle engine rebuild,UCLpHircbL8Ja5vo0_uuQe8Q,hands,motorcycle-small-engine-repair,wave1,2026-09-14,scraper,61
https://www.youtube.com/@jainautoservicestation,@JainAutoServiceStation,Jain Auto Service Station ,169,244,4,Auto service station describing scooter/Activa service and engine work videos filmed at the shop.,Motorrad reparieren,UCB7eWrfWlWNG-dgqrCPlpTg,hands,motorcycle-small-engine-repair,wave1,2026-09-14,scraper,244
https://www.youtube.com/@jameslawnmowerrepair,@jameslawnmowerrepair,James' lawn mower repair,606,82,4,"High schooler documenting lawn equipment repair journey, hands-on wrenching focus.",lawn mower repair | chainsaw repair,UCYT9x0cpMMY8_u9t0lDo9fw,hands,motorcycle-small-engine-repair,wave1,2026-09-14,scraper,82
https://www.youtube.com/@jamitinthererepair,@JamitinThereRepair,Jam It In There Repair,2390,268,4,"Repairs scooters, motorcycles, yard equipment and small engines across videos, strong hands-on repair fit.",scooter repair,UCFaPKXTbE5a3NmFe9u1jIpw,hands,motorcycle-small-engine-repair,wave1,2026-09-14,scraper,268
https://www.youtube.com/@japanrepairingcenter,@JapanRepairingCenter,Japan Repairing Center ,617,429,4,"Repair center channel focused on Honda 125, CD70 and Chinese bikes with step-by-step engine and chain guides.",motorcycle repairing,UCkAWK1muMmefDKgp1ApJ5_g,hands,motorcycle-small-engine-repair,wave1,2026-09-14,scraper,429
https://www.youtube.com/@jimgorins,@JimGorins,Не Сток Мото,25700,243,4,"Dedicated to repair, tuning and engine tuning of classic Soviet motorcycles.",ремонт мотоцикла,UC_2M6gXo6TF6eDyRRUfn3iQ,hands,motorcycle-small-engine-repair,wave1,2026-09-14,scraper,243
https://www.youtube.com/@jorgeluisrodriguezhuerta,@JorgeLuisRodriguezHuerta,el yorch motos,4300,54,4,Channel dedicated to motorcycle mechanics and user repair questions supported by manuals.,reparación de motos,UCz4Q3GrOGjxONA20ZRO3VJg,hands,motorcycle-small-engine-repair,wave1,2026-09-14,scraper,54
https://www.youtube.com/@jpmworkshop,@Jpmworkshop,Jpm workshop ,1550,184,4,Bike and scooty repairing workshop channel description directly matches hands-on repair.,ремонт мотоцикла | naprawa motocykla,UCK7c5hAZykZiDp2KJKswufQ,hands,motorcycle-small-engine-repair,wave1,2026-09-14,scraper,184
https://www.youtube.com/@juandavidbedoyagarcia,@JuanDavidBedoyagarcia,J.D mecánica de motos ,89,56,4,"Dedicated motorcycle mechanics content channel per description, focused entirely on moto repair.",reparación de motos | mecánica de motos | mecânica de motos,UC37qRhmUA3HnbKkKMqusF6g,hands,motorcycle-small-engine-repair,wave1,2026-09-14,scraper,56
https://www.youtube.com/@juantumecanicodemotos,@Juantumecanicodemotos,Juan tu mecánico de motos,88,52,4,Technician channel dedicated to motorcycle maintenance and repair services.,reparación de motos | ميكانيكا دراجات نارية,UCVFl49P220gKKrd9P6lPGiw,hands,motorcycle-small-engine-repair,wave1,2026-09-14,scraper,52
https://www.youtube.com/@juqui,@juqui,tips mecanimotos 2T 4T,7980,185,4,Mechanics tips channel for two-stroke and four-stroke motorcycles.,mecánica de motos,UCIMdM16dscqUrLY_PCMHtGA,hands,motorcycle-small-engine-repair,wave1,2026-09-14,scraper,185
https://www.youtube.com/@jwsrepairservicellc,@JWSRepairServiceLLC,JWS Repair Service LLC,1860,84,4,Small powersports repair shop channel covering motorcycle/ATV/UTV repairs at their own garage.,motorcycle repair shop | TV repair,UC3XJEcrb4wB9fWbfYjNd43Q,hands,motorcycle-small-engine-repair,wave1,2026-09-14,scraper,84
https://www.youtube.com/@kaifbikemechanical,@KAIFBIKEMECHANICAL,KAIF BIKE MECHANICAL ,455,181,4,"Bike mechanic channel with repair-focused description covering engine repair, tank cleaning, and maintenance tips.",motorcycle repairing | motorcycle repair shop,UCV__q4pGrlVkpLcqEM0yw4A,hands,motorcycle-small-engine-repair,wave1,2026-09-14,scraper,181
https://www.youtube.com/@kakexchannel,@KAKEXChannel,KAKEX Chanel,253000,1004,4,"Motorcycle mechanic training channel explaining parts, damage analysis and repair tips from a real workshop.",bengkel motor,UCNknepJGdht_h5X14uWuOIw,hands,motorcycle-small-engine-repair,wave1,2026-09-14,scraper,1004
https://www.youtube.com/@kamleshnamdevmechanic,@kamleshnamdevmechanic,Mahalaxmi auto parts bike repairing service,18,57,4,"Motorcycle repair shop servicing multiple brands, business description implies real repair jobs filmed.",motorcycle repairing | motorcycle repair shop,UCO-aqjlwreHWoJw_sn8soGw,hands,motorcycle-small-engine-repair,wave1,2026-09-14,scraper,57
https://www.youtube.com/@kievstuntservice,@KievStuntService,Мастерская KSS Тюнинг и Ремонт Скутеров,12100,230,4,Scooter tuning and repair workshop channel sharing hands-on repair and setup experience.,ремонт скутера,UCGNI5MgwVdaz30y9gJFKQAw,hands,motorcycle-small-engine-repair,wave1,2026-09-14,scraper,230
https://www.youtube.com/@kitsanatang,@kitsanatang,ตาตั้ง,2170,229,4,DIY channel showing full car and motorcycle repair/modify process step by step including a Sonic revival.,ซ่อมมอเตอร์ไซค์,UCVQssxicKbnRKmvTf8r6EMg,hands,motorcycle-small-engine-repair,wave1,2026-09-14,scraper,229
https://www.youtube.com/@kubu900,@Kubu900,Kubu Motor service,547,107,4,"Motorcycle service channel covering routine service, matic repairs and reviews across brands.",servis motor,UCQksgrsT0tel4laEL9H243g,hands,motorcycle-small-engine-repair,wave1,2026-09-14,scraper,107
https://www.youtube.com/@kzmotorradgarage,@kzmotorradgarage,KZ Motorrad Garage ,279,163,4,"BMW/Ducati repair and maintenance how-to video channel, directly matching hands-on motorcycle repair format.",Motorrad reparieren,UCtrVcSDEeavj9TWJNWXFUCQ,hands,motorcycle-small-engine-repair,wave1,2026-09-14,scraper,163
https://www.youtube.com/@lennydesdeviseses,@Lennydesdeviseses,Lenny,1270,85,4,Motoculture equipment business channel with maintenance and repair videos for mowers and chainsaws.,réparation tondeuse,UCM-vvAW7wMf2S0buJdA6dcg,hands,motorcycle-small-engine-repair,wave1,2026-09-14,scraper,85
https://www.youtube.com/@leomotosrestauracoes,@Leomotosrestauracoes,Léo Motos Mecânica & Restauracoes,5280,107,4,Restoration and maintenance projects channel for motorcycles with hands-on tips.,mecánica de motos | mecânica de motos,UCM8uNKdp8ArNAS5ghMDsqDA,hands,motorcycle-small-engine-repair,wave1,2026-09-14,scraper,107
https://www.youtube.com/@libral1973moto,@libral1973moto,Мото и ремонт,10900,77,4,"Channel focused on moped/motorcycle repair, modernization and tuning with practical work shown.",ремонт мотоцикла,UC-eIz6AY5KYFtU6-77RHKzw,hands,motorcycle-small-engine-repair,wave1,2026-09-14,scraper,77
https://www.youtube.com/@lowbuckgaragemotopluscross,@lowbuckgarageMOTOplusCROSS,Low Buck Garage MOTO+CROSS,3370,89,4,"Home-garage motocross/motorcycle repair and mod channel using hand tools on a budget, described in detail.",réparation moto,UCQ4XCxqEJuZGq6UsuIfkFQg,hands,motorcycle-small-engine-repair,wave1,2026-09-14,scraper,89
https://www.youtube.com/@lunarepair,@LunaRepair,Luna Repair,391,68,4,"Mechanical repair channel covering engines, motorcycles and farm equipment with hands-on restoration focus.",motorcycle repair | chainsaw repair,UCrdkDdDVl8qH-q_sGyT-FSA,hands,motorcycle-small-engine-repair,wave1,2026-09-14,scraper,68
https://www.youtube.com/@m2thebchainsaws,@M2theBchainsaws,M2theB,873,169,4,"Chainsaw acquiring, repairing and collecting channel with clear hands-on repair focus.",chainsaw repair,UC202p6bRa_qs5YtYYvNxtXQ,hands,motorcycle-small-engine-repair,wave1,2026-09-14,scraper,169
https://www.youtube.com/@maamotorrepairing535,@maamotorrepairing535,MAA MOTOR REPAIRING ,18000,296,4,"Channel dedicated to showing basic motor mechanical repair works, aligned with hands-on repair mission.",motor repair tagalog,UCUodlrydFETmRlsHKITP1iA,hands,motorcycle-small-engine-repair,wave1,2026-09-14,scraper,296
https://www.youtube.com/@maautoservice-h3n,@maautoservice-h3n,maa auto service,173,146,4,"Village bike repair shop listing clutch plate replace, engine work and full bike service, real garage work implied.",Motorrad reparieren,UC0b1-jSGQV1a5b0c13BjYvg,hands,motorcycle-small-engine-repair,wave1,2026-09-14,scraper,146
https://www.youtube.com/@madrasbikecare853,@madrasbikecare853,Madras Bike Care,50700,2748,4,Royal Enfield modification and service shop channel with restoration transformations and accessories work.,bike repair Tamil | Motorrad reparieren,UC-TZgc-g358QzzH1swF_MKA,hands,motorcycle-small-engine-repair,wave1,2026-09-14,scraper,2748
https://www.youtube.com/@maineboatguy,@maineboatguy,Maine Boat Guy,2610,52,4,"Marine technician channel with tips on boat engine repair, maintenance and electrical troubleshooting.",outboard motor repair,UCfiwX3gtEmej73KzKeuX3Lw,hands,motorcycle-small-engine-repair,wave1,2026-09-14,scraper,52
https://www.youtube.com/@mainwaseemalibikerepairing340,@MainwaseemAliBikeRepairing340,main waseem Ali Bike Repairing,22,62,4,"Detailed description of motorcycle bike repairing, tuning, engine repair and mechanical maintenance content.",bike repairing,UCyoBvS2iFuVqtLuiktDOVRA,hands,motorcycle-small-engine-repair,wave1,2026-09-14,scraper,62
https://www.youtube.com/@man-u-service,@Man-U-Service,เมียช่างพาทําByน้ําค้าง,160000,3098,4,"Thai channel run by mechanic's wife filming motorcycle repair work, tools and garage service jobs.",ซ่อมมอเตอร์ไซค์,UCdwn_bkDYWrqmeIfuSm0MnA,hands,motorcycle-small-engine-repair,wave1,2026-09-14,scraper,3098
https://www.youtube.com/@manaevbike,@manaevbike,Mana Ev Bike,3960,105,4,"EV scooter repair channel covering motor, controller and battery repairs plus reviews.",bike repairing Telugu,UCqdW9EI6o-5tGbJmN8NXZ0Q,hands,motorcycle-small-engine-repair,wave1,2026-09-14,scraper,105
https://www.youtube.com/@mandy764,@Mandy764,Mandy Motorcycle repair vlog,1250,147,4,Motorcycle repair vlog sharing personal repair knowledge and learning experiences with bikes.,motorcycle repair,UCN5EstJfbMQpUWyx8vUPloA,hands,motorcycle-small-engine-repair,wave1,2026-09-14,scraper,147
https://www.youtube.com/@marinsautoboatrepairandbod3126,@marinsautoboatrepairandbod3126,Marin's garage and stuff,337,193,4,"Engine repair channel covering boats, small engines, mowers, generators with hands-on rebuilds and modifications.",outboard motor repair,UCJQ0P3jb-5OuCzaN2WVws2Q,hands,motorcycle-small-engine-repair,wave1,2026-09-14,scraper,193
https://www.youtube.com/@marquinhomotos1224,@marquinhomotos1224,Super marquinho motorcycles,3690,136,4,"Channel explicitly aimed at teaching home motorcycle repair with tools, aligns with hands-on mission.",conserto de moto,UC7THt_I3YkPBXhLrJ0-vWHw,hands,motorcycle-small-engine-repair,wave1,2026-09-14,scraper,136
https://www.youtube.com/@marykmoto,@MARYKMOTO,CAT WILL MAKE,61800,307,4,"DIY repair and restoration channel for scooters, motorcycles and equipment with hands-on focus.",ремонт мотоцикла,UCz29t5MOMhMrn_vPZtPac4g,hands,motorcycle-small-engine-repair,wave1,2026-09-14,scraper,307
https://www.youtube.com/@masirndeso,@masirndeso,Mas Ir Ndeso,773,122,4,Village mechanic channel sharing motorcycle service tutorials and cost-saving repair tricks.,motosiklet tamiri,UCuAzuPTEkmeRXNyIIhPAyaQ,hands,motorcycle-small-engine-repair,wave1,2026-09-14,scraper,122
https://www.youtube.com/@masrobi4106,@masrobi4106,Roby Project,860,396,4,"Channel handling motorcycle engine, wiring and carb/injection issues with mechanic experience sharing.",motosiklet tamiri,UCiRnnUxZVbpaMk19OIKMQug,hands,motorcycle-small-engine-repair,wave1,2026-09-14,scraper,396
https://www.youtube.com/@mastersaw888,@MasterSaw888,Master Saw,11100,121,4,"Gasoline instrument repair and restoration channel, fits small-engine carburetor/repair niche well.",chainsaw repair | carburetor rebuild,UCuTLALDN9NbeFpLdpOURqyw,hands,motorcycle-small-engine-repair,wave1,2026-09-14,scraper,121
https://www.youtube.com/@mdtahirhussain-m1t,@MdtahirHussain-m1t, Babua bike warkshop ,359,199,4,"Bike workshop channel covering engine, body, wiring and sensor-related repair videos.",تعمیر موتور سیکلت,UC3ptTlqP_KvGZJy_I2y99HQ,hands,motorcycle-small-engine-repair,wave1,2026-09-14,scraper,199
https://www.youtube.com/@mecanicabasicademotos,@mecanicabasicademotos,Mecanica basica De motos,3520,82,4,Basic motorcycle mechanic tips channel aimed at solving common problems.,mecánica de motos | mecânica de motos,UCIZRXLZb8-OahNnZCELj-SQ,hands,motorcycle-small-engine-repair,wave1,2026-09-14,scraper,82
https://www.youtube.com/@mecanicademotos35,@mecanicademotos35,MecanicaDeMotos,305,89,4,"Motorcycle mechanic channel with carburetor, valve, oil change and workshop titles showing hands-on repair work.",ميكانيكا دراجات نارية,UCrAy6Nn4cZnMMAp0YGgsgkA,hands,motorcycle-small-engine-repair,wave1,2026-09-14,scraper,89
https://www.youtube.com/@mecanicademotosjaviercitoc2693,@mecanicademotosjaviercitoc2693,MECANICA DE MOTOS ,1010,206,4,"Channel dedicated to varied motorcycle repairs, name and description directly indicate hands-on repair focus.",reparación de motos | mecánica de motos,UCLm1uIZfCV0l5xlZm5LEmVg,hands,motorcycle-small-engine-repair,wave1,2026-09-14,scraper,206
https://www.youtube.com/@mecanicademotosnyh,@mecanicademotosnyh,Mecanica de Motos NyH,677,51,4,Dedicated motorcycle repair workshop channel per description.,mecánica de motos,UCQyHb3_9_nN_m8qmnHA7cvg,hands,motorcycle-small-engine-repair,wave1,2026-09-14,scraper,51
https://www.youtube.com/@mecanicademotospumita,@mecanicademotospumita,Mecanica de Motos Pumita,10100,623,4,Father-son motorcycle repair shop channel explicitly teaching how to fix bikes in their own taller.,mecánica de motos | mecânica de motos,UCs6hErRmgcPM9QRvnDukgvw,hands,motorcycle-small-engine-repair,wave1,2026-09-14,scraper,623
https://www.youtube.com/@mecanicamotosvip.,@mecanicamotosvip.,Mecanica de motos vip,1030,120,4,Channel showing common motorcycle problems and tested mechanic solutions.,mecánica de motos,UC_pNZWLU1W4U8SFm8ZhhzYw,hands,motorcycle-small-engine-repair,wave1,2026-09-14,scraper,120
https://www.youtube.com/@mecanicamurdock,@mecanicamurdock,Mecánica Murdock,37300,706,4,Real workshop channel with weekly tutorials on electrical diagnostics and common motorcycle failures shown.,mecánica de motos | mecânica de motos,UCy6yN2zwN8WT3IbF1NzzC8w,hands,motorcycle-small-engine-repair,wave1,2026-09-14,scraper,706
https://www.youtube.com/@mecanicarapida-o8w,@mecanicarapida-o8w,Mecánica Rápida para Motos ⚙️,91,60,4,"Motorcycle repair tutorials covering no-start, power loss and strange noise troubleshooting with practical tips.",reparación de motos | mecánica de motos | mecânica de motos | ميكانيكا دراجات نارية,UC0bNX5jIRLRbq4AWcHANONA,hands,motorcycle-small-engine-repair,wave1,2026-09-14,scraper,60
https://www.youtube.com/@mecanicavanzada,@MECANICAVANZADA,MEXICAN BIKERS ,1590000,110,4,"Title shows diagnosing customer motorcycle engine noise, suggesting real repair work on camera.",mecânica de motos,UC9DfGmdZLDXSgQhjn4XnA0A,hands,motorcycle-small-engine-repair,wave1,2026-09-14,scraper,110
https://www.youtube.com/@mecanicomotospro,@mecanicomotospro,mecanicomotospro,187,147,4,Description explicitly promises step-by-step motorcycle mechanics learning content.,ميكانيكا دراجات نارية,UC3HNOak47sJCKlyHuSmb3_g,hands,motorcycle-small-engine-repair,wave1,2026-09-14,scraper,147
https://www.youtube.com/@mechanic_j3u,@mechanic_J3u,shahabur Bike Servicing Center ,216,213,4,Bike servicing center channel uploading videos with Bangla guidelines for all types of motorcycle servicing.,bike servicing Bangla,UChXYqmljACEGAbmsQKyvzbg,hands,motorcycle-small-engine-repair,wave1,2026-09-14,scraper,213
https://www.youtube.com/@mechanicbashabhai_nellore,@Mechanicbashabhai_Nellore,MECHANIC BASHA BHAI,16500,1477,4,"Dedicated bike mechanic channel describing repair tips, tutorials and maintenance advice.",bike repairing Telugu,UCzTtjDJJdOjw0vLcSj3KDaw,hands,motorcycle-small-engine-repair,wave1,2026-09-14,scraper,1477
https://www.youtube.com/@mechaniktvofficial,@mechaniktvofficial,MechaniK TV,42900,321,4,"Automotive/bike mechanic technical training channel covering engine repair, electrical troubleshooting and diagnostics.",bike repairing Hindi,UCoMqm_F3uZp_wCufqmtVKuA,hands,motorcycle-small-engine-repair,wave1,2026-09-14,scraper,321
https://www.youtube.com/@mechmani-i9z,@MechMani-i9z,Mech Mani,78,141,4,"Two-wheeler mechanics channel explicitly covering bike repair, service tips, tools and maintenance.",bike repair Tamil,UCZRj9Oa8qtNexb_fh7asTaQ,hands,motorcycle-small-engine-repair,wave1,2026-09-14,scraper,141
https://www.youtube.com/@mechpro1424,@MECHPRO1424,MECH PRO,4770,57,4,"Bike problem-solving channel covering wiring, engine and suspension issues directly.",تعمیر موتور سیکلت,UCfK132QYQxI599LHv6fvMEQ,hands,motorcycle-small-engine-repair,wave1,2026-09-14,scraper,57
https://www.youtube.com/@megadetection,@MegaDetection,MegaDetection,30100,85,4,"Broad self-repair channel covering motorized equipment, chainsaws, mowers and vehicle repair.",ремонт бензопилы,UCwCEqWG6dY5IxivIc6SO6tQ,hands,motorcycle-small-engine-repair,wave1,2026-09-14,scraper,85
https://www.youtube.com/@mekanikmagangnazeerrind,@MekanikMagangNazeerRind,Mekanik Magang Nazeer Rind,516,90,4,"Hinglish mechanic channel covering engine opening, parts checking and mechanical work step by step.",motorcycle engine rebuild | carburetor rebuild,UCQO0a-V2tqsq6P6UoDGzMvA,hands,motorcycle-small-engine-repair,wave1,2026-09-14,scraper,90
https://www.youtube.com/@mig300,@MiG300,MiG300 - Manutenção de Motos,16400,203,4,Motorcycle maintenance channel explicitly showing daily workshop challenges and engineering concepts in practice.,mecânica de motos | تعمیر موتور سیکلت,UC702NTLWOy2ZE3IWEjDk3BA,hands,motorcycle-small-engine-repair,wave1,2026-09-14,scraper,203
https://www.youtube.com/@mikesmotorbikesworkspace,@MikesMotorBikesWorkSpace,Mikes Motor Bikes,4950,97,4,"Channel details welding, frame repair, painting and mechanical work on motorcycles.",ремонт мотоцикла,UCVbsTLh96GjJMlEmcaI6m7g,hands,motorcycle-small-engine-repair,wave1,2026-09-14,scraper,97
https://www.youtube.com/@mikespowersportsservice,@MikesPowersportsService,Mike's Powersports Service,838,95,4,"Certified powersports shop servicing motorcycles, ATVs, jet-skis and snowmobiles with real repair work.",carburetor rebuild,UCyGTjyrrcy-cIW3syoQYytw,hands,motorcycle-small-engine-repair,wave1,2026-09-14,scraper,95
https://www.youtube.com/@millcitymoto,@Millcitymoto,Mill City Moto,557,501,4,Personal channel documenting motorcycle repair work alongside cars and other equipment.,carburetor rebuild,UCrA1Cl94pQDPiTVth0iEEhQ,hands,motorcycle-small-engine-repair,wave1,2026-09-14,scraper,501
https://www.youtube.com/@mohameddesh1010,@mohameddesh1010,محمد دش فن الحرف والمنوعات,3210,358,4,Detailed tuk-tuk/small vehicle repair titles listing specific parts replacement and engine overhaul steps.,تصليح موتوسيكل,UCz3uynaLTFL9AGF-jHcW5aw,hands,motorcycle-small-engine-repair,wave1,2026-09-14,scraper,358
https://www.youtube.com/@monosenshock,@MonosenShock,Monos en Shock,592,70,4,"Specialist shop for monoshock repair and maintenance, a focused suspension-repair niche within motorcycles.",reparación de motos,UC1Mfl3CZB4kSwkCEsUhDO6Q,hands,motorcycle-small-engine-repair,wave1,2026-09-14,scraper,70
https://www.youtube.com/@monubossb865,@monubossb865,@ms bike repairing ,8470,1256,4,Bike repairing mechanic channel name and description explicitly covering all bike repair work.,conserto de moto | ремонт мотоцикла | naprawa motocykla,UCtu0176fa08AJv7PbTYhxKQ,hands,motorcycle-small-engine-repair,wave1,2026-09-14,scraper,1256
https://www.youtube.com/@mossom2539,@mossom2539,ช่างมอส แชนแนล,1080,275,4,"Motorcycle repair shop that also services agricultural equipment, fitting small-engine repair scope well.",ซ่อมมอเตอร์ไซค์,UC41CiPGUo1SsryynxLceScA,hands,motorcycle-small-engine-repair,wave1,2026-09-14,scraper,275
https://www.youtube.com/@moto-frogserwismotocyklowy2715,@moto-frogserwismotocyklowy2715,MOTO - FROG Serwis Motocyklowy,596,236,4,"Motorcycle service shop in Poland doing inspections, repairs and builds, real garage work likely shown.",naprawa motocykla,UCBM0dFvPY_zGug-izTIbp4Q,hands,motorcycle-small-engine-repair,wave1,2026-09-14,scraper,236
https://www.youtube.com/@moto-tom_serwis_motocykli,@MOTO-TOM_Serwis_Motocykli,MOTO-TOM Serwis Motocykli,3180,416,4,Polish motorcycle service channel documenting vlogs from actual repair jobs at his own workshop.,naprawa motocykla,UCD4Sj7P0BhV3YLmxP7WfE6A,hands,motorcycle-small-engine-repair,wave1,2026-09-14,scraper,416
https://www.youtube.com/@moto_fast,@moto_fast,ERTKZ Ertuğrul,14300,456,4,Small engine channel covering chainsaws and motor scythe repairs categorized by type.,motosiklet tamiri,UCSQxN8U6UX7GeA-NbLWrdag,hands,motorcycle-small-engine-repair,wave1,2026-09-14,scraper,456
https://www.youtube.com/@motobilisimservis,@motobilisimservis,MotoBilişimServis,1630,63,4,"Service center channel emphasizing real fault diagnosis and repair, engine/variator/clutch systems.",motosiklet tamiri,UCvDT1FQojeov8CiuA37m9ug,hands,motorcycle-small-engine-repair,wave1,2026-09-14,scraper,63
https://www.youtube.com/@motocallbengkelmotorpanggilan,@MotocallBengkelMotorPanggilan,Motocall Bengkel Motor Panggilan,91,108,4,"Mobile motorcycle repair service with titles on RPM issues, tire fixes and maintenance tips.",motosiklet tamiri,UC3QVAioj79ZHgQnC5S5IyAQ,hands,motorcycle-small-engine-repair,wave1,2026-09-14,scraper,108
https://www.youtube.com/@motocykleserwisrybnik,@motocykleserwisrybnik,Twój jednoślad zanim zepsujesz,67300,469,4,Motorcycle/scooter/quad repair channel explicitly showing engine internals and fix techniques in simple style.,naprawa motocykla,UCxPURoTs8SGslNVL7cK-2EQ,hands,motorcycle-small-engine-repair,wave1,2026-09-14,scraper,469
https://www.youtube.com/@motofan666,@MOTOFAN666,МОТО ФАН,10100,437,4,Channel explicitly focused on informative content about motorcycle equipment repair.,ремонт мотоцикла,UCAkvL3ImMPNtActZ4bg_pPA,hands,motorcycle-small-engine-repair,wave1,2026-09-14,scraper,437
https://www.youtube.com/@motofilin_ru,@motofilin_ru,MotoFILIN,1900,277,4,Channel focused on motorcycle maintenance reviews and showing whether repair is self-doable.,ремонт мотоцикла,UCJB_Agu2Bv3FhlsVnjkKaZQ,hands,motorcycle-small-engine-repair,wave1,2026-09-14,scraper,277
https://www.youtube.com/@motogarage56,@Motogarage56,Moto_garage 56,3580,126,4,"Garage channel explicitly doing motorcycle/scooter repair and restoration, non-commercial hobbyist framing.",conserto de moto | تعمیر موتور سیکلت | naprawa motocykla,UCSoExkQ4fxJvY1EgbWn4Vqw,hands,motorcycle-small-engine-repair,wave1,2026-09-14,scraper,126
https://www.youtube.com/@motogarage79,@MOTOGarage79,MOTO Garage 79,86400,805,4,Motorcycle mechanic content creator sharing repair work across social platforms.,réparation moto,UCR16vLlHGIAlLfKIzvIncBA,hands,motorcycle-small-engine-repair,wave1,2026-09-14,scraper,805
https://www.youtube.com/@motogaragesssr,@motogaragesssr,Moto Garage,10200,227,4,"Restoration channel showing full process of Soviet motorcycle rebuild, disassembly and assembly.",ремонт мотоцикла,UCXhaidoYF2ND775XYWNQ9Sg,hands,motorcycle-small-engine-repair,wave1,2026-09-14,scraper,227
https://www.youtube.com/@motomaxufa,@MotoMaxUFA,MotoMax UFA,2890,71,4,Dedicated restoration channel for JAWA and CZ motorcycles in Ufa.,ремонт мотоцикла,UCQ8caB2vtYUM9v5VhVYwCSQ,hands,motorcycle-small-engine-repair,wave1,2026-09-14,scraper,71
https://www.youtube.com/@motoprincipiantes7788,@motoprincipiantes7788,Mecánica por ti mismo.,463,61,4,DIY-focused channel teaching motorcycle service and self-repair basics for beginners.,reparación de motos,UCFKcxggYDcsVP8D-LRcBKvQ,hands,motorcycle-small-engine-repair,wave1,2026-09-14,scraper,61
https://www.youtube.com/@motor74,@Motor74,祭示Motorcycle repair,19100,572,4,"Scooter repair channel sharing common problem troubleshooting and fixes, informal but repair-focused.",motorcycle repair | motorcycle repairing | motorcycle repair shop | motorcycle repairing Urdu | réparation moto,UCT2l2H-gHz-LOksWMTysUGg,hands,motorcycle-small-engine-repair,wave1,2026-09-14,scraper,572
https://www.youtube.com/@motor_fixer,@Motor_Fixer,Motor Fixer,286,84,4,Motorcycle training channel with practical technical tutorials for fixing bikes.,motorcycle engine rebuild,UCUYx1jL-PaPa_jgQbZxzioA,hands,motorcycle-small-engine-repair,wave1,2026-09-14,scraper,84
https://www.youtube.com/@motorbiketamil,@motorbiketamil,MotorBike Tamil,58500,239,4,Tamil channel explicitly dedicated to two-wheeler fault diagnosis and repair videos.,bike repair Tamil,UCA-ORt1IDJWmM38kVRzs9qg,hands,motorcycle-small-engine-repair,wave1,2026-09-14,scraper,239
https://www.youtube.com/@motorcyclerescuer,@motorcyclerescuer,motorcycle rescuer,10100,1184,4,"Charitable channel rescuing and servicing bikes for free, real repair and fixing work described.",motorcycle engine rebuild,UCQ2oKOEdvPiRv3DnK2xN8ow,hands,motorcycle-small-engine-repair,wave1,2026-09-14,scraper,1184
https://www.youtube.com/@motorcyclerewind,@motorcyclerewind,Motorcycle Rewind,27600,665,4,"Garage channel documenting hands-on efforts getting old motorcycles running again, repair-focused.",motorcycle restoration,UCXCVqILEkluYk5J4oXNabkA,hands,motorcycle-small-engine-repair,wave1,2026-09-14,scraper,665
https://www.youtube.com/@motorcycleservice,@MotorCycleService, صيانة موتوسيكلات MotorCycle Service,49000,136,4,"Channel dedicated to motorcycle service details, faults and repair methods per description.",تصليح موتوسيكل,UC1o1IUeSV9IO6OaiiD0IJNQ,hands,motorcycle-small-engine-repair,wave1,2026-09-14,scraper,136
https://www.youtube.com/@motossega1906,@MOTOSSEGA1906,MOTOSSEGA MECANICA DE MOTOS FACIL,298,79,4,Channel explicitly dedicated to motorcycle mechanics repair and maintenance work.,mecánica de motos | mecânica de motos | تعمیر موتور سیکلت,UCn6NrIAseqfIobTuBZNNc8w,hands,motorcycle-small-engine-repair,wave1,2026-09-14,scraper,79
https://www.youtube.com/@motoveterany,@motoveterany,MOTOVETERANY,2200,358,4,Vintage motorcycle collector restoring and manufacturing replica parts for classic bikes.,ремонт мотоцикла | naprawa motocykla,UCIz3iEQPsDi7Zyh7mSXz6yQ,hands,motorcycle-small-engine-repair,wave1,2026-09-14,scraper,358
https://www.youtube.com/@mowermasters,@MowerMasters,The Mower Masters - SMALL ENGINE REPAIR,904,132,4,Small engine repair channel focused on helping with mower and equipment repairs.,small engine repair | lawn mower repair,UCf0eT-2zvQznmnew8ekDsDg,hands,motorcycle-small-engine-repair,wave1,2026-09-14,scraper,132
https://www.youtube.com/@mtr887,@MTR887,ARIF PAMUJI,14300,754,4,"Motorcycle service tutorial channel per description, focused on practical repair instruction.",servis motor,UCvKuQV90LNnFjTLKs83YlIg,hands,motorcycle-small-engine-repair,wave1,2026-09-14,scraper,754
https://www.youtube.com/@muktarbikeservice6302,@muktarbikeservice6302,Muktar bike service ,1070,270,4,"Local bike service shop channel promising to teach bike repair in easy language, real repair focus implied.",Motorrad reparieren,UCZCn6jZ1BLXXUS-wC3xDFwg,hands,motorcycle-small-engine-repair,wave1,2026-09-14,scraper,270
https://www.youtube.com/@multibrandtechnology46,@Multibrandtechnology46,Multibrand technology,1170,254,4,Kawasaki head technician sharing step-by-step bike service guides and maintenance tips from experience.,Motorrad reparieren,UCnS4UnF3_BkxAKIWjMx2U7A,hands,motorcycle-small-engine-repair,wave1,2026-09-14,scraper,254
https://www.youtube.com/@mundo_de_la_mecanica,@mundo_de_la_mecanica,mundodelamecanica,10200,89,4,Motorcycle and bicycle repair tutorials with step-by-step repair claims in description.,ميكانيكا دراجات نارية,UCUSIpIeJ8tV26LSWN5hrq6A,hands,motorcycle-small-engine-repair,wave1,2026-09-14,scraper,89
https://www.youtube.com/@mushtaqautoservice,@MushtaqAutoservice,Mushtaq Auto service,231000,744,4,"Motorbike repair channel with step-by-step tutorials though mixed with reviews, unboxing and Q&A.",motorcycle repairing | motorcycle repair shop | Motorrad reparieren,UCt8B8YvcZAg3dw27DwQNPQA,hands,motorcycle-small-engine-repair,wave1,2026-09-14,scraper,744
https://www.youtube.com/@mxrevival,@mxrevival,mXrevival,75200,278,4,"Motocross frame-up full builds and revivals, hands-on rebuild business.",motorcycle engine rebuild,UCuV2Jkwv0IIwXQUv1h9HTpQ,hands,motorcycle-small-engine-repair,wave1,2026-09-14,scraper,278
https://www.youtube.com/@mytinygarage24,@mytinygarage24,My Tiny Garage,1890,372,4,"Small engine garage fixing snowblowers, lawn mowers, welding and fabrication, strong hands-on repair fit.",carburetor rebuild,UCNY1xBQAbE89io5cQvlMtsg,hands,motorcycle-small-engine-repair,wave1,2026-09-14,scraper,372
https://www.youtube.com/@officalsmallenginerepair28,@OfficalSmallEngineRepair28,Small Engine Repair ,64,81,4,Small engine repair channel focused on fixing small engines with practical content.,small engine repair,UCORSdm-m3HcYEorAQTmr4Hw,hands,motorcycle-small-engine-repair,wave1,2026-09-14,scraper,81
https://www.youtube.com/@oldguysoldbikes,@oldguysoldbikes,OldGuy’s OldBikes,1140,316,4,Hobbyist restoring and repairing old motorcycles back to running condition.,carburetor rebuild,UCAQWrE8ZlBjCe8PCzAonMJQ,hands,motorcycle-small-engine-repair,wave1,2026-09-14,scraper,316
https://www.youtube.com/@oneguygarage,@Oneguygarage,One Guy Garage,4480,116,4,"Vintage motorcycle rescue and repair channel with maintenance guides, though unboxing/product testing also present.",carburetor rebuild,UCnZUDXkl3EwFdnMmTdOm4tw,hands,motorcycle-small-engine-repair,wave1,2026-09-14,scraper,116
https://www.youtube.com/@oneupmotogarage,@oneupmotogarage,One-Up Moto Garage,101000,154,4,DIY motorcycle garage channel emphasizing hands-on work and using what you have.,réparation moto,UC6vEdXr9ftQqbJ4Pe3Bi1lA,hands,motorcycle-small-engine-repair,wave1,2026-09-14,scraper,154
https://www.youtube.com/@otabmakine,@otabmakine,OTAB MAKİNE MOTOR DÜNYASI,62600,147,4,"Dedicated small-engine repair channel covering chainsaws, brushcutters, tillers and mowers with educational content.",motosiklet tamiri,UCjq_jDVvjA4oCkXESk4ij9g,hands,motorcycle-small-engine-repair,wave1,2026-09-14,scraper,147
https://www.youtube.com/@pahareemotorcycle,@pahareemotorcycle,Motorcycle mechanic student ,92,75,4,"Bike mechanic student sharing shorts on tappet adjustment, cam chain, cylinder head work, real mechanical tasks.",motorcycle mechanic,UClgE3SzyW4TTLlbWPs981cw,hands,motorcycle-small-engine-repair,wave1,2026-09-14,scraper,75
https://www.youtube.com/@pakbikerepairing,@PakBikeRepairing,Pak Bike Repairing,592000,1307,4,"Named bike repairing centre/shop channel, business description suggests filmed repair jobs.",motorcycle repair | motorcycle repairing | bike repairing | motorcycle restoration | motorcycle repairing Urdu | Motorrad reparieren,UCtB1GFjlOs-rcHJL_UsoTZw,hands,motorcycle-small-engine-repair,wave1,2026-09-14,scraper,1307
https://www.youtube.com/@peritomec%c3%a3nicademotos,@PeritoMec%C3%A3nicadeMotos,Perito mecânica de Motos - Oficina Premium ,3000,560,4,Premium workshop channel posting motorcycle maintenance videos.,mecánica de motos | mecânica de motos,UCok85e3DxqXeF3j_JqzMh2g,hands,motorcycle-small-engine-repair,wave1,2026-09-14,scraper,560
https://www.youtube.com/@phambadiep9,@Phambadiep9,Điệp sửa xe,1310,459,4,"Motorcycle and e-bike repair shop listing services like tire changes, battery replacement, diagnostics.",sửa xe máy,UCHCF35LEiWVHJBGMy0kHO-Q,hands,motorcycle-small-engine-repair,wave1,2026-09-14,scraper,459
https://www.youtube.com/@pinpinmotos,@pinpinmotos,PINPIN MOTOS,12300,457,4,"Motorcycle repair channel offering workshop tricks, maintenance and repairs explained step by step.",reparación de motos | mecánica de motos | ميكانيكا دراجات نارية,UCx8CBo23zjBlBLYQ7WJkPyA,hands,motorcycle-small-engine-repair,wave1,2026-09-14,scraper,457
https://www.youtube.com/@pitstopgaragemotorcycle,@PitStopGarageMotorcycle,PitStop Garage Motorcycle By Pierre,1480,354,4,Classic Honda motorcycle mechanics channel sharing technical knowledge and tools used in repair process.,تعمیر موتور سیکلت,UCgQbe3ug8Y_gQu6jNINk_oA,hands,motorcycle-small-engine-repair,wave1,2026-09-14,scraper,354
https://www.youtube.com/@pojokbengkel5742,@pojokbengkel5742,POJOK BENGKEL,6120,287,4,Workshop tips and tricks channel focused on motorcycle problem handling and repair knowledge.,bengkel motor,UCkpVQnmE2pm5zMjEWiQmA-g,hands,motorcycle-small-engine-repair,wave1,2026-09-14,scraper,287
https://www.youtube.com/@postalll2911,@postalll2911,FREZZA,1380,66,4,"Service center channel for gas/electric tool repair with parts sales and tips, hands-on repair focus.",ремонт бензопилы,UCF32V1eSPMw8oUceehVft0w,hands,motorcycle-small-engine-repair,wave1,2026-09-14,scraper,66
https://www.youtube.com/@qamar.b.r,@Qamar.B.R,Qamar Bike Restoration,13900,707,4,"Dedicated bike restoration channel offering full restoration services with contact details, real hands-on work implied.",motorcycle restoration,UCVtqlPY3jFgTGhOSKkbwb3g,hands,motorcycle-small-engine-repair,wave1,2026-09-14,scraper,707
https://www.youtube.com/@qoyutdidodrvlog,@qoyutdidodrvlog,Qoyut Dido DR VLog ( Tornado Garage ),5180,417,4,"Suzuki specialist repair shop listing overhaul, servicing, body/fork repair services in detail.",motosiklet tamiri,UCXo5nuETCIrkrhzJBXqyClg,hands,motorcycle-small-engine-repair,wave1,2026-09-14,scraper,417
https://www.youtube.com/@quickrestoration1.0,@QuickRestoration1.0,QuickRestoration1.0,445,121,4,"Complete bike restorations with technical maintenance and custom seat fabrication described, hands-on work implied.",motorcycle restoration,UC1h5lbbzB_2oeepVMR2wUzQ,hands,motorcycle-small-engine-repair,wave1,2026-09-14,scraper,121
https://www.youtube.com/@raleyssmallengines,@RaleysSmallEngines,Raley's Small Engines,130000,246,4,"Small engine repair shop covering mowers, chainsaws and trailers, mixed with other DIY builds per titles.",small engine repair | lawn mower repair | chainsaw repair,UCA9GlAGvSMsoXBPR77JTTJQ,hands,motorcycle-small-engine-repair,wave1,2026-09-14,scraper,246
https://www.youtube.com/@rameshbikeservice2d7f,@Rameshbikeservice2d7f,Ramesh bike service,388,367,4,Bike service channel listing detailed parts and repair services from engine to electrical components.,conserto de moto | naprawa motocykla,UCWEoCt7HydTFo0t0SCOKt2g,hands,motorcycle-small-engine-repair,wave1,2026-09-14,scraper,367
https://www.youtube.com/@ramjanbikerepairing,@RamjanBikeRepairing,Ramjan Bike Repairing,2480,457,4,"Titles show specific bike starting/current problems and part replacement, confirming hands-on repair content.",motorcycle repairing,UCJ4EhOAgFkKYDxOYc4oJDEw,hands,motorcycle-small-engine-repair,wave1,2026-09-14,scraper,457
https://www.youtube.com/@ranaautocenter,@ranaautocenter,RANA AUTO CENTER ,10600,162,4,Mechanic-run channel sharing troubleshooting and complex bike repair knowledge for other mechanics.,bike servicing Bangla,UCx7_Edgvh6NV2qdH8NF-iKA,hands,motorcycle-small-engine-repair,wave1,2026-09-14,scraper,162
https://www.youtube.com/@ranaautoservicecentre,@Ranaautoservicecentre,Rana Auto Bike Service Centre ,99,126,4,"Bangla bike servicing channel listing engine oil change, brake, chain, gear tuning tips with real-time videos.",bike servicing Bangla,UCNI1g6fRa8yZHzyIuN7kfsg,hands,motorcycle-small-engine-repair,wave1,2026-09-14,scraper,126
https://www.youtube.com/@randyscycleservice,@RandysCycleService,RandysCycleService,5950,181,4,Vintage motorcycle restoration business explicitly filming restoration work for customers across many brands.,Motorrad reparieren,UCa418tgkhAY4lv33ZfmMuow,hands,motorcycle-small-engine-repair,wave1,2026-09-14,scraper,181
https://www.youtube.com/@ratekbengkelmotor0405,@Ratekbengkelmotor0405,ratek bengkel motor,77,109,4,"Describes specific engine disassembly tasks (block head, piston, wiring) suggesting real repair footage.",bengkel motor,UCOfktnZ4JCITGzyAxsRDijA,hands,motorcycle-small-engine-repair,wave1,2026-09-14,scraper,109
https://www.youtube.com/@rd350hmwracingandrestorations,@rd350hmwracingandrestorations,RD 350 HMW RACING AND RESTORATIONS,791,105,4,"RD350 restoration and engine modification shop, hands-on rebuild work implied.",motorcycle engine rebuild,UCLV4JNNz9EP_IQZhZ8r79SQ,hands,motorcycle-small-engine-repair,wave1,2026-09-14,scraper,105
https://www.youtube.com/@remajamotor6281,@remajamotor6281,remaja motor,2050,295,4,"Motorcycle repair channel covering engine, CVT, carburetor and injection service and settings.",motosiklet tamiri,UCbH81JSXN2B1PCw4XpVoeeQ,hands,motorcycle-small-engine-repair,wave1,2026-09-14,scraper,295
https://www.youtube.com/@repairandrepeat,@repairandrepeat,repair&repeat,6540,369,4,"Small engine, chainsaw and brush cutter repair channel with occasional unboxing content mixed in.",chainsaw repair,UC96F06FZ8bIBxvlB31-W05Q,hands,motorcycle-small-engine-repair,wave1,2026-09-14,scraper,369
https://www.youtube.com/@repairingshorts,@repairingshorts,Repairing Shorts,5500,69,4,Shorts-format restoration and repair channel for small garden/agricultural engines including chainsaws and generators.,chainsaw repair | generator repair,UCKPpnfbjlbSfmF9brgA44FA,hands,motorcycle-small-engine-repair,wave1,2026-09-14,scraper,69
https://www.youtube.com/@retromotoua,@retromotoua,Retromotoua,2010,438,4,"Restoration and repair of old motorcycles channel, sales also mentioned.",ремонт мотоцикла,UCv9LpgN72g5EIL2BXWM2FHQ,hands,motorcycle-small-engine-repair,wave1,2026-09-14,scraper,438
https://www.youtube.com/@rickymotorbengkelinjeksi7389,@rickymotorbengkelinjeksi7389,ricky motor bengkel injeksi,1530,58,4,Channel dedicated to teaching fuel-injection motorcycle repair and troubleshooting other motorcycle damage types.,bengkel motor,UCTQOnINOxtW0VmW5kSo3Olw,hands,motorcycle-small-engine-repair,wave1,2026-09-14,scraper,58
https://www.youtube.com/@rinku.bike.garage,@Rinku.bike.garage,Rinku bike garage,185,128,4,"Bike garage channel description promises daily garage work, engine problem solutions and servicing videos.",bike repairing Hindi,UCORuwNjI78wEl_yvjrH1vPA,hands,motorcycle-small-engine-repair,wave1,2026-09-14,scraper,128
https://www.youtube.com/@rizkiparnet,@rizkiparnet,chanel abizard motor,3080,98,4,"Bore-up and motorcycle repair channel with garage tools content, described directly.",bengkel motor,UCC_KjCRlCfKBSnj3V7xqwBg,hands,motorcycle-small-engine-repair,wave1,2026-09-14,scraper,98
https://www.youtube.com/@rizqimotorpeniron2908,@rizqimotorpeniron2908,RIZQI MOTOR peniron,5980,284,4,"Named shop doing injection service, oil change, and engine service and repair.",bengkel motor,UCApgScSPlWmSKQdtbZcPLBg,hands,motorcycle-small-engine-repair,wave1,2026-09-14,scraper,284
https://www.youtube.com/@rkmotorsports,@RKMotorsports,RK Motorsports,238000,159,4,Motorcycle rebuild documentation with how-to tips and bike scene coverage.,motorcycle engine rebuild | Motorrad reparieren,UCEWcaprJPyvUdzSyBktSIKA,hands,motorcycle-small-engine-repair,wave1,2026-09-14,scraper,159
https://www.youtube.com/@robertoluiscarrasco7745,@robertoluiscarrasco7745,RESTAURACIONES MOTERAS (Mecánica de motos),563,297,4,Motorcycle restoration channel dedicated to classic and modern bike rebuilds.,reparación de motos,UCxzPvxhnOIfJcf1m3YN8nGg,hands,motorcycle-small-engine-repair,wave1,2026-09-14,scraper,297
https://www.youtube.com/@roboticmowerservices,@RoboticMowerServices,Robotic Mower Services,7070,284,4,Robotic mower sales and repair service channel with hands-on troubleshooting content.,lawn mower repair,UCPpgYBGwFrAK8OxoC8UhNSQ,hands,motorcycle-small-engine-repair,wave1,2026-09-14,scraper,284
https://www.youtube.com/@s%e1%bb%adaxechihieu95hg,@S%E1%BB%ADaXeChiHieu95HG,Sửa Xe Chí Hiếu HG,109,270,4,Motorcycle repair and parts replacement shop with clear location and service description.,sửa xe máy,UCEQYxdYS7CECq54i4nMCVmQ,hands,motorcycle-small-engine-repair,wave1,2026-09-14,scraper,270
https://www.youtube.com/@saddamali_bikeservice,@saddamali_bikeservice,Saddam Ali Bike Service,548,336,4,Step-by-step motorcycle maintenance guide channel covering basic to complex internal repairs.,motorcycle repair shop,UCZY6mvF39fI2-e2iRxKniJg,hands,motorcycle-small-engine-repair,wave1,2026-09-14,scraper,336
https://www.youtube.com/@saddanmotos,@saddanmotos,SaddanMotos Oficina Mecânica,8470,112,4,"Motorcycle workshop with title showing belt transmission kit installation, real repair work shown.",mecânica de motos,UCtmcVwvYPm1Cmfkw5aHRlbA,hands,motorcycle-small-engine-repair,wave1,2026-09-14,scraper,112
https://www.youtube.com/@sadulurmotor,@SADULURMOTOR,sadulur motor,236,92,4,Motorcycle tutorial channel explicitly focused on motor repair tutorials.,motosiklet tamiri,UCSPxrBWFnRAgpExhfHSHYXQ,hands,motorcycle-small-engine-repair,wave1,2026-09-14,scraper,92
https://www.youtube.com/@sajirbikeguru,@SAJIRBIKEGURU,sajir bike guru,586000,2099,4,"Detailed description of engine assembly, wiring, CDI, armature and ignition repair training content.",bike repairing | bike repairing Hindi | bike servicing Bangla,UCKNTeWxHa2LUv5xfhR2pphQ,hands,motorcycle-small-engine-repair,wave1,2026-09-14,scraper,2099
https://www.youtube.com/@sajirbiketechnical,@sajirbiketechnical,sajir bike technical,105000,941,4,Bike technical channel showing repairing videos for various bike models and companies.,bike servicing Bangla,UCC8TyP5t0qiDL0NInf5wb5A,hands,motorcycle-small-engine-repair,wave1,2026-09-14,scraper,941
https://www.youtube.com/@sakti_jaya_motor,@Sakti_jaya_motor,SAKTI JAYA MOTOR,305,150,4,Indonesian motorcycle workshop (bengkel) channel focused on automotive/motorcycle repair content.,تعمیر موتور سیکلت,UC6AI55lRbqw56mJE1vgEGbA,hands,motorcycle-small-engine-repair,wave1,2026-09-14,scraper,150
https://www.youtube.com/@sawextreme,@sawextreme,SawXtreme,3490,249,4,Chainsaw repair and maintenance channel covering carburetor adjustment and engine repair guides.,chainsaw repair,UCsg_wBnv5k-aVrSQOC7_2Xw,hands,motorcycle-small-engine-repair,wave1,2026-09-14,scraper,249
https://www.youtube.com/@schainsawservice2559,@schainsawservice2559,S chainsaw service,9970,58,4,Chainsaw service channel name suggests dedicated repair shop content in Hindi region.,chainsaw repair,UCugjEYg-5lnxgBy_0nePfVg,hands,motorcycle-small-engine-repair,wave1,2026-09-14,scraper,58
https://www.youtube.com/@scoot-repair16,@scoot-repair16,Scoot Repair TV,12100,73,4,"German scooter (Motorroller) repair and maintenance tips channel, dedicated to hands-on fixes.",scooter repair | Motorrad reparieren | Fernseher reparieren,UCPAqVkzCAL_c3S5SiCgTHGA,hands,motorcycle-small-engine-repair,wave1,2026-09-14,scraper,73
https://www.youtube.com/@scooter-rivne,@Scooter-Rivne,Scooter.rv.ua,12100,137,4,Scooter repair channel run by parts-shop mechanic sharing DIY repair tricks and part reviews.,ремонт скутера,UC2C0NGsYsqMB9ddDn67Rjvg,hands,motorcycle-small-engine-repair,wave1,2026-09-14,scraper,137
https://www.youtube.com/@scootergarageservice,@ScooterGarageService,Scooter Garage Service ,4780,364,4,"Scooter maintenance channel promising detailed reviews, tuning tips and pulley prep, technical focus.",réparation moto | Motorrad reparieren,UCHdHqOwyyGBwEFArqVAW5pQ,hands,motorcycle-small-engine-repair,wave1,2026-09-14,scraper,364
https://www.youtube.com/@scooterrepairfl,@ScooterRepairFL,Scooter Repair,31,59,4,Electric scooter repair shop channel with titles showing tire repair and daily shop work on camera.,scooter repair,UCtpqLcdPflhySOdA6beLxPg,hands,motorcycle-small-engine-repair,wave1,2026-09-14,scraper,59
https://www.youtube.com/@scootertime-channel,@ScooterTime-Channel,Scooter-Time,16700,79,4,"Two-wheeler repair and parts review channel, young channel focused on scooter/moped repair.",ремонт скутера,UCXjEwe0WcZ-DK_lOSR4A-Gg,hands,motorcycle-small-engine-repair,wave1,2026-09-14,scraper,79
https://www.youtube.com/@scottsshed,@ScottsShed,Scotts Shed,2190,52,4,"Motorbike and ATV repair channel, hands-on DIY fixing described directly by the owner.",outboard motor repair,UCHrbse2s5drx4dAdWuKVjCQ,hands,motorcycle-small-engine-repair,wave1,2026-09-14,scraper,52
https://www.youtube.com/@selskiymastermihail,@SelskiyMasterMihail,Сельский Мастер Михаил,52500,550,4,"Channel dedicated to gas-powered equipment repair, fits small engine repair scope.",ремонт скутера,UCuVkwTTzsYjKRNA4buqYeVw,hands,motorcycle-small-engine-repair,wave1,2026-09-14,scraper,550
https://www.youtube.com/@sentrikgarage,@sentrikgarage,Sentrik Garage,4470,95,4,"Motorcycle maintenance and repair tutorial channel aimed at novice viewers, hands-on focus.",motorcycle repair shop | تعمیر موتور سیکلت,UCoJiOATJTe_1g_i2oPm_amQ,hands,motorcycle-small-engine-repair,wave1,2026-09-14,scraper,95
https://www.youtube.com/@serdjo1981,@SerDjo1981,Сергей Берестовский,6700,230,4,Personal channel documenting IZH Planeta motorcycle maintenance and repair work in detail.,ремонт мотоцикла,UC46ebrnuhinWyPvk1yUU2Xw,hands,motorcycle-small-engine-repair,wave1,2026-09-14,scraper,230
https://www.youtube.com/@sergeitv-ju6zc,@SERGEITV-ju6zc,SERGEI Бензодом46 TV,1970,131,4,"Dedicated repair service for chainsaws and brushcutters (бензокосы-бензопилы), real repair jobs.",ремонт бензопилы,UCnCJ8F37fcQofPRwmcEnPCQ,hands,motorcycle-small-engine-repair,wave1,2026-09-14,scraper,131
https://www.youtube.com/@serikmailan,@Serikmailan,Мотоцикл ремонт,14600,210,4,"Chinese motorcycle repair channel covering engine and gearbox faults with quick-fix videos, also sells bikes.",ремонт мотоцикла,UCUHraUm21QrNFAOD4w4IVIw,hands,motorcycle-small-engine-repair,wave1,2026-09-14,scraper,210
https://www.youtube.com/@seselmotortamir,@SeselMotorTamir,Sesel Motor Tamir ,241,60,4,"Motorcycle repair shop with titles on ECU software, engine rebuild results and starter motor issues.",motosiklet tamiri,UCuYqbGJeIxi9bUmqOTlVW_Q,hands,motorcycle-small-engine-repair,wave1,2026-09-14,scraper,60
https://www.youtube.com/@shibadas-w5r,@ShibaDas-w5r,Chhotu mechanic,88,82,4,"Bike and car repair channel detailing engine, clutch plate, timing chain, servicing work with bike as major share.",تعمیر موتور سیکلت,UCTFlChRkX4VvmRKvlc66a3w,hands,motorcycle-small-engine-repair,wave1,2026-09-14,scraper,82
https://www.youtube.com/@shivambikemachenic,@Shivambikemachenic,Shivam bike machenic ,49,139,4,Bike mechanic channel promising repair videos for BS4/BS6 bikes across brands.,motorcycle repairing,UCM1F1GgQJfcCbYPzRolmSuQ,hands,motorcycle-small-engine-repair,wave1,2026-09-14,scraper,139
https://www.youtube.com/@shreelakshmibikes,@ShreeLakshmiBikes,Shree Lakshmi Bikes Scooters Workshop,684,131,4,"Scooter and bike workshop channel covering repair, service, electric conversion and sales consultancy.",bike repair Tamil,UClu0YKwPZR7fX6PpQf5LAgQ,hands,motorcycle-small-engine-repair,wave1,2026-09-14,scraper,131
https://www.youtube.com/@simon-chant-du-cliquet,@Simon-chant-du-cliquet,Song of cliquet,532000,296,4,"Scooter/moto tinkering channel describing hands-on wrenching with screws, 2-stroke and 4-stroke work.",réparation moto,UCPLXDo1wV6pdm87L3RfyEBA,hands,motorcycle-small-engine-repair,wave1,2026-09-14,scraper,296
https://www.youtube.com/@simonrepairing2870,@simonrepairing2870,Simon Repairing,1470,98,4,"Repairs motorcycles and cars with hands-on passion described, two-wheeler work likely a large share.",motorcycle repairing,UCtSX_kAn7ECTTdWU8Cmpztg,hands,motorcycle-small-engine-repair,wave1,2026-09-14,scraper,98
https://www.youtube.com/@skautocare,@skautocare,SK Auto Care,5150,58,4,Two-wheeler servicing and repair channel including bike restoration content.,تعمیر موتور سیکلت,UCbWN8_dTr2FcDyveEhGWpwA,hands,motorcycle-small-engine-repair,wave1,2026-09-14,scraper,58
https://www.youtube.com/@sm.bike.service.7723,@sm.bike.service.7723,SM Bike Service,1600,174,4,"Bangla motorcycle service channel listing engine repair, valve clearance, FI system, wiring troubleshooting.",bike servicing Bangla,UCDZlcqmAKQdgX7fIQAZOnuA,hands,motorcycle-small-engine-repair,wave1,2026-09-14,scraper,174
https://www.youtube.com/@smallenginemechanic,@SmallEngineMechanic,SmallEngineMechanic,68600,367,4,Vintage generator and electrical equipment repair channel by a power generation technician.,small engine repair,UCnUOLTxgO9C1I4cgj3GshAA,hands,motorcycle-small-engine-repair,wave1,2026-09-14,scraper,367
https://www.youtube.com/@smbikepoint,@SMBIKEPOINT,SM BIKE POINT ,292,246,4,"Self-described professional mechanic sharing bike mechanic problems, name suggests hands-on repair content.",Motorrad reparieren,UC_YGQd9XUHwSM9fNFWkRxLA,hands,motorcycle-small-engine-repair,wave1,2026-09-14,scraper,246
https://www.youtube.com/@solidcyclesmotorcycleshop,@solidcyclesmotorcycleshop,SOLID CYCLES MOTORCYCLE SHOP,5570,188,4,"Motorcycle shop channel showing day-in-life service, diagnostics and custom fabrication on Harleys.",motorcycle repairing | motorcycle mechanic | motorcycle repair shop,UCHKj6l3T_mn8yTuQLqt5YRA,hands,motorcycle-small-engine-repair,wave1,2026-09-14,scraper,188
https://www.youtube.com/@solomaster432,@solomaster432,SoloMaster,601,159,4,"Channel about repairing/servicing various technika including chainsaws, hands-on repair focus.",ремонт скутера | ремонт бензопилы,UCznNLFdnJXvqRxo2Q4_NEcw,hands,motorcycle-small-engine-repair,wave1,2026-09-14,scraper,159
https://www.youtube.com/@sonabikespoint,@SonaBikesPoint,Sona Bikes Point,12600,605,4,Bike modification and engine repair shop naming Bullet and Yamaha engine work specifically.,Motorrad reparieren,UCcXu56YIesZvSC850IRBg2A,hands,motorcycle-small-engine-repair,wave1,2026-09-14,scraper,605
https://www.youtube.com/@sonilbhaibikerestoration,@Sonilbhaibikerestoration,Sonil bhai bike restoration ,6910,419,4,"Bike restoration channel covering complete restorations, engine rebuilds and maintenance with before-after transformations.",motorcycle restoration,UCA2QkplN2EnDFKNygdx3jYw,hands,motorcycle-small-engine-repair,wave1,2026-09-14,scraper,419
https://www.youtube.com/@sonu15g,@sonu15g,Sonu's Garage,1420,56,4,"Professional mechanic channel offering easy vehicle repair ways, garage-style content implied.",bike repairing Hindi,UC6iMAEU8nhspktT2ziSSQ8A,hands,motorcycle-small-engine-repair,wave1,2026-09-14,scraper,56
https://www.youtube.com/@spd-motors,@Spd-motors,Spd-motors,156,277,4,"Motorcycle maintenance, repair and custom build channel with road trip content mixed in.",Motorrad reparieren,UCl7TVquO56GlIFv69bEE_uA,hands,motorcycle-small-engine-repair,wave1,2026-09-14,scraper,277
https://www.youtube.com/@srmbikes9745,@srmbikes9745,SRM BIKES,4340,98,4,"Bike repairing centre describing modification, servicing and engine performance work on motorcycles.",Motorrad reparieren,UCy837hozSmKvWpF-1MYAEMQ,hands,motorcycle-small-engine-repair,wave1,2026-09-14,scraper,98
https://www.youtube.com/@staffordshires2,@staffordshires2,Ray's Repair Zone,2250,163,4,"Certified heavy duty mechanic showing varied repair work across machines, wood, metal fabrication.",chainsaw repair,UCni32YWv5_PIiwfNv4v56Nw,hands,motorcycle-small-engine-repair,wave1,2026-09-14,scraper,163
https://www.youtube.com/@suaxecongnghe8675,@suaxecongnghe8675,Trí Sửa Xe Honda,1710,266,4,"Named repair shop for Honda motorcycles with contact/address, real repair business.",sửa xe máy,UClJY-5HHtMXRF7rjHsuUgTA,hands,motorcycle-small-engine-repair,wave1,2026-09-14,scraper,266
https://www.youtube.com/@suaxehuunghia7939,@suaxehuunghia7939,SỮA XE HỮU NGHIÃ,4160,516,4,"Shares FI training, smart key and security systems for motorcycles - practical mechanic content.",sửa xe máy | sửa đồng hồ cơ,UCVtPtPnfjl-F9ACk3zk2kqQ,hands,motorcycle-small-engine-repair,wave1,2026-09-14,scraper,516
https://www.youtube.com/@suaxetaygachantinh,@Suaxetaygachantinh,SỬA XE TAY GA CHÂN TÌNH ,2660,1965,4,"Specializes in scooter clutch/drive (nồi xe tay ga) repair, a specific mechanical task.",sửa xe máy,UCgI5vpIt6eX-Wdk1LkD-Kpg,hands,motorcycle-small-engine-repair,wave1,2026-09-14,scraper,1966
https://www.youtube.com/@subhashkumar-iy9rg,@SubhashKumar-iy9rg,Bike repair vlog,134,72,4,Bike repair vlog shorts showing engine and gearbox fitting work on Splendor motorcycles.,تعمیر موتور سیکلت,UCI1GrqY-uOlQRoILdInXrPg,hands,motorcycle-small-engine-repair,wave1,2026-09-14,scraper,72
https://www.youtube.com/@superrepairing,@superrepairing,super repairing,2470,617,4,Small engine repair channel name listing specific brush cutter and chainsaw models serviced.,chainsaw repair,UCoccvZmGapWKOLlOrT1K4lA,hands,motorcycle-small-engine-repair,wave1,2026-09-14,scraper,617
https://www.youtube.com/@suryabikeservicecenter,@SURYABikeSERVICECENTER,Surya Bike Service Centre,100,51,4,"Bike service centre channel doing modification, servicing and mechanic work.",تعمیر موتور سیکلت,UCpPOsYDvX0I_4sg7mtzKfRw,hands,motorcycle-small-engine-repair,wave1,2026-09-14,scraper,51
https://www.youtube.com/@tacticalpowerpro,@tacticalpowerpro,Tactical Power Pro,5880,100,4,"Generator repair channel with step-by-step tutorials, troubleshooting and real service calls shown.",generator repair,UCC5cXMh7R79O43Sv-BVWsrg,hands,motorcycle-small-engine-repair,wave1,2026-09-14,scraper,100
https://www.youtube.com/@tallermillerdemotoselectri1595,@tallermillerdemotoselectri1595,Taller Miller de motos eléctricas,39600,843,4,"Electric motorcycle/scooter repair shop covering batteries, chargers, controllers and motors, described as full-service workshop.",reparación de motos,UCnPZBr-i_YprRTToe8wQQ-w,hands,motorcycle-small-engine-repair,wave1,2026-09-14,scraper,843
https://www.youtube.com/@tamiratcdi125,@tamiratcdi125,tamiratcdi125,16200,115,4,Persian motorcycle engine repair tutorial channel with special tricks and techniques.,تعمیر موتور سیکلت,UCMSHEnTs-CGta68md4yiJcQ,hands,motorcycle-small-engine-repair,wave1,2026-09-14,scraper,115
https://www.youtube.com/@tantientayga,@tantientayga,TIẾN BÌNH DƯƠNG,71500,805,4,Vietnamese motorcycle electrical repair channel focused on new-gen bike wiring tech and shop technique sharing.,sửa xe máy,UCGh05YyqUnaXt26c0pml8PA,hands,motorcycle-small-engine-repair,wave1,2026-09-14,scraper,805
https://www.youtube.com/@tarylfixesall,@TarylFixesAll,Taryl Fixes All,350000,990,4,"Long-running small engine repair channel with real fixes, though scripted skits and entertainment format included.",small engine repair | lawn mower repair | chainsaw repair | generator repair,UC2Cd9kKYXFakV7ChvU_rjKw,hands,motorcycle-small-engine-repair,wave1,2026-09-14,scraper,990
https://www.youtube.com/@technicalhelpmk,@Technicalhelpmk,Technical help mk,213000,700,4,"Technical channel covering motorcycle/scooter repair plus generator and water pump repair, real problem-solving focus.",scooter repair,UCpJIVLWUHHZIqSuj064A3cw,hands,motorcycle-small-engine-repair,wave1,2026-09-14,scraper,700
https://www.youtube.com/@technohome2,@technohome2,TECHNO HOME,1200,56,4,"Step-by-step repair instructions for gas/electric garden and construction tools, hands-on format.",ремонт бензопилы,UC1w0vcxhz8UbzjWglnBdwaA,hands,motorcycle-small-engine-repair,wave1,2026-09-14,scraper,56
https://www.youtube.com/@techworksinfo,@techworksinfo,Tech Works Info,1180,85,4,Generator and engine restoration channel with fabrication and mechanical repair work shown.,generator repair,UCLi55AG_zLt9GJ86z37WQzg,hands,motorcycle-small-engine-repair,wave1,2026-09-14,scraper,85
https://www.youtube.com/@terng11962,@Terng11962,ช่างเทิง ไทยสกล,2930,378,4,Titles show actual motorcycle disassembly and tire removal techniques with hands-on demonstration format.,ซ่อมมอเตอร์ไซค์,UCe1aj0SbIWxIycnv1yMRjhA,hands,motorcycle-small-engine-repair,wave1,2026-09-14,scraper,378
https://www.youtube.com/@thebarnbrothers,@thebarnbrothers,The Barn Brothers,114000,549,4,Two brothers doing hands-on engine work including electric motor swaps in race cars.,outboard motor repair,UCm8kvQiQVxJBiCj0Jgeuc1w,hands,motorcycle-small-engine-repair,wave1,2026-09-14,scraper,549
https://www.youtube.com/@theboatsguy,@THEBOATSGUY,THEBOATSGUY,1170,198,4,"Marine channel covering outboard maintenance, servicing, repair and boat restoration with hands-on focus.",outboard motor repair,UCC6eYxM2fTkRau38m-zOh9Q,hands,motorcycle-small-engine-repair,wave1,2026-09-14,scraper,198
https://www.youtube.com/@theoldmechanic,@TheOldMechanic,The Old Mechanic,43300,618,4,Hands-on BMW motorcycle maintenance channel by experienced hobbyist mechanic sharing real repair skills.,motorcycle mechanic,UCqqeROyCJrgS8cugvCTxHxQ,hands,motorcycle-small-engine-repair,wave1,2026-09-14,scraper,618
https://www.youtube.com/@thetubetek,@thetubetek,Tube Tek,1440,324,4,"Mechanical support channel discussing engine head cleaning, valve guides and bike/engine problem solving.",تعمیر موتور سیکلت,UCPAka4BgjHtVhxnqRxysiig,hands,motorcycle-small-engine-repair,wave1,2026-09-14,scraper,324
https://www.youtube.com/@tikormotos,@tikormotos,TIKORMOTOS,27400,660,4,"Dedicated motorcycle maintenance and repair tutorial channel per description, practical focus.",ميكانيكا دراجات نارية,UCb4aRWZblcyHVoBHOylv6-w,hands,motorcycle-small-engine-repair,wave1,2026-09-14,scraper,660
https://www.youtube.com/@tommy-time5240,@tommy-time5240,Tommy-Time,4440,1875,4,"Repairs and sells small engines including mowers, generators and a motorcycle collection needing upkeep.",lawn mower repair,UCFerPb9axGJfYgzsi55vSaA,hands,motorcycle-small-engine-repair,wave1,2026-09-14,scraper,1875
https://www.youtube.com/@tomsworkshopprojects,@tomsworkshopprojects,Tom's Workshop,7600,65,4,"Personal workshop restoring and maintaining multiple motorcycles, hands-on repair focus.",motorcycle engine rebuild,UCrF90hmfhhlOQfiYXDPJeaw,hands,motorcycle-small-engine-repair,wave1,2026-09-14,scraper,65
https://www.youtube.com/@trannam-dichvuxemay,@trannam-dichvuxemay,Trần Nam - Dịch Vụ Xe Máy,22300,1180,4,Motorcycle repair service channel sharing technical knowledge with shop address and services.,sửa xe máy,UCL1_p1FKzGSLN6WttX8BlMQ,hands,motorcycle-small-engine-repair,wave1,2026-09-14,scraper,1180
https://www.youtube.com/@trucosdemecanicademotos,@trucosdemecanicademotos,trucos de mecanica de motos,75500,6333,4,Motorcycle mechanic tricks channel focused on repairs without part replacement.,mecánica de motos | mecânica de motos,UCWH84K2JQCdK0NQaZhUvO5w,hands,motorcycle-small-engine-repair,wave1,2026-09-14,scraper,6333
https://www.youtube.com/@trucosmecanica4stroke,@trucosmecanica4stroke,MECANICA MOTOS 4 STROKE ,9390,862,4,Specialized technical service channel for four-stroke motorcycle maintenance and repair knowledge sharing.,reparación de motos | mecánica de motos | mecânica de motos,UCKZhdNKWnhftZs9jzb2IoXA,hands,motorcycle-small-engine-repair,wave1,2026-09-14,scraper,862
https://www.youtube.com/@trungtamkythuatxemayvietna5187,@trungtamkythuatxemayvietna5187,Trung Tâm Kỹ thuật Xe Máy Việt Nam,15000,850,4,"Vietnam motorcycle technical training center, practical institute likely showing bench repair sessions.",sửa xe máy,UCTBqwea78bmAK6LCsMIj6rg,hands,motorcycle-small-engine-repair,wave1,2026-09-14,scraper,850
https://www.youtube.com/@trungtamsuachuaxemayhanhto2221,@trungtamsuachuaxemayhanhto2221,trung tâm sửa chữa xe máy hạnh Toản,1020,469,4,"Repair center detailing fuel injection cleaning, ultrasonic injector service, diagnostics - real garage work.",sửa xe máy,UCiIdJa6PncjUBZ9o1B6K_pA,hands,motorcycle-small-engine-repair,wave1,2026-09-14,scraper,469
https://www.youtube.com/@ustaadabdulghafoor,@UstaadAbdulGhafoor,Ustaad Abdul Ghafoor,16100,238,4,Motorcycle DIY repair channel with step-by-step guides and life hacks for maintenance.,motorcycle repair | motorcycle mechanic | motorcycle repair shop,UC37UUkjdx9URzLupz5QC29g,hands,motorcycle-small-engine-repair,wave1,2026-09-14,scraper,238
https://www.youtube.com/@vgmechanic,@VGMECHANIC,VG MECHANIC,2060,55,4,"Bike mechanism and all-bike servicing channel, clear repair-shop focus.",تعمیر موتور سیکلت,UClZ4wxspZSdMwMGVfo-dz-Q,hands,motorcycle-small-engine-repair,wave1,2026-09-14,scraper,55
https://www.youtube.com/@vickybikerepair,@Vickybikerepair,Vicky bike repair ,482,155,4,"Named workshop (Verma Auto) with address, bike repair channel likely showing real shop jobs.",motorcycle repairing,UCf3v6oGg3ACKz2GUjEDpm0A,hands,motorcycle-small-engine-repair,wave1,2026-09-14,scraper,155
https://www.youtube.com/@vilbox5304,@vilbox5304,Vilbox,4360,67,4,"Dedicated electric scooter repair channel covering parts replacement, brakes, tires and electrical components.",ремонт скутера,UCCo4s8caEsN-fIb_cSa3pdw,hands,motorcycle-small-engine-repair,wave1,2026-09-14,scraper,67
https://www.youtube.com/@villamotos5767,@villamotos5767,villamotos,7320,236,4,Spanish channel teaching motorcycle mechanics and electrical repair skills.,تعمیر موتور سیکلت,UCz4cGq3N4Lnq6q11bkANkmg,hands,motorcycle-small-engine-repair,wave1,2026-09-14,scraper,236
https://www.youtube.com/@virargarage,@virargarage,Virar Garage,923,51,4,"Two-wheeler mechanic's garage channel from Virar, real automobile repair shop content.",تعمیر موتور سیکلت,UCpEzgptdr4MQ_31o5bUPdbg,hands,motorcycle-small-engine-repair,wave1,2026-09-14,scraper,51
https://www.youtube.com/@wahyudikadindimotor,@WahyudiKadindimotor,Kadindi motor,1530,161,4,Motorcycle repair shop channel documenting bikes under repair with tips and tutorials.,motosiklet tamiri,UCUcs8U_BmZwrLgVCt6q8UJQ,hands,motorcycle-small-engine-repair,wave1,2026-09-14,scraper,161
https://www.youtube.com/@wcjcnc,@wcjcnc,Copeland Small Engine Repair ,4400,181,4,Practical repair title (PTO wire harness) indicates real hands-on small engine troubleshooting content.,small engine repair | lawn mower repair | generator repair,UCBEyZpUxqkN8nJtMNtaFXiw,hands,motorcycle-small-engine-repair,wave1,2026-09-14,scraper,181
https://www.youtube.com/@westcoastmusclesaws,@WestCoastMuscleSaws,WestCoastMuscleSaws TheChainSawGuy ,32900,4022,4,"Chainsaw restoration and repair channel with welding and porting, some builds showcase-focused.",chainsaw repair,UCLTlOnkJOP6tJQrNzBZv_lg,hands,motorcycle-small-engine-repair,wave1,2026-09-14,scraper,4022
https://www.youtube.com/@workmastera2z,@workmastera2z,workmastera2z ,129,131,4,"Workshop channel covering bike repair, engine, clutch, brake plus fabrication and machine repair in Hindi.",bike repairing Hindi,UCsrGFvWOViYxKSk539nwYRw,hands,motorcycle-small-engine-repair,wave1,2026-09-14,scraper,131
https://www.youtube.com/@workshopmen56,@WorkshopMEN56,Men56 - Premium Bike Service Official,47600,242,4,"Vietnamese scooter workshop specializing in CVT/transmission repair for scooters, business with real repair services.",Motorrad reparieren,UCkp6jRVJcVp8ELLSoMlIyyQ,hands,motorcycle-small-engine-repair,wave1,2026-09-14,scraper,242
https://www.youtube.com/@wyattmitchell-m3e,@WyattMitchell-m3e,wyatts small engine repair ,40,53,4,"Small engine repair videos channel, name-based evidence with minimal description detail.",small engine repair,UCym7jCzvzbEql82q4PFGo2Q,hands,motorcycle-small-engine-repair,wave1,2026-09-14,scraper,53
https://www.youtube.com/@yunusmotor,@yunusmotor,yunus motor,540000,3898,4,"Channel explicitly about tutorial, analysis and repair of all motorcycle types.",bengkel motor,UCbftbNPzAVQRXLYT_LveKRg,hands,motorcycle-small-engine-repair,wave1,2026-09-14,scraper,3898
https://www.youtube.com/@zendmotor-r1y,@ZENDMOTOR-r1y,Zend Motor,56,77,4,Tutorial channel specifically about motorcycle repair shop procedures.,bengkel motor,UCzWdXFDgBvL0sZMPW6PL-ZQ,hands,motorcycle-small-engine-repair,wave1,2026-09-14,scraper,77
https://www.youtube.com/@%d0%a0%d0%b5%d0%b0%d0%bd%d0%b8%d0%bc%d0%b0%d1%82%d0%be%d1%80%d1%8b%d0%b0%d0%b2%d1%82%d0%be%d0%bc%d0%be%d1%82%d0%be,@%D0%A0%D0%B5%D0%B0%D0%BD%D0%B8%D0%BC%D0%B0%D1%82%D0%BE%D1%80%D1%8B%D0%B0%D0%B2%D1%82%D0%BE%D0%BC%D0%BE%D1%82%D0%BE,Реаниматоры авто Мото ,2840,123,4,"Service business description details scooter and motorcycle engine repair, welding and plastic part fixes.",ремонт скутеров | ремонт скутера,UCImf0xUlgtR3Mnblo01Xexg,hands,motorcycle-small-engine-repair,wave1,2026-09-14,both,123
https://www.youtube.com/@2strokefanatic578,@2strokefanatic578,2 stroke fanatic (joe's small engine repair),519,357,4,"Small engine repair channel with strong personal repair background, hobby and side-job focus on engines.",small engine repair | chainsaw repair,UC9RwmB7ijO49U3Sg910aiAA,hands,motorcycle-small-engine-repair,wave1,2026-09-14,both,357
https://www.youtube.com/@academiamotofix,@Academiamotofix,Academia motofix,182,55,4,"Spanish moto mechanic channel with carburetor cleaning, engine install and brake hose replacement step-by-step videos.",mecánica de motos | ميكانيكا دراجات نارية,UCDn0mgq4X61mEAMVXEDqsWw,hands,motorcycle-small-engine-repair,wave1,2026-09-14,both,55
https://www.youtube.com/@alvintageoutboards,@ALVintageOutboards,American Legend Vintage Outboards ,3490,1091,4,"Vintage outboard collector offering how-to repair videos and parts, strong repair focus.",outboard motor | outboard motor repair,UCKilk3Kibly0jVAt_lT4ryA,hands,motorcycle-small-engine-repair,wave1,2026-09-14,both,1092
https://www.youtube.com/@amotorcyclenut,@Amotorcyclenut,A Motorcycle Nut,19600,200,4,"DIY motorcycle repair tutorials with diagnostics and cost-effective fixes, mixed with riding videos.",motorcycle repair | motorcycle repairing,UCZEdbq3TRJoprTq8_hGEA5w,hands,motorcycle-small-engine-repair,wave1,2026-09-14,both,200
https://www.youtube.com/@anjinhomotos,@AnjinhoMotos,Curso Anjinho Motos,485,83,4,"Motorcycle mechanics training channel with practical lesson titles on suspension, clutch, sensors, tire pressure.",mecânica de motos | ميكانيكا دراجات نارية,UCT2Ekbr-4RB7GSxGjgW3KtA,hands,motorcycle-small-engine-repair,wave1,2026-09-14,both,95
https://www.youtube.com/@aoneautoworkshop,@AOneAutoWorkshop,A One Auto Workshop,498,74,4,"Motorcycle repair channel with keyword-heavy description covering carburetor cleaning, clutch and engine rebuild.",motorcycle repair | bike repair | engine rebuild | motorcycle mechanic | watch repairing course,UCMzTUvlohLRk3Etac0AGfmQ,hands,motorcycle-small-engine-repair,wave1,2026-09-14,both,74
https://www.youtube.com/@baikefix_by_abhi,@baikefix_by_abhi,baikefix_by_abhi,940,84,4,"Step-by-step Hindi bike repairing guide covering engine, brakes, chain and clutch.",bike repairing | bike repair | bike repairing Hindi | Motorrad reparieren,UCVbCzaYssOT-nairkHHXE3A,hands,motorcycle-small-engine-repair,wave1,2026-09-14,both,90
https://www.youtube.com/@bellhoppersaws,@bellhoppersaws,Bellhopper mcculloch chainsaws,14600,1037,4,Dedicated chainsaw repair and rebuild/porting channel focused on mcculloch saws performance work.,chainsaw repair,UCC-8fUiAowh8-rsh_k8axlQ,hands,motorcycle-small-engine-repair,wave1,2026-09-14,both,1037
https://www.youtube.com/@bengkel08,@bengkel08,Bengkel motor standar,18100,1948,4,"Repair shop description details handling smoking engines, rough sounds, and various bike faults, business-style but specific.",bengkel motor | servis motor | motosiklet tamiri,UCsaly_22M8BZ-c0gX99wkDA,hands,motorcycle-small-engine-repair,wave1,2026-09-14,both,1948
https://www.youtube.com/@bengkelmotorandikaservice,@Bengkelmotorandikaservice,Tutorial Mesin Motor,2990,722,4,"Tutorial channel covering motor repair, disassembly, injection service and carburetor setting for Honda/Yamaha/Suzuki.",servis motor | bengkel motor,UCfe_kayLNhVzr-s_zbXZU0w,hands,motorcycle-small-engine-repair,wave1,2026-09-14,both,722
https://www.youtube.com/@bengkelmotorbogor2,@bengkelmotorbogor2,Giovanni Motor Bengkel Bogor,99,97,4,Bogor garage with titles showing bore-up process and daily repair jobs on scooters.,bengkel motor,UC_hjHsB3StU4aKaZqlM1rjQ,hands,motorcycle-small-engine-repair,wave1,2026-09-14,both,144
https://www.youtube.com/@bengkelmotorchannel3692,@bengkelmotorchannel3692,Bengkel Motor Channel,2660,1365,4,"Bengkel motor channel aimed at beginner mechanics, describes tire patching and engine disassembly tutorials.",bengkel motor,UCGGhYvuJwb-eO8i0TLN-fog,hands,motorcycle-small-engine-repair,wave1,2026-09-14,both,1366
https://www.youtube.com/@bengkelmotorghaib,@bengkelmotorghaib,SUPERNATURAL MOTOR WORKSHOP,89800,1403,4,Motorcycle engine workshop sharing customer repair jobs and mechanical knowledge exchange.,motorcycle workshop | bengkel motor,UCr-gABSwfpeix2dBvyAUEHg,hands,motorcycle-small-engine-repair,wave1,2026-09-14,both,1403
https://www.youtube.com/channel/uc5p55bs8nnjxyxqvvxobl8g,@berkatservis5981,Berkah Servis,640,64,4,"Titles show real diagnostic work on Yamaha NMax, Aerox with engine sputtering and noise issues.",bengkel motor | motosiklet tamiri,UC5p55bs8NNjxYXQVVXObL8g,hands,motorcycle-small-engine-repair,wave1,2026-09-14,both,63
https://www.youtube.com/@bikefixworkshop,@BikeFixWorkshop,Bike Fix Workshop,11100,185,4,"Motorcycle repair workshop channel with engine, mechanical problem solutions and workshop repair videos.",bike repair | motorcycle repair | motorcycle mechanic,UCEHM3zMi1PMRENjiK-erzCA,hands,motorcycle-small-engine-repair,wave1,2026-09-14,both,186
https://www.youtube.com/@bikehardmechanic966,@bikehardmechanic966,Prince mechanic,291,193,4,"Two-wheeler repair business with short clips showing silencer fitting, timing and piston problem fixes.",motorcycle repair | scooter repair,UCAEv8RI-bcXkg_ePhOUlbHw,hands,motorcycle-small-engine-repair,wave1,2026-09-14,both,220
https://www.youtube.com/@bikemechanicyt,@bikemechanicyt,Bike mechanic yt,160,111,4,"Titles show real bike service work: chain sprocket, clutch, service on Splendor/Honda models.",motorcycle repair | motorcycle mechanic,UCC1ld4wH9zGnvTyeQ09KDKw,hands,motorcycle-small-engine-repair,wave1,2026-09-14,both,108
https://www.youtube.com/c/bikepointkhajauli,@BikePointKhajauli,Bike Point Khajauli,209000,1627,4,Bike repair and servicing shop offering mechanical hand tools maintenance and training with business registration.,bike repairing | bike repair | scooter repair | bike repairing Hindi | Motorrad reparieren,UC6FejMHmWEOSVq8DZuL3AoQ,hands,motorcycle-small-engine-repair,wave1,2026-09-14,both,1628
https://www.youtube.com/@bikerlackyskn,@BikerLackyskn,Biker Lacky skn,304,72,4,"Mechanic channel with titles showing fuel pump repair, servicing and customer bike jobs on camera.",bike repairing | bike repair | motorcycle repairing | تعمیر موتور سیکلت,UCfa9oksh9hNDxtCYSulZWyQ,hands,motorcycle-small-engine-repair,wave1,2026-09-14,both,75
https://www.youtube.com/@cahayamotor11new55,@cahayamotor11new55,CAHAYA MOTOR 11 NEW,5640,167,4,"Otomotif tutorial and servis motor channel with shop address, business-style description of repair services.",servis motor,UCp5-EMjWWLAdFRo9Aci9r1w,hands,motorcycle-small-engine-repair,wave1,2026-09-14,both,168
https://www.youtube.com/@cannonballrepair7940,@cannonballrepair7940,Cannonball Repair,1960,111,4,DIY small engine and tractor repair channel with hands-on lawnmower repair focus.,small engine repair | chainsaw repair,UCwPWg_077wqFsFZuiGY1HYw,hands,motorcycle-small-engine-repair,wave1,2026-09-14,both,111
https://www.youtube.com/@chickanic,@Chickanic,Chickanic,928000,562,4,"Trained small engine tech running tutorials with hands-on repair focus, some reviews and tips mixed in.",small engine repair | lawn mower repair | chainsaw repair,UC-tQIeakd3uaiAAwjYHSy9Q,hands,motorcycle-small-engine-repair,wave1,2026-09-14,both,562
https://www.youtube.com/@chotumechanic07,@ChotuMechanic07,Chotu Mechanic 07,92,82,4,"Detailed description of engine repair tips, wiring, headlight fitting, step by step tutorials for bikes.",bike repairing | bike repair | scooter repair,UCcLb4Ox8ccqJsqiqLb7XyiA,hands,motorcycle-small-engine-repair,wave1,2026-09-14,both,93
https://www.youtube.com/@d5motortehnik05,@d5motortehnik05,D5 motor tehnik,5080,130,4,"Motor tehnik channel focused on lathe work, camshaft, boring and engine machining services.",bengkel motor,UCTkHz6EzcoYn6HEJisTIV5w,hands,motorcycle-small-engine-repair,wave1,2026-09-14,both,130
https://www.youtube.com/@dadurd6415,@dadurd6415,daduRD A1,2300,268,4,"Bike and scooter repair channel covering engine rebuilding, ABS brakes and workshop videos on real two-wheelers.",bike repair | scooter repair | engine rebuild | conserto de moto | ремонт мотоцикла | naprawa motocykla,UCC0u-74DQXR45qz3I7RlF6w,hands,motorcycle-small-engine-repair,wave1,2026-09-14,both,268
https://www.youtube.com/@dbmotorepairs,@dbmotorepairs,DBMotoRepairs - Motorcycle repairs & engineering.,596,90,4,"Qualified motorcycle mechanic's workshop channel, though recent titles show rides and catch-up vlogs.",motorcycle repair | engine rebuild | motorcycle repairing,UCAEYrbyK4V8rXQkPDy1u5Jw,hands,motorcycle-small-engine-repair,wave1,2026-09-14,both,96
https://www.youtube.com/@ddmotor26,@ddmotor26,ddmotor,61,146,4,"Dedicated motorcycle mechanic channel offering repair, maintenance and troubleshooting tutorials.",motorcycle repair | تعمیر موتور سیکلت,UCgkSaY1GJGsCC78M07CihDg,hands,motorcycle-small-engine-repair,wave1,2026-09-14,both,232
https://www.youtube.com/@devon.ferguson,@Devon.Ferguson,Devon Ferguson,252,60,4,Titles show brushcutter and chainsaw repair with real hands-on fixes among mowing business clips.,small engine repair | chainsaw repair,UCutatUYyokcq4z2tW_hU2wA,hands,motorcycle-small-engine-repair,wave1,2026-09-14,both,60
https://www.youtube.com/@diponkor100,@diponkor100,Dipongkor Bike Servicing ,294,222,4,"Bike service channel with valve, piston timing and engine repair titles showing hands-on mechanic work.",motorcycle repair | bike repairing | bike repair | bike servicing Bangla,UClvc2vG8D6Ry5O9NVtr1Daw,hands,motorcycle-small-engine-repair,wave1,2026-09-14,both,222
https://www.youtube.com/@ducvinhsuaxe5.0,@ducvinhsuaxe5.0,Đức Vinh Sửa Xe 5.0 ,899,276,4,Motorcycle diagnostic and electrical repair titles show specific fault troubleshooting like startup failure and diode function.,sửa xe máy,UCJhXDSBY_JNz-NYJ-3YpGug,hands,motorcycle-small-engine-repair,wave1,2026-09-14,both,430
https://www.youtube.com/@ebbikerepairing,@EBBikeRepairing,EB Bike Repairing,127,65,4,"Bike repairing titles show oil seal replacement, wiring searchlight install on real motorcycles.",bike repairing | bike repair,UCRxFFxVAa7PEY6RNAmiRj5w,hands,motorcycle-small-engine-repair,wave1,2026-09-14,both,66
https://www.youtube.com/@elmec%c3%a1nicodemotos,@ElMec%C3%A1nicoDeMotos,Motos con Nacho Bravo ,8210,241,4,"Engine disassembly, repairs and reviews on motorcycles, mixing hands-on work with reviews.",mecánica de motos | reparación de motos,UCVyb_kGjLL_bVa50ASmPHcw,hands,motorcycle-small-engine-repair,wave1,2026-09-14,both,241
https://www.youtube.com/@escoribikersmx,@escoribikersmx,Escoribikersmx,7290,88,4,"Channel dedicated to motorcycle mechanics with engine teardowns, repairs, electrical systems and modifications described.",mecánica de motos | reparación de motos,UCZqqmA71avE_A2aHjNMOXdw,hands,motorcycle-small-engine-repair,wave1,2026-09-14,both,88
https://www.youtube.com/@fdbikerepairing,@FDbikerepairing,FD bike repairing ,19700,88,4,"Focused on motorcycle electrical repair, wiring diagrams and troubleshooting with clear practical description.",bike repairing | bike repair | motorcycle repairing,UChCWBUSN_DXK8KgQ2nu9NOQ,hands,motorcycle-small-engine-repair,wave1,2026-09-14,both,88
https://www.youtube.com/@fjdelmonte,@fjdelmonte,Vintage British Motorcycle Repair,2830,1393,4,"Dedicated vintage British motorcycle repair channel focused on Triumphs, BSAs, Nortons restoration work.",motorcycle repair | motorcycle restoration | motorcycle repair shop | motorcycle repairing Urdu,UCyPOsdb1TJuo-q4Y7Fs7FUg,hands,motorcycle-small-engine-repair,wave1,2026-09-14,both,1393
https://www.youtube.com/channel/ucdxmquepc02tixbzyxbfs4q,@FullThrottleRepair-f1r,Full Throttle Repair,52,71,4,"Dedicated bike repair channel with engine work and service content, though titles show limited evidence.",motorcycle repair | bike repair,UCDXmquEPc02tIXBZYxbFS4Q,hands,motorcycle-small-engine-repair,wave1,2026-09-14,both,68
https://www.youtube.com/@garage1973,@garage1973,Garage 1973  Enfield & Engine's Work   ,10800,344,4,Royal Enfield Bullet restoration and engine rebuilding channel though also includes riding and road trip content.,engine rebuild | motorcycle engine rebuild,UCc8Qrn1M3xNOrayrLaW5-Vw,hands,motorcycle-small-engine-repair,wave1,2026-09-14,both,466
https://www.youtube.com/@garageatri93,@GarageATri93,Garage A Trí 93 - 176 Tuệ Tĩnh ,121,143,4,Titles show gearbox assembly and detailed CVT/engine restoration work at a professional repair garage.,sửa xe máy,UCQFBJMANhpQfXaXsEYbl8SA,hands,motorcycle-small-engine-repair,wave1,2026-09-14,both,192
https://www.youtube.com/@gastonmotorcyclewerks,@gastonmotorcyclewerks,Gaston Motorcycle Werks,350,94,4,Boutique vintage motorcycle repair and custom build shop with engine install and diagnostic titles.,motorcycle repair | motorcycle repair shop,UC_Jou08WxjzlZ0R9Kcvo32A,hands,motorcycle-small-engine-repair,wave1,2026-09-14,both,127
https://www.youtube.com/@gawangkasamotovlog,@GawangKasaMotoVlog,Gawang Kasa Motovlog,248,98,4,"Real motorcycle mechanic shop filming daily customer repairs, engine troubleshooting, before/after results.",motorcycle mechanic | motorcycle repair shop,UCCuS4HUBj_A68SDEq3A9DUA,hands,motorcycle-small-engine-repair,wave1,2026-09-14,both,99
https://www.youtube.com/@giwmotor7012,@giwmotor7012,Giw Motor 70,2190,190,4,"Physical workshop offering motor service, welding, custom frame fabrication and mechanical repairs.",servis motor | motosiklet tamiri,UC7D9MSdAWoRgUC2vtdyvCrw,hands,motorcycle-small-engine-repair,wave1,2026-09-14,both,190
https://www.youtube.com/@guptaji_bike_repair_tricks,@Guptaji_bike_Repair_Tricks,Gupta ji Bike Repair Tricks ,4010,1021,4,"Dedicated bike repair tricks and techniques channel, likely hands-on content.",bike repair | motorcycle repairing,UC3qOVBGSSLXdST-z7HRrEiA,hands,motorcycle-small-engine-repair,wave1,2026-09-14,both,1021
https://www.youtube.com/@hafizbikerepairing4738,@hafizbikerepairing4738,Hafiz Bike Repairing,1940,151,4,"Dedicated Honda CG125/CD70 bike repairing channel description, no titles but strong signal.",bike repairing | bike repair | motorcycle repairing | تعمیر موتور سیکلت,UCG1O-FNQClT_2aNvU8rKttA,hands,motorcycle-small-engine-repair,wave1,2026-09-14,both,151
https://www.youtube.com/@hassanautos42,@hassanautos42,Hassan Bike Repairing,2200,90,4,"Bike specialist channel promising restoration and repair course content, business description.",bike repairing | bike repair | motorcycle repairing | motorcycle repairing Urdu,UC-SWNUNoc-0GI9DdLgmmUow,hands,motorcycle-small-engine-repair,wave1,2026-09-14,both,90
https://www.youtube.com/@honda-tak,@Honda-Tak,HONDA-TAK,1930,251,4,"Dedicated Persian motorcycle channel promising engine rebuilds, electrical troubleshooting and workshop tutorials.",motorcycle repair | engine rebuild | تعمیر موتور سیکلت,UC-Qo2iU-9l4zhXCIItf31kA,hands,motorcycle-small-engine-repair,wave1,2026-09-14,both,255
https://www.youtube.com/@huanhuynh965,@huanhuynh965,điện tử xe máy,103,264,4,"Titles show specific electronic repairs: smart key fob, digital dashboard LCD, ignition fault diagnosis.",sửa xe máy,UCoAgwosBxki1ecFQrMf7FTg,hands,motorcycle-small-engine-repair,wave1,2026-09-14,both,393
https://www.youtube.com/@imranbikeworks,@ImranBikeworks,Muhammad Imran ,132,92,4,Urdu bike repair channel showing accident damage fixes and full repair processes on Honda 70 and ATVs.,bike repair | motorcycle repairing Urdu,UCdtgXuF9B03rry5Ram5mwiA,hands,motorcycle-small-engine-repair,wave1,2026-09-14,both,184
https://www.youtube.com/@imsmotor8564,@imsmotor8564,IMS MOTOR,2650,767,4,"Bengkel motor describing parts, service and repair of smoking/noisy engines with shop address.",bengkel motor | motosiklet tamiri,UCXg6abha0LvvzFC6dd_MjGQ,hands,motorcycle-small-engine-repair,wave1,2026-09-14,both,767
https://www.youtube.com/@imthemotomechanic,@ImTheMotoMechanic,The Moto Mechanic,170,133,4,Description describes first-person hands-on motorcycle repair teardowns and troubleshooting from a garage.,motorcycle repair | motorcycle mechanic | تعمیر موتور سیکلت,UCFmjfoB7bUFG-EwWtQpAOAw,hands,motorcycle-small-engine-repair,wave1,2026-09-14,both,137
https://www.youtube.com/@indrepair,@IndRepair,Individualized Repair,67100,372,4,"Small engine repair shop channel covering mowers, chainsaws, generators with hands-on step-by-step guides described.",small engine repair | lawn mower repair,UC3uRDpcoijq2DpV-FMRdMhg,hands,motorcycle-small-engine-repair,wave1,2026-09-14,both,372
https://www.youtube.com/@jalaluddinmondal4450,@jalaluddinmondal4450,BS6 Solutions Mondal Auto ,185,135,4,"Motorcycle repair shop with mechanic-tagged titles across multiple locations, real service work implied.",motorcycle repair | motorcycle repair shop,UCxM9nNnGQEuHg8A4hgD4rgw,hands,motorcycle-small-engine-repair,wave1,2026-09-14,both,226
https://www.youtube.com/@jameelautowork,@jameelautowork,jameel auto work,26200,191,4,"Dedicated bike repair and maintenance tutorial channel description, no titles but clear focus.",bike repair | تعمیر موتور سیکلت,UCTiZZrrdu8hG8ZiZeh1WExA,hands,motorcycle-small-engine-repair,wave1,2026-09-14,both,191
https://www.youtube.com/@jrretrorebuilds,@JRRetroRebuilds,JR Retro Rebuilds,2720,113,4,"Documents building a workshop business with engine rebuilds, welding, fabrication and motorcycle repair jobs.",motorcycle repair | bike repair | engine rebuild | motorcycle engine rebuild,UCj3US17XikHSpU39vbkgbiQ,hands,motorcycle-small-engine-repair,wave1,2026-09-14,both,113
https://www.youtube.com/@junk_garage,@junk_garage,#Джанкгараж,4870,101,4,"Workshop channel doing motorcycle maintenance, welding and machining alongside sport programs.",ремонт мотоциклов | ремонт мотоцикла,UClSzppR5pls0_KVcsl83yEw,hands,motorcycle-small-engine-repair,wave1,2026-09-14,both,101
https://www.youtube.com/@kbssmallenginerepair2615,@kbssmallenginerepair2615,KB's Small Engine Repair,12500,90,4,"Small engine repair channel sharing tips and business experience, hands-on focus implied.",small engine repair | lawn mower repair | chainsaw repair,UCD8H6j-dccHxzkg9JrU8aNw,hands,motorcycle-small-engine-repair,wave1,2026-09-14,both,90
https://www.youtube.com/@kenssmallenginerepair,@KensSmallEngineRepair,Ken’s Small Engine Repair - Mr. Mow It All,9120,1116,4,"Dedicated small engine repair channel specializing in older equipment, tractors and Kohler engines.",small engine repair | lawn mower repair,UCkanlTeBDTUwuCHV5ulpy8A,hands,motorcycle-small-engine-repair,wave1,2026-09-14,both,1116
https://www.youtube.com/@khmermotorcyclerepairisrea-z9d,@Khmermotorcyclerepairisrea-z9d,Khmer motorcycle repair is really great 2037,34,137,4,Khmer motorcycle repair channel with titles showing oil leaks and engine troubleshooting fixes on camera.,motorcycle repair,UCIJIMUVlUYuT2r-fK4DI23w,hands,motorcycle-small-engine-repair,wave1,2026-09-14,both,137
https://www.youtube.com/@kowasmotor,@Kowasmotor,Kowas motor,288,62,4,"Titles show CVT bearing removal and unitrack checks, real hands-on motorcycle mechanic work.",servis motor,UCSpETY9pw6MaJutHI9hpUiw,hands,motorcycle-small-engine-repair,wave1,2026-09-14,both,109
https://www.youtube.com/@labib079,@Labib079,Labib Bike Service Center,1760,1077,4,Motorcycle service center channel describing step-by-step repair guides and workshop content from mechanics.,motorcycle repair | motorcycle repair shop,UCyIjqL9BllTbHMvR9BPJjVQ,hands,motorcycle-small-engine-repair,wave1,2026-09-14,both,1078
https://www.youtube.com/@lahorimundabikerepairing,@lahorimundabikerepairing,lahori munda bike repairing ,398,51,4,"Titles show shock seal fitting, gearbox fitting on loader, though description leans toward restoration marketing.",bike repairing | bike repair | motorcycle restoration,UC1o0mMdu2UzNC7W4fktpt7A,hands,motorcycle-small-engine-repair,wave1,2026-09-14,both,51
https://www.youtube.com/@lakhachahal-s1b,@LakhaChahal-s1b,Motorcycle 🏍️ Repair ,32,137,4,Bike repair centre channel with titles showing wiring and repair work at a named shop.,motorcycle mechanic | conserto de moto | naprawa motocykla,UCy6aRfF0paOoFz2kdWnx7bw,hands,motorcycle-small-engine-repair,wave1,2026-09-14,both,180
https://www.youtube.com/@lalitkumar01777,@LalitKumar01777,Lalit motorcycle gerej ,31200,2495,4,Motorcycle garage channel promising step-by-step repairing and servicing videos with spare parts info.,motorcycle repair | motorcycle repairing | bike repairing | bike repair,UCtdbbZTWMA90eETbyleZubQ,hands,motorcycle-small-engine-repair,wave1,2026-09-14,both,2496
https://www.youtube.com/@lambaumotorchanel,@lambaumotorchanel,Lambau Motor chanel,8960,1059,4,"Bengkel motor tutorial channel covering engine mechanics, parts reviews and troubleshooting for 2-stroke and 4-stroke motors.",bengkel motor,UC-icHPpZ9ynH_dilcj9O4Pw,hands,motorcycle-small-engine-repair,wave1,2026-09-14,both,1059
https://www.youtube.com/@mangcaloy,@MangCaloy,MangCaloy,17600,126,4,"Motorcycle mechanic channel covering wiring and engine issues on big and small bikes, real repair focus.",motorcycle mechanic | motorcycle repair | motorcycle repairing | motorcycle repair shop,UCHWh8aQ_CkFwI-4OHkdqsKQ,hands,motorcycle-small-engine-repair,wave1,2026-09-14,both,126
https://www.youtube.com/@mec%c3%a1nicademotosacademy,@Mec%C3%A1nicadeMotosAcademy,Mecánica de Motos Academy,8650,64,4,Motorcycle mechanics academy with detailed tutorials from basic adjustments to advanced repairs.,mecánica de motos | reparación de motos | mecânica de motos,UCcN-rlKMcFk4qXTdlNvRCDw,hands,motorcycle-small-engine-repair,wave1,2026-09-14,both,64
https://www.youtube.com/@mecanimotos503,@mecanimotos503,MECANIMOTOS 503,51100,322,4,Practical motorcycle mechanic classes with real diagnostics and workshop repairs described in detail.,mecánica de motos | reparación de motos,UCgOWZdAJmeUBEFHVGxebT4g,hands,motorcycle-small-engine-repair,wave1,2026-09-14,both,322
https://www.youtube.com/@mechanic-life-subha,@Mechanic-Life-Subha,@BikerLifeSubha,2670,521,4,Kolkata bike/scooter mechanic shop channel with garage address and repair training focus.,scooter repair,UCkJfNuCvPwQLUF9fpiooVDA,hands,motorcycle-small-engine-repair,wave1,2026-09-14,both,521
https://www.youtube.com/@michaelrestoration,@MichaelRestoration,Michael Restoration,213000,71,4,Dedicated vintage motorcycle restoration channel emphasizing repair and refurbishing of components.,motorcycle restoration,UCvZDTpDuRfme-eGLqonfBDg,hands,motorcycle-small-engine-repair,wave1,2026-09-14,both,71
https://www.youtube.com/@millerssmallenginerepair2142,@millerssmallenginerepair2142,Millers Small Engine Repair,366,130,4,"Small engine business channel with dirt bike, motorcycle and four-wheeler restoration and repair focus.",small engine repair | lawn mower repair,UCTLLfDCDFKS9TXWd7DUYp4Q,hands,motorcycle-small-engine-repair,wave1,2026-09-14,both,131
https://www.youtube.com/@mmbiketamil,@mmbiketamil,MM BIKE TAMIL ,2540,135,4,MM Bike Repair Shop channel explicitly focused on bike repair services in Tamil.,bike repair | bike repair Tamil,UCOZ98ZJEoQVQWlU5t_m635A,hands,motorcycle-small-engine-repair,wave1,2026-09-14,both,135
https://www.youtube.com/channel/ucyizynq92vmnitzwaeqrqfq,@motomec%C3%A1nicapro26,moto mecánica pro,202,55,4,Same content pattern as sister channel with carburetor cleaning and brake hose replacement tutorials shown step-by-step.,mecánica de motos | mecânica de motos | ميكانيكا دراجات نارية | تعمیر موتور سیکلت,UCYizYNq92VmNItZWAeqrQfQ,hands,motorcycle-small-engine-repair,wave1,2026-09-14,both,55
https://www.youtube.com/@motomecha530,@motomecha530,Moto Mecha,7300,168,4,"Experienced motorcycle shop owner sharing mechanical knowledge, though some track/riding background noted.",motorcycle repair | motorcycle repair shop,UCmysn0BBP7_sVF8J5pfFiqg,hands,motorcycle-small-engine-repair,wave1,2026-09-14,both,168
https://www.youtube.com/@motomedicyyc,@motomedicyyc,Moto Medic,25800,170,4,Mobile motorcycle mechanic filming customer bike jobs and own garage work as described.,motorcycle mechanic,UC_BunGCh9b4LNfolcZfmtpg,hands,motorcycle-small-engine-repair,wave1,2026-09-14,both,170
https://www.youtube.com/@motopratikizmir,@motopratikizmir,MOTO PRATİK İZMİR,1760,102,4,"Motorcycle repair shop covering mechanics, electrics and tires, family trade business with practical work.",motosiklet tamiri,UCV4ueDXrU84RNSBq0DqJCSA,hands,motorcycle-small-engine-repair,wave1,2026-09-14,both,102
https://www.youtube.com/@motopro6,@MotoPro6,Moto Pro,443,152,4,"Detailed description of diagnostics, carburetion, electrical and engine repair; titles suggest tip/explainer format rather than pure job-following.",mecánica de motos | conserto de moto,UCjDySYPr2Z2NccFiBXqmT7A,hands,motorcycle-small-engine-repair,wave1,2026-09-14,both,233
https://www.youtube.com/@motorcyclemachine8c,@motorcyclemachine8c,ustad Shahid ,27200,534,4,"Urdu motorcycle mechanic training channel covering engine, clutch, gear and electrical repair topics.",motorcycle repair | motorcycle mechanic | motorcycle repairing Urdu,UCHp7DZFAqMdERLug_LodhyQ,hands,motorcycle-small-engine-repair,wave1,2026-09-14,both,537
https://www.youtube.com/@motorcyclerepairtorbay,@motorcyclerepairtorbay,Motorcycle Repair Torbay,1410,128,4,Active motorcycle repair business filming DIY tips and teaching content for bikers.,motorcycle repair | motorcycle repairing | scooter repair,UCGXEGFUF1rYkJ31pEnqTySQ,hands,motorcycle-small-engine-repair,wave1,2026-09-14,both,128
https://www.youtube.com/@motorcycleworkshop123,@Motorcycleworkshop123,Janata motorcycle workshop,70,149,4,Motorcycle workshop/garage channel dedicated to repair and service work.,motorcycle repair | motorcycle repairing,UCDAsIpFkoGVNZqYGr7VMspg,hands,motorcycle-small-engine-repair,wave1,2026-09-14,both,150
https://www.youtube.com/@motosacademy,@MotosAcademy,Motos Academy | Mecanica de Motos,158,102,4,Motorcycle mechanics academy channel with course content and practical repair tutorials from scratch.,mecánica de motos | reparación de motos | mecânica de motos,UCtHqh2aM_KgT6GW6ohBJotg,hands,motorcycle-small-engine-repair,wave1,2026-09-14,both,102
https://www.youtube.com/@motoworks3695,@motoworks3695,motoworks,423,55,4,"Raider 150 engine overhaul, carb tune-up, clutch and caliper replacement titles show real repair work.",motorcycle repair | motorcycle engine rebuild,UCCdknt4FVVNIZjmLwuDIuAg,hands,motorcycle-small-engine-repair,wave1,2026-09-14,both,55
https://www.youtube.com/@n.r.toffroadperformance,@n.r.toffroadperformance,N.R.T OFFROAD PERFORMANCE,8140,4879,4,"Repair shop covering small and big engines, carburetor rebuilds, atvs, tractors and gokarts for customers.",small engine repair | carburetor rebuild,UCnKZiAfET-4JN5kZZNjMiQQ,hands,motorcycle-small-engine-repair,wave1,2026-09-14,both,4879
https://www.youtube.com/@neresmotos1975,@neresmotos1975,NERES MOTOS,1910,59,4,"Dedicated motorcycle mechanic channel promising diagnostics and repair tips, description strongly on-topic though no titles shown.",mecânica de motos,UCY4AQow3n1ZDZAJLs2dFw6w,hands,motorcycle-small-engine-repair,wave1,2026-09-14,both,59
https://www.youtube.com/@newenglandchainsawworks,@NewEnglandChainsawWorks,New England Chainsaw Works,956,232,4,Dedicated chainsaw repair and performance modification channel with titles showing carburetor swaps and porting teardown.,chainsaw repair,UCYoxbdn3xy3uAF_oM_EXddQ,hands,motorcycle-small-engine-repair,wave1,2026-09-14,both,234
https://www.youtube.com/@newkhawajamotorcycleworkshop,@Newkhawajamotorcycleworkshop,🏍️New Khawaja motorcycle work shop 🏍️,200,90,4,"Motorcycle workshop with engine overhaul, restoration and gearbox repair titles showing real bench work.",bike repair | motorcycle repair shop,UCLVkRiS21zMbLR8Q91_iPsQ,hands,motorcycle-small-engine-repair,wave1,2026-09-14,both,98
https://www.youtube.com/@northernnewyorkparts,@northernnewyorkparts,Northern New York Parts - Small Engine Repairs,7460,1623,4,"Repair shop channel showing how-tos on trimmers, chainsaws, lawn mowers alongside business content.",small engine repair | lawn mower repair | chainsaw repair,UC7hOyBNWwZfxUCPcv0xSVcg,hands,motorcycle-small-engine-repair,wave1,2026-09-14,both,1625
https://www.youtube.com/@notamotorbikemechanic,@notamotorbikemechanic,Man Cave Motorcycles,4630,140,4,Home mechanic channel explicitly showing attempts at motorcycle repair with basic tools on own and friends' bikes.,motorcycle mechanic | تعمیر موتور سیکلت,UCFV4ve_A69n4VD0gQa8txMQ,hands,motorcycle-small-engine-repair,wave1,2026-09-14,both,140
https://www.youtube.com/@npmbikes7853,@npmbikes7853,NPM BIKES ,3470,278,4,"Tamil two-wheeler mechanical channel covering engine work, silencer fix and DIY service techniques.",bike repair | bike repair Tamil,UCq54MwTUmDgitPfIkMu08sQ,hands,motorcycle-small-engine-repair,wave1,2026-09-14,both,278
https://www.youtube.com/@onlinebikesolution143,@Onlinebikesolution143,Online Bike solution,1370,1423,4,"Channel description covers motorcycle repairing, engine fitting and modification work directly.",motorcycle repair | motorcycle repairing,UCTZxEGVX7BjbkTLqGZjisnw,hands,motorcycle-small-engine-repair,wave1,2026-09-14,both,1424
https://www.youtube.com/@owaisiautos,@owaisiAutos,owaisi Autos,19700,1057,4,"Bike repair channel promising step-by-step tutorials, common issues and repair techniques with practical advice.",motorcycle repair | motorcycle repairing | bike repairing | bike repair | Motorrad reparieren,UCCRhY6l2s7TNJ1OpRi8EDVA,hands,motorcycle-small-engine-repair,wave1,2026-09-14,both,1058
https://www.youtube.com/channel/ucojb2lde7xzsobqlt0b9gsa,@patelbikerepaircenter1399,Patel Bike repair center,338,113,4,"Bike repair centre with titles on LED bulb fitting, chain set work and Splendor/Apache service jobs.",bike repair | motorcycle repairing | تعمیر موتور سیکلت,UCOJb2ldE7xZsObqLt0B9gSA,hands,motorcycle-small-engine-repair,wave1,2026-09-14,both,113
https://www.youtube.com/@powermechanicindia,@PowerMechanicIndia,Power Mechanic India ,90,70,4,"Real garage channel covering bike/scooter repair, ECU sensor issues, mileage and vibration solutions.",bike repair | scooter repair,UCVcyM3AAnrcLYoyW9jJRWfQ,hands,motorcycle-small-engine-repair,wave1,2026-09-14,both,75
https://www.youtube.com/@powersports_engines,@powersports_engines,Powersports Engines,834,53,4,"Powersports engine rebuild shop covering motorcycles, PWCs, snowmobiles and outboards with technical machining videos.",engine rebuild | motorcycle engine rebuild,UC7qicT5H6CBHGOICTIg4_lA,hands,motorcycle-small-engine-repair,wave1,2026-09-14,both,53
https://www.youtube.com/@premchandmotocare,@premchandmotocare,PREM CHAND,124,87,4,"Royal Enfield repair channel with step-by-step engine repair, electrical diagnosis and workshop cases.",motorcycle repair | Motorrad reparieren,UCJksoitwazTcMoGZ8gevJDA,hands,motorcycle-small-engine-repair,wave1,2026-09-14,both,94
https://www.youtube.com/@pushrodfury6644,@pushrodfury6644,Pushrod Fury,1460,156,4,"Vintage bike restorations covering maintenance, carburetors, electrical and tuning, plus some riding content.",motorcycle repair | motorcycle restoration | carburetor rebuild,UCGdhaw6w5wloaRUTZRf01lA,hands,motorcycle-small-engine-repair,wave1,2026-09-14,both,156
https://www.youtube.com/@rakeshbikerepairing,@Rakeshbikerepairing,Rakesh bike repairing,209000,1168,4,Bike repairing channel in Hindi covering engine fitting and various problem solutions per description.,bike repairing | bike repair | motorcycle repairing | bike repairing Hindi | تعمیر موتور سیکلت | Motorrad reparieren,UC58G6WYUG-j62Z8tu8Y50mw,hands,motorcycle-small-engine-repair,wave1,2026-09-14,both,1168
https://www.youtube.com/@ramubikerepairing6347,@ramubikerepairing6347,ramu bike repairing,3230,86,4,"Description lists full engine building, servicing and repairing across bikes and scooters, no titles shown.",bike repairing | bike repair | motorcycle repairing,UC4CwEZjq-Pi9NcIo1i49Nog,hands,motorcycle-small-engine-repair,wave1,2026-09-14,both,86
https://www.youtube.com/@razaautodnp,@razahondaservice,RAZA Honda Service,165,184,4,Bike mechanic channel with repair-focused keywords like petrol tank cleaning and engine repair tips.,motorcycle repair | motorcycle repairing | bike repairing | bike repair | motorcycle workshop | motorcycle repair shop,UCNbPCdjZFYFCwb4t5eMZS8A,hands,motorcycle-small-engine-repair,wave1,2026-09-14,both,275
https://www.youtube.com/@renomotor8290,@renomotor8290,Reno Motor,14000,236,4,Tutorial channel explaining manual troubleshooting for carbureted and injection motorcycle repairs.,bengkel motor,UCqI2HZ1_B1asBWHpMq2GQZg,hands,motorcycle-small-engine-repair,wave1,2026-09-14,both,236
https://www.youtube.com/@repairgang,@RepairGang,Repair Gang,22900,808,4,"Small engine repair channel that also teaches business tips, hands-on repair focus.",small engine repair | chainsaw repair,UCJKXPaf3WJbp9sX06ywi1qw,hands,motorcycle-small-engine-repair,wave1,2026-09-14,both,808
https://www.youtube.com/@restorationxcycle431,@restorationxcycle431,Restoration X Cycles LLC,1350,83,4,"Motorcycle restoration channel name and description, limited evidence but clearly on-topic focus.",motorcycle restoration,UC0RsSBRST2ysGEkm8WL4N3g,hands,motorcycle-small-engine-repair,wave1,2026-09-14,both,83
https://www.youtube.com/@rideelectricmexico,@Rideelectricmexico,Ride Electric Mexico ,473,70,4,"E-scooter repair tutorial channel showing controller removal, battery replacement, component identification.",scooter repair,UCiAIqI_EWnK-X9Ri7sgnkKg,hands,motorcycle-small-engine-repair,wave1,2026-09-14,both,70
https://www.youtube.com/@ridingmowerking,@RidingMowerKing,Riding Mower King,3630,287,4,"Dedicated lawn mower repair channel with carburetor, compression, and restoration content, squarely in small-engine scope.",small engine repair | lawn mower repair,UCOUf0e2q9gGlMtYlFhJy38g,hands,motorcycle-small-engine-repair,wave1,2026-09-14,both,287
https://www.youtube.com/@rjmmotor,@rjmmotor,RJM MOTOR,5710,202,4,"Motorcycle repair shop offering electrical, alarm, klakson services with sharing/tutorial intent for mechanics.",bengkel motor | servis motor | motosiklet tamiri,UC0Ye_xLkAdVK_KXt34LIJbw,hands,motorcycle-small-engine-repair,wave1,2026-09-14,both,202
https://www.youtube.com/@royalmotoworks,@royalmotoworks,Royal Moto works 77,93,64,4,"Experienced mechanic shop channel with restoration engine work and clutch plate change titles, some sales content too.",bike repairing | bike repair | bike repairing Telugu,UCkzAmBY0DohjYsNvysBXW_w,hands,motorcycle-small-engine-repair,wave1,2026-09-14,both,64
https://www.youtube.com/@sacratboatingandfishing,@sacratboatingandfishing,SacRat Boating and Fishing,6150,172,4,Small outboard motor repair channel run by a hobbyist fixing boat stuff.,outboard motor | outboard motor repair,UCBPyDKAyfgXTx2eeU0aSRwQ,hands,motorcycle-small-engine-repair,wave1,2026-09-14,both,172
https://www.youtube.com/@safetymechanic7699,@safetymechanic7699,SAFETY MECHANIC,122000,1424,4,Dedicated scooter repair shop channel with specific fix videos like sight stand switch repair.,scooter repair,UCYKLdTVKbzpqiqJbv5cCpmw,hands,motorcycle-small-engine-repair,wave1,2026-09-14,both,1424
https://www.youtube.com/@sartingarage8045,@sartingarage8045,Sartin Garage,10400,87,4,"Small engine and chainsaw/trimmer repair technician channel also doing auto repair and engine builds, small-engine focus strong.",small engine repair | carburetor rebuild | appliance repair,UCHblXbrge8duUqjxA7gjrWQ,hands,motorcycle-small-engine-repair,wave1,2026-09-14,both,87
https://www.youtube.com/@sbrmotorchanel906,@sbrmotorchanel906,SBR MOTOR chanel,1540,89,4,"15-year mechanic sharing workshop job tips and mechanic training content, though also mentions modification/accessories.",bengkel motor,UCCTa-5b5o7UPelW32MMLGyQ,hands,motorcycle-small-engine-repair,wave1,2026-09-14,both,89
https://www.youtube.com/@shivaayap,@SHIVAAYAP,SHIVAAY AP,5170,183,4,"Hindi motorcycle technician channel covering engine rebuild, wiring harness, fuel injection and suspension repair topics.",motorcycle repair | motorcycle repairing | engine rebuild | motorcycle engine rebuild,UC30e1xF4RmauBkOvlS8UHgg,hands,motorcycle-small-engine-repair,wave1,2026-09-14,both,183
https://www.youtube.com/@skbikerepairmalbathan,@SKbikerepairmalbathan,SK bike repair ,181,164,4,"Bike mechanic channel with titles diagnosing electrical, starting and wiring problems on multiple bikes.",bike repair | bike repairing Hindi,UCxXr0OYBzeEswqHTbLzrWZg,hands,motorcycle-small-engine-repair,wave1,2026-09-14,both,177
https://www.youtube.com/@smallenginewizard,@SmallEngineWizard,Small Engine Wizard,5470,116,4,"Small engine repair tutorials channel, dedicated topic though thin description.",small engine repair,UC_BRixYboIgmUasIDfa4FAA,hands,motorcycle-small-engine-repair,wave1,2026-09-14,both,117
https://www.youtube.com/@smotors84,@SMotorsAWS,S MOTORS AWS,1810,147,4,"Bike repair garage channel describing daily workshop work, engine problem solutions and service videos.",bike repair | Motorrad reparieren,UCZA6mKY8Q28y30vUcZYKG6A,hands,motorcycle-small-engine-repair,wave1,2026-09-14,both,150
https://www.youtube.com/@speedandadventure,@SpeedAndAdventure,Speed and Adventure,17100,134,4,Channel dedicated to BMW motorcycle maintenance and repair technology per description.,ремонт мотоциклов | ремонт мотоцикла,UCVrB4i5EzchC7Ff1qCCCDyw,hands,motorcycle-small-engine-repair,wave1,2026-09-14,both,134
https://www.youtube.com/@stilosmotosesons,@stilosmotosesons,stilos motos e sons,1680,94,4,"Motorcycle mechanics, repair, restoration and daily workshop life channel with clear repair focus.",mecânica de motos,UCs5gkvLllxl3pKbXqSy-Fzg,hands,motorcycle-small-engine-repair,wave1,2026-09-14,both,94
https://www.youtube.com/@suaruaxemay8990,@suaruaxemay8990,SỬA RỬA XE MÁY,3980,1212,4,"Detailed motorcycle repair techniques described: tire work, frame welding, wiring, carburetor rebuild and engine assembly.",sửa xe máy,UCJyJlmsru8BHWPQp0VK7SNg,hands,motorcycle-small-engine-repair,wave1,2026-09-14,both,1212
https://www.youtube.com/@suaxedaopg-longkhanh-dongnai,@suaxeDAOPG-longkhanh-dongnai,Sửa Xe ĐẠO PG Long Khánh ,4510,306,4,"Detailed motorcycle repair channel covering fuel injection, ABS, smart keys, ECM tuning and engine technology.",sửa xe máy,UCccPUuuHXS5Qf1b7a-AfVWA,hands,motorcycle-small-engine-repair,wave1,2026-09-14,both,306
https://www.youtube.com/@suaxemayhieuthuy4061,@suaxemayhieuthuy4061,Duong Van Hieu blog,8630,317,4,"Vocational motorcycle repair training channel specializing in gauges, digital vehicles and parts, hands-on focus.",motorcycle repair | bike repair | sửa xe máy,UCOAR0whl_6mwpRy-uzSTp-g,hands,motorcycle-small-engine-repair,wave1,2026-09-14,both,317
https://www.youtube.com/@superbikesurgerytv,@SuperbikeSurgeryTV,Superbike Surgery Ltd,96700,354,4,UK mobile motorcycle servicing business channel likely showing real repair and diagnostic work.,motorcycle workshop | motorcycle repair | motorcycle repairing | motorcycle engine rebuild | motorcycle mechanic | motorcycle repair shop | Motorrad reparieren,UC_Dkh7gJu0BFw1kR9naG6Kg,hands,motorcycle-small-engine-repair,wave1,2026-09-14,both,355
https://www.youtube.com/@sybikeservicecenter,@SYBikeservicecenter,SY Bike service center,27100,190,4,"Bike mechanic channel with described repair and servicing focus, though evidence mostly from description not titles.",bike repair,UCNQiAr-EiuaMY37zsfRfi9w,hands,motorcycle-small-engine-repair,trial100,2026-09-14,both,190
https://www.youtube.com/@thegocartguy,@TheGocartguy,MOBILE MOWER REPAIR 970-420-8889,4,256,4,Mobile mower and snowblower repair service channel with small engine repair titles shown on camera.,lawn mower repair,UCTG2bzQ8AVd-l3VkpJrGiFQ,hands,motorcycle-small-engine-repair,wave1,2026-09-14,both,256
https://www.youtube.com/@thelawnmowerlady,@TheLawnmowerLady,The Lawnmower Lady,31600,97,4,"Small engine repair tutorials from mower to vintage scooters, described as advanced repair content.",small engine repair | lawn mower repair | carburetor rebuild,UCyHHZNuUqfwhSSU_gEQFHiA,hands,motorcycle-small-engine-repair,wave1,2026-09-14,both,97
https://www.youtube.com/@toolxglobal2.3kview1daysago,@toolxglobal2.3kview1daysago,ToolX,43,58,4,"Chainsaw repair, carburetor adjustment, chain sharpening and practical workshop tips in Urdu/English.",small engine repair | chainsaw repair,UCozQ5X_vVuGGIWmvlLcsWQQ,hands,motorcycle-small-engine-repair,wave1,2026-09-14,both,91
https://www.youtube.com/@topbikemechanical,@TopBikeMechanical,Top Bike Mechanical ,427,238,4,"Bike mechanic sharing real repair experience covering engine, wiring and mileage issue fixes.",motorcycle repair | bike repair | تعمیر موتور سیکلت,UCAzAV6QppwUAo9RL40Z0oIg,hands,motorcycle-small-engine-repair,wave1,2026-09-14,both,244
https://www.youtube.com/@total_motos.cdi-m5d,@Total_Motos.CDI-m5d,TotalMotosPuntoCDI,11800,82,4,Motorcycle mechanics course channel promising step-by-step teardown and repair knowledge for viewers.,mecánica de motos | reparación de motos,UCrIVnEX7mQuTiEsK4MH2aRw,hands,motorcycle-small-engine-repair,wave1,2026-09-14,both,83
https://www.youtube.com/@traversecreekinc,@TraverseCreekInc,Traverse Creek,2980,141,4,Chronicles a chainsaw and small engine repair shop's daily work.,small engine repair | chainsaw repair,UCLhLiTesQsn7mFQdsLh4zig,hands,motorcycle-small-engine-repair,wave1,2026-09-14,both,141
https://www.youtube.com/@tukangmotor22,@tukangmotor22,Tukang Motor | bengkel motor ,642,267,4,"Indonesian bengkel channel with tutorials on servis motor, CVT, carburetor and electrical repair.",servis motor | bengkel motor | motosiklet tamiri,UCeRPnvfkIxgr31mKPrmEC6A,hands,motorcycle-small-engine-repair,wave1,2026-09-14,both,346
https://www.youtube.com/@usta-tamirci,@Usta-Tamirci,Master Mechanic,12000,506,4,"Master mechanic channel covering motorcycle, engine, trimmer repair with step-by-step practical process shown.",motorcycle repair | motosiklet tamiri,UC0mNSuwO0TwyLw5RlWVysSw,hands,motorcycle-small-engine-repair,wave1,2026-09-14,both,506
https://www.youtube.com/@vintagemotorcyclerepair,@vintagemotorcyclerepair,Vintage Motorcycle Repair,1570,74,4,Dedicated Japanese motorcycle restoration channel with detailed real-life task descriptions and FPV drone footage of process.,motorcycle restoration | motorcycle repair,UCBggGwpZxseEbqmJKgQ7y2Q,hands,motorcycle-small-engine-repair,wave1,2026-09-14,both,74
https://www.youtube.com/@viralshubhamsv,@ViralShubhamSv,Viral Shubham Sv,304000,872,4,"Description details step-by-step engine overhauls, injector repairs and repair tutorials in Hindi.",motorcycle repair | bike repair | bike repairing Hindi,UCgjj5IDWTrnapzktlzo68Qg,hands,motorcycle-small-engine-repair,wave1,2026-09-14,both,872
https://www.youtube.com/@willssmallenginerepairllc5060,@willssmallenginerepairllc5060,Will's Garage,990,274,4,"Garage channel covering small engines, outboards and vintage chainsaws with hands-on work shown.",outboard motor | outboard motor repair,UCvkjjo2NVfJUEwwjUZGL5WQ,hands,motorcycle-small-engine-repair,wave1,2026-09-14,both,277
https://www.youtube.com/@yamahabarand,@Yamahabarand,Yamaha Modify Sapaslist 786,442,222,4,Motorcycle repairing and fault-finding channel covering step-by-step mechanical solutions and service.,motorcycle repair | motorcycle repairing | bike repairing | bike repair | motorcycle mechanic,UCli2l4GqKbG19Z6z8xqITdQ,hands,motorcycle-small-engine-repair,wave1,2026-09-14,both,293
https://www.youtube.com/@zubairbikerepairing,@ZubairBikeRepairing,Zubair Bike Repairing,93200,1569,4,"Motorcycle repair course channel teaching disassembly, tune-up and restoration of engines.",bike repairing | bike repair | motorcycle repair | motorcycle repairing,UCdQZ2ESWYCWUamY7xONWa2Q,hands,motorcycle-small-engine-repair,wave1,2026-09-14,both,1569
https://www.youtube.com/@blacklabelmoto87,@blacklabelmoto87,Black Label Moto ,193,51,4,"Motorcycle and ATV repair shop channel with tutorials, custom builds and behind-the-scenes repair content.",TV repair,UCOoz9yHwdzi5APmFCXnWweg,hands,motorcycle-small-engine-repair,wave1,2026-09-14,pool,51
https://www.youtube.com/@lavellemotorworksllc3191,@lavellemotorworksllc3191,Lavellemotorworks LLC,3660,310,4,"Dedicated dirtbike and ATV repair shop channel, aligns well with small-engine/two-wheeler repair scope.",TV repair,UCBsiRNvVgGUrdUun5gPLDog,hands,motorcycle-small-engine-repair,wave1,2026-09-14,pool,310
https://www.youtube.com/@mos3b.motors,@Mos3b.motors,mos3b motors,8980,316,4,"Explains and repairs motorcycle faults and issues per description, dedicated motorcycle mechanic channel.",تصليح الساعات,UC5ikYH0tw0GcsrrHFHHitRw,hands,motorcycle-small-engine-repair,wave1,2026-09-14,pool,316
https://www.youtube.com/@rajasrimotors,@RAJASRIMOTORS,TWO WHEELER MECHANIC BS6' TRAINING ,5200,460,4,Two-wheeler mechanic training institute channel focused on practical bike/scooter repair courses and troubleshooting.,TV repair Tamil,UC0xmsTx5FZJJ_9vkeL1R0Jg,hands,motorcycle-small-engine-repair,wave1,2026-09-14,pool,460
https://www.youtube.com/@rolandsgarage8640,@rolandsgarage8640,Dustin Roland,636,62,4,ATV repair and DIY channel with specific titles like stator replacement and muffler installs showing real work.,TV repair,UCHDNlvAhVWqwJyHOmrfnl-A,hands,motorcycle-small-engine-repair,wave1,2026-09-14,pool,62
https://www.youtube.com/@%d8%a7%d9%85%d8%ac%d8%af%d9%84%d8%b5%d9%8a%d8%a7%d9%86%d8%a9%d8%a7%d9%84%d8%af%d8%b1%d8%a7%d8%ac%d8%a7%d8%aa%d8%a7%d9%84%d9%86%d8%a7%d8%b1%d9%8a%d8%a9,@%D8%A7%D9%85%D8%AC%D8%AF%D9%84%D8%B5%D9%8A%D8%A7%D9%86%D8%A9%D8%A7%D9%84%D8%AF%D8%B1%D8%A7%D8%AC%D8%A7%D8%AA%D8%A7%D9%84%D9%86%D8%A7%D8%B1%D9%8A%D8%A9,امجد لصيانة الدراجات النارية,22800,106,4,Channel name and description explicitly focused on teaching motorcycle maintenance/repair.,الدراجات النارية,UC_gL-5VQkHzuAKgQyzkAWNg,hands,motorcycle-small-engine-repair,wave1,2026-09-14,filter,106
https://www.youtube.com/@-motoval-,@-Motoval-,Motoval,327,106,4,Motorcycle/ATV repair and maintenance channel with specific parts and model titles showing real repair work.,motorcycle repair,UCirNoV7fugjX7BISY6ezf5Q,hands,motorcycle-small-engine-repair,wave1,2026-09-14,filter,106
https://www.youtube.com/@80ztill,@80zTiLL,80zTiLL,725,603,4,ATV/motorcycle restoration channel focused on engine rebuilds and rare barn finds with real garage projects.,engine rebuild,UCJ_ItFzAzxcFxFESzT_Khkg,hands,motorcycle-small-engine-repair,wave1,2026-09-14,filter,604
https://www.youtube.com/@aaftabbike,@aaftabbike,Aaftab Bike Shorts,141,85,4,Bike repair shorts channel showing engine fitting and clutch plate installation on real motorcycles.,bike repair,UC0FA0HORAMDtXuEwHOm7OiA,hands,motorcycle-small-engine-repair,wave1,2026-09-14,filter,85
https://www.youtube.com/@ab.motor9934,@ab.motor9934,Abidzar motor99 ,730,183,4,Daily bengkel motor life with real engine/carburetor fault diagnosis and repair clips shown.,bengkel motor,UCvYdEGzx1r4EAB3D-wX4lWA,hands,motorcycle-small-engine-repair,wave1,2026-09-14,filter,183
https://www.youtube.com/@abdalmajidhannon,@AbdalmajidHannon,Abdelmajid mjidetube hannoune,54400,151,4,"Channel explicitly for repairing all types of motorcycles with contact number, business-style but repair-focused.",الدراجات النارية,UC89yXLe0aWoR3hTlbr2g-bw,hands,motorcycle-small-engine-repair,wave1,2026-09-14,filter,151
https://www.youtube.com/channel/uc23_daz_xtwdgimdvkba2qw,@Abhishekkahar8424,KE Auto Garage and Spare Parts ,78,110,4,"Two wheeler bike repair and services channel filming knowledge videos, likely real garage jobs.",bike repair,UC23_DAz_XtWDGIMDvKbA2qw,hands,motorcycle-small-engine-repair,wave1,2026-09-14,filter,145
https://www.youtube.com/@act3839,@act3839,ACT LIFESTYLE,6420,314,4,"Repair tutorial channel covering wiring, fuel injectors, rectifiers, stators and general mechanical repairs.",motorcycle mechanic,UCaJ6WcfzJ01IPtZ1iTzsedA,hands,motorcycle-small-engine-repair,wave1,2026-09-14,filter,315
https://www.youtube.com/@agustchannel21,@agustchannel21,agust channel,3320,339,4,"Description details service, part checks, engine teardown and clutch replacement work.",bengkel motor,UC6uRjvM_-nvRqpc0ib8-14Q,hands,motorcycle-small-engine-repair,wave1,2026-09-14,filter,340
https://www.youtube.com/@ahmadawais46,@ahmadawais46,Sargodha Auto Experts,58,51,4,"Auto experts channel description details engine overhauling, tuning and fuel average practical bike work.",bike repairing | bike repair,UC57CsNGUEVwzFtSNxDjFpmg,hands,motorcycle-small-engine-repair,wave1,2026-09-14,filter,58
https://www.youtube.com/@ajaymotoworks,@Ajaymotoworks,Ajaymotoworks,473,177,4,Dedicated bike repair and service channel promising step-by-step engine overhaul tutorials.,bike repair,UCEWBRAIfeYVlWbNhJ12Oncg,hands,motorcycle-small-engine-repair,wave1,2026-09-14,filter,178
https://www.youtube.com/@ajeetmechanicalbikerepairwork,@ajeetmechanicalbikerepairwork,AJEET WORKSHOP,34,50,4,"Dedicated mechanical bike repair workshop channel per description, name signals hands-on repair focus.",bike repair,UC3Wrejip-TodPxIPnLi9P4A,hands,motorcycle-small-engine-repair,wave1,2026-09-14,filter,51
https://www.youtube.com/@alam_bikemechanic,@Alam_Bikemechanic,Alam_Bikemechanic ,47,56,4,"Bike/scooter mechanic channel covering engine, repair, service and wiring across many brands.",scooter repair,UC49_0l1lhe_I256j4htll3Q,hands,motorcycle-small-engine-repair,wave1,2026-09-14,filter,129
https://www.youtube.com/@alambikegarage786,@Alambikegarage786,Alam Bike Garage786,385,132,4,"Bike garage channel describing engine repairing, servicing tips and maintenance content in detail.",bike repairing | bike repair,UCB2iumDZIxjZycZ2CUkbWTw,hands,motorcycle-small-engine-repair,wave1,2026-09-14,filter,198
https://www.youtube.com/@aleakirana8257,@aleakirana8257,Aleatech ,340,142,4,"Titles show real diagnostic and repair work: fuel pump checks, piston ring install, wiring tracing.",bengkel motor,UCdC1_dEWbKQpB5h8sCfeM0w,hands,motorcycle-small-engine-repair,wave1,2026-09-14,filter,228
https://www.youtube.com/@aliautomotive9,@aliautomotive9,Ali Automotive,1710,446,4,"Two-wheeler workshop offering engine rebuild and assembly services for multi-brand bikes, business-style description.",engine rebuild,UCbKHaOqFX4AVSCbSFZUK_Bg,hands,motorcycle-small-engine-repair,wave1,2026-09-14,filter,446
https://www.youtube.com/@alihonda2249,@alihonda2249,Ali bike alteration,58,80,4,Honda/KTM repair centre with title showing gearbox fitting and engine assembly work on camera.,bike repairing | bike repair,UCtzHUrBER-ij-6uM11P8qRw,hands,motorcycle-small-engine-repair,wave1,2026-09-14,filter,80
https://www.youtube.com/@allanmotosdicasemacetes.5254,@allanmotosdicasemacetes.5254,Allan Moto: Dicas e Macetes.,1900,140,4,"Diagnostic and repair tips channel for motorcycles, focused on troubleshooting and fixing techniques.",conserto de moto,UCq_Di2nc2bxcaXpN7bfKZtg,hands,motorcycle-small-engine-repair,wave1,2026-09-14,filter,140
https://www.youtube.com/@almotorclinic7447,@almotorclinic7447,Al motor clinic,145000,968,4,"Engine overhaul, electrical wiring and modification content described as core channel focus.",motorcycle repair,UCv5UfiIMhotPWqPqVoJcuzQ,hands,motorcycle-small-engine-repair,wave1,2026-09-14,filter,968
https://www.youtube.com/@amanbikepoint,@AMANBIKEPOINT,AMAN BIKE POINT,2490,367,4,Experienced bike mechanic channel teaching repair/service of bikes and scooters with problem-solving focus.,bike repair,UCygTjQ1oZUJcXSQ7-ewH7Bw,hands,motorcycle-small-engine-repair,wave1,2026-09-14,filter,367
https://www.youtube.com/@amar_auto_center_up35,@amar_auto_center_up35,amar_auto_center_up35,261,246,4,"Bike mechanic shop with titles on service, engine rebuild, brake shoe change, some used-bike/market content mixed in.",bike repair,UCZaUF6uW1B_qhMJr9-ddSjg,hands,motorcycle-small-engine-repair,wave1,2026-09-14,filter,464
https://www.youtube.com/@andys-garage-618,@Andys-Garage-618,Andy's Garage,802,112,4,"Mostly small engine and automotive repair channel with titles showing trimmer, mower and pressure washer fixes.",small engine repair,UCmILXsZG6pSRdnwXzgaUuPA,hands,motorcycle-small-engine-repair,wave1,2026-09-14,filter,120
https://www.youtube.com/channel/uct62iarlzsu897wrwqw4lgw,@Ankitengineearboy,Ankit boy mechanic,36,58,4,"Hinglish channel dedicated to motorcycle repairing and servicing content, name signals mechanic focus.",motorcycle repair | motorcycle repairing,UCt62IARLZSU897wRWqW4LGw,hands,motorcycle-small-engine-repair,wave1,2026-09-14,filter,59
https://www.youtube.com/@apnaautoservice,@ApnaAutoService,Apna Auto Service,1620,1730,4,"Auto service channel focused specifically on all bike repairing, two-wheeler mechanic work.",bike repair,UCaM_gJ2Tvi-8NjJC0dQGBIA,hands,motorcycle-small-engine-repair,wave1,2026-09-14,filter,1733
https://www.youtube.com/channel/ucyyemrnvjvo_y1hjxxytk2q,@arifbengkelomah2034,Arif Motor,60,124,4,Titles show crankshaft installation and engine teardown work on Vario 125 scooters.,servis motor,UCyYEMRNvjvO_Y1hjxxYtK2Q,hands,motorcycle-small-engine-repair,wave1,2026-09-14,filter,129
https://www.youtube.com/channel/uce8zrchvak92ocfc9j_gszg,@aripwibowo2895,@Aripmotorstandart,116,185,4,"Bengkel motor titles show real electrical wiring, piston and lamp installation repair work on bikes.",bengkel motor,UCe8zrChvaK92OCfc9j_GSzg,hands,motorcycle-small-engine-repair,wave1,2026-09-14,filter,194
https://www.youtube.com/channel/ucpbp2nim7pm8zpe3i3vzgha,@arjunamotor371,ARJUNA MOTOR,992,150,4,"Titles show piston ring replacement, clutch pro-lo install, sprocket fitting - clear hands-on repair evidence.",bengkel motor,UCPbp2nIm7pM8zPE3i3VZGHA,hands,motorcycle-small-engine-repair,wave1,2026-09-14,filter,150
https://www.youtube.com/@arkanroony,@arkanroony,روني لصيانة الدراجات,24300,154,4,"Channel dedicated to motorcycle faults and repair methods, strong topical match on description.",الدراجات النارية,UCn7kQltxS_HXvHt_TpA80Sw,hands,motorcycle-small-engine-repair,wave1,2026-09-14,filter,154
https://www.youtube.com/@armotorgarage2176,@armotorgarage2176,AR Motor Garage,7260,223,4,"Bike repair and service tutorial channel with tips and tricks, likely garage-based hands-on content.",bike repair,UCDf6HqnBymCxw7XJAUs5Krg,hands,motorcycle-small-engine-repair,wave1,2026-09-14,filter,224
https://www.youtube.com/@artem.galchenko,@Artem.Galchenko,Артём Гальченко,3010,111,4,Focused description on restoration and repair of specific Soviet motorcycle models.,ремонт мотоциклов,UCqYEyZAPfejZAVX2E4i31bg,hands,motorcycle-small-engine-repair,wave1,2026-09-14,filter,111
https://www.youtube.com/@artmekanik1,@ArtMekanik1,Art Mekanik ,19100,316,4,"Channel about motorcycle repair tips and daily mechanic grind, build and fix content emphasized.",motorcycle repair,UCd921BuPtIh4fsAkQNh_zcA,hands,motorcycle-small-engine-repair,wave1,2026-09-14,filter,316
https://www.youtube.com/@aruptomotive,@aruptomotive,ARUPTOMOTIVE,15700,188,4,"Motorcycle mechanic channel sharing repair skills, service and performance tuning techniques via video.",bike repair | motorcycle mechanic,UCfXjAyeZ1wdz1REjEznpXVA,hands,motorcycle-small-engine-repair,wave1,2026-09-14,filter,188
https://www.youtube.com/channel/ucpsmrkzhysxaxayygtw7siw,@arvindautoservice,Arvind Auto Service,203,259,4,"Titles show full engine repair, crank repair and head fitting on Hero/Bajaj bikes at a garage.",bike repair,UCPSmRkzhySXaXAYYGtw7Siw,hands,motorcycle-small-engine-repair,wave1,2026-09-14,filter,552
https://www.youtube.com/channel/ucwsxqevq4yssa1iv1vpll9w,@AryaSubagja-f1b,HMS MOTOR,67,112,4,"Titles show real diagnostic and repair work (CVT bearing noise, striping install, engine sound issues) on motorcycles.",servis motor | bengkel motor,UCwsxqEVq4YsSa1IV1VPLL9w,hands,motorcycle-small-engine-repair,wave1,2026-09-14,filter,116
https://www.youtube.com/@asadbikemechanic,@asadbikemechanic,Asad Bike Mechanic,2690,1226,4,"Description covers engine, wiring, sensor problems and mechanic tips, no titles for confirmation.",bike repairing | bike repair,UCctZaCQdCshrYLGj_d2046g,hands,motorcycle-small-engine-repair,wave1,2026-09-14,filter,1227
https://www.youtube.com/@asierras8524,@asierras8524,ASIERRAS,1260,241,4,"Dedicated channel on repairing old chainsaws and 2-stroke engine mechanics, fits small-engine repair niche.",reparación de motos,UCXCwAMB7lewS4svri1mas1g,hands,motorcycle-small-engine-repair,wave1,2026-09-14,filter,241
https://www.youtube.com/@aufioladsymu,@aufioladsyMu,Aufioladsy moto Repairs,547,84,4,Home garage repair titles like piston pin removal and caliper pin fix show hands-on work.,bengkel motor,UCJn_V9pzypcs8kTsbBJSlOA,hands,motorcycle-small-engine-repair,wave1,2026-09-14,filter,93
https://www.youtube.com/@auto-engineer19,@AUTO-ENGINEER19,AUTO ENGINEER ,595,89,4,Old bike engine and cylinder head repair titles show real teardown and restoration work.,bike repair,UCbmmVXQJLhiGygYfWHKSDiQ,hands,motorcycle-small-engine-repair,wave1,2026-09-14,filter,87
https://www.youtube.com/@autoat_custom,@Autoat_custom,Autoat,24,71,4,Two-wheeler service shop with clutch plate replacement title and detailed repair service list.,scooter repair,UC_hwewBNb8v7R6b4yWJR_8Q,hands,motorcycle-small-engine-repair,trial100,2026-09-14,filter,71
https://www.youtube.com/@autocraft-mechanics,@AutoCraft-Mechanics,Auto Craft,157,51,4,"Bike repair and maintenance workshop with titles showing engine rebuilding, polishing and servicing work.",bike repair,UCa4Mz0DTQzULqchg_AGkVTw,hands,motorcycle-small-engine-repair,wave1,2026-09-14,filter,58
https://www.youtube.com/@automotoservice,@AUTOMOTOSERVICE,AUTO MOTO SERVICE,13600,153,4,Dedicated channel teaching car and motorcycle mechanics/electronics repair via tutorials.,الدراجات النارية,UCBw_dvaDzWu6XELmUuj6SxA,hands,motorcycle-small-engine-repair,wave1,2026-09-14,filter,153
https://www.youtube.com/@axemmoto,@axemmoto,Axem Moto,15800,351,4,"Motorcycle mechanic by training producing maintenance tutorials, tied to parts store but repair-focused content.",motorcycle mechanic,UCfYJHQkFQa8bLo_S1pULkaw,hands,motorcycle-small-engine-repair,wave1,2026-09-14,filter,351
https://www.youtube.com/@azenithpangyanjacobe,@azenithpangyanjacobe,Azenith Pangyan Jacobe,234,61,4,"Titles show crankshaft balancing, crank alignment work on Honda Dio/Tact scooters, real machinist/mechanic tasks.",motorcycle mechanic,UCODaLa0ojGX88rVoPUAFP4w,hands,motorcycle-small-engine-repair,wave1,2026-09-14,filter,80
https://www.youtube.com/@bajajtech,@bajajtech,Bajaj tech,1520,501,4,"Bangla motorcycle repair and problem-solving channel description, no titles but focused topic.",bike repair,UCP5szauCWNpiHvjWIEFbl1w,hands,motorcycle-small-engine-repair,wave1,2026-09-14,filter,501
https://www.youtube.com/@balli.007,@Balli.007,Balli mechanic ,14600,425,4,Mechanic shop channel doing all motorcycle repair alongside some modifications.,motorcycle repair,UC8EZP34SEXj_IAibw7x0ktw,hands,motorcycle-small-engine-repair,wave1,2026-09-14,filter,426
https://www.youtube.com/@ballumechanic47,@ballumechanic47,Ballu mechanic ,290,83,4,"Mechanic channel covering engine work, live streams and bike/car service tips with repair focus.",bike repairing | bike repair,UCGoX7rlqC3QBDiMICMuUCHQ,hands,motorcycle-small-engine-repair,wave1,2026-09-14,filter,83
https://www.youtube.com/@bang_diva,@BANG_DIVA,BANG DIVALAS,269,259,4,"Dedicated motorcycle mechanic channel covering carburetor, injection, electrical tutorials for matic/bebek/sport bikes.",servis motor,UCo0HrjlWYm2LypE5zWbWlcA,hands,motorcycle-small-engine-repair,wave1,2026-09-14,filter,260
https://www.youtube.com/@bangdaychanel00,@BangDayChanel00,Bang Day Chanel,4220,189,4,"Shorts show cylinder block removal, magnetic tightening and radiator seal install, real mechanical tasks.",bengkel motor,UCqUsLhysO8Ghtcfpjnf5FGQ,hands,motorcycle-small-engine-repair,wave1,2026-09-14,filter,189
https://www.youtube.com/@barryhealyangling,@BarryHealyAngling,Barry Healy Angling,2460,87,4,Dedicated to dissecting and understanding British Seagull outboard motors with hands-on engine work implied.,outboard motor,UCzG41HVDeDXS8gzy5D1revA,hands,motorcycle-small-engine-repair,wave1,2026-09-14,filter,87
https://www.youtube.com/@bdpotolda9053,@bdpotolda9053,BD Potol DA,46400,2037,4,"Motorcycle service shop channel describing real repair jobs across engine, electrical, brakes and chain.",motorcycle repair,UCE-BqSA9PlLlt3_b-cr3dQA,hands,motorcycle-small-engine-repair,wave1,2026-09-14,filter,2037
https://www.youtube.com/@belajarbengkel725,@Belajarbengkel725,Aufa Rian,5520,803,4,Educational channel teaching motorcycle mechanics for beginners with repair-focused content.,motorcycle repair,UCU9wafaYKlgMbF60BZEXWRA,hands,motorcycle-small-engine-repair,wave1,2026-09-14,filter,803
https://www.youtube.com/@bengkel7473,@bengkel7473,ci-om bengkel,190,75,4,"Home garage titles show piston damage, clutch repair and general motorcycle disassembly work.",bengkel motor,UC7qqL8gsQiFG1ZpBS81SMhA,hands,motorcycle-small-engine-repair,wave1,2026-09-14,filter,75
https://www.youtube.com/@bengkelafnanmotor,@bengkelafnanmotor,Bengkel Afnan Motor,5170,317,4,Bengkel motor channel with mechanic tips and tricks focused on motorcycle repair workshop content.,bengkel motor,UCp736LR_stDuziFOAOQwsaQ,hands,motorcycle-small-engine-repair,trial100,2026-09-14,filter,317
https://www.youtube.com/@bengkelimah,@bengkelimah,bengkel imah,4630,478,4,Indonesian workshop channel with motorbike repair tutorials aimed at vocational students learning maintenance.,bike repair,UCBClgyopvSVkxxxkCVPYaKg,hands,motorcycle-small-engine-repair,wave1,2026-09-14,filter,478
https://www.youtube.com/@bengkelmotormamaseriyanto,@BengkelMotorMamasEriyanto,Bengkel Motor Mamas Eriyanto,56,50,4,Named bengkel channel doing servis motor and tambal ban (tire repair) work.,servis motor,UCm-HbJSAbO0h5YJwi2j0PUw,hands,motorcycle-small-engine-repair,wave1,2026-09-14,filter,50
https://www.youtube.com/@benhuttash,@BenHuttash,Ben Huttash,13000,195,4,"Small engine repair focused DIY channel also covering a house build, hands-on project content.",small engine repair,UCDcahqqC7brWaKvQISCKjWQ,hands,motorcycle-small-engine-repair,trial100,2026-09-14,filter,195
https://www.youtube.com/@berardia4,@berardia4,Al's Repair and Restoration,1130,103,4,Repair and restoration channel explicitly featuring small engine repair videos as a core offering.,small engine repair,UC3rk-07d1GObU3y-slVgUAw,hands,motorcycle-small-engine-repair,wave1,2026-09-14,filter,103
https://www.youtube.com/@berkahlapandan8674,@berkahlapandan8674,Randi Garage,858,68,4,"Titles show clutch rubber replacement, valve piano fix and clutch installation alongside repainting work.",bengkel motor,UCG81-AjS3MQzCYLSDJ7JPPQ,hands,motorcycle-small-engine-repair,wave1,2026-09-14,filter,68
https://www.youtube.com/@berkahmotordansparepart,@Berkahmotordansparepart,Budi Satrio,291,186,4,"Mobile bengkel motor service listing detailed jobs like CVT service, throttle body reset, bearing replacement.",bengkel motor,UCAEQfX3LlDZQRLg259r1eBQ,hands,motorcycle-small-engine-repair,wave1,2026-09-14,filter,217
https://www.youtube.com/@bharatsah053,@bharatsah053,Bharat Sah Technical,2550,1447,4,"Hands-on motorcycle repair channel covering engine work, carburetor cleaning, oil changes and troubleshooting.",motorcycle repair,UCbOQnCdTP9jcFd_sso4kGrw,hands,motorcycle-small-engine-repair,wave1,2026-09-14,filter,1447
https://www.youtube.com/@bhimautovlog,@BhimAutoVlog,@Bhim Auto Vlogs follow ,483,728,4,"Motorcycle mechanic vlogs covering routine maintenance, engine repairs, troubleshooting with hands-on insights described.",motorcycle mechanic,UCAJPcQJGhfNJC__zE_lm8Nw,hands,motorcycle-small-engine-repair,wave1,2026-09-14,filter,754
https://www.youtube.com/@bhmotorworld,@BHMotorWorld,BH Motor World ,773,406,4,Dedicated motorcycle repair teaching channel describing sports bike repairing techniques in Hinglish.,bike repairing | bike repair,UCu_CKqxcOocLqWhno-NLTYg,hands,motorcycle-small-engine-repair,trial100,2026-09-14,filter,406
https://www.youtube.com/@biharbipinguru,@BiharBipinGuru,Bihar Bipin Guru 🏍️,1170,129,4,Two-wheeler repairing channel covering multiple brands with engine and servicing content described practically.,bike repairing | bike repair,UCl4XV_ekQ3EoLkPi0XyMp2g,hands,motorcycle-small-engine-repair,wave1,2026-09-14,filter,129
https://www.youtube.com/@bike123,@bike123,Sanjay Kushwaha,577,86,4,"Titles show piston ring fitting, gearbox fitting, bearing problem fixes on real motorcycles despite travel mix.",motorcycle workshop,UCzUklyTMH6hQo9XfOh-T08w,hands,motorcycle-small-engine-repair,wave1,2026-09-14,filter,89
https://www.youtube.com/@bike_repairing_007,@bike_repairing_007,bike_repairing_007,56,75,4,Channel dedicated to motorcycle repair tutorials from oil changes to full engine rebuilds.,motorcycle repair | engine rebuild,UCfhGtdCuhg-sgGEtdqDP_6A,hands,motorcycle-small-engine-repair,wave1,2026-09-14,filter,75
https://www.youtube.com/@bike_service_07,@bike_service_07,Zafir auto service ,516,249,4,Repair channel showing full engine fitting and shocker repair fix videos for bikes.,bike repairing | bike repair,UCm2iLBXLC73vPu_3M4y4b3Q,hands,motorcycle-small-engine-repair,wave1,2026-09-14,filter,483
https://www.youtube.com/@bikedoctorpk244,@BikeDoctorPK244,Bike doctor ,59,54,4,"Digital garage channel describing full engine repairing, tuning, electrical work in Hinglish detail.",bike repair,UCzBjzrj_NGDvmmeAy3msswg,hands,motorcycle-small-engine-repair,wave1,2026-09-14,filter,63
https://www.youtube.com/@bikefixtricks,@BikeFixTricks,BikeFix Tricks,554,61,4,"Workshop channel describing real hands-on bike repair, wheel and brake fixes, before/after transformations.",bike repair,UCxaUIg-2or9YVf2LBqLkOLA,hands,motorcycle-small-engine-repair,wave1,2026-09-14,filter,61
https://www.youtube.com/@bikemastermechanic3736,@bikemastermechanic3736,Bike Master mechanic,664,67,4,"Shop-based mechanic channel with titles on timing chain fitting, bearing change and engine fitting.",bike repair,UCWLdfbrtyFfpQ7lEg3GTN4w,hands,motorcycle-small-engine-repair,wave1,2026-09-14,filter,67
https://www.youtube.com/@bikemechaniclife1,@Bikemechaniclife1, bike mechanic life ,19300,522,4,Telugu bike mechanic daily life channel covering repairs and maintenance tips on camera.,bike repair,UCrhGpMlV8Fo2bi9PzHqYaag,hands,motorcycle-small-engine-repair,wave1,2026-09-14,filter,522
https://www.youtube.com/@bikemechanicvivek,@bikemechanicvivek,Bike Mechanic Vivek ,1650,278,4,"Bike mechanic channel description covers RPM setting, wiring repair and mileage problem fixes.",bike repairing | bike repair,UCYWMQYEPX4Xwi-5VoKHWC3g,hands,motorcycle-small-engine-repair,wave1,2026-09-14,filter,278
https://www.youtube.com/@bikepoint8737,@Bikepoint8737,Pawan autowork,1680,278,4,Multi-brand two-wheeler service and training centre description covering repair and maintenance,bike repairing | bike repair,UCQ3Xe9R2S2pU-Zvbo1SRuXw,hands,motorcycle-small-engine-repair,trial100,2026-09-14,filter,278
https://www.youtube.com/@bikerehab1,@BikeRehab1,Bike Rehab,21,61,4,"Motorcycle repair, maintenance and restoration channel with DIY tutorials and expert advice framing.",motorcycle repair,UCaHyIkxYMYnOVuMdCw88PcQ,hands,motorcycle-small-engine-repair,wave1,2026-09-14,filter,61
https://www.youtube.com/@bikerepairing3464,@bikerepairing3464,VN code ,149,116,4,Bike repair channel with titles showing clutch plate installation and specific bike servicing details.,bike repairing | bike repair,UCEsbJbR3sfpLiJK8ae0M99A,hands,motorcycle-small-engine-repair,wave1,2026-09-14,filter,116
https://www.youtube.com/@bikesahikaro,@bikesahikaro,sadan vlogkar,27,65,4,"Desi garage channel description emphasizes real practical repair, troubleshooting and step-by-step service videos.",bike repair,UCyf9o8o5lWqyEcagBggUgZg,hands,motorcycle-small-engine-repair,wave1,2026-09-14,filter,65
https://www.youtube.com/@bikesbdsc,@BikeSBDSC,Bike Master SBDSC,7230,137,4,Bangladeshi motorcycle digital servicing center solving various motorcycle problems on video.,motorcycle workshop,UCG08U7QJqNgSL8ywcAtfkGg,hands,motorcycle-small-engine-repair,wave1,2026-09-14,filter,137
https://www.youtube.com/@bikesolution615,@bikesolution615,"Ayat Auto,s",725,479,4,"Workshop channel with titles showing fork oil install, seal replacement and full bike servicing.",bike repair,UC0IZbBEDsqmtrzh7yk_9xcw,hands,motorcycle-small-engine-repair,wave1,2026-09-14,filter,538
https://www.youtube.com/@biketechnician010,@BikeTechnician010,Bike Technician ,147,60,4,Titles show real motorcycle engine fitting and petrol setting work in a repair shop context.,motorcycle repair | motorcycle repairing,UCKPJj6o5qs6wPui545--IQw,hands,motorcycle-small-engine-repair,wave1,2026-09-14,filter,60
https://www.youtube.com/@bilalautosservice786,@BilalAutosService786,Bilal Autos Service786,3260,564,4,"Describes disassembling/assembling motorcycle engines and tune-up course content, business-style but repair-focused.",bike repairing | bike repair,UCBcC_LXiOxtznErRJmbXh9Q,hands,motorcycle-small-engine-repair,wave1,2026-09-14,filter,564
https://www.youtube.com/@bishalbikemechanic999,@BishalBikeMechanic999,Bishal Bike Mechanic,1520,163,4,"Bike mechanic channel in Hindi covering repair, servicing, engine, wiring, clutch, brake topics thoroughly.",bike repair,UCjYsJcagLUA9nN1Is2CbOEg,hands,motorcycle-small-engine-repair,wave1,2026-09-14,filter,164
https://www.youtube.com/@bk_jog,@bk_jog,BK Workshop || ورشة بيكي,79600,212,4,"Workshop channel explicitly covering motorcycle repair tutorials, maintenance and real workshop experiences.",الدراجات النارية,UC-zKbZoIzfEzhU2ucS8Zj8A,hands,motorcycle-small-engine-repair,wave1,2026-09-14,filter,212
https://www.youtube.com/@blackleopardalpha,@BlackLeopardAlpha,Black leopard Alpha,19700,131,4,Thai motorcycle repair channel emphasizing engine understanding and real mechanic techniques over parts swapping.,ซ่อมมอเตอร์ไซค์,UC0X_q95vm_t8arvyvFZWPVA,hands,motorcycle-small-engine-repair,wave1,2026-09-14,filter,131
https://www.youtube.com/@blaisracingservices,@Blaisracingservices,"Blais Racing Services, Two Wheels to Four",23700,476,4,"Engine rebuilding shop for motorcycles/ATV/UTV with racing background, hands-on engine work described.",engine rebuild,UCC6yUCKaIxsElDyXqMFTBSg,hands,motorcycle-small-engine-repair,wave1,2026-09-14,filter,478
https://www.youtube.com/@blututoli,@Blututoli,Blutut oli,18400,5086,4,"Motorcycle repair shop channel covering CVT, electrical and injection repair tutorials with entertainment mix.",motorcycle repair | bike repair,UCDqm3kdKlBU5_gDQA8dGpZQ,hands,motorcycle-small-engine-repair,wave1,2026-09-14,filter,5086
https://www.youtube.com/@bobikrsingh-c5d,@BobikrSingh-c5d,Bobi kr Singh,240,64,4,"Bike mechanic channel description promising repair solutions, no titles but clear focus.",bike repair,UCowukollvj2btMotXZ6zEDg,hands,motorcycle-small-engine-repair,wave1,2026-09-14,filter,64
https://www.youtube.com/channel/uclza_5mmgps2vbvpw5jpgaw,@boimmotorjaya5526,Boim Motor jaya,345,104,4,"Bengkel motor channel with titles explaining stator, kickstarter mechanism, timing chain, and mechanic training exam.",bengkel motor,UCLZA_5mmgpS2vBvPw5JPgAw,hands,motorcycle-small-engine-repair,wave1,2026-09-14,filter,163
https://www.youtube.com/@bombayworkshop2832,@bombayworkshop2832,Bombay Workshop,465,74,4,Motorcycle restoration and engine rebuild workshop with custom parts fabrication and tutorials described.,motorcycle repair,UCZSDQq8Dh1zzjyBc1KzDo0g,hands,motorcycle-small-engine-repair,wave1,2026-09-14,filter,74
https://www.youtube.com/@bravojayamandiri0808,@bravojayamandiri0808,Bravo Jaya Mandiri 88,7020,166,4,Dedicated service motor tutorial channel teaching viewers how to fix and use workshop tools step by step.,bengkel motor,UCLJE_pIcOyQemqpVUImeC_A,hands,motorcycle-small-engine-repair,wave1,2026-09-14,filter,166
https://www.youtube.com/@brooklynspeed,@BROOKLYNSPEED,BROOKLYN SPEED,7610,131,4,Custom motorcycle shop doing fabrication and vintage restorations with community garage services.,motorcycle restoration,UCWGl8byz1YrZApHrw2ClLCw,hands,motorcycle-small-engine-repair,wave1,2026-09-14,filter,131
https://www.youtube.com/@buildonharitage70,@buildonharitage70,Build on Haritage,121,98,4,Bike mechanic channel description details step-by-step servicing and real workshop repair.,bike repair,UCKylgd3YW9aX1F4zqjsSvbQ,hands,motorcycle-small-engine-repair,wave1,2026-09-14,filter,112
https://www.youtube.com/@bullethub......6562,@bullethub......6562,  Bullet hub......,437,83,4,"Royal Enfield specialist workshop showing full engine repair, front choker and miter fitting processes.",bike repair,UCfwWtxwB4QiQSxAPy40cjEw,hands,motorcycle-small-engine-repair,wave1,2026-09-14,filter,97
https://www.youtube.com/@cahayaindahotomotif,@cahayaindahotomotif,Cahaya Indah Otomotif,2550,102,4,Indonesian motorbike repair channel describing spare parts replacement and damage diagnosis tutorials.,bike repair,UCqAIyTTw5GvNr60l7G4Acmw,hands,motorcycle-small-engine-repair,wave1,2026-09-14,filter,102
https://www.youtube.com/@cahwarkidchannel,@cahwarkidchannel,CAH WARKID CHANNEL,3860,103,4,Channel dedicated to servis motor and troubleshooting motorcycle problems.,servis motor,UCVMQ0sbBZckQPDsAkdo68wA,hands,motorcycle-small-engine-repair,wave1,2026-09-14,filter,103
https://www.youtube.com/@carlinhos_da_cg_titan,@Carlinhos_da_cg_titan,CARLINHOS DA TITAN,1630,682,4,"Motorcycle mechanics channel showing repair work on low and high cc bikes, daily posting.",mecânica de motos,UCNWTEjOvdZyPJGauluT5Evg,hands,motorcycle-small-engine-repair,trial100,2026-09-14,filter,682
https://www.youtube.com/@carlosbravo4966,@carlosbravo4966,mecánica de moto electrica ,8,76,4,Electric motorcycle repair and parts adaptation channel with frequent upload cadence suggesting real repair content.,reparación de motos,UCf01TK-m04ORXB_qOe55ddg,hands,motorcycle-small-engine-repair,wave1,2026-09-14,filter,71
https://www.youtube.com/@cdscycleandatvshop,@CDsCycleandATVShop,CDs Cycle & ATV Shop,305,63,4,Honda-certified powersports and small engine repair shop likely filming daily repair jobs on ATVs and cycles.,small engine repair,UCAK0U3_tMYx5uay8uwDmpTA,hands,motorcycle-small-engine-repair,wave1,2026-09-14,filter,63
https://www.youtube.com/@ceritabengkel06,@CeritaBengkel06,Cerita Bengkel,1680,136,4,"Bengkel channel focused on servis motor tips, bongkar pasang and daily mechanic stories.",servis motor,UC8NuaHZDqVmjAqnWnrjqksw,hands,motorcycle-small-engine-repair,wave1,2026-09-14,filter,136
https://www.youtube.com/@chainsawgirl83,@ChainsawGirl83,ChainsawGirl83,391,81,4,"Channel devoted to chainsaw repairs plus garage content, fits small-engine repair niche.",chainsaw repair,UC4HS3vDvHAE_A5WtmBH4GNA,hands,motorcycle-small-engine-repair,wave1,2026-09-14,filter,81
https://www.youtube.com/@channelbengkelkampung,@Channelbengkelkampung,Turyadi's Chanel,14500,1192,4,"Indonesian bengkel channel with tutorials on motorcycle repair and maintenance, sharing practical mechanical knowledge.",motorcycle repair,UCrkv8-ClK1kPnfRk8psCgKQ,hands,motorcycle-small-engine-repair,wave1,2026-09-14,filter,1192
https://www.youtube.com/@chhotumechani,@chhotumechani,Chhotu mechanic,799,193,4,"Bike mechanic channel with timing chain repair and scooty service info videos, some polish/vanity clips too.",bike repairing | bike repair,UCNTGJIcbxlf1U-V2bXb2xDg,hands,motorcycle-small-engine-repair,wave1,2026-09-14,filter,193
https://www.youtube.com/@chrisxoutdoors,@ChrisXOutdoors,ChrisX Outdoors,3850,83,4,"Small engine repair/mechanic videos channel per description, dedicated focus.",small engine repair,UCS-fdGZ0-eo7OSgqbuygW_Q,hands,motorcycle-small-engine-repair,wave1,2026-09-14,filter,83
https://www.youtube.com/@citrautamamotor,@citrautamamotor,Citra Utama Motor Channel,6590,250,4,"Motor bengkel channel detailing boring, welding, carburetor and CVT service tutorials, strong repair focus.",servis motor,UCR7Rv-AmY6-P7ykRmfitG1w,hands,motorcycle-small-engine-repair,wave1,2026-09-14,filter,250
https://www.youtube.com/@cmrt_garage126,@cmrt_garage126,cmrt garage 126,746,138,4,"Bengkel motor channel with engine assembly, compression measuring and rebuild titles, some race clips mixed in.",bengkel motor,UCUnHnT-cdMb5on1MTmhYUZQ,hands,motorcycle-small-engine-repair,wave1,2026-09-14,filter,146
https://www.youtube.com/@cpgixxer,@cpgixxer,cpgixxer,3470,111,4,"Hobbyist fixing snowblowers, lawnmowers and outboard motors for free/resale, hands-on small engine repair.",outboard motor,UCDSK2lrZihPVLZmfXRODmBA,hands,motorcycle-small-engine-repair,wave1,2026-09-14,filter,111
https://www.youtube.com/@craigarndt,@CraigArndt,Craig Arndt,11500,487,4,"Small engine repair channel covering garden tractors, tillers, snowblowers and ATVs.",small engine repair,UCjqzH4GFQPFYDeJ-chyeRXA,hands,motorcycle-small-engine-repair,wave1,2026-09-14,filter,487
https://www.youtube.com/@cristianagudelomecanico,@cristianagudelomecanico,Cristian Agudelo mecánico,2340,219,4,Dedicated mechanic channel describing step-by-step diagnostics and repairs for 2T/4T motorcycles with workshop focus.,mecánica de motos,UCzEzFaNWQIOYGwDucsjR8Dw,hands,motorcycle-small-engine-repair,wave1,2026-09-14,filter,219
https://www.youtube.com/@cttchannel4414,@cttchannel4414,Ctt channel,83,62,4,"Motorcycle engineering tutorial channel focused on servicing and injection systems, workshop-style content.",servis motor,UC42WAA7FuZK4YzeBWrDpcIQ,hands,motorcycle-small-engine-repair,wave1,2026-09-14,filter,64
https://www.youtube.com/@cuplizmotorchannel,@CuplizmotorChannel,Cupliz motor channel,72900,226,4,"General bengkel motor channel described as tutorial otomotif hub, injection-capable general repair shop.",bengkel motor,UC0yNRQazTuCMjXGgjmcffMw,hands,motorcycle-small-engine-repair,wave1,2026-09-14,filter,226
https://www.youtube.com/@dakshautomobile-f5v,@DakshAutomobile-f5v,Daksh Automobile ,363,104,4,"Bike repair shorts channel explicitly covering engine, piston, carburetor and timing work.",bike repair,UCs9YLmucQXR8g1wozTeXTeA,hands,motorcycle-small-engine-repair,wave1,2026-09-14,filter,213
https://www.youtube.com/@darksidemoto5739,@darksidemoto5739,DARKSIDE MOTO,62,68,4,"Titles like MOTO TECH, REBEL BRAKES PART, ANOTHER DAY AT SHOP suggest real garage repair work shown alongside chat content.",motorcycle mechanic,UCXVwpKNQ3II3UX5StMYH9fQ,hands,motorcycle-small-engine-repair,wave1,2026-09-14,filter,68
https://www.youtube.com/@delyungworks,@DelyungWorks,Delyung Works,952,309,4,"Motorcycle mechanic specialist with titles on overhaul cost, troubleshoot repair, showing real bike fixing content.",motorcycle mechanic,UCDAYPt3YbQ2Z1BVhLqfXNbg,hands,motorcycle-small-engine-repair,wave1,2026-09-14,filter,309
https://www.youtube.com/@devendrasinghvlog4284,@devendrasinghvlog4284,S.M. auto parts bhind ,373,138,4,Titles show clutch plate fitting and engine fitting work on Hero Splendor and Bajaj Platina bikes.,bike repair,UCkPFhhnaigaA9CdNSltLKMw,hands,motorcycle-small-engine-repair,wave1,2026-09-14,filter,132
https://www.youtube.com/@devils.garage_,@DEVILS.GARAGE_,DEVILS GARAGE,201,90,4,"Garage channel with suspension repair, ABS motor repairing but also top speed and accessory content mixed in.",bike repair,UCX1qlKDMpv5BR_LwUnlU8YA,hands,motorcycle-small-engine-repair,wave1,2026-09-14,filter,90
https://www.youtube.com/@dharmendra7638,@DHARMENDRA7638,Dharmendra Bike Service Center,198,143,4,"Bike repair center channel description details fault diagnosis and repair solutions, no titles to confirm format.",bike repairing | bike repair,UC_FyBMLznGn-u6_IVkPy7mA,hands,motorcycle-small-engine-repair,wave1,2026-09-14,filter,153
https://www.youtube.com/@dhingrabikemechanic,@dhingrabikemechanic,Dhingra Mechanic ,150,178,4,"Bike mechanic shop with titles on full engine fitting, crank repair, carburetor and gearbox fitting.",bike repair,UC47W9sRXrDeoI5147UNS_Aw,hands,motorcycle-small-engine-repair,wave1,2026-09-14,filter,570
https://www.youtube.com/@dhirenderkumar-gq7jt,@DhirenderKumar-gq7jt,Dhirender bike repairing ,203,260,4,Name and description directly indicate a bike repairing channel though no titles to verify depth.,bike repairing | bike repair,UC_3aGGmORDYqD6Ql2susnbw,hands,motorcycle-small-engine-repair,wave1,2026-09-14,filter,258
https://www.youtube.com/@difamotor123,@Difamotor123,difa motor tasikmalaya,858,217,4,"Bengkel motor with titles showing CVT reassembly and scoopy service, real repair on camera.",bengkel motor,UCYg6r40eZZpyf2J4SJ91OBA,hands,motorcycle-small-engine-repair,wave1,2026-09-14,filter,254
https://www.youtube.com/@dilipbikerepairing,@DilipBikeRepairing,Dilip kumar,4590,269,4,"Dedicated bike repairing channel with tips, tricks, and repair course content.",bike repairing | bike repair,UCwo3N8an_0AUYjnj_u0P3fQ,hands,motorcycle-small-engine-repair,wave1,2026-09-14,filter,269
https://www.youtube.com/@dineshkumar3648,@dineshkumar3648,Anshu bike station meerut 🇮🇳,439,199,4,Titles show half-engine work and carburetor setting on real bikes despite some rust-removal clips.,bike repairing | bike repair,UC44TG9f6M6q1IC-bat8paZw,hands,motorcycle-small-engine-repair,wave1,2026-09-14,filter,212
https://www.youtube.com/channel/uctfhymrc9k2y3idc9k1bbwa,@Dineshsinghchouhan108,Dinesh singh chouhan,24,53,4,Title shows detailed timing chain fitting guide despite description also mentioning bike reviews.,bike repairing | bike repair,UCTFhYMrc9k2Y3idC9K1BBWA,hands,motorcycle-small-engine-repair,wave1,2026-09-14,filter,91
https://www.youtube.com/@dingdongmotogarage,@dingdongmotogarage,DingDong MotoGarage ,2150,61,4,"Dedicated motorcycle repair, troubleshooting and modification channel description with clear repair focus.",motorcycle repair,UC73kx0wDwoKXcCQMveFAkVA,hands,motorcycle-small-engine-repair,wave1,2026-09-14,filter,61
https://www.youtube.com/@dlautogarage,@DLAutoGarage,DL Auto Garage Thiruvottiyur,9540,438,4,"Tamil motorcycle mechanic garage covering many bike models, business-style description suggesting real repair work.",motorcycle mechanic,UCgXAMyeY7iTkfU6-4txk9fw,hands,motorcycle-small-engine-repair,wave1,2026-09-14,filter,438
https://www.youtube.com/@donatusmuwiya,@donatusmuwiya,Channel Potiyai,743,176,4,"Titles show valve lapping and transmission gear assembly on motorcycles, real hands-on mechanic work.",bengkel motor,UCsBObZ-gGMf9vVbVf78rPTw,hands,motorcycle-small-engine-repair,wave1,2026-09-14,filter,178
https://www.youtube.com/@drevanchannel,@Drevanchannel,D'revan channel,23200,208,4,"Channel description promises engine disassembly, damage diagnosis and repair tutorials for motorcycles.",bengkel motor,UC45lmqPopTqAkOp1djyVz4w,hands,motorcycle-small-engine-repair,wave1,2026-09-14,filter,208
https://www.youtube.com/@drissaber7530,@drissaber7530,Dris Saber,150,107,4,Sells and repairs motorcycle parts with dated video titles suggesting real repair job uploads.,الدراجات النارية,UCkPxzCBgQMfnW9H9bQ0OKXQ,hands,motorcycle-small-engine-repair,wave1,2026-09-14,filter,107
https://www.youtube.com/@dschloe,@dschloe,Revive 2 Ride,6810,161,4,"Description focuses on reviving cheap motorcycles through repair, maintenance and riding.",motorcycle repair,UCwEPMQkT0geWBz3CstffVsg,hands,motorcycle-small-engine-repair,wave1,2026-09-14,filter,161
https://www.youtube.com/@dunia_mekanik_motor,@Dunia_Mekanik_Motor,DMM Channel,31200,429,4,Motorcycle mechanics channel sharing motorcycle damage repair content in Indonesian.,motorcycle mechanic,UCD5OqbnW-VpOUT-diTQS-Rg,hands,motorcycle-small-engine-repair,trial100,2026-09-14,filter,429
https://www.youtube.com/@duniamotoran,@duniamotoran,DUNIA MOTORAN,12900,790,4,"Comprehensive motorcycle mechanic channel covering full engine overhaul, electrical, wheel bearings and tire changes.",servis motor,UC94HHOcSTSkjdyesVHkyT3Q,hands,motorcycle-small-engine-repair,wave1,2026-09-14,filter,791
https://www.youtube.com/@dzakimew,@dzakimew,dzakinyu ,89,141,4,"Titles show real repair jobs (bearing replacement, fork seal, CVT service) on both cars and motorcycles.",servis motor,UC2bWNC22I2gfQzeDb-AAwYw,hands,motorcycle-small-engine-repair,wave1,2026-09-14,filter,303
https://www.youtube.com/@edomotorbangko,@Edomotorbangko,Edo motor bangko,9210,351,4,Bengkel motor channel focused on injection motor service and mechanic learning content.,servis motor | bengkel motor,UC_lBI4Vj2nIe57vgbocXCxw,hands,motorcycle-small-engine-repair,wave1,2026-09-14,filter,351
https://www.youtube.com/@elcompamotorsoficial,@ELCOMPAMOTORSoficial,ELCOMPAMOTORSOFICIAL,736,209,4,"Real repair clips shown: valve clearance calibration, oil change tips, loose bolt fix on motorcycles.",mecánica de motos,UC3z_xJKh8Pozt6BgtHtfZ-g,hands,motorcycle-small-engine-repair,wave1,2026-09-14,filter,274
https://www.youtube.com/@eliminatorperformance,@EliminatorPerformance,Eliminator Performance,125000,330,4,Dedicated small engine repair and how-to channel with weekly uploads focused on the topic.,small engine repair,UC95GTIvvnuuEyu1Dt8HjKLQ,hands,motorcycle-small-engine-repair,wave1,2026-09-14,filter,330
https://www.youtube.com/@elmss1967,@ELMSS1967,TONY,385,105,4,"Channel shows small engines and vintage outboards running after repairs, hands-on small engine work.",outboard motor,UCp1Rn9AlO0XlYZpjRad6a8g,hands,motorcycle-small-engine-repair,wave1,2026-09-14,filter,105
https://www.youtube.com/@erenoandres7860,@erenoandres7860,Sereno Life Biker,434,84,4,Titles show clutch swap and engine rebuild work on Lander motard bike alongside biker lifestyle content.,mecânica de motos,UCALOwK2jEqOPGzcdLlEqcaA,hands,motorcycle-small-engine-repair,wave1,2026-09-14,filter,94
https://www.youtube.com/@ervischanel,@ErvisChanel,Ervis Chanel,79900,1626,4,Experienced bengkel owner teaching proper motorcycle servicing techniques for beginners and students.,servis motor,UCRn2tF_xkjeumVNHRtaTadQ,hands,motorcycle-small-engine-repair,wave1,2026-09-14,filter,1626
https://www.youtube.com/@expatsbikemachanic,@ExpatsBikemachanic,Expats Bike Machanic ,2410,120,4,"Bike mechanic sharing repair, servicing tips and daily mechanic life videos from workshop.",bike repair,UC1YmASTCgMOhXZVg_EzULxw,hands,motorcycle-small-engine-repair,wave1,2026-09-14,filter,120
https://www.youtube.com/@fabelectricalsarjan,@FABElectricalSarjan,F. A. B Electrical Sarjan ,117,194,4,"Electric bike/scooter repair channel with tutorials on motor, controller and wiring troubleshooting.",bike repair | scooter repair,UCkKBBJFiIYEpxWqNp3u-56w,hands,motorcycle-small-engine-repair,wave1,2026-09-14,filter,198
https://www.youtube.com/channel/uc4_ssezzhnknntk6bca-gkw,@fabioteixeira400,Fabio Teixeira,289,156,4,"Motorcycle mechanic channel with real repair titles (coils, wiring, engine issues) showing hands-on work.",mecânica de motos,UC4_sSEZZhNkNntK6bCa-gKw,hands,motorcycle-small-engine-repair,wave1,2026-09-14,filter,156
https://www.youtube.com/@famous-bike-center,@Famous-Bike-Center,FAMOUS BIKE CENTER,62,79,4,"Titles show fuel filter cleaning, bolt removal, leg guard fitting though one modification title appears.",bike repairing | bike repair,UCRUOzTulNr_2EAHUi74TUsw,hands,motorcycle-small-engine-repair,wave1,2026-09-14,filter,79
https://www.youtube.com/@farizmotor,@farizmotor,Fariz motor,16200,402,4,Motorcycle repair shop channel doing general bengkel motor work per description,bengkel motor,UCYDyec0-HJRVsy6f4Wi6l8g,hands,motorcycle-small-engine-repair,trial100,2026-09-14,filter,402
https://www.youtube.com/@fibiketechnical,@fibiketechnical,Fi Bike technical,21600,300,4,"BS4/BS6 bike repair and service technical channel description, business-focused.",bike repairing | bike repair,UC-azE3_aMkUa1Wp6T10v6fg,hands,motorcycle-small-engine-repair,wave1,2026-09-14,filter,300
https://www.youtube.com/@fitratabanmotor,@fitratabanmotor,Fitra Taban,8480,71,4,"Detailed tutorial list covers tire repair, valve clearance, carb cleaning, clutch and brake work.",bengkel motor,UCZMocOXm4xpN3ciaDQb3RdA,hands,motorcycle-small-engine-repair,wave1,2026-09-14,filter,71
https://www.youtube.com/@fixmymoto,@FixMyMoto,FixMyMoto,329,108,4,"Dedicated motorcycle repair/maintenance channel name and description, generic but on-topic.",motorcycle repair,UChijeWo-5_MGRF0h3wsF3Vw,hands,motorcycle-small-engine-repair,wave1,2026-09-14,filter,109
https://www.youtube.com/@franklinmotosoficial,@franklinmotosoficial,Franklin motos ,1980,294,4,Motorcycle mechanic DIY tutorial channel promising practical repair content without dealership fluff.,mecânica de motos,UCX3ffeJaVap2T1IbB3743Ag,hands,motorcycle-small-engine-repair,wave1,2026-09-14,filter,295
https://www.youtube.com/@freemotors134,@freemotors134,Freemotors Workshop,3920,330,4,"Workshop channel explicitly repairing outboard motors, motorcycles, ATVs and snowmobiles.",outboard motor,UChfEi5bFnAN-n2tYWJrTqGw,hands,motorcycle-small-engine-repair,wave1,2026-09-14,filter,330
https://www.youtube.com/@funride-garage,@Funride-Garage,Funride,40600,194,4,Garage channel explicitly focused on motorcycle repair how-tos with minimal other content indicated.,motorcycle repair | bike repair,UCEhIKerA1jt0_A6Ps6zCSRg,hands,motorcycle-small-engine-repair,wave1,2026-09-14,filter,182
https://www.youtube.com/@gajju8750,@Gajju8750,GS-Technical Information,446,141,4,"Two-wheeler repair training channel focused on BS6 EFI, ECU diagnosis and workshop solutions.",scooter repair,UCbfPBS9ar9rEFEh4-iJB0NQ,hands,motorcycle-small-engine-repair,wave1,2026-09-14,filter,194
https://www.youtube.com/@ganeshboga2844,@ganeshboga2844,Sai Ganesh Bike Volgs,805,53,4,"Bike repair channel with starting problem, gear problem, fog light fitting titles showing real mechanic work.",bike repair,UCwLspaL6sOrBRGcXqZXlEPw,hands,motorcycle-small-engine-repair,wave1,2026-09-14,filter,53
https://www.youtube.com/@gasmasterbenzotechchannel,@GasMasterBenzoTechChannel,Gas Master,20000,260,4,"Dedicated gas-tool repair and modification channel covering carburetors, filters, engine forcing on chainsaws/trimmers.",ремонт бензопил,UCkGlaSYGoOAVtu1U-v-RF8Q,hands,motorcycle-small-engine-repair,wave1,2026-09-14,filter,260
https://www.youtube.com/@gautambikegenix,@Gautambikegenix,GAUTAM BIKE GENIX,70,89,4,Real bike repair project videos with titles on service light reset and chain sprocket/timing chain fitting.,bike repair,UC7at-AjVIXjyM1QWBOdCGoQ,hands,motorcycle-small-engine-repair,wave1,2026-09-14,filter,89
https://www.youtube.com/@gearheadgeeks,@GearHeadGeeks,GearHeadGeeks,760,163,4,Detailed motorcycle repair and restoration guides for vintage and modern bikes with tool reviews.,motorcycle repair | motorcycle mechanic | motorcycle restoration | motorcycle workshop,UCs8jCEBdzpKRqdGK6ES79LA,hands,motorcycle-small-engine-repair,wave1,2026-09-14,filter,169
https://www.youtube.com/@giantmotor88,@giantmotor88,GIANT MOTOR88,1090,1228,4,"Describes injection service, oil change, tune up, engine disassembly, fork rebuilds across various bikes.",bengkel motor,UCgTiHWzfXRqpNejjsgVp3dg,hands,motorcycle-small-engine-repair,wave1,2026-09-14,filter,1229
https://www.youtube.com/@giordanosgarage,@GiordanosGarage,Giordano's Garage,3130,73,4,"Small engine repair plus a truck fix-up project, hands-on informative videos.",small engine repair,UCTGMTM02Jh3hHY-_pd-fJWg,hands,motorcycle-small-engine-repair,wave1,2026-09-14,filter,73
https://www.youtube.com/@goldimistrishortservicecentre,@GoldimistrishortServicecentre,Goldi mistri Short service centre,133,62,4,"Shorts show clutch plate fitting on multiple bikes, real hands-on repair footage confirmed.",bike repairing | bike repair,UCS3t48MD6k7C9qMl_0DfV8Q,hands,motorcycle-small-engine-repair,wave1,2026-09-14,filter,62
https://www.youtube.com/@gunawardhanaengineer-rl9dw,@gunawardhanaengineer-rl9dw,Gunawardhana engineer (motor bike restoration),7790,1122,4,"Motorcycle restoration and repair shop describing disassembly, alignment and frame work in Sinhala.",bike repair,UCnhG750O8FXdvkvUG77BhIA,hands,motorcycle-small-engine-repair,wave1,2026-09-14,filter,1124
https://www.youtube.com/@gurujibiketech933,@gurujibiketech933,BIKE INFORMATION,6000,59,4,"Hindi bike repair tips channel covering starting, pickup, engine sound problems for common bikes.",bike repair,UCP80VvBYHit1iiHCyc_RjGQ,hands,motorcycle-small-engine-repair,wave1,2026-09-14,filter,59
https://www.youtube.com/@gurutools_official,@gurutools_official,guru_tools,72,86,4,"Tool rental/service center with chainsaw and petrol engine repairing, titles show carburetor changes on 58cc engine.",chainsaw repair,UC8tLcjJiu7bxHKoJxjWN7rg,hands,motorcycle-small-engine-repair,wave1,2026-09-14,filter,86
https://www.youtube.com/@gurvindersingh537,@gurvindersingh537,Gurvinder singh ,235,63,4,Motorcycle mechanic in Himachal filming full service and engine leakage repair jobs on scooters/bikes.,motorcycle repair | motorcycle repairing,UCp9NPbe_0aLLruiR0JdDRSA,hands,motorcycle-small-engine-repair,wave1,2026-09-14,filter,82
https://www.youtube.com/@habibalam7867,@habibalam7867,habib Tech hindi ,1400,204,4,"Daily bike repair, engine work, servicing and garage life content described with mechanic focus.",bike repair,UCDBmiA8Wenv_FxCrVTREgUg,hands,motorcycle-small-engine-repair,wave1,2026-09-14,filter,206
https://www.youtube.com/@haidiranuar99,@HAIDIRANUAR99,HAIDIR ANUAR,3130,365,4,Description focuses specifically on carburetor service and motorcycle repair tutorials.,bengkel motor,UCHj9Kzq7GjZgFfAMVuesmXA,hands,motorcycle-small-engine-repair,wave1,2026-09-14,filter,366
https://www.youtube.com/@hajveriauto1,@HajveriAuto1,Hajveri Auto Service,57,112,4,"Description promises step-by-step bike repair tutorials, engine work and wiring solutions in practical format.",motorcycle repair | bike repairing | bike repair,UCnU4L4gJWoz5sV5e0KB49ag,hands,motorcycle-small-engine-repair,wave1,2026-09-14,filter,115
https://www.youtube.com/@haneysgarage2631,@haneysgarage2631,Haney’s Garage,1250,64,4,Channel dedicated to reviving corroded 2-stroke outboard motors with full service and diagnosis work described.,outboard motor,UC1eTc0SutxGI8HphGovRq0g,hands,motorcycle-small-engine-repair,wave1,2026-09-14,filter,64
https://www.youtube.com/@hanumanyogi8944,@hanumanyogi8944,‼️two wheeler bike repairing centr ‼️,1070,155,4,Two wheeler bike repairing centre channel with completed jobs count suggesting real repair documentation.,bike repairing | bike repair,UCE1MYTl6oyYelqkFKJgQhdA,hands,motorcycle-small-engine-repair,wave1,2026-09-14,filter,155
https://www.youtube.com/@harishar2koli,@HarishAR2koli,Harish AR2 koli 🪛🧰,198,303,4,"Bike garage videos show shocker oil seal change, full service, timing chain and piston boring work.",bike repairing | bike repair | amplifier repair,UCFoEUldnMPXnsSkIJ05_luQ,hands,motorcycle-small-engine-repair,wave1,2026-09-14,filter,351
https://www.youtube.com/@hbtbrother,@HBTBrother,HBT Brother,980,117,4,"Bike repair channel with chain, brake, disc pump, lighting fix titles though mixed with unboxing.",motorcycle repair,UCrZNPaznmmDHJOIIJfNmvVg,hands,motorcycle-small-engine-repair,wave1,2026-09-14,filter,122
https://www.youtube.com/@hester781,@hester781,Hester781,8450,188,4,"Small engine repair/fixing/restoring channel with hands-on tinkering focus, matches small-engine slice well.",small engine repair,UCjfLk-D1CbYgYvUAL6nvtEQ,hands,motorcycle-small-engine-repair,wave1,2026-09-14,filter,188
https://www.youtube.com/@hillbillytoolbox,@HillbillyToolBox,HillbillyToolBox,637,138,4,"Small-engine and ATV repair channel with titles showing head gasket, cable install, killswitch repair work.",small engine repair,UCW9Tlz6G2G_2pR0mQejqcTw,hands,motorcycle-small-engine-repair,wave1,2026-09-14,filter,189
https://www.youtube.com/@hirabikepoint,@hirabikepoint,Hira Bike Point  ,1850,128,4,"Hero/Honda specialist bike repair shop description, business-focused but service oriented, no titles.",bike repairing | bike repair,UCU2elCabLpFWnqJ5bTZQOlQ,hands,motorcycle-small-engine-repair,wave1,2026-09-14,filter,128
https://www.youtube.com/@hisman24,@hisman24,IDOL motovlogz,746,355,4,Motorcycle mechanic specialist channel with titles showing seal fitting and pump work on motorcycles.,motorcycle mechanic,UC6hhpPd0Lj5BqhxpTcRhpIg,hands,motorcycle-small-engine-repair,trial100,2026-09-14,filter,355
https://www.youtube.com/@hmchanel17,@HMchanel17,HM chanel,7860,97,4,"Motorcycle workshop sharing injection, carburetor, wiring and electrical repair knowledge across bike types.",motorcycle workshop,UCPd6TmP0xRxKkvXPnfX3vwg,hands,motorcycle-small-engine-repair,wave1,2026-09-14,filter,97
https://www.youtube.com/@holdingatomsproductions,@HoldingAtomsProductions,Holding Atoms Productions,28,63,4,Small engine and powersports repair videos including snowmobile ski and mower troubleshooting shown on camera.,small engine repair,UCnJWSKme7gTpeuc4pzDhfHg,hands,motorcycle-small-engine-repair,wave1,2026-09-14,filter,172
https://www.youtube.com/@honda-cb500,@Honda-CB500,-=МЕХАНИК 76=-,556,141,4,Garage channel with actual engine disassembly and part swap titles alongside personal life content.,ремонт мотоциклов,UCeNbrdWmN8YkIaimUWIbtUA,hands,motorcycle-small-engine-repair,wave1,2026-09-14,filter,146
https://www.youtube.com/@hrdmotorherdiairbrush3798,@hrdmotorherdiairbrush3798,HRD motor herdiairbrush,401,158,4,"Titles show real hands-on repair tasks like seal, kanvas rem, and stang seher installs.",bengkel motor,UCbuc_-7NHJQOewhDRxczHYQ,hands,motorcycle-small-engine-repair,wave1,2026-09-14,filter,158
https://www.youtube.com/@ibkar-md1sx,@ibkar-md1sx,ibkar ali,109,61,4,Bike repair centre with titles showing engine and fuel motor repair work on camera.,bike repair,UCjUbQ6GLRXs2lbK-DHiEKPA,hands,motorcycle-small-engine-repair,wave1,2026-09-14,filter,70
https://www.youtube.com/@idanpoetra-,@IdanPoetra-,IdanPoetra,478,196,4,"Small home repair shop with titles on brake pads, radiator overheat fix, battery repair showing real motorcycle mechanical work.",motorcycle mechanic,UCRCKRbbm72ZVeFj8BPVdvLw,hands,motorcycle-small-engine-repair,wave1,2026-09-14,filter,236
https://www.youtube.com/@imranhondaservice,@imranhondaservice,Imran Honda Service,3020,220,4,Honda service channel description mixes new bikes with repair/service content.,bike repairing | bike repair,UCC0DaxWFc-kbmRQiikwkqGA,hands,motorcycle-small-engine-repair,wave1,2026-09-14,filter,220
https://www.youtube.com/@infomoterbike,@Infomoterbike,ایوب لغاری موٹر سائیکل ورکشاپ,423,227,4,Workshop channel teaching engine disassembly/assembly and free repairing course with practical titles.,motorcycle repair | motorcycle repairing | bike repairing | bike repair,UCjJSRMhqdYsz2XKG5YyDqWQ,hands,motorcycle-small-engine-repair,wave1,2026-09-14,filter,227
https://www.youtube.com/@institutotecnicocursosespe6408,@institutotecnicocursosespe6408,Instituto técnico Cursos Especializados del Valle,461,82,4,Institute with actual repair videos shown: gearbox repair and engine timing synchronization on Suzuki Gladius.,mecánica de motos,UCr4ZM10t1_EHxlfzEuuUffw,hands,motorcycle-small-engine-repair,wave1,2026-09-14,filter,82
https://www.youtube.com/@internelofyamaha92,@internelofyamaha92,INTERNAL OF YAMAHA,600,122,4,Yamaha service centre channel showing frame and chassis replacement work after accidents.,bike repairing | bike repair,UCDUX5Kh7P3wodiSaUCwOaIg,hands,motorcycle-small-engine-repair,wave1,2026-09-14,filter,153
https://www.youtube.com/@irfanokaramotorcyclemechanic,@Irfanokaramotorcyclemechanic,Irfan okara Autoes,3110,389,4,"Online motorcycle mechanic training channel promising home repair instruction, aligns with practical training format.",motorcycle mechanic,UCYDGz81rUe4SgLxYXzBqFzg,hands,motorcycle-small-engine-repair,wave1,2026-09-14,filter,389
https://www.youtube.com/@ironblackbirdcycles,@ironblackbirdcycles,IRON BLACKBIRD CYCLES,2680,955,4,Full-service motorcycle repair shop with custom paint and fab work; repair dominant but paint/custom mixed in.,motorcycle repair,UCyR4RPK8oC08a7LCahal8Fw,hands,motorcycle-small-engine-repair,wave1,2026-09-14,filter,955
https://www.youtube.com/@ironnationgarage,@IronNationGarage,Iron Nation Garage,1350,381,4,"Revival and repair channel covering motorcycles, lawn tractors and small engines with hands-on fix videos.",small engine repair,UC2L-eKjz-ldm7SuOYLxmqVg,hands,motorcycle-small-engine-repair,wave1,2026-09-14,filter,383
https://www.youtube.com/@isbike7373,@isbike7373,isbike7373,3020,896,4,"Motorcycle mechanic channel listing clutch, engine, wiring repair topics across many bike brands.",bike repair,UCjKw_qYZNJ5rsrEh4cC532A,hands,motorcycle-small-engine-repair,wave1,2026-09-14,filter,896
https://www.youtube.com/@ittehadauto7096,@ittehadauto7096,Ittehad Auto,5730,287,4,"Motorcycle repairing tips channel including loader bike repair, hands-on focus per description.",motorcycle repair | motorcycle repairing | bike repairing | bike repair,UCs1ECnU733Fcfw3MrCIXOWQ,hands,motorcycle-small-engine-repair,wave1,2026-09-14,filter,290
https://www.youtube.com/@jackmcmurtrie-e8w,@JackMcmurtrie-e8w,wood meets power,24,53,4,"Small engine repair channel covering chainsaws, lawnmowers and generators alongside woodworking and painting side content.",engine rebuild,UCB6Xyf5hLV1ZLxcazteaI7A,hands,motorcycle-small-engine-repair,wave1,2026-09-14,filter,214
https://www.youtube.com/@jackssmallenginestv,@JacksSmallEnginesTV,JacksSmallEnginesTV,6120,105,4,"Dedicated small engine repair service center channel covering mowers, generators, chainsaws and blowers.",small engine repair,UCORcpJW33nvheilMid8aQeA,hands,motorcycle-small-engine-repair,wave1,2026-09-14,filter,105
https://www.youtube.com/channel/ucumh8p12ij5nbugd8oxqa3q,@Jakir_khan_123,Indian auto garrage,226,211,4,"Titles show real motorcycle jobs: carburetor fitting, self-start repair, handle work on multiple bike models.",bike repair,UCUMH8P12iJ5NBUGD8OXQA3Q,hands,motorcycle-small-engine-repair,wave1,2026-09-14,filter,215
https://www.youtube.com/@janataelectricgarage1996,@Janataelectricgarage1996,Akhilesh technical engineering ,288,159,4,Electric scooter repair channel with specific fault diagnosis titles like motor and battery charging problems.,scooter repair,UCkK6mwnDdOiALHiZyV7Np8g,hands,motorcycle-small-engine-repair,wave1,2026-09-14,filter,168
https://www.youtube.com/@janta_garage_siwan,@Janta_Garage_Siwan,JANTA GARAGE,129,70,4,"Bike repair garage business description listing engine, clutch, brake and chain services.",bike repair,UCw12OTn7To-UKGNnqnq5Vkg,hands,motorcycle-small-engine-repair,wave1,2026-09-14,filter,76
https://www.youtube.com/@javier_cars_motors,@Javier_Cars_Motors,Javier Cars Motors,7880,397,4,Workshop channel showing real car and motorcycle repairs step by step including engine rebuilds and diagnostics.,motorcycle mechanic,UCTpj7kc-i0xuV9gLax2hTfg,hands,motorcycle-small-engine-repair,wave1,2026-09-14,filter,397
https://www.youtube.com/@jayden-cf5vd,@jayden-cf5vd,Jayden the small engine doctor ,1650,262,4,"Small engine repair channel focused on fixing lawn mowers, described directly and clearly on-topic.",small engine repair,UCNhpk7iLykg5McZ22K--6fg,hands,motorcycle-small-engine-repair,wave1,2026-09-14,filter,262
https://www.youtube.com/@jeanbikers,@Jeanbikers,Jean bikers,869,301,4,Shows real motorcycle rebuild titles like crankcase rebuild with homemade gaskets and CDI wiring work.,mecánica de motos,UC4lzuVOlCMvYcRIzWk1foQQ,hands,motorcycle-small-engine-repair,wave1,2026-09-14,filter,491
https://www.youtube.com/@jeetduiwal,@jeetduiwal,Torque Garage India,87,85,4,Garage channel emphasizing real step-by-step bike repair and mechanical work weekly.,bike repair,UC9BT3y0qnGodCtiJOBEEEXQ,hands,motorcycle-small-engine-repair,wave1,2026-09-14,filter,94
https://www.youtube.com/@jhanjhatprajapati20,@jhanjhatprajapati20,jhanjhat Prajapati Bike Mechanic,2950,604,4,"Bike mechanic channel dedicated to engine, starting mechanism and part repair videos across brands.",bike repair,UCLltTCjhodE3pp4qIVPuXFg,hands,motorcycle-small-engine-repair,wave1,2026-09-14,filter,604
https://www.youtube.com/@jhonyak,@jhonyak,Jhony ak,3620,241,4,Motorcycle repair shop channel aimed at beginners showing installation and repair tricks per description.,motorcycle repair,UCotHyzKRJrF-1iFTV9Higrw,hands,motorcycle-small-engine-repair,trial100,2026-09-14,filter,241
https://www.youtube.com/@jkmechanick,@jkmechanick,Official JK Mechanic,345,290,4,Bike repair and service channel promising engine diagnosis and step-by-step repair guides.,bike repairing | bike repair,UCwzuIG-8AdsUOYF5K2yOdYg,hands,motorcycle-small-engine-repair,wave1,2026-09-14,filter,330
https://www.youtube.com/@johannz100,@JohannZ100,Willie McCollum700 McCollum Small Engines,176,76,4,Small engine repair channel with practical titles on engine swaps and starting issues on mowers.,small engine repair,UCsX91fb870ln6l0IQ6J1aFw,hands,motorcycle-small-engine-repair,wave1,2026-09-14,filter,82
https://www.youtube.com/@jojoabellanojr,@jojoabellanojr,"Jojo Abellano  Yamaha SZ, FZ, YTX mechanic ",18100,390,4,Dedicated Yamaha SZ/FZ motorcycle mechanic jobs channel name strongly signals filmed repair work.,motorcycle mechanic,UCC2JwOk4BWSkGKnF4eA_ctw,hands,motorcycle-small-engine-repair,wave1,2026-09-14,filter,390
https://www.youtube.com/@jsrazza,@JsRazza,JRazza,113,70,4,"Small engine repair titles on generators, pressure washers, snowblower engine swaps show hands-on work.",small engine repair,UCQJ4_85Y5ApKwztyAscmFpQ,hands,motorcycle-small-engine-repair,wave1,2026-09-14,filter,70
https://www.youtube.com/@junglebobrepair,@JungleBobRepair,Jungle Bob Repair,1890,434,4,"Small engine repair channel with personal focus, description confirms dedicated small-engine repair content.",small engine repair,UCkb1mdMFGkJjdTWwTBnABKw,hands,motorcycle-small-engine-repair,wave1,2026-09-14,filter,434
https://www.youtube.com/@k.b._auto_service_bhadliya,@K.b._auto_service_bhadliya,K.b.auto_service_bhadliya,696,279,4,"Automobile service center with titles showing full servicing, timing chain, oil change on real bikes.",bike repair,UCbgoz6-O3po5-Y030zxLeTg,hands,motorcycle-small-engine-repair,wave1,2026-09-14,filter,455
https://www.youtube.com/@kabukongalonsoptv1984,@KABUKONGALONSOPTV1984,KABUKONG ALONSO PTV,2700,243,4,"Machine-shop channel dedicated to engine rebuilding precision work, likely includes motorcycle/small engine jobs.",engine rebuild,UChrxt9HqIR4_VpL337wNmgw,hands,motorcycle-small-engine-repair,wave1,2026-09-14,filter,243
https://www.youtube.com/@kaheymanmoto,@Kaheymanmoto,Ka Heyman moto,1530,154,4,Motorcycle repair tips and tutorials channel focused on hands-on fixes.,motorcycle repair,UCmUbiP_MS1h7kEeYNauv5Xg,hands,motorcycle-small-engine-repair,wave1,2026-09-14,filter,154
https://www.youtube.com/@karishma-ii2uu,@Karishma-ii2uu,Karishma R lover,23,64,4,"Bike repairing channel with titles on carburetor problems and starting old bullets, showing real fixes.",bike repairing | bike repair,UCYQCVq7h21tWmluFxylleoA,hands,motorcycle-small-engine-repair,wave1,2026-09-14,filter,66
https://www.youtube.com/@kashifsuzukicentre,@kashifsuzukicentre,Kashif suzuki centre,18800,794,4,Suzuki bike repairing shop in Lahore with named mechanic and specific model service focus.,bike repairing | bike repair,UCWGiCI7WGqx0o90H_3QFQhw,hands,motorcycle-small-engine-repair,wave1,2026-09-14,filter,796
https://www.youtube.com/@kaushal_electrical9828,@kaushal_electrical9828,kaushal_electrical9828,64,85,4,Electric scooter/bike repair engineer channel with controller repairing and diagnostics titles.,bike repair,UC3nC4iXrad-_9Qp1ZOlTMCw,hands,motorcycle-small-engine-repair,wave1,2026-09-14,filter,129
https://www.youtube.com/@kd390vlogs,@KD390vlogs,KD#Turdo vlogs ,137,219,4,"Sport bike repair workshop with titles showing overheating fixes, engine jobs and body repair on real bikes.",bike repair,UC4_R68YtfFiygsDGPEnEklA,hands,motorcycle-small-engine-repair,wave1,2026-09-14,filter,224
https://www.youtube.com/@ken-kenmotor,@Ken-KenMotor,KEN-KEN Pitstop,9320,277,4,"Motorcycle workshop channel covering basic theory, tutorials, troubleshooting for carburetor and injection motors.",bengkel motor,UCal4n0gm3jnZZ39ozwSleRQ,hands,motorcycle-small-engine-repair,wave1,2026-09-14,filter,277
https://www.youtube.com/@kensworldrestorations,@KensWorldRestorations,KensWorld Restorations,3310,85,4,"Motorcycle restoration channel focused on rideable restorations, likely hands-on rebuild work shown.",motorcycle restoration,UCSTcQ33Q9Y63RcXVdV5C0bQ,hands,motorcycle-small-engine-repair,wave1,2026-09-14,filter,85
https://www.youtube.com/@kenziemotorchennel,@kenziemotorchennel,Kenzie motor,6900,1710,4,"Named tutorial bengkel motor channel, concise description directly indicating repair tutorials.",bengkel motor,UCZCH-V-pUFE_DEXjaHK4ghg,hands,motorcycle-small-engine-repair,wave1,2026-09-14,filter,1712
https://www.youtube.com/@kevinrude1270,@kevinrude1270,Kevinrude - In Memorium,80,50,4,Antique outboard motor enthusiast channel with garage episodes showing lower unit and cowl restoration work.,outboard motor,UC9FJ0o1-mHmv3rEiIoB7MjA,hands,motorcycle-small-engine-repair,wave1,2026-09-14,filter,50
https://www.youtube.com/@khanauto8808,@khanauto8808,khan auto 880,9070,796,4,Two-wheeler repair shop description details engine repair and scooty servicing at named branch location.,bike repairing | bike repair,UCaR7Y6d57K-BGltv0klX59g,hands,motorcycle-small-engine-repair,wave1,2026-09-14,filter,796
https://www.youtube.com/@khemissetmotorsdiag,@khemissetmotorsdiag,KHEMISSET - MOTORS DIAG,5410,550,4,Motorcycle diagnostic and repair tutorial channel covering mechanics and electrics.,réparation moto,UC1kS1525ZR0CBZrhu22-2hg,hands,motorcycle-small-engine-repair,wave1,2026-09-14,filter,550
https://www.youtube.com/@kick-start-motorcycles,@Kick-start-motorcycles,Kickstart Motorcycles,129,73,4,"Classic Japanese motorcycle restoration channel showing paint, vinyl fitting and mechanical rebuild steps.",motorcycle restoration,UCwi0mCiPj1ZXiGJClWEAApA,hands,motorcycle-small-engine-repair,wave1,2026-09-14,filter,73
https://www.youtube.com/@kokogantengmotor27,@KOKOGANTENGMOTOR27,KOKO GANTENG MOTOR,62600,778,4,Dedicated tutorial channel for easy motorcycle service tips and troubleshooting.,servis motor,UC0M8fqCAlwMUKcchyDOcNUg,hands,motorcycle-small-engine-repair,wave1,2026-09-14,filter,778
https://www.youtube.com/@koolitguy_tv,@Koolitguy_TV,KoolitGuy_TV,238,109,4,Ebike repair channel with titles on dynamo motor and hall sensor repair work.,bike repair,UC3Uq4TijTzalKDXUaOA7xow,hands,motorcycle-small-engine-repair,wave1,2026-09-14,filter,170
https://www.youtube.com/@kotpindidassbikerepairing,@kotpindidassbikerepairing,kot pindi dass bike repair,188,73,4,Bike repair channel with clutch assembly and horn/light button repair titles showing real fixes.,bike repair,UCgw0G_5BRJz363uxuYNWQxg,hands,motorcycle-small-engine-repair,wave1,2026-09-14,filter,73
https://www.youtube.com/@ktecgarage,@ktecgarage,Ktec Garage,11400,91,4,"Vehicle and small engine repair channel emphasizing Honda, hands-on garage teardown/rebuild content.",small engine repair,UC0LuT3Wf4ZhOKsQSo1aHFzw,hands,motorcycle-small-engine-repair,wave1,2026-09-14,filter,91
https://www.youtube.com/@ladoga-service47,@ladoga-service47,Rols-Service - repair and maintenance of outboard motors,4180,111,4,Service business description details outboard and snowmobile repair and maintenance work.,outboard motor,UCjpk818lMvGEiyu75iybVzw,hands,motorcycle-small-engine-repair,wave1,2026-09-14,filter,111
https://www.youtube.com/@lagunachoppers295,@lagunachoppers295,Laguna Choppers,1870,135,4,Vintage motorcycle and scooter restoration company channel bringing bikes back to production condition.,motorcycle restoration,UCz4gH-7lgMpqLonDUkRtPhQ,hands,motorcycle-small-engine-repair,wave1,2026-09-14,filter,135
https://www.youtube.com/@lirvic86cv,@Lirvic86cv,LiRvic86cv ,456,68,4,Bobber build channel with titles showing carburetor conversions and engine builds on classic bikes.,bike repair,UCMioEJQLetmJEd6c03tWcjA,hands,motorcycle-small-engine-repair,wave1,2026-09-14,filter,87
https://www.youtube.com/@litonmoto,@LitonMoto,LITON MOTORCYCLE WORKSHOP & DIAGNOESTIC CENTER,319,66,4,Bangladeshi diagnostic center with titles on magnet coil and headlight electrical problem-solving repair work.,motorcycle workshop,UCzmZAa-KaKpJoXhPQlQ_wOQ,hands,motorcycle-small-engine-repair,wave1,2026-09-14,filter,80
https://www.youtube.com/@lylesgarage,@lylesgarage,Lyle’s Garage,1860,68,4,"Dedicated garage channel restoring 70s Japanese bikes with how-to/timelapse format, strong topic fit.",motorcycle restoration,UC3q-uoOA-QiMlqvdcM1JIWA,hands,motorcycle-small-engine-repair,wave1,2026-09-14,filter,68
https://www.youtube.com/@machanicmasterdeepu3497,@machanicmasterdeepu3497,machanic master deepu,36,55,4,Self-described bike repair channel solving all types of bike problems,bike repair,UCZ1trxKNy2D7KpxQF4T_cSQ,hands,motorcycle-small-engine-repair,trial100,2026-09-14,filter,53
https://www.youtube.com/@mahariabikeservicecenter9311,@mahariabikeservicecenter9311,maharia bike service center,456,207,4,Practical bike repair titles like spark plug checking and troubleshooting a stalling bike.,bike repairing | bike repair,UCaTN-KJrlEQySD7CChyr5xQ,hands,motorcycle-small-engine-repair,wave1,2026-09-14,filter,207
https://www.youtube.com/@mahendraautoworks8281,@mahendraautoworks8281,mahendra bike repair ,1310,227,4,Mahendra bike repair channel explicitly dedicated to bike repair videos.,bike repair,UCBy5JYRkE75unlY0YosyHxQ,hands,motorcycle-small-engine-repair,wave1,2026-09-14,filter,227
https://www.youtube.com/@maicowerk,@Maicowerk,Opferman Motors Dirtbiking,16200,942,4,Dirt bike engine rebuilding channel for Maico motorcycles mixed with riding and reviews.,engine rebuild,UC2bl9wQgYKzlz4ZPyY1VQvA,hands,motorcycle-small-engine-repair,wave1,2026-09-14,filter,942
https://www.youtube.com/@malakhelautos,@MalakhelAutos,Bike information ,155,82,4,"Bike repair center posting carburetor repair and full restoration shorts, though some tuning/showcase content mixed in.",bike repairing | bike repair,UC4qtEiDz0Y1XcsD_KWgHRoQ,hands,motorcycle-small-engine-repair,trial100,2026-09-14,filter,82
https://www.youtube.com/@mamayjasperworksvlogs9679,@mamayjasperworksvlogs9679,mamay jasper WORKS vlogs,39200,1059,4,"Motorcycle mechanic vlogs showing repair, maintenance and workshop experiences.",motorcycle mechanic,UCFaLo382sdlQhrQXShrmNTw,hands,motorcycle-small-engine-repair,wave1,2026-09-14,filter,1061
https://www.youtube.com/@mangalmotorcycles,@mangalmotorcycles,mangal motorcycles,44,50,4,"Royal Enfield-focused repair center channel describing engine rebuilds, restorations and tutorials in depth.",bike repair | engine rebuild,UC71XFz87S2NOdYzh4kX8LSA,hands,motorcycle-small-engine-repair,wave1,2026-09-14,filter,50
https://www.youtube.com/@mangrey28,@MangRey28,mang rey,93,52,4,"Titles show diagnosing engine noise and CVT seal replacement, real motorcycle repair work shown.",motorcycle repair,UCSqq2W0Z5N8eu-L2vAhlH4Q,hands,motorcycle-small-engine-repair,wave1,2026-09-14,filter,98
https://www.youtube.com/@manish-kumar-2457,@Manish-kumar-2457,Bike Point Sheikhpura SHEIKHPURA ,223,123,4,Multi-brand two-wheeler service center with gear selector and gearbox repair shorts shown on camera.,bike repairing | bike repair,UC8-9-7kALdxll84l5oZmwdA,hands,motorcycle-small-engine-repair,wave1,2026-09-14,filter,128
https://www.youtube.com/@manksibukgak,@Manksibukgak,Manksibukgak,832,95,4,"Home garage channel with titles showing shock service, body restoration and repair work with commentary.",bengkel motor,UCwjGnUZQIy8HWFL5PPA__Ug,hands,motorcycle-small-engine-repair,wave1,2026-09-14,filter,343
https://www.youtube.com/@manojbiketech,@ManojBiketech,Manoj Bike tech,505,84,4,"Bike mechanic channel with titles showing service, injan open, and factory engine fitting work.",bike repairing | bike repair,UC4OHanvQfq6dKtDqPASZINw,hands,motorcycle-small-engine-repair,wave1,2026-09-14,filter,82
https://www.youtube.com/@manuelfernandoahedobarrien9902,@manuelfernandoahedobarrien9902,Mecanimotos SOS,315,241,4,"Titles show drive kit change, gasket making and workshop scenes on real motorcycles.",mecánica de motos,UCula1jMzc-wo4kuPFXtyu5A,hands,motorcycle-small-engine-repair,wave1,2026-09-14,filter,267
https://www.youtube.com/@marceltitan99,@MarceldaRd,Marcel da Rd ,585,216,4,"Motorcycle repair tips channel with concrete titles on suspension assembly, brake adaptation, transmission swap.",mecânica de motos,UCP176gFXC-Hc7EKY7T7wLrw,hands,motorcycle-small-engine-repair,wave1,2026-09-14,filter,222
https://www.youtube.com/@marcoantoniomartinezamador1153,@marcoantoniomartinezamador1153,MacGyver,488,303,4,Titles show real motorcycle teardown and restoration work on a Yamaha Virago 535.,mecánica de motos,UCKEqzVzOGVip0coOxiA-M8Q,hands,motorcycle-small-engine-repair,wave1,2026-09-14,filter,489
https://www.youtube.com/@mateusalbertoferreira2141,@mateusalbertoferreira2141, Ponto Duas Rodas ,42300,1818,4,"Video lessons in motorcycle mechanics, likely practical bench-style teaching content.",mecânica de motos,UC14yZTBHnL5ORDwqCMb2hwg,hands,motorcycle-small-engine-repair,wave1,2026-09-14,filter,1818
https://www.youtube.com/@matibikestudy,@MatiBikeStudy,Mati Bike Study ,299,112,4,"Bike study channel with engine disassembly, clutch install and rod bearing repair tutorials shown.",bike repairing | bike repair,UC4BTaiEL5rBa7Yju_j0AY8A,hands,motorcycle-small-engine-repair,wave1,2026-09-14,filter,123
https://www.youtube.com/@mazharabbasibikemachanicoffici,@mazharabbasibikemachanicoffici,Mazhar Abbasi bike 🚲 machanic official ,1130,662,4,Bike mechanic channel explicitly focused on bike repairing videos per name and description.,bike repairing | bike repair,UCI8AdWiM6EufP68nYRV4e7A,hands,motorcycle-small-engine-repair,wave1,2026-09-14,filter,662
https://www.youtube.com/@mcanicshow1,@mcanicshow1,mehdi alale,198,116,4,"Professional mechanic-led motorcycle repair training channel, description signals practical instruction focus.",motorcycle repair,UCvLOCXbhPpEXOwmCti0knyw,hands,motorcycle-small-engine-repair,wave1,2026-09-14,filter,119
https://www.youtube.com/@mdalom2.0,@mdalom2.0,Moto Tech and Vlog,274,360,4,Motor workshop mechanic with titles showing piston/ring/timing chain change and full servicing jobs.,bike repairing | bike repair,UCnU_dRsm-ffaP43ppZ6h_Uw,hands,motorcycle-small-engine-repair,wave1,2026-09-14,filter,358
https://www.youtube.com/@mdsadikbikecentre11,@Mdsadikbikecentre11,MdSadikbike,207,154,4,Bike repair and modification channel with titles showing accident chassis straightening and wiring checks.,bike repair,UCPKjp9LxaxzUk15RzOi99wg,hands,motorcycle-small-engine-repair,wave1,2026-09-14,filter,154
https://www.youtube.com/@mdwasimmdwasimkkr,@MdWasimMdWasimkkr,Md Wasim mechanic,49,145,4,"Mechanic channel covering wiring, servicing and engine videos across multiple two-wheeler brands.",bike repairing | bike repair,UCPzjkptAO4CJK393fd4lwrg,hands,motorcycle-small-engine-repair,wave1,2026-09-14,filter,145
https://www.youtube.com/@mecanic-g2v,@Mecanic-g2v,Mechanic Khamiso Khan 1,447,115,4,"Motorcycle mechanical course with titles on tyre install, puncture repair, mudguard change showing practical work.",motorcycle mechanic,UCOfoyTpNPe4q86Lpzzwp5Lw,hands,motorcycle-small-engine-repair,wave1,2026-09-14,filter,113
https://www.youtube.com/@mecanica2tempososcarmotors68,@mecanica2tempososcarmotors68,Mecânica 2 Tempos Oscar Motors Oficial,120000,690,4,"Small-engine specialist channel covering chainsaws, brushcutters, blowers and outboard motor mechanics.",mecânica de motos,UC92j9WRAuIGolHnRGXh4Dsw,hands,motorcycle-small-engine-repair,wave1,2026-09-14,filter,690
https://www.youtube.com/@mecanicamirkon,@mecanicamirkon,Mecanica Mirko ,1660,192,4,Step-by-step motorcycle tutorials including valve adjustment and fault diagnosis described clearly.,mecánica de motos,UC3v-3JHa1Lh2eqh3coE6axA,hands,motorcycle-small-engine-repair,wave1,2026-09-14,filter,192
https://www.youtube.com/@mechanic..5911,@mechanic..5911, mechanic..5911,9310,1324,4,Trusted bike mechanic channel covering BS4/BS6/EFI/Carb bike repair and service work.,bike repair,UCFF_9cjwxeUJAWdLujLxhAA,hands,motorcycle-small-engine-repair,wave1,2026-09-14,filter,1324
https://www.youtube.com/@mechanic.shankar,@mechanic.Shankar,quickfix bike repair,170,280,4,"Hindi bike repair workshop channel promising real workshop repair, service and troubleshooting videos.",motorcycle repair | bike repair,UCmt-Ao3LSaw3AkwWZcsA_ug,hands,motorcycle-small-engine-repair,wave1,2026-09-14,filter,402
https://www.youtube.com/@mechanicadda-j1x,@Mechanicadda-j1x,Mechanic adda ,322,337,4,Bike mechanic guide channel emphasizing real-time workshop repairs and step-by-step servicing tutorials.,motorcycle repair,UC99Zjv8EnMwwdWozAM4Y2Yw,hands,motorcycle-small-engine-repair,wave1,2026-09-14,filter,337
https://www.youtube.com/@mechanicdoctor8553,@mechanicdoctor8553,Mechanic Doctor,11200,380,4,"Filipino motorcycle and small-engine mechanic sharing repair knowledge and home service, description implies filmed jobs.",motorcycle mechanic,UCAQ_gY3F-3_VNXNIZD4x14w,hands,motorcycle-small-engine-repair,wave1,2026-09-14,filter,380
https://www.youtube.com/@mechanicsantanu,@Mechanicsantanu,Mechanic Santanu ,67,88,4,"Bengali mechanic channel description emphasizing real garage bike repair footage, no titles shown.",bike repair,UCITo5T4yCHIdbiqtGPXUx7g,hands,motorcycle-small-engine-repair,wave1,2026-09-14,filter,128
https://www.youtube.com/@mechanictips-k2i,@MechanicTips-k2i,Mechanic Tips ,82,54,4,"Motorcycle mechanic tips channel covering carburetor, brake, clutch and cable repair for common bikes.",motorcycle repair | motorcycle mechanic,UCk_t5qI91zQxsPSgk9eVx8A,hands,motorcycle-small-engine-repair,wave1,2026-09-14,filter,128
https://www.youtube.com/@mechanicvijay-u2g,@mechanicVijay-u2g,mechanic Vijay,93,95,4,"Mechanic channel with titles on spark plug wiring, disc brake pad fitting and self-starter carbon fitting.",bike repairing | bike repair,UCzvjkzByJvX-SPSSD5lBeHw,hands,motorcycle-small-engine-repair,wave1,2026-09-14,filter,245
https://www.youtube.com/@meezanraza1872,@meezanraza1872,Qadri bike -modification ,549,103,4,"Bike repair centre with engine fitting and sensor issue videos, though some bike showcase content mixed in.",bike repairing | bike repair,UCF6jsAtGvNH3sQssa1qaG2A,hands,motorcycle-small-engine-repair,wave1,2026-09-14,filter,113
https://www.youtube.com/@mehulk6527,@mehulk6527,Mehul Mechanic,158,155,4,"Dedicated bike repair channel promising engine overhauls, troubleshooting and maintenance tutorials.",bike repair,UCrsUPmJFkwCsziuFOT4Gv4g,hands,motorcycle-small-engine-repair,wave1,2026-09-14,filter,155
https://www.youtube.com/@mekanikmotor46,@Mekanikmotor46,Mekanik motor,19500,1847,4,"Mekanik motor channel explicitly focused on fixing broken motorcycles, description directly matches repair mission.",bengkel motor,UCohdB8NiwEhFT-1_4p26otw,hands,motorcycle-small-engine-repair,wave1,2026-09-14,filter,1848
https://www.youtube.com/@mekanikmotor_official,@Mekanikmotor_Official,Mekanik Motor,711,228,4,Channel explicitly covers engine and CVT teardown plus daily garage case studies.,bengkel motor,UCX6Ew3FxLHptkDeR5lqsnKA,hands,motorcycle-small-engine-repair,wave1,2026-09-14,filter,228
https://www.youtube.com/@mekanikoblak,@mekanikoblak,Mekanik oblak,5490,513,4,Motorbike service and repair tutorials for various types of motorcycles at a bike shop.,motorcycle repair,UCby7A_NrqWOBWZldqRp7a9Q,hands,motorcycle-small-engine-repair,wave1,2026-09-14,filter,513
https://www.youtube.com/channel/ucgxcixlzosepxplrkoxbxmg,@MelisaPatar,hermin gultom,34,72,4,"Woman mechanic filming daily bengkel motor work like brake pad and headlight replacement, light service tasks.",bengkel motor,UCGxCixLZoSePXPLrkoxbxMg,hands,motorcycle-small-engine-repair,trial100,2026-09-14,filter,72
https://www.youtube.com/@mfbikehub536,@mfbikehub536,MF Bike hub,553,137,4,Sportbike repairing workshop with titles showing full engine fitting on Royal Enfield motorcycles.,bike repairing | bike repair,UCcSiHFkHfHM7NQ3ntKq9stg,hands,motorcycle-small-engine-repair,trial100,2026-09-14,filter,137
https://www.youtube.com/@mike_abel,@Mike_abel,Mike Abel,32800,306,4,Independent motorcycle repair and fabrication centre offering an inside view of workshop jobs.,motorcycle repair,UCwMsIcTTouN8b9Z5ZvLHsuQ,hands,motorcycle-small-engine-repair,wave1,2026-09-14,filter,306
https://www.youtube.com/@mikescubcadetworld,@mikescubcadetworld,Mike’s Cub Cadet World,2580,307,4,Cub Cadet focused channel covering small engine repairs and minor vehicle repairs with how-to videos.,small engine repair,UCQIml-Uyrl4czPWrRGOgfeQ,hands,motorcycle-small-engine-repair,wave1,2026-09-14,filter,308
https://www.youtube.com/@mikeycahanel28,@mikeycahanel28,mikeychanel28,48,62,4,Mechanic channel focused on matic scooter maintenance tutorials and repair education.,bengkel motor,UCCp4ITmVhSb0LOqJC98vF7g,hands,motorcycle-small-engine-repair,wave1,2026-09-14,filter,62
https://www.youtube.com/@minhchannel8545,@minhchannel8545,Minh channel,1400,156,4,Channel dedicated to sharing home motorcycle repair experience and knowledge for self-learners.,sửa xe máy,UCdfffXUQhRppHkBArxjijTQ,hands,motorcycle-small-engine-repair,wave1,2026-09-14,filter,156
https://www.youtube.com/@mironahmed8031,@mironahmed8031,Miron motors ,3240,1215,4,"Motorcycle repair and maintenance channel with garage projects and workshop videos, some lifestyle content mixed in.",motorcycle repair,UCpHmjomCSyz7C4Du90g1kHw,hands,motorcycle-small-engine-repair,wave1,2026-09-14,filter,1215
https://www.youtube.com/@mkautoparts-fn1nx,@Mkautoparts-fn1nx,sahu bike service ,3030,485,4,"Bike service channel explicitly covering repair, engine fitting and two-wheeler repairing videos.",bike repair,UCNm-HqnOWK8SoUeVhHB93dA,hands,motorcycle-small-engine-repair,wave1,2026-09-14,filter,485
https://www.youtube.com/@mms.39,@MMS.39,Mécanique motocyclettes souf,3860,218,4,Dedicated motorcycle mechanics channel promising detailed repair videos step by step.,الدراجات النارية,UC-nl5FTvttTV8LaoK3YG-kQ,hands,motorcycle-small-engine-repair,wave1,2026-09-14,filter,218
https://www.youtube.com/@mobyracing8184,@mobyracing8184,Moby Racing,13100,1268,4,"Workshop-based channel sharing daily mechanic knowledge, engine tuning and injection servicing tips.",mecânica de motos,UCxt1WqLcU5-phAljCKKrcGA,hands,motorcycle-small-engine-repair,wave1,2026-09-14,filter,1268
https://www.youtube.com/channel/ucwfuh72pdmlkcwzbsfokfja,@mohdimran3293,Mohd Imran Aprilia Technician ,39,55,4,Aprilia bike technician shop with clutch cover fitment and service titles shown.,bike repairing | bike repair,UCWfUh72PDMLkcwzBSFOKfjA,hands,motorcycle-small-engine-repair,wave1,2026-09-14,filter,60
https://www.youtube.com/@mohduvaish-r7r,@MohdUvaish-r7r,Mohd Uvaish,862,428,4,Bike repairing channel with titles showing clutch plate fitting and chain set replacement on camera.,bike repairing | bike repair,UCV5y-mpaOQcUz5NXjf7TmLg,hands,motorcycle-small-engine-repair,wave1,2026-09-14,filter,519
https://www.youtube.com/@mohidali99,@MohidAli99,Mohid Bike Mechanical ,3110,929,4,Channel explicitly focused on bike repairing videos as main content per description.,bike repairing | bike repair,UCMU5iSXB-MeeWLeedeCYigg,hands,motorcycle-small-engine-repair,wave1,2026-09-14,filter,929
https://www.youtube.com/@mohitkomalkachhwahamali,@MohitKomalkachhwahamali,New Kachhwaha Engineering Lawn Mowers Garden Tools,1220,155,4,Lawn mower and garden tool service center in Hindi listing brands and repair services performed.,lawn mower repair,UCnca3D75LV-HA2vEGILlO9Q,hands,motorcycle-small-engine-repair,wave1,2026-09-14,filter,155
https://www.youtube.com/@moneysaintrightgarage,@MoneysAintRightGarage,Money's Ain't Right Garage,1650,383,4,"Garage channel covering small engine, mower, UTV, golf cart repair plus welding and fabrication.",small engine repair,UCA9IIBmfAW0pLOLnMsah10g,hands,motorcycle-small-engine-repair,wave1,2026-09-14,filter,384
https://www.youtube.com/@montirsamatir,@montirsamatir,montirs amatir,3110,65,4,"Restoration and repair tutorial channel covering sepeda motor parts, tires and workshop activities.",bengkel motor,UCcQqKCZDJBlGHf5ra4JJdpA,hands,motorcycle-small-engine-repair,wave1,2026-09-14,filter,65
https://www.youtube.com/@monumechanic3686,@Monumechanic3686,MG01,3010,1300,4,Garage owner channel promising to show real bike repair and restoration work with descriptive Hindi text.,bike repair,UC9vw1Y-hr-uilNTTRGszouA,hands,motorcycle-small-engine-repair,wave1,2026-09-14,filter,1300
https://www.youtube.com/@moto-meccanica,@Moto-meccanica,Moto-Meccanica,120,74,4,"Motorcycle service and machine shop specializing in Ducati engine and suspension rebuilds, though some track-day content mixed in.",engine rebuild,UClKPVNwzxZT8dKsujz13S8A,hands,motorcycle-small-engine-repair,wave1,2026-09-14,filter,79
https://www.youtube.com/@moto_s_togo_boka,@MOTO_S_TOGO_BOKA,IZH MOTO from that side,2140,133,4,Dedicated to restoring and repairing vintage Soviet motorcycles including electrical work and painting.,motorcycle repair,UCAIt4wHcDQOPZZicddN7w3Q,hands,motorcycle-small-engine-repair,wave1,2026-09-14,filter,133
https://www.youtube.com/@motobae,@motobae,motobae,714,74,4,"Scooter repair shop with titles showing bore-up, restoration and mechanical work on matic bikes.",motorcycle repair,UCrUZaleAAdg5b3iIEU-d3pA,hands,motorcycle-small-engine-repair,wave1,2026-09-14,filter,76
https://www.youtube.com/@motoclick30,@MOTOCLICK30,MOTO CLICK,813,80,4,Titles show real repair work like throttle body cleaning and clutch lining replacement on scooters/cars.,motorcycle repair,UC2Dw8ZD6JaMkx5W0ZQmM6gw,hands,motorcycle-small-engine-repair,wave1,2026-09-14,filter,85
https://www.youtube.com/@motodidavao5133,@motodidavao5133,Motodi Davao,112,64,4,Motorcycle restoration/repair channel with titles showing wiring installs and engine revival work.,motorcycle restoration,UC-3oMi4mtdgNuQ6rBEpXkIw,hands,motorcycle-small-engine-repair,wave1,2026-09-14,filter,66
https://www.youtube.com/@motoeletricamecanicacentro-u8h,@Motoeletricamecanicacentro-u8h,Moto eletrica mecanica centro automotivo,230,54,4,"Titles show detailed electrical diagnostic work on ignition coils and CDI wiring for motorcycles, clear hands-on testing.",mecânica de motos,UCd3c2npdDofPajqd-2bnYRg,hands,motorcycle-small-engine-repair,wave1,2026-09-14,filter,71
https://www.youtube.com/@motoelnady,@motoelnady,اعطال الموتوسيكلات الصينى والفطوطة,5200,367,4,Dedicated channel on Chinese motorcycle faults and maintenance across many models.,الدراجات النارية,UCxblrQ0FaEIK_dsYpOko1tQ,hands,motorcycle-small-engine-repair,wave1,2026-09-14,filter,367
https://www.youtube.com/channel/ucgb3amczvc1chtfg7ygsj5q,@MotoExpertos_o,Moto Expertos,385,72,4,Titles show real transmission disassembly and repair steps on Kawasaki KX450F dirt bike.,mecánica de motos,UCGb3AmcZvc1CHTfG7ygSJ5Q,hands,motorcycle-small-engine-repair,wave1,2026-09-14,filter,72
https://www.youtube.com/@motoms9391,@motoms9391,Moto Ms محترف الدراجات النارية ,2590,89,4,"Educational channel specialized in motorcycle repair instruction, name and description confirm focus.",الدراجات النارية,UC2B75ZMRMM_3OElWdlhmeFA,hands,motorcycle-small-engine-repair,wave1,2026-09-14,filter,89
https://www.youtube.com/@motopix,@MotoPIX,MotoPix,2420,123,4,"Motorcycle workshop channel focused on tutorials, engineering and tips and tricks content.",motorcycle workshop,UC9m0Qqk_Hr1w8wAcWd5oXVg,hands,motorcycle-small-engine-repair,wave1,2026-09-14,filter,123
https://www.youtube.com/@motoracingangeleshuauchinango,@motoracingangeleshuauchinango,MotoRacingAngeles ,23,56,4,"Titles show real garage work: gearbox assembly, engine timing, dashboard fix on multiple motorcycle models.",mecánica de motos,UCM_JumfyGB6i20dbOrz7D1g,hands,motorcycle-small-engine-repair,wave1,2026-09-14,filter,56
https://www.youtube.com/@mototips71,@mototips71,mototips71,54,70,4,Motorcycle repair channel with titles showing cylinder head repair and headlight assembly on Apache/Pulsar bikes.,bike repair,UCgEpPY73d7_x77GygRyQe7g,hands,motorcycle-small-engine-repair,wave1,2026-09-14,filter,75
https://www.youtube.com/@motozona82,@motozona82,MOTOZONA82,2900,158,4,"Professional moto service shop with short repair clips showing motorcycle, scooter and ATV work.",ремонт мотоциклов | ремонт скутеров,UCp7txwdjV2ZD1FXe5UH2FpA,hands,motorcycle-small-engine-repair,wave1,2026-09-14,filter,159
https://www.youtube.com/@mr-top-ban,@Mr-Top-Ban,MR TOP BAN,303,124,4,"Titles show water pump seal repair and tubeless tire fitting, real mechanical work on motorcycles.",bengkel motor,UC2U88kz34A1NZKqgkm7NDyQ,hands,motorcycle-small-engine-repair,wave1,2026-09-14,filter,124
https://www.youtube.com/@mr.sameerkhan-7,@Mr.sameerkhan-7,Master mind mechanic ,209,78,4,"Auto service centre with titles on full service, timing chain and clutch plate fitting step-by-step.",bike repair,UC08aiquXE4KTMFwfGea7L8w,hands,motorcycle-small-engine-repair,wave1,2026-09-14,filter,104
https://www.youtube.com/@mr_mechanic1,@Mr_Mechanic1,Mr_Mechanic,2080,233,4,Bike mechanic channel dedicated to motorcycle repair videos across multiple brands.,motorcycle repair | bike repair,UCcuYNqGkhZ0-C4XFr89OLQw,hands,motorcycle-small-engine-repair,wave1,2026-09-14,filter,233
https://www.youtube.com/@mrheydari0011,@mrheydari0011,heydariseklet ,5540,99,4,Motorcycle repair and troubleshooting tutorial channel with engine performance content described.,motorcycle repair,UCwpjUKeIqpZzKXGDnZAtVcQ,hands,motorcycle-small-engine-repair,wave1,2026-09-14,filter,99
https://www.youtube.com/@mughniproject25,@mughniproject25,Mughni Project,2150,111,4,"Motorcycle tutorial channel covering servis, tune up, karburator, CVT and clutch replacement work.",servis motor,UC9LoEOSuoPtCWeDeZ0kLIpQ,hands,motorcycle-small-engine-repair,wave1,2026-09-14,filter,111
https://www.youtube.com/@muhamadtohari,@muhamadtohari,Bengkel Jakal,216,75,4,"Bengkel channel with titles showing CVT install, throttle body service, wheel removal repairs.",servis motor,UCBIblA61vJTtYBKMvkNpvig,hands,motorcycle-small-engine-repair,wave1,2026-09-14,filter,75
https://www.youtube.com/@muhammadfayyaz333,@muhammadfayyaz333,mf auto's,193,56,4,Motorcycle maintenance and spare parts channel with titles on shock straightening and bushing changes shown.,bike repairing | bike repair,UC45_veeFDAC9K55odwl_t_Q,hands,motorcycle-small-engine-repair,wave1,2026-09-14,filter,55
https://www.youtube.com/@mundotiagoribeiro,@mundotiagoribeiro,Mundo Tiago Ribeiro ,25400,437,4,"Motorcycle mechanics channel with repair tutorials and daily tips, dedicated to hands-on fixes.",mecânica de motos,UCIaeJf4HvyM3YUdWGv4oFZg,hands,motorcycle-small-engine-repair,trial100,2026-09-14,filter,437
https://www.youtube.com/@muqeetwhatshort,@Muqeetwhatshort,Muqeet Whit short ,9160,338,4,"Titles show CD70/CG125 timing chain, tappet, engine work tutorials, clearly hands-on repair focus.",motorcycle repair | motorcycle repairing | bike repair,UCwKVm7BgIg0CPbAHyUG-7wQ,hands,motorcycle-small-engine-repair,wave1,2026-09-14,filter,338
https://www.youtube.com/@murliyadavbhai,@MurliYadavbhai,Murli mechanic bike repair,82,130,4,Bike mechanic channel with daily workshop repair and servicing content plus shorts.,bike repair,UCQVpj7HPVulGXQu9smYKsHQ,hands,motorcycle-small-engine-repair,wave1,2026-09-14,filter,241
https://www.youtube.com/@mustaphamoto3837,@mustaphamoto3837,Mustapha moto,4190,74,4,Channel dedicated to motorcycle repair information with specific model/part terms like clutch and engine mounting.,الدراجات النارية,UCEQ2S94PdChFjC6321A7WbA,hands,motorcycle-small-engine-repair,wave1,2026-09-14,filter,74
https://www.youtube.com/@nano19951,@nano19951,اسطة برجس,22500,67,4,Educational channel teaching mechanical and electrical motorcycle maintenance across multiple bike brands.,الدراجات النارية,UC4UkoRqhAoqQsvbZmSwDELw,hands,motorcycle-small-engine-repair,wave1,2026-09-14,filter,67
https://www.youtube.com/@nas_bima,@Nas_Bima,Nas Kasipahu,6170,56,4,Beginner mechanic tutorial channel focused on diagnosing and repairing motorcycle damage step by step.,bengkel motor,UCO3gZg4KvlWUJyIQ3Psf_HQ,hands,motorcycle-small-engine-repair,wave1,2026-09-14,filter,56
https://www.youtube.com/@naveedautoworkshop518,@naveedautoworkshop518,Naveed Auto Workshop,2210,128,4,"Auto workshop channel covering heavy bike, rickshaw and Honda repairs with detailed course-like content.",bike repairing | bike repair,UCIMNZbZ13kx-Oa3cKmNS5Tg,hands,motorcycle-small-engine-repair,wave1,2026-09-14,filter,128
https://www.youtube.com/@nedhi13channel,@nedhi13channel,Mekanik bocah,1620,345,4,"Mechanic-themed channel description details diagnosing dead engines, voltage checks, and repair basics.",bengkel motor,UCCdlayee7HiJifT0XaaQ8cw,hands,motorcycle-small-engine-repair,wave1,2026-09-14,filter,345
https://www.youtube.com/@nhungvan670,@nhungvan670,TÔI LÀ THỢ MÁY,55,53,4,"Titles show specific hands-on motorcycle maintenance: intake cleaning, clutch servicing, charging system fault repair.",sửa xe máy,UCOm0ZQzeu_ipDFU8FsJMZ6Q,hands,motorcycle-small-engine-repair,wave1,2026-09-14,filter,66
https://www.youtube.com/@nscracing3015,@nscracing3015,NSC RACING,1170,60,4,"Racing workshop offering porting, bore up, camshaft making and engine modification tutorials, solid mechanical work.",bengkel motor,UCsTzYoB-XxLUC3LXrGrWTDg,hands,motorcycle-small-engine-repair,wave1,2026-09-14,filter,60
https://www.youtube.com/@nskautomobiles,@nskautomobiles,NSK Automobiles,41300,369,4,Dedicated two-wheeler repair channel covering multiple major bike brands with repairing videos promised.,bike repairing | bike repair,UCmF1WcsE6twH_w00VJSeSJg,hands,motorcycle-small-engine-repair,wave1,2026-09-14,filter,369
https://www.youtube.com/@nskmotopecas,@nskmotopecas,NSK MOTOPEÇAS,1660,369,4,"Description details engine repair, part replacement and workshop day-to-day, strong repair signals.",mecânica de motos,UC_4P7jeLikuisJ2RxaLiefQ,hands,motorcycle-small-engine-repair,wave1,2026-09-14,filter,369
https://www.youtube.com/@nurain-bikers,@Nurain-Bikers,Nurain Bikers ,141,66,4,"Bike repair tutorials, servicing tips, engine care channel with practical focus described.",bike repair,UCNlFeEB9EHyEKRcPDeq286Q,hands,motorcycle-small-engine-repair,wave1,2026-09-14,filter,66
https://www.youtube.com/@nurmasproject,@nurmasproject,Nurmas Project,459,58,4,"Motorcycle restoration and repair channel with titles on carburetor service, valve springs, brake caliper work.",servis motor,UC1CKS7aVzONo6RCVwL7fgHQ,hands,motorcycle-small-engine-repair,wave1,2026-09-14,filter,58
https://www.youtube.com/@obeng_tumpul,@Obeng_Tumpul,Obeng Tumpul,1960,524,4,Dedicated motorcycle repair tutorial channel focused on practical fix-it content for bikes.,bengkel motor,UCfBowzl0c6hfqVGWDDlOCyg,hands,motorcycle-small-engine-repair,wave1,2026-09-14,filter,524
https://www.youtube.com/@olddirtbikes,@OldDirtBikes,Old Dirt Bikes,1830,71,4,"Dirt bike restoration channel walking through rebuild of XR650R, hands-on hobbyist repair content.",motorcycle mechanic,UCCFgAnHtzRUqrSASPC-7rDQ,hands,motorcycle-small-engine-repair,wave1,2026-09-14,filter,71
https://www.youtube.com/c/mekanikrodaduachanel,@om.montir,mekanik roda dua chanel,159000,4355,4,Motorcycle mechanic channel sharing tutorials and maintenance tips for matic and manual motorcycles.,bengkel motor,UCsTUgJdHFjllhwUjQQL4gPg,hands,motorcycle-small-engine-repair,wave1,2026-09-14,filter,4356
https://www.youtube.com/@omarautocenter5544,@omarautocenter5544,Omar auto Center,72100,632,4,"Dedicated motorcycle repairing tutorial channel aimed at learners and riders, strong topical description.",motorcycle repair | motorcycle repairing,UC62Irmp2Y29MSJVQeDFWu-Q,hands,motorcycle-small-engine-repair,wave1,2026-09-14,filter,632
https://www.youtube.com/@outboardguys7426,@outboardguys7426,outboard guys,474,114,4,Small engine and outboard fix-up channel with restoration and quick-fix videos on chainsaws and lawnmowers.,outboard motor,UCHKtsKjkkB1TXtnYCZLxubQ,hands,motorcycle-small-engine-repair,wave1,2026-09-14,filter,116
https://www.youtube.com/@pablorr71,@pablorr71,Cybertuerca,10800,110,4,"Dedicated motorcycle mechanics channel covering injection, tools, calibration and repair explanation content.",motorcycle mechanic,UC1d90AX0_7RaYcZpwmAAjVw,hands,motorcycle-small-engine-repair,wave1,2026-09-14,filter,110
https://www.youtube.com/@pakwheelfixer,@Pakwheelfixer,Pakwheel fixer,2150,91,4,Bike repair and maintenance tutorial channel with step-by-step guides described directly.,bike repair,UC38v598lnqJmqNCRfOELzWA,hands,motorcycle-small-engine-repair,wave1,2026-09-14,filter,91
https://www.youtube.com/@palautotech9658,@palautotech9658,Pal AutoTech,7190,356,4,Mobile mechanic channel dedicated to bike repair and restoration content per description.,bike repair,UCFXFK_54OTL4Tgy9DE8eezw,hands,motorcycle-small-engine-repair,wave1,2026-09-14,filter,356
https://www.youtube.com/@pambansanguragon,@pambansanguragon,PAMBANSANG URAGON,531,226,4,"Titles show clutch lining replacement, input shaft bearing swap and valve guide repair on vans and motorcycles.",motorcycle mechanic,UCVZQr3kt25CrhLqlM-u_OiA,hands,motorcycle-small-engine-repair,wave1,2026-09-14,filter,228
https://www.youtube.com/@papachadtv,@papachadtv,Papachad TV,35000,1111,4,"Channel dedicated to motorcycle and small engine repair, wiring and DIY tutorials.",motorcycle repair,UCeKZqe9XOIbIHh3Uoahfzdg,hands,motorcycle-small-engine-repair,wave1,2026-09-14,filter,1111
https://www.youtube.com/@parmendersinghrana,@PARMENDERSINGHRANA,Krishna Smart Garage,82,119,4,"Hindi garage channel promising real garage work, engine repair videos and mechanic life content.",motorcycle repair | bike repair,UCLX9-teApBCEJ78Juw3XyTw,hands,motorcycle-small-engine-repair,wave1,2026-09-14,filter,120
https://www.youtube.com/@parmotorgarage,@parmotorgarage,parmotor garage,30400,78,4,Old-school motorcycle mechanics and restoration garage channel with process-focused philosophy.,mecánica de motos,UCUo2inaeturlpM11vNpiUDg,hands,motorcycle-small-engine-repair,wave1,2026-09-14,filter,78
https://www.youtube.com/@peterthemowerguy,@PeterTheMowerGuy,Peter The Mower Guy,659,130,4,Mower and lawncare focused channel with small engine repair as stated core content.,small engine repair,UCooYqjsHM89B4Z9Er2gPJPA,hands,motorcycle-small-engine-repair,wave1,2026-09-14,filter,135
https://www.youtube.com/@physco-engineering,@Physco-Engineering,Hassan Khan Aka Physco Engineer,662,62,4,"Mechanical engineering channel showing custom bike fitting, exhaust and fuel tank work alongside car engine swaps.",engine rebuild,UCDrL13iJBRIZvWFDUGX5Xww,hands,motorcycle-small-engine-repair,wave1,2026-09-14,filter,62
https://www.youtube.com/@pintumistri_narwara,@PintuMistri_Narwara,pintu mistre Narwara,85,141,4,Dedicated Royal Enfield/Bullet repair centre with engine repairing and servicing as core business focus.,bike repairing | bike repair,UCQQ4Z-NQolm8cUx-ZCWwv-w,hands,motorcycle-small-engine-repair,wave1,2026-09-14,filter,179
https://www.youtube.com/@ppmchannel0885,@ppmchannel0885,PPM Channel,5050,633,4,"Tutorial channel covering engine, electrical, restoration, carburetor and injection work for motorcycles.",bengkel motor,UCThP0Mo6-LHTes4mxF1VhRg,hands,motorcycle-small-engine-repair,wave1,2026-09-14,filter,633
https://www.youtube.com/@pradipbiker1,@pradipbiker1,pradip,7290,88,4,"Hindi channel dedicated to motorcycle and engine repairing tutorials, name and desc align with hands-on repair.",motorcycle repair | motorcycle repairing,UCaWGLczdcNfo5ve1jQfvW_w,hands,motorcycle-small-engine-repair,wave1,2026-09-14,filter,88
https://www.youtube.com/@pramodmotor,@pramodmotor,Pramod motor,1680,232,4,Motorcycle repair channel focused on Splendor bike full service and repairing details,bike repairing | bike repair,UCTjRH8ylEDFREdFc0ayL8cA,hands,motorcycle-small-engine-repair,trial100,2026-09-14,filter,232
https://www.youtube.com/@primo116garage6,@primo116garage6,Primo 116 Garage,10500,336,4,Established motorcycle workshop doing restoration and modification across many bike types in Jakarta.,motorcycle workshop,UClAHdEm7SUM03B_PhpzH1vA,hands,motorcycle-small-engine-repair,wave1,2026-09-14,filter,336
https://www.youtube.com/@professorclaytonsantos,@ProfessorClaytonSantos,Professor Clayton Santos,1460,131,4,Motorcycle mechanics guide channel promising step-by-step tutorials on engine and electrical repairs.,mecânica de motos,UCzHYJLVcRE0hw3Z_tfAbfTg,hands,motorcycle-small-engine-repair,wave1,2026-09-14,filter,131
https://www.youtube.com/@qik-fix,@Qik-fix,Qik-Fix,223,117,4,"E-scooter/e-bike repair channel with titles showing bolt replacement, conversions and puncture fixes on camera.",bike repair,UCoxl1_uFRoGQqXqGZLUxJCQ,hands,motorcycle-small-engine-repair,wave1,2026-09-14,filter,208
https://www.youtube.com/@quynhdream_2,@quynhdream_2,Quynh dream,18800,2901,4,"Motorbike repair and vocational training channel covering scooters and fuel injection, mixed with buy/sell/restore.",bike repair,UCfBimm1lKoF4DbzHasXuh8g,hands,motorcycle-small-engine-repair,wave1,2026-09-14,filter,2901
https://www.youtube.com/@rajalworkshop,@Rajalworkshop,RAJAL WORKShop,257,125,4,"Titles show full wiring explanation, full engine fitting and engine opening on CT100/Platina bikes.",bike repair,UCfX9xwQJ-L8TGiqdV3LaTIw,hands,motorcycle-small-engine-repair,wave1,2026-09-14,filter,131
https://www.youtube.com/@rajasthan_auto,@rajasthan_auto,rajasthan auto gerej ,5080,82,4,"Workshop channel description details engine, electrical repair and real customer problem-solving videos.",bike repairing | bike repair,UC3ZPh2SePvuFRYJX8cT9kLg,hands,motorcycle-small-engine-repair,wave1,2026-09-14,filter,82
https://www.youtube.com/@rajmechanicaltech4229,@rajmechanicaltech4229,RAJ MECHANICAL TECH,708,65,4,"Titles show real mechanical work: self carbon fitting, gear pinion setting, engine starting jugaad.",motorcycle repair | motorcycle repairing,UCxz-Z2xxDon_7H5ilkRRJQw,hands,motorcycle-small-engine-repair,wave1,2026-09-14,filter,70
https://www.youtube.com/@rajubikemistri,@rajubikemistri,Raju Bike Mistri,2170,792,4,Small bike mechanic shop channel promising regular repair videos from a street garage.,bike repairing | bike repair,UCRS11XWWbvFXFEXZZ9X5_-w,hands,motorcycle-small-engine-repair,wave1,2026-09-14,filter,793
https://www.youtube.com/channel/uco8_pwpkommm4p1r_znhw9g,@ramanbikepoint,Raman Bike Point Mundian,107,55,4,Bike repair shop channel with clutch plate change tutorial showing real workshop process.,bike repair,UCo8_PWpkOmMm4p1r_znHW9g,hands,motorcycle-small-engine-repair,wave1,2026-09-14,filter,90
https://www.youtube.com/@restospares,@Restospares,Restospares,346,76,4,"Restoration channel with real motorcycle work shown, titles include Honda CBF1000 fork seals and Kawasaki repairs.",engine rebuild,UCQM8ibNkDmG-DfALg6Hth8A,hands,motorcycle-small-engine-repair,wave1,2026-09-14,filter,132
https://www.youtube.com/@rev_and_ride_garage,@Rev_And_Ride_Garage,rev and ride garage,545,184,4,Garage channel explicitly focused on small engine repair and modification work.,small engine repair,UCJGPxuFtmHuVmqDxGxGuFTQ,hands,motorcycle-small-engine-repair,wave1,2026-09-14,filter,196
https://www.youtube.com/@riabjessore9753,@riabjessore9753,Riab Jessore,67,72,4,Bangla motorcycle repair channel showing hydraulic brake shoe replacement and real workshop jobs.,motorcycle repair | motorcycle repairing,UCJjoa_HoQQ0hukeNLs94OHQ,hands,motorcycle-small-engine-repair,wave1,2026-09-14,filter,72
https://www.youtube.com/@rianbengkelchannel2362,@rianbengkelchannel2362,Rian Bengkel Channel,11200,86,4,Bengkel channel dedicated to motorcycle service tutorials and repair how-tos.,servis motor,UCz1YXNi5_D2NzuuZeZCuT2A,hands,motorcycle-small-engine-repair,wave1,2026-09-14,filter,86
https://www.youtube.com/@rjsharmaauto8848,@rjsharmaauto8848,R J Sharma auto,385,230,4,Bike mechanic channel with titles showing timing chain sound diagnosis and starting problems.,bike repair,UCo5DgsP5YSoe04q7ypIM1Bw,hands,motorcycle-small-engine-repair,wave1,2026-09-14,filter,238
https://www.youtube.com/@rk_bikeservice,@Rk_bikeservice,Rk bikeservice,234,168,4,"Bike service channel with titles showing wiring, self-start and pickup problem diagnosis and fixes.",bike repair,UCf0ZvBjSpKn21u-NRNHg2fA,hands,motorcycle-small-engine-repair,wave1,2026-09-14,filter,168
https://www.youtube.com/@rkmechanic111,@Rkautomobiles1,Rk automobiles1,144,93,4,Bike repair channel with titles showing clutch plate change work on Honda Shine motorcycle.,bike repair,UCJw5ATKNpqxT71HtMT1gepQ,hands,motorcycle-small-engine-repair,wave1,2026-09-14,filter,131
https://www.youtube.com/@rkmechanicalx2255,@rkmechanicalx2255,RK MECHANICAL X2,1420,165,4,Bike mechanic channel dedicated to bike repairing tutorials per description,bike repairing | bike repair,UC6sJZypsxhmE83aZscW31Lw,hands,motorcycle-small-engine-repair,trial100,2026-09-14,filter,165
https://www.youtube.com/@robotsaktichannel5097,@robotsaktichannel5097,Robot Sakti Channel,1030,69,4,Motorcycle workshop channel description signals hands-on mechanic content,bengkel motor,UCcu0VWWy52weVEKvn77BGVw,hands,motorcycle-small-engine-repair,trial100,2026-09-14,filter,69
https://www.youtube.com/@romeopanesales,@RomeoPanesales,Romeo Panesales 🇮🇹,93,90,4,"Titles show real electrical fault diagnosis and repair on motorcycles (wiring, horn, power supply).",motorcycle mechanic,UCY3AYDhYz2k30dRTcQ3tz-g,hands,motorcycle-small-engine-repair,wave1,2026-09-14,filter,102
https://www.youtube.com/@ropchannel007,@ROPChannel007,Rider Custom,377,195,4,"Titles show real welding, bearing replacement, CVT upgrade and mechanical fitting work at custom/racing shop.",bengkel motor,UCDkIhLxzjZH03r-hJLiQqCA,hands,motorcycle-small-engine-repair,wave1,2026-09-14,filter,373
https://www.youtube.com/@royalbike-b1p,@Royalbike-b1p,Royal Bike service center 123,2420,303,4,"Bike service center description details daily repair, servicing and maintenance work in Hindi.",bike repair,UC7fO4U5eUXA24bTALjuzq-w,hands,motorcycle-small-engine-repair,wave1,2026-09-14,filter,304
https://www.youtube.com/@royalbrothersworkshop6828,@royalbrothersworkshop6828,Royal Brothers Workshop,102,81,4,"Nepali workshop with titles on shock fitting, disc brake jam fix, scooter servicing shown on camera.",motorcycle workshop,UC_25noqg_Mp8mHg5Xjile-A,hands,motorcycle-small-engine-repair,wave1,2026-09-14,filter,227
https://www.youtube.com/@royalenfieldmechanic3174,@royalenfieldmechanic3174,Itz ravi rxl,793,103,4,Royal Enfield mechanic channel showing clutch plate change and servicing amid some riding clips.,bike repair,UCvUQOaAWDCWIJy0A157dqzQ,hands,motorcycle-small-engine-repair,wave1,2026-09-14,filter,136
https://www.youtube.com/@rozateknik_55,@rozateknik_55,RoZa Chnl,1570,74,4,"Description details repair, service, tool unboxing and tutorials specifically about motorcycle workshop work.",bengkel motor,UCZ3D-ovkSa-KavCoYG1fTFg,hands,motorcycle-small-engine-repair,wave1,2026-09-14,filter,74
https://www.youtube.com/@rpmjawa9672,@rpmjawa9672,RpM Jawa,30600,1207,4,"Detailed repair-focused description covering overhaul, valve setting, piston, clutch and carburetor work.",servis motor,UCYrR7qxWQ2VLZmIfpEKZGHg,hands,motorcycle-small-engine-repair,wave1,2026-09-14,filter,1207
https://www.youtube.com/@ryk_b.,@RYK_B.,AuToLoGyRYK,183,354,4,Bike repairing center with service and repair titles but some accident/showcase content mixed in.,bike repairing | bike repair,UCsUMzZ6YZ4qoNGYeE3EMsiA,hands,motorcycle-small-engine-repair,wave1,2026-09-14,filter,354
https://www.youtube.com/@s.k.motorcycle,@s.k.motorcycle,S.k.motorcycle,1490,253,4,Personal motorcycle workstation channel sharing bike repair skills and techniques from own service centre.,bike repair,UCM3n5ls9tftrPbYUzUBplbQ,hands,motorcycle-small-engine-repair,wave1,2026-09-14,filter,253
https://www.youtube.com/@saadautos,@SaadAutos,Saad Autos,1470,191,4,"Bike repair channel with piston ring fitting, chain adjustment, clutch and oil change guides for CD70/CG125.",motorcycle repair | bike repair,UCG-P-NdvNrt8d4wFwXkk6cg,hands,motorcycle-small-engine-repair,wave1,2026-09-14,filter,191
https://www.youtube.com/@sabrialfaridzi,@sabrialfaridzi,Sabri alfaridzi-BJM,1830,440,4,"Motorcycle repair shop covering engine, carburetor, CVT and electrical service for injection and carbureted bikes.",servis motor,UC1JfNoY5EviP-sx6Q5NROCw,hands,motorcycle-small-engine-repair,wave1,2026-09-14,filter,440
https://www.youtube.com/@sadamhondaservice8214,@sadamhondaservice8214,Sadam Honda Service,1150,124,4,"Motorcycle mechanic channel focused on Honda repairing, tips and restoration content.",motorcycle repair | motorcycle repairing | motorcycle mechanic,UCCjw1LKlfNGy03NGwjgnmbg,hands,motorcycle-small-engine-repair,wave1,2026-09-14,filter,124
https://www.youtube.com/@safikansari-wy7ms,@SafikAnsari-wy7ms,Safik bike point ,216,365,4,Bike mechanic shares real workshop servicing and repair tutorials from his shop.,motorcycle repair,UCyTzjHFUB2J9cvihuPox5Mg,hands,motorcycle-small-engine-repair,wave1,2026-09-14,filter,367
https://www.youtube.com/@sahebofficial-1,@Sahebofficial-1,Saheb official,22,56,4,"Title shows carburetor cleaning without a mechanic, practical DIY repair demonstration.",bike repairing | bike repair,UChU_a_BYzZs526XMaw4uyJg,hands,motorcycle-small-engine-repair,wave1,2026-09-14,filter,54
https://www.youtube.com/@sajjadidrishi3418,@sajjadidrishi3418,Bike repair..🏍️🏍️,42,54,4,"Motorcycle electrical troubleshooting channel with titles on battery, ABS system, and current checks.",bike repair,UCpcdWG6Vy7XYshLYbfxFQWw,hands,motorcycle-small-engine-repair,wave1,2026-09-14,filter,78
https://www.youtube.com/@salvamotos,@salvamotos,salvamotos,6720,66,4,"Channel dedicated to motorcycle restorations, repairs and mechanics, strong topical fit.",mecánica de motos,UCGRTjOKV_mS6Pb-ard50C1g,hands,motorcycle-small-engine-repair,wave1,2026-09-14,filter,66
https://www.youtube.com/@sandeep-biketips,@sandeep-biketips,Sandeep auto service,26,55,4,"Bike service and repairing channel with step-by-step service, engine work and maintenance content promised.",bike repairing | bike repair,UC3OI995a9VB1hkm2hYAG_UA,hands,motorcycle-small-engine-repair,wave1,2026-09-14,filter,150
https://www.youtube.com/@sanjayamotor9147,@sanjayamotor9147,SANJAYA motor,581,114,4,Honda spare parts and home service shop with titles explaining spark plug and belt diagnostics.,servis motor,UCosyjUxc2dSMBNzVin9uPTQ,hands,motorcycle-small-engine-repair,wave1,2026-09-14,filter,127
https://www.youtube.com/@santosh01yadav,@Santosh01yadav,Sanragini motorcycle 🏍️,274,90,4,Motorcycle repairing and engine work channel aimed at showing real service jobs to viewers.,motorcycle repair | motorcycle repairing,UCt6WnlkiMWkVoLzCumU7Uxw,hands,motorcycle-small-engine-repair,wave1,2026-09-14,filter,88
https://www.youtube.com/@saudmotomechanic,@saudmotomechanic,Saud Moto Mechanic,112,148,4,"Daily mechanic garage shorts covering engine opening and parts fitting, though shorts format may limit depth.",bike repairing | bike repair,UCL-CP_XmkWk2Hf_hsEC69CQ,hands,motorcycle-small-engine-repair,wave1,2026-09-14,filter,320
https://www.youtube.com/@sawsurgeon,@sawsurgeon,Saw Surgeon,994,66,4,Small engine repair channel with strong chainsaw specialization focus stated in description.,small engine repair,UCTTn85GOhLwitrCZZVJF8tw,hands,motorcycle-small-engine-repair,wave1,2026-09-14,filter,66
https://www.youtube.com/@scootersworld8537,@scootersworld8537,scootersworld,3070,639,4,"Small engine repair and maintenance focused channel per description, dedicated topic name and handle.",small engine repair,UCE7U5wKe3ouyPkoTOTfxvPA,hands,motorcycle-small-engine-repair,wave1,2026-09-14,filter,639
https://www.youtube.com/@scottstractorshack2297,@scottstractorshack2297,Scott's Tractor Shack,73,73,4,"Titles show carburetor cleaning and replacement, exhaust work on mini bikes with real hands-on repair content.",small engine repair,UCK3Wl14YvGAZgSmInD-KqYw,hands,motorcycle-small-engine-repair,wave1,2026-09-14,filter,73
https://www.youtube.com/@sekilasinfo5046,@sekilaSinfo5046,Learn Mechanics,1130,115,4,Tutorial channel dedicated to detailed motorbike repair workshop guidance in Indonesian.,bike repair,UCbDr21m0tVMOfVZQU_-j0tQ,hands,motorcycle-small-engine-repair,wave1,2026-09-14,filter,115
https://www.youtube.com/@servicepoint_garage,@servicepoint_garage,servicepoint_garage,345,304,4,Auto garage business listing bike repair and engine rebuild services with pickup/delivery.,bike repair | engine rebuild,UCZiIo37jwxX_T91ETV1bwXw,hands,motorcycle-small-engine-repair,wave1,2026-09-14,filter,304
https://www.youtube.com/@servihomestead4324,@servihomestead4324,SERVi Homestead,1020,208,4,"Small engine repair videos channel description, minimal detail but on-topic focus stated directly.",small engine repair,UCPXMNW08Bxxm99b1NwFgyxA,hands,motorcycle-small-engine-repair,wave1,2026-09-14,filter,208
https://www.youtube.com/@setuservicecentergubbi,@setuservicecentergubbi,setu service center gubbi,115,128,4,Service center channel with actual bike service titles like Dominar general service and RX135 self start.,scooter repair,UCARsVl4bC8hCzmSTcQZUfoQ,hands,motorcycle-small-engine-repair,wave1,2026-09-14,filter,153
https://www.youtube.com/@shanuautoservicecenter239,@shanuautoservicecenter239,Shanu auto service center,234,263,4,Mechanical shop channel with titles detailing half-engine repair and specific electrical current problems.,bike repairing | bike repair,UCDAFGxbyHORrL-n5t9ghxtA,hands,motorcycle-small-engine-repair,wave1,2026-09-14,filter,282
https://www.youtube.com/@shivammmotors,@Shivammmotors,Shivam Motors ,62,93,4,"Titles show engine repair, shocker/spring replacement and meter gear fitting on Splendor bikes.",bike repair,UCu1Q2nayPksUwoOfMXsz7Ow,hands,motorcycle-small-engine-repair,wave1,2026-09-14,filter,98
https://www.youtube.com/@shivautowork-shop7847,@shivautowork-shop7847,🏍️Shiv Auto Work Shop🏍️7847 CG Amandula ,868,83,4,Bike repair shop with titles showing specific fixes like switch and drain bolt repair on camera.,bike repairing | bike repair,UCTOCzqjcbpPt__lev4J3nzw,hands,motorcycle-small-engine-repair,wave1,2026-09-14,filter,83
https://www.youtube.com/@shoney21z,@SHONEY21Z,Shoney’s Small Engines,9150,232,4,"Small engine repair, DIY and restoration/flip videos channel with hands-on focus.",small engine repair,UCWeL5da8DGr9THA8f4Fs-eQ,hands,motorcycle-small-engine-repair,wave1,2026-09-14,filter,232
https://www.youtube.com/@shreerambikepointvirar,@shreerambikepointvirar,Shree Ram Bike Point Virar,102,99,4,"Bike point channel describing full/half engine repair, servicing and daily garage work in detail.",bike repairing | bike repair,UCVFxGsCfHpZf0YwQfDiI0fQ,hands,motorcycle-small-engine-repair,wave1,2026-09-14,filter,126
https://www.youtube.com/@shriramautogarage,@Shriramautogarage,Shriram auto garage Surat,51,58,4,"Two wheeler garage with titles showing clutch plate, engine overhaul, scooter cleaning work on camera.",bike repairing | bike repair,UCtwUreURtx8D3sThyuCTkkw,hands,motorcycle-small-engine-repair,wave1,2026-09-14,filter,164
https://www.youtube.com/@shrishtiautomobile,@shrishtiautomobile,Shrishti Automobile ,391,357,4,Automobile service centre description lists all-brand bike repairing services but no titles to confirm on-camera work.,bike repairing | bike repair,UC0ABR60keMMLd3_6ilfWQXA,hands,motorcycle-small-engine-repair,trial100,2026-09-14,filter,363
https://www.youtube.com/@siddhimotors,@siddhimotors,siddhi motors,1690,1009,4,"Bike/scooter repair channel with clear service categories: engine, carburetor, clutch, wiring.",scooter repair,UCrQ3-qfqLutluf5VUyI3YRg,hands,motorcycle-small-engine-repair,wave1,2026-09-14,filter,1010
https://www.youtube.com/@simokariraa,@Simokariraa,Mkj Motorcycle,882,80,4,"Channel explicitly films motorcycle repairs (CVT belt, scooter issues) alongside vlogs, mostly hands-on troubleshooting.",الدراجات النارية,UCni9CJRfw-aHWlpNWSOQDmA,hands,motorcycle-small-engine-repair,wave1,2026-09-14,filter,87
https://www.youtube.com/@skbikemechanic-sohel,@SKbikemechanic-sohel,SK bike mechanic . 4,1680,783,4,"Bike mechanic channel covering piston, pressure plate, wiring and scooter servicing across brands.",scooter repair,UCCFmMGyTvhXJAADQaoMl5AQ,hands,motorcycle-small-engine-repair,wave1,2026-09-14,filter,783
https://www.youtube.com/@skbikesolution,@SkBikeSolution,Sk Bike Solution,101,160,4,"Bike repair and servicing channel with engine setup and modification, no titles shown.",bike repair,UCXZ_O9JpROKpyrAlLpYdCkg,hands,motorcycle-small-engine-repair,wave1,2026-09-14,filter,233
https://www.youtube.com/@slmotogura,@SLMotoGura,SL Moto Gura,7990,118,4,Step-by-step motorcycle maintenance and repair tutorial channel covering troubleshooting and basic tasks.,motorcycle repair,UCtTuT5lT8bg4Hhty6k_atlg,hands,motorcycle-small-engine-repair,wave1,2026-09-14,filter,120
https://www.youtube.com/@smallengineguys,@smallengineguys,small engine guys,52200,1723,4,Dedicated small engine repair channel with step by step repair format described directly.,small engine repair,UCDNxe372oo5scoEB54UsHIA,hands,motorcycle-small-engine-repair,wave1,2026-09-14,filter,1723
https://www.youtube.com/@smallengineshop,@smallengineshop,smallengineshop,33000,277,4,"Small engine and motorcycle repair shop channel with broad automotive/lock repair focus, strong hands-on likelihood.",motorcycle repair | small engine repair,UCgfDa2af0dWvU16xLmwvv-A,hands,motorcycle-small-engine-repair,wave1,2026-09-14,filter,277
https://www.youtube.com/@sobobengkel,@sobobengkel,sobo bengkel,3330,189,4,"Workshop channel covering motorcycle repair, disassembly tutorials and maintenance alongside some reviews.",servis motor,UCkJPCelkkavYPRZPbSV2L1w,hands,motorcycle-small-engine-repair,wave1,2026-09-14,filter,189
https://www.youtube.com/@solmantech,@SolmanTech,Solman Tech,5650,280,4,"Bangla motorcycle repair tutorial channel covering engine repair, servicing and troubleshooting across brands.",motorcycle repair,UCja5RANK-LZmDjG2BeRbGpg,hands,motorcycle-small-engine-repair,wave1,2026-09-14,filter,280
https://www.youtube.com/@srbikerepaire,@SRBikerepaire,SR Bike Repaire,185,102,4,Bike repair contact channel with a clutch fitting video shown as short evidence.,bike repairing | bike repair,UCGTYTXb_8K6qQUEIx8DVboQ,hands,motorcycle-small-engine-repair,wave1,2026-09-14,filter,100
https://www.youtube.com/@srcarr52,@srcarr52,srcarr52,1760,215,4,Dedicated chainsaw repair/porting/welding channel with detailed technical description of repair work performed.,chainsaw repair,UCXC1J6DgW1vZD7RmETluaNQ,hands,motorcycle-small-engine-repair,wave1,2026-09-14,filter,215
https://www.youtube.com/@starmotors-t6d,@StarMotors-t6d,Star Motors,81,54,4,"Motorcycle repair/servicing channel with titles on engine, suspension bush, lock set, gearbox work.",motorcycle mechanic,UCMWPr0NbzXXSYK7ft6DfZog,hands,motorcycle-small-engine-repair,wave1,2026-09-14,filter,53
https://www.youtube.com/c/t%c3%a0l%e1%bb%8fns%e1%bb%adaxeluu,@suaxetalonT%C3%A0l%E1%BB%8Fn,suaxe talon (Tà lỏn),8150,186,4,Motorbike repair channel sharing hands-on knowledge and tool use experience.,bike repair,UCQCpv-htWTSJbbT2WkXjJdA,hands,motorcycle-small-engine-repair,wave1,2026-09-14,filter,186
https://www.youtube.com/@suaxethanhhoa,@suaxethanhhoa,SỬA XE THANH HÓA YOUTUBE ,27800,987,4,"Vietnamese motorbike repair shop channel sharing repair experience, though desc also mentions car repair.",scooter repair,UCWFA_kj6K7WeoSRDEa5vgYA,hands,motorcycle-small-engine-repair,wave1,2026-09-14,filter,975
https://www.youtube.com/@subhomotors5.0,@Subhomotors5.0,Subho motors 5.0,130,75,4,Bengali bike repair channel with titles showing clutch bearing change and carburetor problem fixes.,bike repairing | bike repair,UCBhJEDIG3PrpsttuFKjyBqQ,hands,motorcycle-small-engine-repair,wave1,2026-09-14,filter,92
https://www.youtube.com/channel/ucy9-ewvhmxqw65lytzmsoiw,@SudasKhan-w1z,Khan motorcycle ,62,62,4,"Titles show clutch plate, engine valve problem, cylinder work on CD70 motorcycles, real filmed mechanical repair.",motorcycle mechanic,UCy9-eWVhMxQW65LYTzmsOiw,hands,motorcycle-small-engine-repair,wave1,2026-09-14,filter,64
https://www.youtube.com/@sufiyanautobuilds,@sufiyanautobuilds,SUFIYAN AUTO BUILDS ,21,54,4,"Titles show clutch plate work, wiring and engine issues in real garage setting.",bike repair,UC6ooIpVG7mQ8Fww0EyX25vA,hands,motorcycle-small-engine-repair,wave1,2026-09-14,filter,57
https://www.youtube.com/@suhaniwani9889,@suhaniwani9889,SMRT chanel,3500,167,4,"Described as mechanic motor tutorial channel for fixing motorcycles, aligns with hands-on repair focus.",bengkel motor,UCTsSH_HBoNT00KprX_RYP_w,hands,motorcycle-small-engine-repair,wave1,2026-09-14,filter,167
https://www.youtube.com/@suherwono6330,@suherwono6330,SHR SERVICE,5490,610,4,"Bengkel service center listing carb/injection service, ECU remap, welding and farm tools, business description with clear repair scope.",servis motor,UC44pGGaOP31cJxQ9C7iqmEg,hands,motorcycle-small-engine-repair,wave1,2026-09-14,filter,610
https://www.youtube.com/@sumaiyamotors,@sumaiyamotors,Sumaiya Motors,396,57,4,"Bangladeshi bike shop with titles on carburetor cleaning, chassis rebuilding and disc repair showing actual work.",motorcycle mechanic,UCo-f54CCU-FzGbL5wniWaeA,hands,motorcycle-small-engine-repair,wave1,2026-09-14,filter,96
https://www.youtube.com/@sushilrumal6898,@sushilrumal6898,sushil rumal singh,404,55,4,Mechanic engineer channel showing engine repair and half-engine assembly but titles drift into unrelated vlog content.,bike repairing | bike repair,UC2dqwW-MCF8BAx3ePj8erYQ,hands,motorcycle-small-engine-repair,wave1,2026-09-14,filter,57
https://www.youtube.com/@t-s-smallenginerepair,@T-S-SmallengineRepair,josh stottlemyer,247,69,4,"Small engine repair channel, though side content on cammed trucks dilutes focus somewhat.",small engine repair,UChFP8ohC3cm0eLa-QzHMKZw,hands,motorcycle-small-engine-repair,wave1,2026-09-14,filter,81
https://www.youtube.com/@tc.mechanice,@tc.mechanice,Tc.mechanice ,717,258,4,"Mechanic shop describing crankshaft, cylinder boring, head seat cutting, brake drum work but titles are blank/unclear.",bike repair,UC3qfc9p3Nu-OnCki_dJtggg,hands,motorcycle-small-engine-repair,wave1,2026-09-14,filter,308
https://www.youtube.com/@teamnoyod1833,@teamnoyod1833,Team Noyod,187,52,4,"Titles show valve part installation and starter switch replacement, real bike repair tutorials.",servis motor,UCLkbh2QNYefZnKmMsUajgoQ,hands,motorcycle-small-engine-repair,wave1,2026-09-14,filter,52
https://www.youtube.com/channel/ucfqumg3cuquturpkvg5jrva,@TECHNICALMOTORS-ALL,TECHNICAL MOTORS,28,67,4,"Bike repair shop titles show ball racer greasing, air filter changes and mechanic clips on specific models.",bike repair,UCFQuMG3CUQutuRpkvg5JRvA,hands,motorcycle-small-engine-repair,wave1,2026-09-14,filter,68
https://www.youtube.com/channel/uc6oladag7ug1z99sif_o0ia,@tedsmotor,Teds motor,330,65,4,"Welding engine blocks, ignition modification and CVT laher removal show real repair alongside reviews.",bengkel motor,UC6oLadAG7uG1Z99siF_O0IA,hands,motorcycle-small-engine-repair,wave1,2026-09-14,filter,66
https://www.youtube.com/@thanawat745,@Thanawat745,ท.การช่างอะไหล่แต่ง,715,50,4,"Titles show clutch/pulley replacement on lawn mower and tractor bearing work, real hands-on repair.",ซ่อมมอเตอร์ไซค์,UCp4MnVqzywW6hxSQp34rjcQ,hands,motorcycle-small-engine-repair,wave1,2026-09-14,filter,77
https://www.youtube.com/@theduffinator,@TheDuffinator,The Duffinator,30,51,4,Garage channel pivoting to small engine repair with detailed multi-part snowblower and generator repair videos.,small engine repair,UCfiWwy6SmOSORJmD9kQQIPg,hands,motorcycle-small-engine-repair,wave1,2026-09-14,filter,128
https://www.youtube.com/@thefanmowerman,@TheFanMowerMan,TheFanMowerMan,1620,593,4,Focused small engine repair and lawn tractor channel with specific brand mentions and repair how-tos.,small engine repair,UCDaV2gkdOxaBGZtwrFJnk1A,hands,motorcycle-small-engine-repair,wave1,2026-09-14,filter,593
https://www.youtube.com/@thehagonfactory,@thehagonfactory,THE HAGON FACTORY,4950,638,4,Vintage motorcycle restoration and fabrication shop channel with interviews and riding footage mixed in.,motorcycle restoration,UCtk5udmt05wnzJmeUGTPpUg,hands,motorcycle-small-engine-repair,wave1,2026-09-14,filter,638
https://www.youtube.com/@thepokguyronnieisback,@ThePokGuyRonnieIsBack,Mechanic-ThePokGuy,967,95,4,Dedicated motorcycle mechanic hub promising step-by-step tutorials and maintenance content.,motorcycle mechanic,UChLIi2USs3Mrx6pifHSuMNw,hands,motorcycle-small-engine-repair,wave1,2026-09-14,filter,95
https://www.youtube.com/@thouratsonsmechanik,@thouratsonsmechanik,Thourat son's Mechanik,129,51,4,Bike mechanic shop channel with gear problem troubleshooting title shown on camera.,bike repair,UCR9w8oyexrZGHV0o1PD9zow,hands,motorcycle-small-engine-repair,wave1,2026-09-14,filter,51
https://www.youtube.com/@tithogarage3439,@tithogarage3439,Titho garage,943,561,4,Garage channel focused on motorcycle repair and repainting with self-described learning content.,bengkel motor,UCZnOarT4nk00MeZuwUXiD4w,hands,motorcycle-small-engine-repair,wave1,2026-09-14,filter,571
https://www.youtube.com/@tonikbemo,@TONIKBEMO,TONIK BEMO,4060,74,4,Explicitly a motorcycle mechanic tutorial channel (Tutorial Mekanik Bengkel Motor) sharing repair reference videos.,bengkel motor,UCwIiTDcTH-sp2xq9M1ORwlQ,hands,motorcycle-small-engine-repair,wave1,2026-09-14,filter,74
https://www.youtube.com/@tonyvintagedudeoutboards,@tonyvintagedudeoutboards,Tony Vintagedudeoutboards,239,167,4,Vintage outboard tinkering channel with titles like recoil repair and carb pumpin showing hands-on fixes.,outboard motor,UCaWIr_xrk4XX4P9k5XsnAVw,hands,motorcycle-small-engine-repair,wave1,2026-09-14,filter,184
https://www.youtube.com/@travellingmowermechanic,@TravellingMowerMechanic,Travelling Mower Mechanic ,56,52,4,Mower mechanic channel focused on small engine repair and refurbishing lawn mowers for resale.,small engine repair,UCIlTyFDlirE9Z736Mt8_x4g,hands,motorcycle-small-engine-repair,wave1,2026-09-14,filter,52
https://www.youtube.com/@triumphclassicmotorcycles4748,@triumphclassicmotorcycles4748,Triumph Classic Motorcycles,790,92,4,Classic British motorcycle restoration shop offering full engine rebuilds and DIY project bikes.,engine rebuild,UCg9VrTWaWdsbuhHu_Y8Jt1w,hands,motorcycle-small-engine-repair,wave1,2026-09-14,filter,92
https://www.youtube.com/channel/ucineigwglu24xu0kjfwtqbq,@tudosobreduasrodas2026,Tudo Sobre Duas Rodas,163,82,4,"Titles list specific motorcycle parts and components (carburetor, brake pads, sprocket bushing) suggesting detailed repair walkthroughs.",mecânica de motos,UCineIGwGlu24xu0kjfWTqBQ,hands,motorcycle-small-engine-repair,wave1,2026-09-14,filter,134
https://www.youtube.com/@turnkeith,@turnkeith,keith turner,392,121,4,Automotive/motorcycle scooter repair channel with titles showing Vespa brake bleeding and Yamaha engine teardown.,scooter repair,UCCw-Bx3TEJt0BhQSmmyxGTg,hands,motorcycle-small-engine-repair,wave1,2026-09-14,filter,121
https://www.youtube.com/@uncimoto,@uncimoto,Uncimoto,198,67,4,Motocross mechanic channel with crankshaft rebuild and exhaust swap titles showing real mechanical work amid music clips.,motorcycle mechanic,UC6q_q8UPnSZteZvxqMkkYtw,hands,motorcycle-small-engine-repair,wave1,2026-09-14,filter,70
https://www.youtube.com/@unclemattsgarage,@UncleMattsGarage,Uncle Matt’s Garage ,238,74,4,Vintage dirtbike restoration and repair channel by a diesel mechanic showing basket-case-to-riding process.,motorcycle repair,UCEe_eSlks0pIexWL1ezu2JQ,hands,motorcycle-small-engine-repair,wave1,2026-09-14,filter,74
https://www.youtube.com/@uniquework1234,@uniquework1234,unique work,87,64,4,"Bike engine repairing shop with head/cylinder/crank work described, plus modification, likely real jobs shown.",bike repairing | bike repair,UCR2EMFEWbCybB87mBUcr53A,hands,motorcycle-small-engine-repair,wave1,2026-09-14,filter,64
https://www.youtube.com/@up_50_aman_rai,@up_50_aman_rai,up_50_aman_rai,36,136,4,Bike repairing channel focused on engine fitting and problem-solution content per description.,bike repairing | bike repair,UCJsa4w8Q4CerFUzk2fYnymw,hands,motorcycle-small-engine-repair,trial100,2026-09-14,filter,136
https://www.youtube.com/@uralmoto548,@uralmoto548,Uralmoto 54,4,89,4,Channel dedicated specifically to Ural and Dnepr motorcycle repair per description.,ремонт мотоциклов,UCmO2-ChZwoyzJbx90FtsRzA,hands,motorcycle-small-engine-repair,wave1,2026-09-14,filter,90
https://www.youtube.com/@user-chainaw,@user-chainaw,ХоДя я,1720,698,4,"Dedicated gas-tool and chainsaw repair channel with donation requests, focused on hands-on fixing.",ремонт бензопил,UCqsN7CybJBqP1QV8TosTBVw,hands,motorcycle-small-engine-repair,wave1,2026-09-14,filter,698
https://www.youtube.com/@ustadatta-r4e,@UstadAtta-r4e,Ustad Atta ,503,319,4,"Bike repair channel with titles on engine fitting, chain shortening, kick timing set.",bike repairing | bike repair,UCsij8LgyLc387ojEfxeP7cQ,hands,motorcycle-small-engine-repair,wave1,2026-09-14,filter,451
https://www.youtube.com/@ustadzulfiqar1,@UstadZulfiqar1,Ustad Zulfi 1,265,57,4,"Bike repair tutorial channel with clutch wire, brakes and carburetor adjustment step-by-step content.",bike repair,UCORJ0NvGzXBg1v-1uxVchOA,hands,motorcycle-small-engine-repair,wave1,2026-09-14,filter,57
https://www.youtube.com/@uttam.bike.repairing,@Uttam.bike.repairing,Uttam bike repairing ,23900,636,4,Dedicated bike repairing channel with weekly maintenance and repair technique videos.,bike repairing | bike repair,UCRCAxcQXDiopCfQuiFgGAyQ,hands,motorcycle-small-engine-repair,trial100,2026-09-14,filter,636
https://www.youtube.com/@v_garage_u_temi,@v_garage_u_temi,В ГАРАЖЕ У ТЁМЫ,335,58,4,"Garage channel with fork seal replacement, clutch flywheel repair, tractor work shown",ремонт мотоциклов | ремонт скутеров,UCL30DwLp1s4cRii-Y4UDR9w,hands,motorcycle-small-engine-repair,trial100,2026-09-14,filter,58
https://www.youtube.com/@vallahmistri,@vallahmistri,Vallah Mistri ,2490,107,4,"Titles show clutch plate repair, carburetor petrol reduction, tank adjustment on real motorcycles.",motorcycle mechanic,UClhrFk2n7yZVuFXOFdLeh5Q,hands,motorcycle-small-engine-repair,wave1,2026-09-14,filter,107
https://www.youtube.com/@varricxfinder1718,@varricxfinder1718,MotoMech-Pro,845,195,4,"Motorcycle mechanic channel showing piston kits, clutch pad and clutch bell replacement mixed with motovlogs and reviews.",mecánica de motos,UCBs6dtUJctqa_LDuypIcZkA,hands,motorcycle-small-engine-repair,trial100,2026-09-14,filter,201
https://www.youtube.com/@vellahmistri,@VellahMistri,Vellah Mistri,3080,775,4,Motorcycle mechanic channel promising complete practical repair and maintenance tutorials for common bike problems.,motorcycle repair | motorcycle mechanic,UCCuD0qPN6wXvlu9jxmd77RQ,hands,motorcycle-small-engine-repair,wave1,2026-09-14,filter,775
https://www.youtube.com/@vicmoto-neta,@vicmoto-neta,Vic Moto-Neta,368,78,4,"Titles show real scooter/moto part failures (Bendix, transmission, valve) being examined and documented in a learning format.",mecánica de motos,UCrMWE81NsdQdFwXvLt5TbwA,hands,motorcycle-small-engine-repair,wave1,2026-09-14,filter,83
https://www.youtube.com/@vidsharing10101,@vidsharing10101,vidsharing10101,2490,88,4,Educational channel dedicated to engine rebuilding and motorcycle/automotive repair instruction.,motorcycle repair | engine rebuild,UCaAJBlgK0kumGPYwDwS_kGg,hands,motorcycle-small-engine-repair,wave1,2026-09-14,filter,88
https://www.youtube.com/@vinay_t5ji,@vinay_t5ji,vinay mekanik short ,93,176,4,"Shorts showing battery fitting, horn installation, and puncture repair steps in a mechanic-life format.",bike repair,UCkVLCaSzy-WwyOy4OzFFJZA,hands,motorcycle-small-engine-repair,wave1,2026-09-14,filter,442
https://www.youtube.com/@vintagemotionworks,@VintageMotionWorks,Vintage Motion Works,273,122,4,Titles show real vintage Honda engine teardowns and rewiring alongside adventure riding content.,motorcycle repair | engine rebuild,UC1_R8HvsHhzR8zJDx4cudgw,hands,motorcycle-small-engine-repair,wave1,2026-09-14,filter,129
https://www.youtube.com/@vishal_bike_repair,@vishal_bike_repair,Vishwakarma auto service ,153,111,4,Bike repair channel with titles clearly showing gearbox fitting and kick shaft repair on specific models.,bike repair,UCHMpgp46A79noxuQKlDrWvw,hands,motorcycle-small-engine-repair,wave1,2026-09-14,filter,111
https://www.youtube.com/@vjychandeva,@vjychandeva,vjychandeva global ,75,304,4,"Titles show engine oil replace, clutch plate placement, CDI armature coil work—clear repair content.",bike repairing | bike repair,UC13jH3VeKb7Q6YoFORhSQJg,hands,motorcycle-small-engine-repair,wave1,2026-09-14,filter,552
https://www.youtube.com/@vmotoreskisehir,@vmotoreskisehir,V MOTOR ESKİŞEHİR,1120,72,4,Experienced motorcycle mechanic channel focused on repair and maintenance sharing.,motosiklet tamiri,UC1yvd9QY80cs--zqHW9GDow,hands,motorcycle-small-engine-repair,wave1,2026-09-14,filter,72
https://www.youtube.com/@vt76h,@vt76h,sk service centre,144,58,4,"Titles show hands-on carburetor cleaning, chain set installation and electrical wiring work on motorcycles.",bike repair,UCtoW1-8R8Bp7rLqMOS-pBdg,hands,motorcycle-small-engine-repair,wave1,2026-09-14,filter,58
https://www.youtube.com/@w.s.garagemotorcycle7151,@w.s.garagemotorcycle7151,W.S. Garage Motorcycle,636,56,4,"Motorcycle garage offering mechanics, electrical and customization with titles showing wheel disassembly and engine project.",mecânica de motos,UCLlFvOkgAiwpWRj_mgudKGA,hands,motorcycle-small-engine-repair,wave1,2026-09-14,filter,56
https://www.youtube.com/@wahyuwmsracing,@wahyuwmsracing,Wahyudin Etjonk WMS MOTOR,3080,346,4,"Bengkel motor doing injection service, tune-up and bore-up for 2T/4T engines, racing-oriented workshop.",bengkel motor,UCp1LCiKXsAv3qg_zEIkYMHA,hands,motorcycle-small-engine-repair,wave1,2026-09-14,filter,346
https://www.youtube.com/@walesdeluca4.51,@walesdeluca4.51,Wales De Luca4.51,37500,92,4,"Motorcycle chain and mechanical fix tutorials mixed with spray paint art content, repair dominates titles.",motorcycle repair,UCDcREhbB87d5RrgMkJR__KQ,hands,motorcycle-small-engine-repair,wave1,2026-09-14,filter,92
https://www.youtube.com/@wasimquraishi732,@wasimquraishi732,Wasim motoX,117,59,4,Real workshop bike mechanic channel description emphasizes hands-on repair solutions and learning content.,bike repairing | bike repair,UCJfRU1DKvaqfGNXc-grScKQ,hands,motorcycle-small-engine-repair,wave1,2026-09-14,filter,58
https://www.youtube.com/@xemayhoaica2024,@XeMayHoaiCa2024,HoaiCaAutocare,1380,103,4,Dedicated motorcycle repair and maintenance channel with generic but on-topic service description.,motorcycle repair,UCDckXKRbb_z7AJF9gmGOguA,hands,motorcycle-small-engine-repair,wave1,2026-09-14,filter,103
https://www.youtube.com/@xemayminhhien,@xemayminhhien,Xe máy Minh Hiên,3670,269,4,"Detailed Honda motorcycle repair channel covering maintenance, filter cleaning, spark plugs, chain checks with practical focus.",sửa xe máy,UCOcO3dkphGBNgLnJfpP-mhg,hands,motorcycle-small-engine-repair,wave1,2026-09-14,filter,272
https://www.youtube.com/@yamaha_guru,@YAMAHA_GURU,YAMAHA GURU,613,229,4,"Yamaha-focused workshop channel with engine, ABS, fuel pump and electrical diagnostics repair videos.",bike repair,UCm13D9WvmIn8RqO368kRE4g,hands,motorcycle-small-engine-repair,wave1,2026-09-14,filter,262
https://www.youtube.com/@yamakaze,@yamakaze,Yamakaze,18000,458,4,Dedicated two-stroke motorcycle and dirt bike engine restoration channel with rebuild tutorials and test rides.,engine rebuild,UCgnDPQimSoMQ_HbKzDgJA5g,hands,motorcycle-small-engine-repair,wave1,2026-09-14,filter,458
https://www.youtube.com/@yaseen_ato,@Yaseen_ato,Yaseen _ato,882,280,4,"Motorcycle repair, lights and spare parts channel with tutorials and short repair videos in Pakistan.",motorcycle repair | motorcycle repairing | bike repairing | bike repair,UCNav4pmjIrgIHKiCxz3_5sw,hands,motorcycle-small-engine-repair,wave1,2026-09-14,filter,297
https://www.youtube.com/channel/ucg44xwvoav9kb4obvsf-4ww,@yaswant_321,Yashwant mekenik,166,282,4,"Mechanic channel with titles on engine fitting, oil pump jam, clutch plate change on real bikes.",bike repairing | bike repair,UCg44xwVoav9Kb4OBvsf-4Ww,hands,motorcycle-small-engine-repair,wave1,2026-09-14,filter,302
https://www.youtube.com/@yons_ae,@yons_ae,Yons ae,12500,1303,4,DIY motorcycle repair-maintenance channel described as step-by-step tutorial format.,motorcycle repair,UCATpCXz2wsGFgSWKPeoWvjQ,hands,motorcycle-small-engine-repair,wave1,2026-09-14,filter,1306
https://www.youtube.com/@yunosgarage6335,@yunosgarage6335,Yunos Garage,360,71,4,"Yunos Garage shows real repair titles: shock seal replacement, oil change reset, carb service on scooters.",bengkel motor,UC0WNCvPjdb5d5RTx8MPmA6A,hands,motorcycle-small-engine-repair,wave1,2026-09-14,filter,76
https://www.youtube.com/@zakariazakaria-rl5ue,@zakariazakaria-rl5ue,Yt Zakaria ,477,211,4,"Titles show meter gear, clutch box fitting, head fitting on CD70 but mixed with vlog content.",bike repairing | bike repair,UC46KBneaC0vEM5sExPHAcmQ,hands,motorcycle-small-engine-repair,wave1,2026-09-14,filter,215
https://www.youtube.com/@zawarbikemechanic,@ZawarBikeMechanic,Zawar Bike Mechanic,14100,85,4,Bike mechanic channel description promises daily repair videos explaining bike problems and fixes.,bike repairing | bike repair,UCgTMcSRRSI0ePihBM9bMEIg,hands,motorcycle-small-engine-repair,wave1,2026-09-14,filter,85
