url,handle,name,subscribers,videos_count,score_0_5,reason,discovery_keywords,channel_id,vertical,topic,stage,scored_at
https://www.youtube.com/@balaji_mobilesolution03,@Balaji_mobilesolution03,Balaji mobile Solution ,100,83,5,"Dedicated chip-level and hardware mobile repair channel listing IC diagnosis, reballing-adjacent, water damage and board work.",chip level repairing,UCmHqBp_Zk71Ocq1uyu08qqg,hands,phone-repair,trial100,2026-09-14
https://www.youtube.com/@bhagwatilal_kumawat,@Bhagwatilal_kumawat,MOBILE DOCTOR BHARUCH,458,85,5,"Titles show back panel change, display replacement and full assembly of multiple phone models.",मोबाइल रिपेयरिंग,UCWUb0TN7Ht0-1zwBhZeptdA,hands,phone-repair,trial100,2026-09-14
https://www.youtube.com/@chaudhary9221,@Chaudhary9221,CB brother's care @9221,736,191,5,"Titles show chip-level microscope soldering, motherboard repair, and display replacements on camera.",phone repair | mobile repairing | mobile phone repair | iphone repair | mobile repairing course,UCNiPtC0MJ-R8cGbZQTJMPBg,hands,phone-repair,trial100,2026-09-14
https://www.youtube.com/@repairmobileshub,@Repairmobileshub,Repair mobiles hub,62,85,5,Chip-level repair channel with display replacement full-process titles and microscope tool reviews.,mobile repairing | chip level | chip level repairing,UCcMGffpZXZXp9YBvAWpAnyw,hands,phone-repair,trial100,2026-09-14
https://www.youtube.com/@truetoneghaziabad,@TRUETONEGHAZIABAD,TRUETONE GHAZIABAD ,464,68,5,"Advanced chip-level repair channel covering eMMC/UFS programming, schematic diagrams, IC pasting and iPhone board repair.",phone repair | mobile repairing | iphone repair | emmc,UCfghxIEgKf0uMJ-5tt7G_kQ,hands,phone-repair,trial100,2026-09-14
https://www.youtube.com/@roccotech5772,@roccotech5772,ROCCO TECH,14000,92,5,"Advanced mobile repair channel offering CPU reballing course and repair services, strong chip-level repair signals.",mobile repairing,UC3REClvHp70y7Y2V2YPcDjQ,hands,phone-repair,trial100,2026-09-14
https://www.youtube.com/@gsmrahat,@GsmRahat,Gsm Rahat,163000,804,4,"Mobile servicing training center with practical repairing tips, tools reviews and training classes.",mobile repairing | mobile repairing course | mobile repairing bangla,UC2N8wdZ-evdvKJzeMS5_2Nw,hands,phone-repair,trial100,2026-09-14
https://www.youtube.com/@mobilecarezone0000,@MobileCareZone0000,Mobile Care Zone,346,65,4,"Mobile repairing course channel with titles covering charging circuits, mic conversion and component-level lessons like inductors.",mobile repairing,UCpL0NF6NmS_-nFer3DX0lrA,hands,phone-repair,trial100,2026-09-14
https://www.youtube.com/@mobiletechvikas,@MobiletechVikas,Mobile tech Vikas,127,114,4,Practical mobile repair channel with schematic diagram titles pointing to chip-level board repair content.,mobile repairing,UCKJ_B_Nz32WK2k0kV7cF3Gw,hands,phone-repair,trial100,2026-09-14
https://www.youtube.com/@mtslabnepal,@Mtslabnepal,MTS screen refurb Lab,724,765,4,"Screen refurb lab and repair specialist shop description, strong topic fit for phone repair.",phone repair | cell phone repair | phone screen replacement,UCmE9DPhJeyhy3UVNL_Iz_1Q,hands,phone-repair,trial100,2026-09-14
https://www.youtube.com/@piphophone,@PiphoPhone,Pipho Phone,3290,181,4,Indonesian phone repair and restoration channel with self-taught framing suggesting genuine hands-on bench content.,servis hp,UCPQq-YMTqCTDlzXUpgDpkYA,hands,phone-repair,trial100,2026-09-14
https://www.youtube.com/@razamobilelab,@RazaMobilelab,Raza Mobile Lab,7030,109,4,"Mobile repair lab specializing in IC issues, description indicates hands-on hardware repair focus.",mobile repairing hindi | mobile repairing urdu,UC74GdePV_XVglJQyYoA3b7A,hands,phone-repair,trial100,2026-09-14
https://www.youtube.com/@theni_smart_mobiles_doctor,@THENI_SMART_MOBILES_DOCTOR,THENI SMART MOBILES DOCTOR,151,68,4,"Dedicated mobile repair service channel with multi-brand repairs, genuine parts and clear repair-shop framing.",phone repair | mobile phone repair,UCNmAlbg_CGgZEgjyoZ0EG4w,hands,phone-repair,trial100,2026-09-14
https://www.youtube.com/channel/ucobsh_gz3zhyahn62s1ygkg,@Virendra-r4t6j,VIRENDRA KUMAR,90,188,4,"Titles show CPU rebuilding, EMMC, charging port fixes on real devices at repair bench.",mobile repairing,UCobSh_gz3ZhYAhN62s1ygkg,hands,phone-repair,trial100,2026-09-14
https://www.youtube.com/@wazahat0055,@Wazahat0055,WAZ📱AHAT,1900,262,4,"Detailed repair channel listing specific hardware jobs: screen/back glass replacement, True Tone repair, Face ID repair.",phone repair | mobile repairing,UCZwNkkuDKBEeUxbVWhadlEg,hands,phone-repair,trial100,2026-09-14
https://www.youtube.com/@apnanihaltec6296,@apnanihaltec6296,APNA NIHAL TEC,603,130,4,"Chip-level repair titles with dead phone, speaker and light solution fixes shown on camera.",chip level | emmc,UCT-lJ04vpVYqSg6mPzNBTmQ,hands,phone-repair,trial100,2026-09-14
https://www.youtube.com/@itmobile101iphone,@itmobile101iPhone,ร้านซ่อมมือถือ iPhone iTmobile101,498,255,4,Thai iPhone/iPad repair shop with titles showing real device repairs like no-power and water damage fixes.,ซ่อมมือถือ,UCG_aRRUsS8MdUd2lHOELosA,hands,phone-repair,trial100,2026-09-14
https://www.youtube.com/@jtgrepair,@jtgrepair,JTG Repair,774,206,4,Phone repair/dismantle channel with titles like Fold 4 dismantled and troubleshooting reboot issues on camera.,phone repair,UCOJ3SQc6ON67V-NK_lHflNA,hands,phone-repair,trial100,2026-09-14
https://www.youtube.com/@rahulmobile8271,@rahulmobile8271,Rahul Mobile,411,51,4,"Channel description covers hardware, IC repair and display repair videos posted regularly.",mobile repairing | chip level,UCbo4z0EwcAiUVbeEvCdtd5A,hands,phone-repair,trial100,2026-09-14
https://www.youtube.com/@raulchulia,@raulchulia,Raúl Chuliá,5610,75,4,"Microsoldering and data recovery service with courses, strong topic fit though limited evidence of titles.",microsoldering,UCf6Cp-l-MElY0da6ZWoKbLQ,hands,phone-repair,trial100,2026-09-14
https://www.youtube.com/@%e0%b8%8b%e0%b9%88%e0%b8%ad%e0%b8%a1%e0%b9%82%e0%b8%97%e0%b8%a3%e0%b8%a8%e0%b8%b1%e0%b8%9e%e0%b8%97%e0%b9%8c%e0%b8%99%e0%b8%ad%e0%b8%81%e0%b8%aa%e0%b8%96%e0%b8%b2%e0%b8%99%e0%b8%97%e0%b8%b5%e0%b9%88%e0%b9%80%e0%b8%8a%e0%b8%b5%e0%b8%a2%e0%b8%87%e0%b9%83%e0%b8%ab%e0%b8%a1%e0%b9%88-%e0%b8%a5%e0%b9%8d%e0%b8%b2%e0%b8%9e%e0%b8%b9%e0%b8%99,@%E0%B8%8B%E0%B9%88%E0%B8%AD%E0%B8%A1%E0%B9%82%E0%B8%97%E0%B8%A3%E0%B8%A8%E0%B8%B1%E0%B8%9E%E0%B8%97%E0%B9%8C%E0%B8%99%E0%B8%AD%E0%B8%81%E0%B8%AA%E0%B8%96%E0%B8%B2%E0%B8%99%E0%B8%97%E0%B8%B5%E0%B9%88%E0%B9%80%E0%B8%8A%E0%B8%B5%E0%B8%A2%E0%B8%87%E0%B9%83%E0%B8%AB%E0%B8%A1%E0%B9%88-%E0%B8%A5%E0%B9%8D%E0%B8%B2%E0%B8%9E%E0%B8%B9%E0%B8%99,ซ่อมโทรศัพท์นอกสถานที่ ช่างบอยiT,393,387,5,On-site phone repair shop with titles showing actual iPhone screen replacement jobs.,ซ่อมมือถือ,UC96TmL1AKVXM_Ap_gt3o2xg,hands,phone-repair,wave1,2026-09-14
https://www.youtube.com/@%e0%b9%80%e0%b8%ad%e0%b8%81%e0%b8%8b%e0%b9%88%e0%b8%ad%e0%b8%a1%e0%b8%a1%e0%b8%b7%e0%b8%ad%e0%b8%96%e0%b8%b7%e0%b8%ad%e0%b8%aa%e0%b8%b4%e0%b8%87%e0%b8%ab%e0%b9%8c%e0%b8%9a%e0%b8%b8%e0%b8%a3%e0%b8%b5,@%E0%B9%80%E0%B8%AD%E0%B8%81%E0%B8%8B%E0%B9%88%E0%B8%AD%E0%B8%A1%E0%B8%A1%E0%B8%B7%E0%B8%AD%E0%B8%96%E0%B8%B7%E0%B8%AD%E0%B8%AA%E0%B8%B4%E0%B8%87%E0%B8%AB%E0%B9%8C%E0%B8%9A%E0%B8%B8%E0%B8%A3%E0%B8%B5,เอกซ่อมมือถือ สิงห์บุรี,112,80,5,"Titles show iPhone battery, camera and charging port replacements plus display change, clear bench repair work.",ซ่อมมือถือ,UCXQA_LfofwnVnxYGYU2EFjQ,hands,phone-repair,wave1,2026-09-14
https://www.youtube.com/@%e0%b9%81%e0%b8%a1%e0%b8%84%e0%b9%80%e0%b8%8b%e0%b8%ad%e0%b8%a3%e0%b9%8c%e0%b8%a7%e0%b8%b4%e0%b8%aa%e0%b8%ad%e0%b8%b8%e0%b8%94%e0%b8%a3,@%E0%B9%81%E0%B8%A1%E0%B8%84%E0%B9%80%E0%B8%8B%E0%B8%AD%E0%B8%A3%E0%B9%8C%E0%B8%A7%E0%B8%B4%E0%B8%AA%E0%B8%AD%E0%B8%B8%E0%B8%94%E0%B8%A3,Mac Service Udon - ศูนย์ซ่อม ไอโฟน ไอแพด,199,78,5,"Repair shop channel showing motherboard repair, glass replacement, battery change on iPhone/AirPods/Apple Watch on camera.",ซ่อมมือถือ,UCFIXNaEurIBa7jDQqPy7SFw,hands,phone-repair,wave1,2026-09-14
https://www.youtube.com/@%e4%bf%ae%e6%89%8b%e6%9c%ba%e5%a4%a7%e5%85%a8,@%E4%BF%AE%E6%89%8B%E6%9C%BA%E5%A4%A7%E5%85%A8,修手机大全,123,68,5,"Titles show detailed iPhone repairs including case swaps, water damage repair and burned board fixes on camera.",手机维修,UCjRgJR22IMec3AYIXamm0UQ,hands,phone-repair,wave1,2026-09-14
https://www.youtube.com/@%eb%8b%a4%ec%a1%b4-d6p,@%EB%8B%A4%EC%A1%B4-d6p,다이나믹 존 아이폰수리 / 다존 ,812,161,5,iPhone motherboard/logic board repair channel with jumper wire and PCB replacement footage.,phone repair | iphone repair,UCPd4Rf5PuBZ1kcrKNxXXC1w,hands,phone-repair,wave1,2026-09-14
https://www.youtube.com/@7mobiles,@7mobiles,Rajesh Mobile Doctor,475,64,5,"Titles show CPU reballing, eMMC repair, IC changes and board-level chip work at a mobile repair shop.",emmc,UCHXsBO-RhJ55G0ta6wHEROA,hands,phone-repair,wave1,2026-09-14
https://www.youtube.com/@888_mobile,@888_mobile,ช่างซ่อมมือถือ บัวทอง4 ,14,58,5,"Thai repair shop channel with real screen replacement, water damage repair titles shown on camera.",ซ่อมมือถือ,UCt3si91oWpWM1rCxEoMn2Ig,hands,phone-repair,wave1,2026-09-14
https://www.youtube.com/channel/ucu4w2oydzotwkxi0uy8jj1g,@AKMobileRepair-g5b,A K Mobile Repair ,303,237,5,"Titles show clear display replacement repairs across multiple phone models (Redmi, Vivo, Oppo) at the bench.",phone repair | mobile repairing | mobile phone repair,UCU4w2oyDzotwkxi0uY8jJ1g,hands,phone-repair,wave1,2026-09-14
https://www.youtube.com/@amobiletechnician,@AMOBILETECHNICIAN,A mobile technician,225,101,5,"Titles show LCD replacements and phone restorations with clear step-by-step repair work, microsoldering keywords in tags.",microsoldering | microsoldadura | smartphone repair | tablet repair | microsoldadura celulares,UCg08bJzBJnx_jvCKSnkXs_A,hands,phone-repair,wave1,2026-09-14
https://www.youtube.com/@amt-ashumobiletrainingcenter,@AMT-AshuMobiletrainingcenter,AMT - Ashu Mobile training center,681,325,5,"Mobile training center with titles on CPU repair, dead phone solutions and chip-level fault fixing shown in classes.",chip level | emmc | मोबाइल रिपेयरिंग,UCUmkPJ70-WCGuxm3lP3Eb6A,hands,phone-repair,wave1,2026-09-14
https://www.youtube.com/@awmobilelabe,@AWMobilelabe,AW Mobile lab,259,57,5,"Titles show chip-level repairs: reball EMMC/CPU, button and power key solutions on real phones.",mobile repairing,UCwZ3-GHWLDpBWVkSE1zfxpg,hands,phone-repair,wave1,2026-09-14
https://www.youtube.com/@advancemobilerepairinginstitut,@Advancemobilerepairinginstitut,Advance mobile repairing institute chhattisgarh,678,78,5,"Mobile repairing institute with practical PCB work, IC reballing, jumper, EMMC and dead phone repair training described.",phone repair | mobile repairing | mobile repairing course | emmc | मोबाइल रिपेयरिंग,UCzyi_RjpLeevue3OUV35b9g,hands,phone-repair,wave1,2026-09-14
https://www.youtube.com/channel/uc_ddfvdwrr9r_yimwdkypnq,@AinCelluler,_ 'AinCell _,108,70,5,"Titles show real LCD/battery replacement jobs on multiple phone models, clear step-by-step repair format.",servis hp,UC_ddFvdWrr9r_YImwdkYpNQ,hands,phone-repair,wave1,2026-09-14
https://www.youtube.com/@akbrothers7374,@Akbrothers7374,AKB mobile,184,115,5,"Dedicated micro-soldering channel featuring CPU/RAM reballing, board-level repair and housing swaps with technical detail.",mobile repairing | micro soldering phone,UCu2sLadw6U9AViDTqTiiaww,hands,phone-repair,wave1,2026-09-14
https://www.youtube.com/@akhunfix,@AkhunFix,Dr Apple,270,131,5,"iPhone repair specialist with clear titles: battery replacement, full body change, motherboard issue fixes.",phone repair | iphone repair,UC-j8lmQFb90EJmMms5kzDoQ,hands,phone-repair,wave1,2026-09-14
https://www.youtube.com/@alazizmobilez,@AlAzizMobilez,Al Aziz Mobiles,260,99,5,"Titles show detailed iPhone repairs like sound IC, camera, dead phone fixes on real bench work.",phone repair | iphone repair,UCLL0xf2rBAzBcm3nV9Lc-UQ,hands,phone-repair,wave1,2026-09-14
https://www.youtube.com/@alilarsson,@AliLarsson,Ali Larsson,46,66,5,"Hashtag-heavy description strongly signals iPhone microsoldering, reballing and board-level repair work.",microsoldering | emmc | microsoldadura,UClfdDWz-pCQLwLwc-vcbTgQ,hands,phone-repair,wave1,2026-09-14
https://www.youtube.com/@allinservicemac89,@AllinServiceMac89,All in Service Mac,774,371,5,"Titles show real repair jobs: screen replacement, motherboard rescue case, shop tour, board-level work implied.",ซ่อมมือถือ,UC3WLea_1XvjoqZ1VcB6cTAQ,hands,phone-repair,wave1,2026-09-14
https://www.youtube.com/@annmobilesolution,@AnnMobileSolution,Ann Mobile Solution 老林修机,16,66,5,Dedicated real phone repair case documentation channel with consistent numbered repair-process episodes.,手机维修,UCS-AuGgBupyhVkj0ydqUEVw,hands,phone-repair,wave1,2026-09-14
https://www.youtube.com/@ashokkui67,@AshokKui67,home mobile repairing normal ideas ,57,60,5,"Titles show real board-level repairs: short circuits, IC reballing, display replacement on various phones.",mobile repairing,UC9pCc8y0IeyU_RcAfgsF95A,hands,phone-repair,wave1,2026-09-14
https://www.youtube.com/@asiatelecomemmcufstraining,@AsiaTelecomeMMCUFSTraining,Asia Telecom eMMC /UFS Training,980,142,5,Dedicated eMMC/UFS training channel with chip-level fault finding and IC repair titles for board-level work.,emmc,UC9Do7lOalccbH4bOx_Z_Gxw,hands,phone-repair,wave1,2026-09-14
https://www.youtube.com/@borneoschematic922,@BORNEOSchematic922,Tanveer Malik ,663,68,5,"Titles show detailed dead phone diagnosis, water damage, rebailing and specific fault solutions across brands.",phone repair | cell phone repair,UC5rtA4PR80o-yryQf5aDgRQ,hands,phone-repair,wave1,2026-09-14
https://www.youtube.com/@bhanwarsingh-z5g,@BhanwarSingh-z5g,JODHPUR MOBILE ,207,130,5,"Titles show clear display replacement repairs on multiple Vivo/Tecno phone models, hands-on bench work.",mobile repairing,UCri99IP-mhc5aOvuur5mqTQ,hands,phone-repair,wave1,2026-09-14
https://www.youtube.com/@bigmobilerepair,@BigMobileRepair,Big Mobile Repair,203000,1633,5,"Professional training channel explicitly covering IC repair, microsoldering, board-level and water damage fixes.",phone repair | mobile repairing | smartphone repair | iphone repair | microsoldering | phone motherboard repair | mobile repairing course | phone repair shop | मोबाइल रिपेयरिंग,UCB-vpRKTNDwtcsm4qmfIgNA,hands,phone-repair,wave1,2026-09-14
https://www.youtube.com/@bsdisplaydoctor,@BsDisplaydoctor,Bs Display doctor,294,130,5,"Repair shop with titles showing screen, back glass and combo replacements on real phones, dedicated hardware channel.",phone repair | mobile phone repair,UCjvhNZI8Pfrbvs7I30a_QAw,hands,phone-repair,wave1,2026-09-14
https://www.youtube.com/@chhotumobilecare9960,@CHHOTUMOBILECARE9960,@CHHOTUMOBILECARE,99,70,5,"Titles show detailed display, motherboard connector and charging fault fixes on specific Samsung/Realme models.",मोबाइल रिपेयरिंग,UCg23QVgtPmvpEBuT7WP0DWw,hands,phone-repair,wave1,2026-09-14
https://www.youtube.com/@cannonvalleyphonerepair,@CannonValleyPhoneRepair,Cannon Valley Phone Repair,21,53,5,"Repair shop with titled videos showing real screen, battery, charging repairs on phones and tablets.",phone repair | cell phone repair | phone screen replacement | tablet repair,UCpscEiOdxca4tpiy9YEmfyg,hands,phone-repair,wave1,2026-09-14
https://www.youtube.com/@cellfixgeorgia,@CellFixGeorgia,CellFix Georgia,4300,80,5,"Dedicated channel explicitly showing real repair videos, micro soldering, glass refurbishing and step-by-step training.",phone repair | smartphone repair | micro soldering | تعمیر موبایل,UCVmtl-gEvi58WaAyXYpp2sA,hands,phone-repair,wave1,2026-09-14
https://www.youtube.com/@celularpro_reparacionynegocio,@CelularPro_ReparacionyNegocio,Celular Pro - Negocio de Reparación de Celulares,1360,127,5,Educational channel explicitly on micro-soldering techniques and component replacement for phone repair business.,reparación de celulares | microsoldadura | reparación de móviles | microsoldadura celulares | reparo de placa celular,UC1ygVmz_nrdv9vbEfFCRumA,hands,phone-repair,wave1,2026-09-14
https://www.youtube.com/@channarithpv,@ChannarithPV,Rithrepair Mobilephone(KH),1020,95,5,Dedicated CPU reballing channel with clear step-by-step board-level micro-soldering titles.,mobile repairing | mobile repairing course | emmc | electronics repair course,UCzkofQ_fwBdjOBsswEF5JPA,hands,phone-repair,wave1,2026-09-14
https://www.youtube.com/@chipfixerz,@Chipfixerz,Chip Fixerz,1500,225,5,"Motherboard-level repair channel explicitly covering PMIC, CPU short, tracing across multiple phone brands.",motherboard repair,UCX4HWOrPwuMO_AUQC6SmqLQ,hands,phone-repair,wave1,2026-09-14
https://www.youtube.com/@circuitmaster_jay666,@CircuitMaster_Jay666,CircuitMaster_Jay,5150,188,5,"Dedicated micro-soldering channel with titles on FPC connector repair, battery connector, screen IC and flex cable work.",phone repair | mobile phone repair | motherboard repair | phone motherboard repair | micro soldering phone,UCFpgSbHRED4c7dtwMPvUoQg,hands,phone-repair,wave1,2026-09-14
https://www.youtube.com/@cpuspecialist,@CpuSpecialist,mobile Engineer ,185,92,5,Titles show CPU reballing and charging repair demonstrations on real phone models.,phone repair,UCqsdbGYZ8jryzK2J1K-mWBQ,hands,phone-repair,wave1,2026-09-14
https://www.youtube.com/@cyshowtvafrica,@CyShowTvAfrica,Cy Show Tv Africa,1140,218,5,"Mobile phone technician description details screen, battery, charging port replacement and microsoldering work.",microsoldering,UCatE5v7m7OX3_kB0H4GNf_w,hands,phone-repair,wave1,2026-09-14
https://www.youtube.com/@d.arepair,@D.Arepair,D.A Repair,272,61,5,"Titles show display replacement on Samsung Galaxy M04 and Vivo Y75 5G plus schematics reference, clear bench repair work.",mobile repairing,UC3_16v53624-rhPQ3dv-ZkA,hands,phone-repair,wave1,2026-09-14
https://www.youtube.com/@digitalmoble,@DIGITALMOBLE,Digital mobile,1490,140,5,"Practical mobile hardware repair channel covering motherboard, charging port and display fixes step-by-step.",phone repair | motherboard repair | phone motherboard repair | mobile repairing hindi | mobile repairing urdu,UCKDveJImk-upvUBSfavJTmQ,hands,phone-repair,wave1,2026-09-14
https://www.youtube.com/@dkprepair,@DKPREPAIR,DKP REPAIR,93800,962,5,"Dedicated motherboard repair channel listing micro jumper, IC bypass, charging fix, water damage repair with real repair videos.",phone repair | motherboard repair | phone motherboard repair,UCVLaRbKaPFM29W91sHhGtqQ,hands,phone-repair,wave1,2026-09-14
https://www.youtube.com/@danishmobile-gd1qz,@DanishMobile-gd1qz,Danish Mobile. com,160,78,5,Wholesale mobile repair channel with clear LCD/display replacement titles across multiple phone brands shown on camera.,mobile repairing,UCSkPtSIm8cC4N1C6PCQmmMg,hands,phone-repair,wave1,2026-09-14
https://www.youtube.com/@deepakkumar4u8dx,@Deepakkumar4u8dx,Mobile Repair Training DX technical College,227,91,5,Dedicated chip-level phone repair training institute with live practicals and IC reballing on working phones.,chip level | chip level repairing,UCDUmjkzWyNOaAkoFhLkGV6g,hands,phone-repair,wave1,2026-09-14
https://www.youtube.com/@digitalrepairpoint,@DigitalRepairPoint,DIGITAL REPAIR POINT,81,51,5,"Titles show real display, back glass and charging port replacements on iPhone/Android with photos of work.",smartphone repair,UC_P7NGoh61nmI0dYTMC_oLg,hands,phone-repair,wave1,2026-09-14
https://www.youtube.com/@directfix,@DirectFix,DirectFix,78700,247,5,Dedicated iPhone/iPad screen and battery replacement repair videos with DIY repair directions.,phone repair | iphone repair,UCsIRuIKjk32wGV_LXXECBtQ,hands,phone-repair,wave1,2026-09-14
https://www.youtube.com/@directsolution-d,@DirectSolution-d,Direct Solution,557,147,5,"Repair shop with titles detailing specific fault fixes: restart problems, charging issues, display light solutions on Samsung phones.",phone repair | iphone repair | emmc,UCP2dLgO4t4GCYs54tzpQAqg,hands,phone-repair,wave1,2026-09-14
https://www.youtube.com/@easyfix7700,@EASYFIX7700,EASY FIX,491,60,5,"Repair channel with clear titles on IC reballing, touch fix, water damage repair on iPhones.",phone repair | mobile phone repair,UC0LbfVBKOMLXPAivuc-1BSg,hands,phone-repair,wave1,2026-09-14
https://www.youtube.com/@eduardocell-bi8gn,@EduardoCell-bi8gn,Eduardo. Cell,4180,447,5,"Detailed description covers board repair, microsoldering, SMD component swaps and schematic diagnostics.",reparo de placa | manutenção de celular | reparo de placa celular,UCqQxU9G8bVllg9M4pGRDKOA,hands,phone-repair,wave1,2026-09-14
https://www.youtube.com/@elbaruc,@ElBaruc,El Baruc,10900,270,5,Dedicated repair channel with clear description of screen/battery/port replacement and micro-soldering board repair.,reparación de celulares,UCMPUR4LimlmXapDonCyL4ow,hands,phone-repair,wave1,2026-09-14
https://www.youtube.com/@eng_aliabbasi9,@Eng_aliabbasi9,"Ali Abbasi
",456,56,5,"Dedicated micro-soldering training channel with BGA reballing, IC replacement and soldering technique tutorials.",phone repair | cell phone repair,UCpYACQtJt3HWZvmivZ-iI_w,hands,phone-repair,wave1,2026-09-14
https://www.youtube.com/@engineer_72_tmn,@Engineer_72_tmn,Инженер_72_тмн <<Ремонт телефонов>>,286,267,5,"Russian channel dedicated to component-level phone repair, explicitly mentioning hard repair work others avoid.",ремонт телефонов,UC-6hNq9ZPInBM2boE5rCwDg,hands,phone-repair,wave1,2026-09-14
https://www.youtube.com/@everytech-c1r,@EveryTech-c1r,Every Tech,421,215,5,Dedicated screen replacement tutorials with step-by-step titles across multiple phone models.,phone repair,UC-eHXnicGMg0OUhO0F32zIA,hands,phone-repair,wave1,2026-09-14
https://www.youtube.com/@famous_mobile1,@Famous_Mobile1,Famous Mobile,388,102,5,Titles show actual display replacement repairs on OnePlus and Realme phones with restoration format.,mobile repairing,UCGnMQBdex7zL-CDug_dRRrQ,hands,phone-repair,wave1,2026-09-14
https://www.youtube.com/@fixmoi,@FixMoi,Fix Moi,202,96,5,"Microsoldering-focused channel with iPad charging fix, iPhone housing replacement and detailed step-by-step repair titles.",microsoldering,UCt061gUwz-a4AIrOTjMB9xg,hands,phone-repair,wave1,2026-09-14
https://www.youtube.com/@flexidisplaypro,@FlexiDisplayPro,Flexi Display Pro,163,67,5,Titles show real display/flex repairs like glass change and green flex chain repair with clear fault-to-fix framing.,smartphone repair,UCNwq8xB5Ra8YnhRadqgeXHA,hands,phone-repair,wave1,2026-09-14
https://www.youtube.com/@gsmasadmollaic1,@GSMASADMOLLAIC1,GSM ASAD MOLLA IC,2110,117,5,"Dedicated eMMC IC, reballing, dead boot repair and ISP pinout channel, clear chip-level micro-soldering focus.",emmc,UCQ1mBJLBiwf4CPZbhgvxGZg,hands,phone-repair,wave1,2026-09-14
https://www.youtube.com/@gadgetswiser-p2g,@Gadgetswiser-p2g,Gadgetsdotcom,91,70,5,"Smartphone repair shop channel with titles showing display change, back glass, charging port replacement across models.",phone repair | smartphone repair,UCRjigJhtXB2GC7dtXLKONIw,hands,phone-repair,wave1,2026-09-14
https://www.youtube.com/@gizmogoblin,@Gizmogoblin,Gizmo Goblin,299,85,5,"Dedicated iPhone repair channel with clear part-replacement titles: flash, battery, camera, speaker replacements.",phone repair,UCMMKBftxC48hp-ogaqz0mvw,hands,phone-repair,wave1,2026-09-14
https://www.youtube.com/@guofencom-guofenelectronics,@Guofencom-GuofenElectronics,果粉网-果粉电子,41,308,5,iPhone/iPad chip-level repair channel showing real board-level fixes like charging issues and no-power repairs.,phone repair | mobile phone repair,UCMtnZu8UggDHwP4ttf_zcBA,hands,phone-repair,wave1,2026-09-14
https://www.youtube.com/@ihelprepair,@IHELPREPAIR,I-HELP,146,73,5,"Professional iPhone repair channel specializing in logic board, microsoldering, and data recovery.",phone repair | iphone repair | microsoldering,UCI6iihoKxAOqwY7DcdowY2A,hands,phone-repair,wave1,2026-09-14
https://www.youtube.com/@irepair22,@IRepair22,IRepair Italia,242,214,5,"Titles show real screen, LCD and charging repairs on phones and tablets step by step.",electronics repair | electronics repairing,UCWKV9lPA5C6soVip97DfOqA,hands,phone-repair,wave1,2026-09-14
https://www.youtube.com/@i_a_care,@I_a_care,Mohammed Maaz,113,73,5,iPhone/Android chip-level repair channel with detailed display replacement and sudden-dead repair titles.,chip level,UCDWKc9ca6LfYlv9EyZLucRA,hands,phone-repair,wave1,2026-09-14
https://www.youtube.com/@israrmobilerepair,@Israrmobilerepair,Israr Mobile REpairing Lab,502,51,5,"Dedicated chip-level mobile repair channel covering IC replacement, motherboard and connector work.",mobile repairing | motherboard repair | chip level repairing,UC3eGFn2RprmCzdZJj6GYjmg,hands,phone-repair,wave1,2026-09-14
https://www.youtube.com/@jameelmobilerepairinglab,@Jameelmobilerepairinglab,Jameel mobile repairing lab,278,110,5,"Titles show real flex cable, glass and panel replacement work on iPhones and Samsungs at repair lab.",phone repair | mobile repairing | mobile phone repair | phone screen replacement,UCTS1wjiiKyk5YMUTZtAmb3w,hands,phone-repair,wave1,2026-09-14
https://www.youtube.com/@jbcellassistenciatecnica,@Jbcellassistenciatecnica,JBCELL técnico de celular,172,201,5,"Technician channel with titles on flex cable repair, FPC connector, audio codec fixes and screen flex recovery.",manutenção de celular,UCdDSo_rvCP4t-6cF_2u-0Hw,hands,phone-repair,wave1,2026-09-14
https://www.youtube.com/@jessajones,@JessaJones,iPad Rehab Microsoldering & Data Recovery,182000,553,5,Renowned microsoldering and board-level repair school with practical troubleshooting content for mobile devices.,microsoldering | phone motherboard repair | micro soldering phone | iPad repair | electronics repair course,UCPjp41qeXe1o_lp1US9TpWA,hands,phone-repair,wave1,2026-09-14
https://www.youtube.com/@jibranmobilerepairing-s1t,@JibranMobileRepairing-s1t,Jibran Mobile Repairing ,69,54,5,"Mobile repairing lab with titles showing panel and charging port replacement, real bench work demonstrated.",mobile repairing,UCC07NkYH_ymutqG9FRHfqhg,hands,phone-repair,wave1,2026-09-14
https://www.youtube.com/@juan4repair,@Juan4Repair,Juan4Repair,6220,142,5,Dedicated advanced Mac logic board micro-soldering channel with T2/NAND diagnostics and IC replacement content.,microsoldadura,UCNCHRbujcgpFf8PDi14aEWA,hands,phone-repair,wave1,2026-09-14
https://www.youtube.com/@kingphonerepair,@Kingphonerepair,King phone repair ,48,64,5,"Dedicated channel showing CPU, EMMC, power IC and motherboard-level phone repairs with real results.",phone repair | emmc,UCf-pBNryl4lhxMiEif9YxsA,hands,phone-repair,wave1,2026-09-14
https://www.youtube.com/@kwanrepair,@KwanRepair,บักขวาน Channel,1560,257,5,"Thai channel explicitly about IC reballing, screen change and motherboard repair with work clips.",ซ่อมมือถือ,UCk332XbjrOnmaCyHkDanhMg,hands,phone-repair,wave1,2026-09-14
https://www.youtube.com/@laltumobilelab,@LaltuMobilelab,LaltuMobileLab…98K Views 2 Hours ago.,526,85,5,"Titles show detailed hardware repairs: charging connector broken, middle base repair, board-level jobs in Bengali.",mobile repairing | emmc,UCTNuhHd9AcLh7dvK1DCuVOQ,hands,phone-repair,wave1,2026-09-14
https://www.youtube.com/@lecomterepairservices,@LecomteRepairServices,Lecomte Repair Services,1610,70,5,Dedicated French microsoldering business channel sharing advanced Apple iPhone/Macbook board-level repair experience.,microsoldering,UCAixgcd_cI_nl79acu_4jZw,hands,phone-repair,wave1,2026-09-14
https://www.youtube.com/@lokeshmobileservice7,@Lokeshmobileservice7,LOKESH MOBILE REPAIR & SERVICE ,32,62,5,"Titles show chip-level dead phone repair, battery/back glass replacement, clear bench repair content.",mobile repairing telugu,UCZe6L6y95hsUeUjVtORb9Lw,hands,phone-repair,wave1,2026-09-14
https://www.youtube.com/@luannguyenthudaumot,@Luannguyenthudaumot,Luân Nguyễn Mobile Thủ Dầu Một,123,90,5,"Repair shop with short-form titles showing real screen replacement, battery change and main board repair.",sửa chữa điện thoại,UCKSafJxgMACoH06sHtNd88w,hands,phone-repair,wave1,2026-09-14
https://www.youtube.com/channel/ucguojykrobwfw8o7nuag1yw,@MFmobilefusion,MF Mobile Fusion,68,56,5,"Titles show detailed CPU reballing, UFS reball and dead boot recovery for real phone repairs.",chip level,UCguOjYKrOBwFW8O7nuag1yw,hands,phone-repair,wave1,2026-09-14
https://www.youtube.com/@m_repair_guwahati,@M_REPAIR_guwahati,M-REPAIR,1460,52,5,"Chip level iPhone repair and training center, dedicated bench work channel matching topic precisely.",phone repair | iphone repair | chip level | chip level repairing,UCvKB6XWcYa3pvm74IJWDybg,hands,phone-repair,wave1,2026-09-14
https://www.youtube.com/@mahaveermobilecaremmc,@MahaveermobilecareMmc,Mahaveer Mobile Care,77,86,5,"Detailed IC reballing, micro-soldering, CPU/UFS work description for phones, tablets, iPads — strong board-level repair focus.",micro soldering phone | mobile repairing telugu,UCfeKItN8sHxruTkySfQiIkA,hands,phone-repair,wave1,2026-09-14
https://www.youtube.com/@manish.x.89,@Manish.x.89,Manish Yadav,166,53,5,"Chip-level repair titles showing reball, dead fix and logo/restart repairs across phone brands.",chip level,UCFKMch8xjsj7MLGF0IaZ8fA,hands,phone-repair,wave1,2026-09-14
https://www.youtube.com/@mcrotechgeek,@Mcrotechgeek,McrotechGeek | Microsoldering & Repairs,568,149,5,"Professional microsoldering channel doing motherboard-level repair on iPhone, iPad and Switch consoles.",motherboard repair | microsoldering | chip level repairing,UCGQZ__cQ3QWgk4_Ki5Sm14A,hands,phone-repair,wave1,2026-09-14
https://www.youtube.com/@microsoldering,@Microsoldering,Microsoldering,35000,377,5,"Channel explicitly named Microsoldering, offering device repair and micro-soldering education content.",microsoldering | micro soldering phone,UCXV6DsyLznCk_Ec2fLsKqEQ,hands,phone-repair,wave1,2026-09-14
https://www.youtube.com/@mjrepair1o1,@Mjrepair1O1,الثراء التقني Technical wealth,571,54,5,Titles show explicit screen and battery teardown/replacement across multiple phone and tablet models.,phone repair,UCp87mc3nWXkbMRKJvDT_-vg,hands,phone-repair,wave1,2026-09-14
https://www.youtube.com/@mobidoctoradarsh,@MobiDoctorAdarsh,Mobi doctor Adarsh,2050,143,5,Dedicated chip-level motherboard repair channel showing live micro-soldering diagnosis and fixes on camera.,phone repair | smartphone repair | motherboard repair | motherboard repair | chip level repair,UCryMzxPA_1KG8GYOWQIUHvA,hands,phone-repair,wave1,2026-09-14
https://www.youtube.com/@mobile-training,@Mobile-Training,Cell Tech,1770,65,5,"Mobile repairing training institute description details disassembly, dead boot, hardware fault finding with hands-on training.",mobile repairing,UCJ2CXGB9CA8EbeOJztfOFBQ,hands,phone-repair,wave1,2026-09-14
https://www.youtube.com/@mobilegurukul-institute,@MobileGurukul-Institute,Mobile Gurukul Institute,306,62,5,Mobile repairing institute with practical hands-on training in chip-level repairing and hardware troubleshooting.,mobile repairing course | chip level repairing | chip level repair | laptop repair course,UCr3gBKANAdfwGaGAWHoYK2g,hands,phone-repair,wave1,2026-09-14
https://www.youtube.com/@mobileworld7,@MobileWorld7,MobileWorld7,163,114,5,Titles show real touch glass and disassembly repairs on multiple phone models step-by-step.,chip level,UCGN8WiR7PCn8AxlvOX_CEWQ,hands,phone-repair,wave1,2026-09-14
https://www.youtube.com/@mobile_fixer_kiran,@Mobile_fixer_kiran,Mobile_fixer_kiran,109,86,5,Shop channel with titles showing charging socket and display replacements on named phone models.,mobile repairing,UCo1nKQi60X65E2JyYtRPFfA,hands,phone-repair,wave1,2026-09-14
https://www.youtube.com/@mobile_repair_ahmedabad,@Mobile_repair_ahmedabad,MOBILE REPAIR SHOP,93,66,5,"Titles show real phone fault diagnosis and repairs (dead phone, light problem, display) filmed live.",mobile repairing,UChNHjZW0KvBpnn93qEnUq9A,hands,phone-repair,wave1,2026-09-14
https://www.youtube.com/@mobilegarage564,@Mobilegarage564,Mobile Garage ,589,167,5,"Advanced mobile repair channel specializing in baseband IC replacement, logic board troubleshooting, step-by-step technique videos.",phone repair | mobile phone repair | iphone repair,UCmn_4Z3vBCuc0VEG7QJIO-w,hands,phone-repair,wave1,2026-09-14
https://www.youtube.com/@mobilephonerepair187,@Mobilephonerepair187,GSM MD Mukta📱🪛,208,59,5,"Detailed description of BGA reballing, display, battery and motherboard IC repair at a mobile hardware/software center.",phone repair | mobile phone repair,UC22STIzkwn_j50Wx7lvS2zg,hands,phone-repair,wave1,2026-09-14
https://www.youtube.com/@mobiletechnologyfmz,@Mobiletechnologyfmz,Flora Mobile Zone,2660,108,5,Dedicated micro-soldering and motherboard-level repair shop channel with real repair cases and diagnostics.,microsoldering | phone motherboard repair,UCdyKenCMLR-wOVmOqnE_SdA,hands,phone-repair,wave1,2026-09-14
https://www.youtube.com/@modanish8586,@Modanish8586,Danish Shaikh    views16.3k,268,247,5,Titles show real display and back glass replacements on iPhones and Apple Watch with proof clips.,phone repair,UCSn5ZNkbmxyyfdESX8EyIPA,hands,phone-repair,wave1,2026-09-14
https://www.youtube.com/@mohamedelkhawaga,@MohamedElkhawaga,محمد الخواجة - Mohamed Elkhawaga,16300,73,5,"Educational microsoldering channel teaching BGA IC removal, motherboard troubleshooting under academy setting.",microsoldering,UCEsDyOU52yFF0ipeqzmTuSw,hands,phone-repair,wave1,2026-09-14
https://www.youtube.com/@mr-j-d-xebec,@Mr-J-D-Xebec,ronachit sukjit,371,115,5,Thai mobile repair shop with detailed titles on CPU reballing and dead phone motherboard chip-level work.,ซ่อมมือถือ,UCaNHXGC2hPRFC1BL5QR-4gw,hands,phone-repair,wave1,2026-09-14
https://www.youtube.com/@mrphonedoctor0,@Mrphonedoctor0,Mrphonedoctor ,271,51,5,Titles show clear iPhone/Redmi touch glass and display replacement tutorials with step-by-step process.,phone repair,UCntWkDnpRTNgF8WdK-CcV0w,hands,phone-repair,wave1,2026-09-14
https://www.youtube.com/@msmobileplaza95,@MsMobileplaza95,Ms Mobile plaza,48,74,5,Repair shop with titles showing step-by-step screen and touch glass replacements across multiple phone/tablet models.,phone repair | smartphone repair,UCwjS99BQKuZD6l1S9AFP_Yg,hands,phone-repair,wave1,2026-09-14
https://www.youtube.com/@multitasking88,@Multitasking88,Multi88,3830,253,5,"Micro-soldering community channel focused on board-level diagnostics under microscope, strong topical fit.",microsoldadura,UCLorRaPzFASprDj_WUmavpQ,hands,phone-repair,wave1,2026-09-14
https://www.youtube.com/channel/ucavn08zivnrj0krjhmcmxcq,@Mvteech,Mvteech,201,52,5,Portuguese channel with clear step-by-step titles on iPhone screen replacement across multiple models.,manutenção de celular,UCAvn08ZivNrj0KRJHMcMXCQ,hands,phone-repair,wave1,2026-09-14
https://www.youtube.com/@myprofessional-e5n,@Myprofessional-e5n,Arna Technical,345,170,5,"Titles show eMMC reballing and CPU removal, clear board-level micro-soldering repair work.",mobile repairing | smartphone repair | phone motherboard repair,UCl0DwLJOiCamqBIXOKSJ_Ow,hands,phone-repair,wave1,2026-09-14
https://www.youtube.com/@navratanb9352d,@NAVRATANb9352d,"N.S MOBILE REPAIRING TIPS & TRICKS, NAVRATAN TECH",129,73,5,"Dedicated mobile repairing channel covering EMMC programming, fault finding, glass change, chip-level work.",mobile repairing | emmc,UCeWC-DmzQ_7NWWaOl8HXvew,hands,phone-repair,wave1,2026-09-14
https://www.youtube.com/@ngm.mobiles,@NGM.MOBILES,NGM(Next Generation Mobiles),2440,269,5,"Advanced chip-level mobile repairing course channel covering components, ICs, and hardware fault diagnosis explanations.",mobile repairing | mobile repairing course | emmc | mobile repairing telugu,UCb0Hq0kF64GUPrGoTT8cBQw,hands,phone-repair,wave1,2026-09-14
https://www.youtube.com/@ontechfix,@ONTECHFIX,ON TECH FIX,294,62,5,"Titles show CPU reballing, eMMC/UFS repair, dead phone A to Z solutions with clear bench technique focus.",mobile repairing | emmc,UC4dcSxkiv3WaNzEMPTCOjpw,hands,phone-repair,wave1,2026-09-14
https://www.youtube.com/@omid.mirkamali,@Omid.mirkamali,Devicemedic,712,65,5,Dedicated phone/gadget micro-soldering and repair channel with hands-on bench work described.,phone repair | micro soldering | micro soldering phone,UCdzscATGn-JOcSwkeWMbMIQ,hands,phone-repair,wave1,2026-09-14
https://www.youtube.com/@ommobilerepairing5516,@Ommobilerepairing5516,Om mobile repairing 5516,127,70,5,"Titles show real repair work: CPU reball, display connector change, short circuit fixes.",mobile repairing | تعمیر موبایل,UCshzmfXNNJ6ZNRrgRum9Wrg,hands,phone-repair,wave1,2026-09-14
https://www.youtube.com/@parizaadmobiledoctor,@PARIZAADMOBILEDOCTOR,PARIZAAD MOBILE DOCTOR ,233,83,5,"Titles show CPU reballing, BGA IC reballing, chip-level dead phone fixes with clear practical process.",mobile repairing,UCse0ut5OY9dx0Qc1NfUk3aQ,hands,phone-repair,wave1,2026-09-14
https://www.youtube.com/@pantallatech,@PantallaTECH,Pantalla TECH,761,63,5,Titles show clear glass/screen replacement repairs step by step on multiple phone models.,reparación de celulares,UCd62-vxJl_R5CnwlgTG-Jog,hands,phone-repair,wave1,2026-09-14
https://www.youtube.com/@phonebreak,@PhoneBreak,Phone Break,63,50,5,"Titles show clear device-level repairs: display changing, water damage/charging fixes on multiple phone models.",phone repair | mobile phone repair,UCg30hKhy0vfQxoiW0FTZs8A,hands,phone-repair,wave1,2026-09-14
https://www.youtube.com/@phonefixfixers,@PhoneFixFixers,Phone Fixer's,194,51,5,"Titles show real screen/touchscreen replacements on iPhone, Samsung, Realme models at a repair shop.",phone repair | mobile phone repair,UCUwDbPmS98i4NL6z6_lnjxg,hands,phone-repair,wave1,2026-09-14
https://www.youtube.com/@phonekadoctorali,@PhoneKaDoctorAli,Phone Ka Doctor – Ali Ali,153,56,5,"Titles show clear step-by-step hardware fixes: mic replace, power button repair, jumper repair, LCD connector work.",mobile repairing,UCUjm3kl5Br7psuyElCHKVVA,hands,phone-repair,wave1,2026-09-14
https://www.youtube.com/@phone_rehab,@Phone_Rehab,phone_rehab,298,86,5,Dedicated microsoldering channel description explicitly details board-level phone repair techniques.,microsoldering | micro soldering phone,UCi9-H2-oxl_-6zGyRd7INpg,hands,phone-repair,wave1,2026-09-14
https://www.youtube.com/@phonecare24,@Phonecare24,Phone Care,219,58,5,"Titles show real hands-on phone/tablet repairs: back glass, LCD replacement, teardown, touchscreen fitting.",phone repair | mobile phone repair,UClDLf-c6YWgq_geJhGUOHyA,hands,phone-repair,wave1,2026-09-14
https://www.youtube.com/@phonefix09,@Phonefix09,Phone Fix ,468,305,5,"Dedicated smartphone repair channel with titles showing screen replacement, back glass, IC and motherboard work.",phone repair | smartphone repair | iphone repair,UCb2R5pGnnBVGYN80A-VwxeQ,hands,phone-repair,wave1,2026-09-14
https://www.youtube.com/channel/ucu9axwzpeuwyjv9wojatx5g,@PrimeFix53,Prime fix,54,50,5,"Russian repair shop with titles detailing specific device fault diagnostics, soldering and board-level repairs.",ремонт телефонов,UCU9AXWZpeUWyjV9woJATx5g,hands,phone-repair,wave1,2026-09-14
https://www.youtube.com/@prlucassouza,@Prlucassouza,Lucas Souza Apple Repair,811,68,5,Dedicated iPhone logic-board micro-soldering repair channel with technical bench focus.,reparo de placa celular,UC2B1cKMz3QvAm6I0tDeQqTw,hands,phone-repair,wave1,2026-09-14
https://www.youtube.com/@pslmob,@Pslmob,اموزش تعمیرات موبایل pslmob,859,140,5,"Dedicated Persian mobile repair teaching channel with years of experience, offers courses and free tutorials on repair.",تعمیر موبایل,UCBUeR6W__Bs9ldJtXFs8SBA,hands,phone-repair,wave1,2026-09-14
https://www.youtube.com/@repairmastermind,@REPAIRMASTERMIND,REPAIR MASTERMIND,3720,504,5,"Dedicated channel with detailed charging IC repair, jumper solutions, and step-by-step board-level mobile repair tutorials.",mobile repairing,UCwumIAhnUNB2Oa9OU-3Xzkw,hands,phone-repair,wave1,2026-09-14
https://www.youtube.com/@rjblogger011,@RJBlogger011,RJ Blogger,213,61,5,Chip-level mobile repair channel with detailed titles on CPU/RAM reballing and dead phone board repair.,chip level,UCkA7yhd5xXE02O1IsWJCXlw,hands,phone-repair,wave1,2026-09-14
https://www.youtube.com/@rafael.celltec,@Rafael.celltec,Rafael.CellTec,823,61,5,"Screen replacement and SMD soldering tutorials shown step by step, clear repair bench content.",manutenção de celular,UCqP1fCokrVeo0dVkTHsifQA,hands,phone-repair,wave1,2026-09-14
https://www.youtube.com/channel/uclqemslp930mnu4ctsqefna,@Ram-ram-1-2,iPhone_repairing_pune ,51,134,5,"Titles show Samsung display and back glass replacement, back panel parts, clear hands-on phone repair work.",mobile repairing,UCLqeMslP930mnU4ctsQefnA,hands,phone-repair,wave1,2026-09-14
https://www.youtube.com/@repair.kingyt,@Repair.kingYT,Repair King!,692,202,5,"Titles show real motherboard replacement, charging port repair and back panel change step-by-step.",phone repair | mobile phone repair,UCcV-klG5hIQM3Pk4ZoN2JJw,hands,phone-repair,wave1,2026-09-14
https://www.youtube.com/@repair9080,@Repair9080,Repair Journey,56,54,5,"Dedicated chip-level and micro-soldering channel with titles on CPU reballing, PCB repair, dead phone diagnosis.",micro soldering phone | chip level repairing,UCb3UObVc6ez2kPLH-btWfuA,hands,phone-repair,wave1,2026-09-14
https://www.youtube.com/@repairlab,@RepairLab,RepairLab,13700,82,5,Dedicated micro-soldering channel repairing Apple and other electronic devices at board level.,micro soldering | micro soldering phone,UC4y5tFMG8-C4N3VYUdY8hdQ,hands,phone-repair,wave1,2026-09-14
https://www.youtube.com/@repairwithrayyan,@RepairWithRayyan,Repair With Rayyan,326,73,5,"Dedicated phone repair channel with titles showing full display, back panel and battery replacements step by step.",mobile repairing | smartphone repair,UCnJ_YTp2hsMi2ukonj8i6_A,hands,phone-repair,wave1,2026-09-14
https://www.youtube.com/@repair_withlucky,@Repair_withLucky,Repair With Lucky ,156,71,5,"Dedicated iPhone repair channel showing real-time screen, battery, back glass and logic board repairs.",phone repair | iphone repair,UCzt9Vz5sMYW5B6WYJP0hQCA,hands,phone-repair,wave1,2026-09-14
https://www.youtube.com/@reparafacil_celulares,@ReparaFacil_celulares,ReparaFacil_celulares,2110,60,5,Dedicated microsoldering and cellphone repair channel with fault-diagnosis and technique-focused titles.,reparación de celulares | microsoldadura | microsoldadura celulares,UC5Io0nt7Iyrv9xVHksbU1VA,hands,phone-repair,wave1,2026-09-14
https://www.youtube.com/@rinkuchou,@Rinkuchou,happyroy543,459,60,5,Titles show real screen replacements on multiple phone models step by step.,phone repair,UChpqO_gfWpL5dMfyQog_gmg,hands,phone-repair,wave1,2026-09-14
https://www.youtube.com/@skprepairs,@SKPRepairs,SKP Repair's ,42800,73,5,"Chip-level phone repair channel detailing IC repair, jumper wires, hot/cool testing and fault tracing.",emmc,UCQ4LStiyh4wgSKJLZaPBG3Q,hands,phone-repair,wave1,2026-09-14
https://www.youtube.com/@skmobilenet,@SKmobilenet,@SK mobile net,2940,64,5,"Micro-soldering focused channel with titles on FPC connector, battery connector and IC replacement work.",phone repair | mobile phone repair,UCRAmgCaZRjO7Tzbrmx7HV_Q,hands,phone-repair,wave1,2026-09-14
https://www.youtube.com/@smifixer,@SMIfixer,SMIfixer,1770,99,5,"Dedicated mobile repairing channel with fault-based titles like dead fix, no power, touch/display repair.",phone repair | mobile repairing | iphone repair | mobile repairing course,UC-WS9edP_NfGSm0S6U_0AqQ,hands,phone-repair,wave1,2026-09-14
https://www.youtube.com/@sameerafelix,@SameeraFelix,Sameera Felix,407,132,5,"Advanced chip-level repair shop description: CPU/RAM reballing, dead/no-power fixes, liquid damage restoration.",chip level repairing,UCcQPXy-ad1ZrT_3posu2L3g,hands,phone-repair,wave1,2026-09-14
https://www.youtube.com/@shree_ganesh_mobiles,@Shree_Ganesh_Mobiles,Shree Ganesh Mobiles,811,89,5,"Microsoldering/mobile repair channel with titles on restart, baseband and no-SIM fault fixes.",microsoldering | تصليح الموبايل,UC1YFXyG6QBTZ1uZiuWMIsYQ,hands,phone-repair,wave1,2026-09-14
https://www.youtube.com/@simplerepairshop,@SimpleRepairShop,Simple Repair,53,98,5,Repair shop channel with titles showing full screen and back glass replacement tutorials on multiple phone models.,phone repair | mobile repairing | iphone repair,UCoA-oUUcfae0-pwBf3YofXg,hands,phone-repair,wave1,2026-09-14
https://www.youtube.com/@sn.mobile.fixer.,@Sn.mobile.fixer.,SN mobile fixer,597,457,5,Practical mobile repair training channel with charging problem repair titles showing hands-on fault fixing.,mobile repairing,UCdO2b0iF3V3o72h3CNPWeqQ,hands,phone-repair,wave1,2026-09-14
https://www.youtube.com/@sonutechnical2,@Sonutechnical2,Sonu technical 2,354,218,5,"Titles show emmc IC reball, charging connector, and display replacement work on real phones.",मोबाइल रिपेयरिंग,UCIE3aLyZegDy3Nd6MujgBfQ,hands,phone-repair,wave1,2026-09-14
https://www.youtube.com/@sulekh_telecom,@Sulekh_Telecom,Sulekh Telecom,335,127,5,"Titles detail charging coil replacement, OCA glass lamination and smartwatch repair, strong chip-level bench work.",mobile repairing | chip level,UCzH2G7yAQfPPjUNp15PtZaA,hands,phone-repair,wave1,2026-09-14
https://www.youtube.com/@t-activeiphonespecialistnigeri,@T-activeiphoneSpecialistNigeri,T-active iphone Specialist Nigeria ,162,119,5,"Dedicated micro-soldering lab description covering motherboard IC faults, baseband, backlight ICs on iPhones.",micro soldering,UCSBs9FjPcv1Fsv9CpSSV2bA,hands,phone-repair,wave1,2026-09-14
https://www.youtube.com/@tfinstitute,@TFINSTITUTE,TF INSTITUTE ,690,66,5,"Titles show chip-level fault repairs like short circuit, dead recovery and auto-restart solutions with step-by-step guidance.",mobile repairing,UCKvfK-7WMcQgQSjYizZI71g,hands,phone-repair,wave1,2026-09-14
https://www.youtube.com/@tech.alleppey,@Tech.alleppey,Tech.Alleppey,247,59,5,Channel dedicated to microsoldering and chip-level phone repair work.,microsoldering,UCDm6f7IJWsmadytvBx_29rA,hands,phone-repair,wave1,2026-09-14
https://www.youtube.com/@techkingz.,@TechKingz.,TechKingz,196,51,5,"Titles show clear step-by-step battery and screen replacements on iPhone, Pixel and Samsung devices.",phone repair | phone screen replacement,UCl0ZU8eEqs6PwVEIEfgPFSw,hands,phone-repair,wave1,2026-09-14
https://www.youtube.com/@techsurgeons8998,@TechSurgeons8998,Tech Surgeons,163,66,5,Dedicated chip-level micro-soldering channel with CPU reballing and motherboard diagnostics under microscope.,mobile repairing | micro soldering phone | chip level repairing,UCzhUl6iboeR8w-TKlkeDfeg,hands,phone-repair,wave1,2026-09-14
https://www.youtube.com/@techkundan95,@Techkundan95,TECH KUNDAN ,681,96,5,"Titles show charging jack change, charging solution fixes across multiple phone models, clear repair focus.",mobile repairing,UCWfGQK9pEh-G8uGA_UxNvlA,hands,phone-repair,wave1,2026-09-14
https://www.youtube.com/@technicalmobileshop-j,@Technicalmobileshop-j,Banaul mobile care ,335,100,5,"Titles show detailed display change, combo change and power button repair with disassembly steps.",मोबाइल रिपेयरिंग,UCgw8L1bTzU1eU_HlMz_aYQw,hands,phone-repair,wave1,2026-09-14
https://www.youtube.com/@technicianak,@Technicianak,Technician@ak,501,248,5,"Titles show detailed hardware fault diagnosis and repair (mic, charging error) on phones.",microsoldering | microsoldadura,UCIr8enLjQpAfK2ezydaQFLw,hands,phone-repair,wave1,2026-09-14
https://www.youtube.com/@tenerifix,@TeneriFix,TeneriFix®,35,51,5,"Specialized Apple device repair channel detailing screen, battery, charging port, and back glass replacements with real repairs.",microsoldadura | reparación de móviles | microsoldadura celulares,UC1Ng4663KxDzwUecYI53RlQ,hands,phone-repair,wave1,2026-09-14
https://www.youtube.com/@tnkservicesurat,@TnkserviceSurat,Tnkservice,582,270,5,"Titles show real iPhone/iPad screen replacement, motherboard repair, water damage fixes at repair shop.",ซ่อมมือถือ,UCOss5ggCDxOjx1w--V1mr6g,hands,phone-repair,wave1,2026-09-14
https://www.youtube.com/@unofficialrepairiphone,@UNOFFICIALREPAIRIPHONE,UNOFFICIAL REPAIR IPHONE,718,78,5,"Titles show real hardware jumper fixes, screen replacement and disassembly on iPhones and tablets like Galaxy Tab and Huawei.",mobile repairing | iPhone repair,UCk5DJwKJ8WJ92eGmnFOrqiw,hands,phone-repair,wave1,2026-09-14
https://www.youtube.com/@vccboardrepairs,@VCCBoardRepairs,VCC Board Repairs - Jesse Cruz,52000,276,5,Dedicated microsoldering and logic-board repair channel with real board-level diagnostics and data recovery videos.,logic board repair | microsoldering | phone motherboard repair | iPad repair | electronic repairing | mobile charger repair,UCHByDN_DnlKv7WrCumJfkgA,hands,phone-repair,wave1,2026-09-14
https://www.youtube.com/@vivek-repairing-zone,@Vivek-repairing-zone,Vivek repairing zone,460,95,5,iPhone/iPad repair shop with titles showing glass replacement and full body change jobs.,phone repair,UCEmpPyK97p7U27LtqhwFwWw,hands,phone-repair,wave1,2026-09-14
https://www.youtube.com/@wichanfamily,@Wichanfamily,Mobile fix by ช่างโต ☎️,177,164,5,Thai repair shop channel with clear titles showing screen and battery replacement on iPhones and tablets.,ซ่อมมือถือ,UC3u2pQX1oa1-MRrylTc98NA,hands,phone-repair,wave1,2026-09-14
https://www.youtube.com/@xiaodteachesmaintena,@Xiaodteachesmaintena,小杜教维修,10700,274,5,Chinese chip-level repair channel specializing in curved screen and ITO line repair with micro-soldering focus.,手机维修,UCgQHYb4Bwhi9-rm-cgF-xAA,hands,phone-repair,wave1,2026-09-14
https://www.youtube.com/@yousefnofal,@YousefNofal,Yousef Nofal,532,99,5,"Titles show real iPhone board-level repairs: no power, no service, water damage, audio IC fixes.",phone repair | iphone repair,UCCC6nP4oXpFKJbt8SdopnoA,hands,phone-repair,wave1,2026-09-14
https://www.youtube.com/@z2mobile,@Z2mobile,Z2 mobile zoom,747,252,5,"Chip-level training channel covering IC reballing, PMIC, network sections with practical bench focus titles.",mobile repairing,UCj5-9cI-xSeT_ECjVvKdtWA,hands,phone-repair,wave1,2026-09-14
https://www.youtube.com/channel/uc6gz4web9zl4dmcwmhoabkq,@Zetechcell,José Machado ,46,63,5,"Titles show clear step-by-step iPhone screen replacement, board swap, and full disassembly repair work.",manutenção de celular,UC6gz4WEb9Zl4dmCWMHOaBKQ,hands,phone-repair,wave1,2026-09-14
https://www.youtube.com/@adhenztechnology,@adhenztechnology,Mobile Mesiri,517,154,5,"Repair training institute with titles showing IC replacement, microsoldering earspeaker fix and charging error solutions.",phone repair | smartphone repair,UCcPmNyVaZN5hrSqCEQ5gX5g,hands,phone-repair,wave1,2026-09-14
https://www.youtube.com/@ahmobilesolution534,@ahmobilesolution534,AH Mobile Solution,243,51,5,"Chip-level repair channel with titles on EMMC IC programming, CPU reballing and touch/display fixes, strong bench evidence.",mobile repairing | emmc,UCrURcMY54-yxXtqi6MAxBdw,hands,phone-repair,wave1,2026-09-14
https://www.youtube.com/@akanteknik,@akanteknik,AKAN TEKNIK,9320,155,5,"Phone/tablet repair and training service listing IC-level board repairs, screen, battery and glass replacement.",tablet repair | telefon tamiri,UChztPxxBylUPMIdftGb99Mg,hands,phone-repair,wave1,2026-09-14
https://www.youtube.com/@akkashmobilecare,@akkashmobilecare,Akash Mobile Care,891,78,5,Chip-level mobile repair shop with titles showing dead/restart/no-service board-level fault fixes.,chip level | emmc | صيانة الهواتف | تعمیر موبایل,UCZNzkFaT8tNGB8tbS4ImalQ,hands,phone-repair,wave1,2026-09-14
https://www.youtube.com/@alexismarquezrepara,@alexismarquezrepara,Alexis Marquez Repara,33,79,5,Phone repair technician channel with real hands-on titles like manual lamination work shown on camera.,reparación de celulares,UCPIQ7P8rIH7PGLxQC_BxuoA,hands,phone-repair,wave1,2026-09-14
https://www.youtube.com/@andrecellacademy,@andrecellacademy,André Cell Academy,280,114,5,"Board-level phone repair bench channel with practical diagnostics, screen/battery swaps and programmer use.",reparo de placa celular,UCQyBSk2h_5gBtO0iRASe2tQ,hands,phone-repair,wave1,2026-09-14
https://www.youtube.com/@andreluizlabdocelular,@andreluizlabdocelular,Mão na Placa,50,56,5,"Dedicated phone repair training channel covering step-by-step screen/battery replacement, diagnostics and hardware maintenance.",reparo de placa celular,UCjZ8AfY7Rif2zrQrZ8AqDew,hands,phone-repair,wave1,2026-09-14
https://www.youtube.com/@anhthu_24h,@anhthu_24h,NGUYỄN MINH DƯƠNG,490,81,5,"Vietnamese repair shop channel with flex cable replacement, screen IC fixes and board-level fault diagnosis titles.",sửa chữa điện thoại,UCNT2FPJlPFYhsSkfUcgPXdA,hands,phone-repair,wave1,2026-09-14
https://www.youtube.com/@antonysoftpowersolucoes9029,@antonysoftpowersolucoes9029,Soft Power soluções,865,70,5,Titles show detailed board-level reballing and micro-soldering repairs on iPhone and Samsung boards.,manutenção de celular,UC-oK3O7A3YkLJUQ2atf2tsA,hands,phone-repair,wave1,2026-09-14
https://www.youtube.com/@appleglassmaster5895,@appleglassmaster5895,Apple Glass Master,124,84,5,"iPhone chip-level repair channel listing IC replacements, Face ID and CPU repair, board-level micro-soldering focus.",motherboard repair | phone motherboard repair,UC-xcw_cTitMxsDuNHQ0OQCg,hands,phone-repair,wave1,2026-09-14
https://www.youtube.com/@applerehabbangladesh2246,@applerehabbangladesh2246,Apple Rehab Bangladesh,407,50,5,"Dedicated iPhone/iPad repair center with titles showing camera replacement, dead phone repair and data recovery.",phone repair | smartphone repair,UCy8lEXMdn8pFnvojxvlW7yw,hands,phone-repair,wave1,2026-09-14
https://www.youtube.com/@aronno_shahriar,@aronno_shahriar,Phone Doctor,479,471,5,Dedicated screen and battery replacement channel with micro-soldering board repair content.,tablet repair | phone screen replacement | micro soldering phone,UCSHhLXgfyVDcpscU3hIifnA,hands,phone-repair,wave1,2026-09-14
https://www.youtube.com/@as_mobilerepairingsolution,@as_mobilerepairingsolution,AS mobile repairing solution,232,85,5,"Titles show CPU reball, cleaning and hardware fault solutions for phones, clear bench work.",mobile repairing,UCNsmCTasmcpw6w1sn84fp0Q,hands,phone-repair,wave1,2026-09-14
https://www.youtube.com/@asccommunication8080,@asccommunication8080,ASC Communication,853,203,5,"Repair shop titles show water damage repair, screen and battery replacement with real device jobs detailed.",phone repair | mobile phone repair | smartphone repair,UCeIeXxHkkM2XhUhKvmIOJmA,hands,phone-repair,wave1,2026-09-14
https://www.youtube.com/@ashokchoudhary3080,@ashokchoudhary3080,Mobilefix 24by7,881,140,5,"Titles show real board-level repairs: CPU/RAM reball, EMMC reball, camera fixes on specific phone models.",phone repair | mobile phone repair,UCYZvidl-u7yj4BVG90gxFsQ,hands,phone-repair,wave1,2026-09-14
https://www.youtube.com/@asradul420,@asradul420,Gsm Asradul,347,108,5,"Chip-level repair channel with titles on IC reball, EMMC reprogramming and water damage fixes.",emmc,UCvcji85haSi1Ff2kQccZuhQ,hands,phone-repair,wave1,2026-09-14
https://www.youtube.com/@balajiflexglassrepair9910,@balajiflexglassrepair9910,BALA JI FLEX & GLASS REPAIR,280,188,5,"Titles show front glass replacement and OCA process on Redmi/Note devices, clear glass refurbishing bench work.",mobile repairing,UCXljYWfxXaeXIkKYqi76D6A,hands,phone-repair,wave1,2026-09-14
https://www.youtube.com/@boardrev,@boardrev,BoardRev,5390,191,5,Dedicated iPhone board-level repair channel name and description signal micro-soldering focus.,phone repair | iphone repair,UCYMrLBiZZsakMiVcMD_dHXw,hands,phone-repair,wave1,2026-09-14
https://www.youtube.com/@boomcpu,@boomcpu,Boom CPU,1690,142,5,Dedicated micro-soldering channel for smartphone motherboard repair across major brands.,reparo de placa celular,UCxuSkr4PLUPFsB_eTikeYeA,hands,phone-repair,wave1,2026-09-14
https://www.youtube.com/@bronztronicscellphonerepai6702,@bronztronicscellphonerepai6702,Bronztronics Cellphone Repair Shop,479,138,5,"Titles show detailed screen lamination, AMOLED replacement and flex cable repair across multiple phone models.",phone repair | cellphone repair | phone repair shop,UCbcK7VHCBU6yIz2rsBD21sQ,hands,phone-repair,wave1,2026-09-14
https://www.youtube.com/@cambofixing,@cambofixing,Cambo Fixing,582000,471,5,Dedicated iPhone repair channel with titles showing back glass and screen replacement work.,iPhone repair,UCq9nKrdgNXKsYQp3YK6kHkQ,hands,phone-repair,wave1,2026-09-14
https://www.youtube.com/@chango_repairphone,@chango_repairphone,ช่างโอซ่อมมือถือ,1710,249,5,Dedicated phone repair channel with titles showing screen replacements across multiple phone models.,ซ่อมมือถือ,UCFyacg2Ag3-BV7LzpxvV3eA,hands,phone-repair,wave1,2026-09-14
https://www.youtube.com/@chiase24hvn,@chiase24hvn,"Sửa Chữa Điện Thoại, iPhone, Laptop, Macbook",312,64,5,"Titles show detailed iPhone/iPad screen, battery and housing replacement tutorials, clear repair steps shown.",sửa chữa điện thoại,UCSqDS4f6smSwq33Xmnow4qQ,hands,phone-repair,wave1,2026-09-14
https://www.youtube.com/@chiminoifixit,@chiminoifixit,chiminoifixit,45400,143,5,Dedicated microsoldering channel teaching phone/iPad repair techniques and tool reviews for cell repair.,microsoldering,UCfyBPW_knm1QbgjvF1pRooQ,hands,phone-repair,wave1,2026-09-14
https://www.youtube.com/@chintanprajapati1111,@chintanprajapati1111,chintan prajapati,237,62,5,Titles show clear display and touch replacements on multiple phone models with disassembly steps.,mobile repairing,UC-pN7BuCJlapfEh3_cctY-g,hands,phone-repair,wave1,2026-09-14
https://www.youtube.com/@chiptechinstituteofficial,@chiptechinstituteOfficial,Chiptech Institute ,125,92,5,"Chip-level repair institute with student practice videos on reballing, display connectors, ipad repair.",mobile repairing | mobile repairing course,UCz5kw-zi3_Ubm3XvYOHN-DQ,hands,phone-repair,wave1,2026-09-14
https://www.youtube.com/@christianreber3153,@christianreber3153,Christian Reber,2210,139,5,Dedicated microsoldering channel with detailed hardware repair tutorials described as thorough and functional.,microsoldering,UCWqHW1Ow030uLHxeR_zNCHA,hands,phone-repair,wave1,2026-09-14
https://www.youtube.com/@cifra_ryazan,@cifra_ryazan,Цифра,235,96,5,"Titles show flex cable restoration, charging port replacement and connector repair on real devices.",ремонт телефонов,UC7vvLI5aAfLubW2aErqEsMw,hands,phone-repair,wave1,2026-09-14
https://www.youtube.com/@cptech-cpfix,@cptech-cpfix,Cptech-Cpfix,13,51,5,"Titles show LCD replacements, water damage repair and charging pin replacement across phone brands.",phone repair | cellphone repair,UCwqC-HjPkCsh-YkeGMFuI3A,hands,phone-repair,wave1,2026-09-14
https://www.youtube.com/@cpustar69,@cpustar69,Satish Vishwakarma ,326,141,5,"Titles show CPU reball, power IC reballing and folder pasting, clear board-level micro-soldering work.",mobile repairing,UCViGHMNC9a_mVGrY538T4fQ,hands,phone-repair,wave1,2026-09-14
https://www.youtube.com/@dcfix35,@dcfix35,DCFIX,5230,268,5,Dedicated iPhone repair and microsoldering channel with English-subtitled courses.,phone repair | iphone repair | microsoldering,UCtP7c3Q0yD2J-A4rgAON4bQ,hands,phone-repair,wave1,2026-09-14
https://www.youtube.com/@devicetechnician,@devicetechnician,DEVICE TECHNICIAN,86,223,5,"Description details detailed board-level phone repair skills: jumper, IC removal, OCA machine, testing.",phone repair,UC1nt_XOz75aAbBK6teBp6WA,hands,phone-repair,wave1,2026-09-14
https://www.youtube.com/@dienthoaiduyphong,@dienthoaiduyphong,Điện Thoại Duy Phong  ,277,116,5,Vietnamese repair shop channel with detailed screen and glass replacement videos shown start to finish.,sửa chữa điện thoại,UCEM2kSW6oDMm499OQAl1YJA,hands,phone-repair,wave1,2026-09-14
https://www.youtube.com/@diogograssani1007,@diogograssani1007,DiogoCell,62,62,5,Brazilian channel with clear screen replacement titles across multiple phone models showing bench repair work.,manutenção de celular,UC_dQAIIOmPD2tEaAeuTfmNA,hands,phone-repair,wave1,2026-09-14
https://www.youtube.com/@directfix9558,@directfix9558,DirectFix,7130,128,5,Dedicated iPhone/iPad/Android repair guide channel with detailed teardown and part replacement videos.,phone repair | iphone repair,UCMD570cMQBLgTF1UpuomgeQ,hands,phone-repair,wave1,2026-09-14
https://www.youtube.com/@djmanishindia,@djmanishindia,Dj Manish India,426,185,5,"Chip-level electronics repair channel featuring IC replacement, motherboard troubleshooting and microscopic soldering techniques.",chip level repair,UC_blnD8ayTCfmuIdHVumWaw,hands,phone-repair,wave1,2026-09-14
https://www.youtube.com/@doctorsmartphone4803,@doctorsmartphone4803,Doctor Smartphone,397,139,5,"Titles show specific phone repairs: display replacement, back glass, earpiece, battery replacement on camera.",phone repair | phone motherboard repair,UCDS6RgfXZFJ1YPuZRuXXB5A,hands,phone-repair,wave1,2026-09-14
https://www.youtube.com/@edgeabhirup,@edgeabhirup,Edge Abhirup,276,71,5,"Real-time mobile repair channel with titles showing screen fix, middle frame change, premium smartphone servicing.",phone repair | mobile repairing | smartphone repair,UCGIQgA3DOlv15O-U7NMdL_Q,hands,phone-repair,wave1,2026-09-14
https://www.youtube.com/@eennara,@eennara,mobile solutions add Life to life,311,136,5,"Titles show real phone repair diagnostics: dead phone solutions, display fixes, CPU reball training content.",mobile repairing,UCkbwxjwk-GDAZQeOeTuLAUA,hands,phone-repair,wave1,2026-09-14
https://www.youtube.com/@emmcrepairpalash8102,@emmcrepairpalash8102,TECHNICAL PALASH,488,74,5,Dedicated eMMC repair channel with titles showing dead-phone diagnosis and board-level fixes step by step.,emmc,UCaauEjcfMNxdtQewj7enX7A,hands,phone-repair,wave1,2026-09-14
https://www.youtube.com/@ezlearningusa,@ezlearningusa,EZ Learning,10700,132,5,Dedicated micro-soldering training channel focused on Apple device board-level repair techniques.,microsoldadura,UCLD-G0Xn0UX--q_W7oBgijQ,hands,phone-repair,wave1,2026-09-14
https://www.youtube.com/@fadyfawaznagieb,@fadyfawaznagieb,Fady Fawaz,52,71,5,Board-level micro-soldering channel with titles showing CPU reballing on iPhone and Android motherboards.,motherboard repair,UCoNImfe3dtakzJqtPXwENZw,hands,phone-repair,wave1,2026-09-14
https://www.youtube.com/@farzanraza2254,@farzanraza2254,IREPAIR SOLUTION UNA,99,58,5,"Repair shop channel with titles showing iPhone display light and charging solutions, chip-level and training work.",mobile repairing | emmc,UCawI6Pgc9R4fAwIXvEeJPaw,hands,phone-repair,wave1,2026-09-14
https://www.youtube.com/@faztudocelulares,@faztudocelulares,faztudocelulares,305,89,5,"Dedicated board-level repair business description covering flex, jumpers, reballing and screen replacement.",reparo de placa celular,UCheSTyu0QmtC3ZGvqP-mKUQ,hands,phone-repair,wave1,2026-09-14
https://www.youtube.com/@fc.assistec,@fc.assistec,FC ASSISTEC,2100,183,5,Dedicated board-level repair channel documenting technician's journey into motherboard repair and soldering.,conserto de celular | reparo de placa | reparo de placa celular,UCrmyvnBY5fQcnNsSs6i2QKA,hands,phone-repair,wave1,2026-09-14
https://www.youtube.com/@fixelit,@fixelit,Fix ⚡electronics & 💻 IT Services,623,471,5,Electronics repair shop diary channel doing motherboard-level phone and tablet micro soldering repairs on camera.,tablet repair | micro soldering | electronics repair | monitor repair | صيانة الكترونيات | electronics repair shop,UCD19zBvXRiYcBYBgEB9zW9w,hands,phone-repair,wave1,2026-09-14
https://www.youtube.com/@fixermobile,@fixermobile,FIXER MOBILE,778,57,5,"Detailed description of board-level diagnosis, IC repair, microscope work and practical mobile repair tutorials with real faults.",mobile repairing,UCBY4m0XOPkHOFyhzfRUSukg,hands,phone-repair,wave1,2026-09-14
https://www.youtube.com/@fixje_nl,@fixje_nl,Fixje,8930,326,5,Dedicated repair channel with 350+ videos on iPhone/iPad/MacBook screen and battery replacement.,تعمیر موبایل,UCEkbHBgbQL4VeYoMkx5mwgw,hands,phone-repair,wave1,2026-09-14
https://www.youtube.com/@fixlogik,@fixlogik,Fix Logik,320,74,5,"iPhone repair channel with detailed component-level titles like antenna, dock, and sensor removal/installation.",phone repair | iphone repair,UChNd5FWhNuiaRd4FkLSgVJA,hands,phone-repair,wave1,2026-09-14
https://www.youtube.com/@fixmyidevice,@fixmyidevice,Fix My iDevice,215,83,5,"Dedicated Apple iPhone/iPad repair channel with titles showing display, back glass and camera replacements.",phone repair | iphone repair | phone motherboard repair | iPad repair,UCvTV0M34TPnCk6A2rjUXc_g,hands,phone-repair,wave1,2026-09-14
https://www.youtube.com/@fixthisone,@fixthisone,FixThis Electronics,2590,84,5,"Dedicated microsoldering and board-level data recovery service for Apple/Android devices, exact topic fit.",microsoldering | electronics repair,UCF3-77bjF73S-4UOENDDRHg,hands,phone-repair,wave1,2026-09-14
https://www.youtube.com/@fonefix_repairr,@fonefix_repairr,Fone Fix,2770,200,5,Dedicated logic board repair shop with detailed description of chip-level microscope work and data recovery.,chip level | logic board repair,UCeLZ-SfCL8hFZjJBtXC6sGw,hands,phone-repair,wave1,2026-09-14
https://www.youtube.com/@ftmobilecare,@ftmobilecare,FM care,329,81,5,"Titles show real fault-fix repairs: backlight solution, charging solution, power key solution on specific phone models.",mobile repairing,UCS83loWKXVOZbX9Dosv-aeQ,hands,phone-repair,wave1,2026-09-14
https://www.youtube.com/@getstarted3766,@getstarted3766,Ryan Aba Añora,791,212,5,Titles show real phone/tablet LCD replacements and no-power/charging fault fixes on camera.,electronics technician,UC6VuFV0zTu6xZGIWSRWoqCA,hands,phone-repair,wave1,2026-09-14
https://www.youtube.com/@gsmalomgirshekh,@gsmalomgirshekh,GSM ALOMGIR,123,57,5,Titles show detailed board-level repairs like memory baseline fix and charging port replacement.,mobile repairing,UC-C-ySDdP41qnoBohEH3mIA,hands,phone-repair,wave1,2026-09-14
https://www.youtube.com/@guilhermesilvaguicell,@guilhermesilvaguicell,Guilherme Silva Guicell,351,162,5,"Titles show screen replacement, board component removal and disassembly across iPhone and Android models.",manutenção de celular,UCt_nbSjuXvdgzCHlDFW96Mg,hands,phone-repair,wave1,2026-09-14
https://www.youtube.com/@mominzi,@gulrahman0311,Engineer Gulrahman Haseen,920,76,5,"Dedicated chip-level training channel with CPU reballing, eMMC repair, IC replacement and micro-soldering content.",micro soldering | emmc,UCqO-8geUjp_K24PvFsP_g7w,hands,phone-repair,wave1,2026-09-14
https://www.youtube.com/@harishchaudhary49389,@harishchaudhary49389,Harish Chaudhary Ghanghas ,258,201,5,CPU reballing and dead phone repair titles showing board-level micro-soldering work step by step.,mobile repairing,UCY1NAfi6102tu6W9wW23T6g,hands,phone-repair,wave1,2026-09-14
https://www.youtube.com/@hawkcellassistec,@hawkcellassistec,Hawk Cell / Conserto de celulares ,881,63,5,"Portuguese repair-shop channel showing real screen, battery and charging-port repairs with diagnostics on bench.",conserto de celular,UCgi6xuC9Uy3-iGOgaNFB63A,hands,phone-repair,wave1,2026-09-14
https://www.youtube.com/@hieunguyenstore,@hieunguyenstore,Hiếu Nguyễn Store,107,162,5,"Repair shop channel with titles on screen fix, back glass replacement, iPad touch repair, all real bench jobs.",sửa chữa điện thoại,UCPV0ci2zxrckAjTqysI14Ng,hands,phone-repair,wave1,2026-09-14
https://www.youtube.com/@hitech_service,@hitech_service,СЦ ХАЙТЕКСЕРВИС,170,56,5,Russian repair shop channel with titles showing detailed screen and battery replacement across multiple phone/tablet models.,ремонт телефонов,UCpeOXCchZ9ADeC5LvBGYczA,hands,phone-repair,wave1,2026-09-14
https://www.youtube.com/@hospitaldel-celular,@hospitaldel-celular,Hospital del celular,1540,178,5,"Titles focus on soldering, reballing and real cell phone board-level repair technique teaching.",microsoldadura celulares | reparo de placa celular,UCOuLC3S32X1Vzv2PND9scOA,hands,phone-repair,wave1,2026-09-14
https://www.youtube.com/@iboardrepair,@iBoardRepair,iBoard Repair - Aaron Harrington,22200,116,5,"Dedicated iPhone logic board microsoldering channel with data recovery, CPU swaps and water damage repair.",motherboard repair | logic board repair | microsoldering | phone motherboard repair,UC3oAHBAT6mmBZG6yTr88YjA,hands,phone-repair,wave1,2026-09-14
https://www.youtube.com/@ifixr,@iFixR,i Fix R,158,60,5,"Bangladeshi repair channel with clear fault-to-fix titles like CPU reball, NAND change and dead phone repair.",phone repair | mobile phone repair,UCRm_WbRSXA5APPuSorPSkHQ,hands,phone-repair,wave1,2026-09-14
https://www.youtube.com/@iphoneexpertsteam,@iPhoneexpertsteam,Micro soldering And Data Recovery,9950,240,5,Dedicated iPhone logic board microsoldering and data recovery specialist channel.,micro soldering,UCWk6G0qKVtd1k0XtdcZH4Sg,hands,phone-repair,wave1,2026-09-14
https://www.youtube.com/@iphoneipadmacrepair,@iPhoneiPadMacRepair,iPhone & iPad Repairs ,541,227,5,"Dedicated Apple repair channel showcasing chip-level motherboard fixes, logic board repair and NAND/IC replacement.",motherboard repair | phone motherboard repair | chip level repairing | iPad repair,UCOb7mzTMD2qoV8KnvSZQpdg,hands,phone-repair,wave1,2026-09-14
https://www.youtube.com/channel/ucstj4b9z5hwqyufgqtvnl4w,@iSmartFixServiceShop,ร้าน iSmart Fix Service Shop ,67,56,5,"Titles show real fault-based repairs like iPhone won't turn on, camera issues, board-level fixes.",ซ่อมมือถือ,UCStj4b9z5hWQyuFGqtvNL4w,hands,phone-repair,wave1,2026-09-14
https://www.youtube.com/@itouch-repair,@iTouch-repair,iTouch,18400,95,5,"Dedicated microsoldering channel for board-level Apple device repair, clear practical troubleshooting focus.",microsoldering | micro soldering phone | iPad repair,UCKzNfl53FACO0zYC--NbzIw,hands,phone-repair,wave1,2026-09-14
https://www.youtube.com/@ifixhubrehan,@ifixhubrehan,Ifixhub Rehan,692,152,5,"iPhone/iPad repair channel with reball, error 4013 fixes and face ID IC repair titles, clear bench work.",phone repair | iphone repair,UCPnBBTCRC-83MdOB1r01B7A,hands,phone-repair,wave1,2026-09-14
https://www.youtube.com/@iimt_gujarat,@iimt_gujarat,IIMT_ GUJARAT ,214,201,5,Mobile repairing training institute with titles showing display replacement and charging troubleshooting practicals.,mobile repairing,UCemxb2Os6B9tYncUCQuxXtw,hands,phone-repair,wave1,2026-09-14
https://www.youtube.com/@ilyasmobileshoppathriya,@ilyasMobileShopPathriya,ilyas mobile shop pathriya ,1550,485,5,"Shop channel description details dead phone, connector, CPU/EMMC/PMIC chip-level repair work shown on camera.",phone repair | mobile repairing | emmc,UCDI4dIq-Dw4gFdGN4uJoLcA,hands,phone-repair,wave1,2026-09-14
https://www.youtube.com/@inovadorestecnologicos,@innovadorestec,Innovadores tecnológicos,94,142,5,"Repair shop channel showing real screen, battery, charging port and connector replacements on phones and tablets.",reparación de celulares,UC36SRSBmGVyBPxTV1E3bfPQ,hands,phone-repair,wave1,2026-09-14
https://www.youtube.com/@iphonedoctor42,@iphonedoctor42,IPHONE DOCTOR,26,252,5,Apple service center channel with titles showing battery swap and glass replacement processes on iPhones.,iPhone repair,UCdc1wgFwRrEW_B_2vBQJCPQ,hands,phone-repair,wave1,2026-09-14
https://www.youtube.com/@iphonerepairbase,@iphonerepairbase,iPhone Repair Base,865,66,5,Dedicated iPhone/iPad repair channel promising daily repair videos with essential hands-on content only.,iPhone repair | iPad repair,UCu1C25a1KdlBsJ9zoRKEVHA,hands,phone-repair,wave1,2026-09-14
https://www.youtube.com/@iphonerepairclub5151,@iphonerepairclub5151,Iphone Repair Club,251,77,5,Dedicated iPhone repair channel with titles showing display and battery replacement step-by-step tutorials.,phone repair | iphone repair,UCpOj1hTHx6HVa53rH8-QUzw,hands,phone-repair,wave1,2026-09-14
https://www.youtube.com/@ipowertechnology,@ipowertechnology,iPower Technology,11100,115,5,"iPhone repair training institute emphasizing chip-level, motherboard troubleshooting and Face ID practical sessions.",phone repair | iphone repair,UC5WepBw9NVE3LdMNj7TJ6Lw,hands,phone-repair,wave1,2026-09-14
https://www.youtube.com/@itechmobile931,@itechmobile931,ITECHMOBILE,2050,217,5,"Dedicated real repair channel with LCD, battery, charging port and motherboard troubleshooting videos as stated focus.",phone repair | mobile phone repair | smartphone repair | phone motherboard repair,UCB7-xh2k0EQIiijikNG9jNw,hands,phone-repair,wave1,2026-09-14
https://www.youtube.com/@itstudio38,@itstudio38,АйТи Студия,840,69,5,"Russian channel with clear board-level work: CPU reball on Galaxy A12/A51, connector replacement, film protector tests aside.",ремонт телефонов,UCL73eusiEOkv7X0z6zODmcA,hands,phone-repair,wave1,2026-09-14
https://www.youtube.com/@j_a_mobilecare,@j_a_mobilecare,Jay Ambe Mobile Care Ashapur,682,71,5,"Chip-level repair shop with titles showing dead phone fixes, reballing and EMMC repair work.",mobile repairing,UCzon38j8jXk5mHbFstyt7wQ,hands,phone-repair,wave1,2026-09-14
https://www.youtube.com/@jaadmovil2136,@jaadmovil2136,JAADMOVIL,512,65,5,"Dedicated micro-soldering and phone repair channel promising step-by-step real repairs for glass, battery and water damage.",reparación de celulares | microsoldadura | reparación de móviles | microsoldadura celulares | reparo de placa celular,UCvixLAKFl5AZ8IPjM7h4a2g,hands,phone-repair,wave1,2026-09-14
https://www.youtube.com/@julcellular98,@julcellular98,JUL CELLULAR,638,67,5,"Titles show real jumper wire repairs on PCB and flex cables, hands-on board-level phone repair work.",servis hp,UCukeJSIV0JxQmz4lFKoAUfA,hands,phone-repair,wave1,2026-09-14
https://www.youtube.com/@kitosrepara,@kitosRepara,Kitos Repara,243,120,5,"Titles show full teardown, screen replacement and heat-gun disassembly on Samsung and iPhone models.",reparación de celulares,UCAOYjC-F7CXbxtrszaO6RHA,hands,phone-repair,wave1,2026-09-14
https://www.youtube.com/@larascell14,@larascell14,larascell el original,330,97,5,"Repair shop channel with titles showing flex repair, screen replacement, charging system fix on phones and tablets.",reparación de celulares,UC-HIzpSRX01S1nO29jHxvZA,hands,phone-repair,wave1,2026-09-14
https://www.youtube.com/channel/ucbuggzb5kvzdenn1cdvvjca,@laskartelecome,LASKAR TELECOM ,62,77,5,Repair shop channel with clear titles like display replacement jobs showing real bench work on phones.,mobile repairing,UCbuGgzB5KvzDEnN1cdVvjcA,hands,phone-repair,wave1,2026-09-14
https://www.youtube.com/channel/uc6e2pa1lfujfqko8l50o96q,@lucianomessias2478,beccacell,140,82,5,"Real bench repairs shown: soldering eprom, battery swap, screen glass replacement on phones.",manutenção de celular,UC6e2pA1LFUJFqKo8l50o96Q,hands,phone-repair,wave1,2026-09-14
https://www.youtube.com/@m-phone2009,@m-phone2009,m-phone2009,573,219,5,Thai repair shop channel with clear screen and battery replacement titles for phones and tablets.,ซ่อมมือถือ,UC7D9-VpFwmrjucbU4cmJyKw,hands,phone-repair,wave1,2026-09-14
https://www.youtube.com/@maelotechsolution,@maelotechsolution,Maelo Tech,6290,264,5,Dedicated micro-soldering lab for Apple devices documenting professional board-level repair processes.,microsoldadura | microsoldadura celulares,UCfDoAqeOwn1CtoxZ1k-bqBQ,hands,phone-repair,wave1,2026-09-14
https://www.youtube.com/@majid_irepair,@majid_irepair,Majid iRepair,79,87,5,Dedicated microsoldering channel focused on iPhone/iPad/MacBook logic board repair with liquid damage and short circuit fixes.,logic board repair | microsoldering | electronic repair,UCupST26toSkvEgChx_5T6Fw,hands,phone-repair,wave1,2026-09-14
https://www.youtube.com/@manishmobilerepair47,@manishmobilerepair47,Manish Mobile Repair 👑 (Bechan Kumar),508,188,5,"Titles show folder/display change, OCA machine glass replacement, charging pin replacement, and IC chip-level bench work.",phone repair | mobile repairing | cell phone repair | iphone repair | chip level,UCmgwMI_Q0IMmMCed-WWc0Bw,hands,phone-repair,wave1,2026-09-14
https://www.youtube.com/@manutencaoavancadacell6343,@manutencaoavancadacell6343,Manutenção avançada cell,764,68,5,"Cell phone repair course showing charging connector replacement, pin soldering and chip repair on camera.",manutenção de celular,UC4Jre6uZgV7InMDPKa5wwoQ,hands,phone-repair,wave1,2026-09-14
https://www.youtube.com/@marcuscupello,@marcuscupello,Marcus Cupello,53800,293,5,"Board-level repair and microsoldering specialist covering phone, tablet, computer and console repairs.",microsoldering | tablet repair,UCuKaOzzAzX1EqqbaPi4VQoQ,hands,phone-repair,wave1,2026-09-14
https://www.youtube.com/@maxmobilehanoitphcm8801,@maxmobilehanoitphcm8801,Maxmobile Hà Nội TPHCM,43,122,5,"Vietnamese repair shop with titles showing screen glass replacement, volume flex cable and battery replacement jobs on camera.",sửa chữa điện thoại,UC7pO_VuJkisM7Y_Aid27CeQ,hands,phone-repair,wave1,2026-09-14
https://www.youtube.com/@mcmtamil,@mcmtamil,Mobile Circuit Master,3460,184,5,Tamil board-level mobile repair training channel covering circuit to chip-level hardware repair.,mobile repairing tamil,UCkSkV-CJz0CUGBephfmXLNw,hands,phone-repair,wave1,2026-09-14
https://www.youtube.com/@mdmobilerepairing5006,@mdmobilerepairing5006,MDA md mobile repairing solution ,730,113,5,"Titles show CPU removal, cleaning, motherboard shield opening and dead phone tracing, real board-level repair.",emmc,UC1hdxvJWMRm4EGY0m_o0GTQ,hands,phone-repair,wave1,2026-09-14
https://www.youtube.com/@mestredoreparo.caiquecell,@mestredoreparo.caiquecell,Mestre dos Reparos em iPhones | CaiqueCell,10400,189,5,Dedicated iPhone board-level repair channel with live repair sessions and advanced micro-soldering techniques for technicians.,reparo de placa celular,UCwqKQ_Z82iwpQ9oxz9uiKJQ,hands,phone-repair,wave1,2026-09-14
https://www.youtube.com/@mihirmobilecare,@mihirmobilecare,Mihir Mobile Care,854,93,5,Mobile repair channel with titles showing charging IC jumper and schematic-based fault solutions.,phone repair | cell phone repair,UCx1tFWXNDL9ehk1jcbsqQiA,hands,phone-repair,wave1,2026-09-14
https://www.youtube.com/@mobile_doctor-i2g,@mobile_doctor-i2g,mobile_doctor ,41,74,5,"Titles show real repairs: charging jack replacement, water damage repair, charging logo issue with clear fault-to-fix framing.",mobile repairing | electronic repair,UCtddL1XlkyCo6eyWOFihs2w,hands,phone-repair,wave1,2026-09-14
https://www.youtube.com/@mobileacademybrasil,@mobileacademybrasil,Mobile Academy,157,69,5,"Titles show real repairs: charging port replacement, screen replacement, water damage cleaning on named phone models.",manutenção de celular,UCcNgNDSFGC5DXtS4yjA0Xpw,hands,phone-repair,wave1,2026-09-14
https://www.youtube.com/@mobilefixer826,@mobilefixer826,𝕄𝕠𝕓𝕚𝕝𝕖📱𝔽𝕚𝕩𝕖𝕣 ,982,161,5,"Titles show back glass replacement, touch panel change, display change across multiple phone models with clear technique.",mobile repairing,UCxHdOLtYPnq14x2lwNxgxyw,hands,phone-repair,wave1,2026-09-14
https://www.youtube.com/@mobilegearfix,@mobilegearfix,MOBILE GEAR FIX,684,123,5,"Microsoldering data recovery channel with titles on no-power, water damage and logic board fault solutions.",microsoldering | cellphone repair tagalog,UCiokt1gzdcjXs1KJNj1i9-w,hands,phone-repair,wave1,2026-09-14
https://www.youtube.com/@mobileguruabohar,@mobileguruabohar,MOBILE GURU ,385,53,5,"Titles show real glass and display replacement repairs on iPhone, Samsung, OnePlus with training offered.",phone repair | iphone repair,UCGwGvzNsGlwvrDzHpgKzV8Q,hands,phone-repair,wave1,2026-09-14
https://www.youtube.com/@mobileguruadvancetech,@mobileguruadvancetech,Mobile Guru Advance Tech ,80800,1024,5,"Mobile repair training institute offering chip-level, motherboard and schematic practical tutorials.",phone repair | mobile repairing | smartphone repair | motherboard repair | mobile repairing course | मोबाइल रिपेयरिंग,UCujLKb7G8RiDvoYPgImWiyw,hands,phone-repair,wave1,2026-09-14
https://www.youtube.com/@mobilepandit10,@mobilepandit10,MOBILE PANDIT ,22,59,5,"Titles show PCB repair, EMMC cutting, no-power iPhone fix — clear board-level micro-soldering bench work.",phone repair | mobile repairing | smartphone repair,UCmnAFHTEblXpMhsQjyqYNLw,hands,phone-repair,wave1,2026-09-14
https://www.youtube.com/channel/ucztf28dxdon2zhxlir01f0w,@mobilerepair9416,Mobile Repair,120,104,5,"Titles show concrete repairs: iPhone speaker fix, Oppo charging pin, Nokia charging port replacement demonstrated step by step.",mobile repairing,UCZtF28DXDOn2zHxLIR01f0w,hands,phone-repair,wave1,2026-09-14
https://www.youtube.com/@mobilerepairing100m,@mobilerepairing100M,Abhay mobile repairing blogs 100M,640,147,5,"Strong chip-level motherboard repair channel covering IC reballing, soldering, and component testing techniques.",electronics repair course,UCGZ8W_x67YW7DtQAcb6MIpw,hands,phone-repair,wave1,2026-09-14
https://www.youtube.com/@mobiletech383,@mobiletech383,Mobile Tech,441,51,5,"Titles show display replacement, back glass and tempered glass installation across phones and tablets.",mobile repairing,UCsBKK7nPuRVqNNWM8xiuIUg,hands,phone-repair,wave1,2026-09-14
https://www.youtube.com/@mr.mechanicphonefixer1837,@mr.mechanicphonefixer1837,Mr.Mechanic (phone fixer),10500,587,5,"Dedicated channel on mobile repairing, micro-soldering, IC reballing and reworking with hands-on focus.",mobile repairing | micro soldering,UCrfCfG6Hy6wynN7WYYo2gYg,hands,phone-repair,wave1,2026-09-14
https://www.youtube.com/@murthymbt,@murthyMBT,Murthy MBT,5160,790,5,"Mobile repair training institute focused on CPU-level live repair, power IC boot sequences and troubleshooting.",phone repair | cell phone repair,UCmDkGUV2_1p2iiw-d8Xw5eQ,hands,phone-repair,wave1,2026-09-14
https://www.youtube.com/@nayonmobilemaker,@nayonmobilemaker,Nayon Mobile Maker,292,84,5,"Bengali motherboard-level repair channel covering CPU reballing, short circuit diagnosis, and chip-level fixes.",motherboard repair,UCHcAC18g40dSgApp4tNhQFw,hands,phone-repair,wave1,2026-09-14
https://www.youtube.com/@nexgeninstitute,@nexgeninstitute,Nexgen Institute of mobile technology,167,96,5,"Mobile repairing institute with titles on IC reballing, LDO regulators and MediaTek voltages, strong chip-level training content.",phone repair | mobile phone repair,UCPNygvGZ3eO0K0iY-zrMOOQ,hands,phone-repair,wave1,2026-09-14
https://www.youtube.com/@nilashtechmobilerepairs9282,@nilashtechmobilerepairs9282,NilashTech Mobile Repairs,267,63,5,"Chip-level repair channel with titles showing graphics issue diagnosis, panel replacement and sound faults.",chip level,UCACTeSFcgZPQG6pl4a3CtUQ,hands,phone-repair,wave1,2026-09-14
https://www.youtube.com/@nzreparos,@nzreparos,NzReparos,101,66,5,"Cell phone/tablet repair channel with titles on board-level diagnosis, multimeter use and disassembly technique.",conserto de celular,UC-A5dXAm9OqMX-VcdhpMkQA,hands,phone-repair,wave1,2026-09-14
https://www.youtube.com/@osmsmartymobiletech8707,@osmsmartymobiletech8707,Osm Smarty Mobile Tech,609,211,5,Titles show real display and motherboard replacement jobs on Samsung and iPhone models step by step.,mobile repairing,UCq3nRwFKXiOWJvIp1xJj-PA,hands,phone-repair,wave1,2026-09-14
https://www.youtube.com/@parrontech,@parrontech,Parron Tech,1490,192,5,Spanish repair channel explicitly showing real step-by-step smartphone and tablet repairs with professional tools.,phone repair | reparación de móviles,UCo8x3DLdAA759Nn9rv8ZXhQ,hands,phone-repair,wave1,2026-09-14
https://www.youtube.com/@phonerepairbysami,@phonerepairbysami,PhoneRepairBySami📱,87,78,5,Repair shop channel with titles showing Samsung tablet and phone screen replacements on camera.,phone repair,UCDZ4nw-gQqz8P8Lu1XhUNeg,hands,phone-repair,wave1,2026-09-14
https://www.youtube.com/@princemobiles-p3m,@princemobiles-p3m,Prince Mobile's,112,55,5,Chip-level repair channel with titles showing board-level diagnosis and fixes like charging IC and CPU work.,chip level,UCOdbbMj9b9UVR2rnTttY26Q,hands,phone-repair,wave1,2026-09-14
https://www.youtube.com/@proelservis,@proelservis,#Telefon Temiri Georgia,292,62,5,"Professional motherboard-level repair channel featuring CPU reballing, no-power and touch-failure real cases.",phone repair | smartphone repair | microsoldering,UCwJZvW--DYhXUi1iAJVLT_w,hands,phone-repair,wave1,2026-09-14
https://www.youtube.com/@profemauricioferreyra,@profemauricioferreyra,Mauricio Ferreyra,1060,52,5,"Specialist channel in screen remanufacturing, micro-soldering and phone repair electronics with teaching focus.",reparación de celulares | microsoldadura celulares,UCLbnRBT7-JAyWJoFbkibMyQ,hands,phone-repair,wave1,2026-09-14
https://www.youtube.com/@profixwireless305,@profixwireless305,Pro Fix Wireless,463,119,5,"Phone repair shop channel explicitly showing real repair videos, screen and battery replacements.",phone repair | mobile phone repair,UCv6QYcvE6ps77PQObng_Qrg,hands,phone-repair,wave1,2026-09-14
https://www.youtube.com/@prophoneyoutube,@prophoneyoutube,PROPHONE,977,81,5,Titles show clear step-by-step screen and back glass replacement tutorials across multiple phone brands.,phone repair,UCvWWqrC3RFKUMJaw0jwK4-A,hands,phone-repair,wave1,2026-09-14
https://www.youtube.com/@provakarmondal,@provakarmondal,Provakar  mobile,224,61,5,"Bengali/Punjabi mobile repair channel with titles on dead solutions, PMIC, eMMC reballing—board-level work.",mobile repairing,UCycV21M_fnu3MGHO4xD21Tg,hands,phone-repair,wave1,2026-09-14
https://www.youtube.com/@razvimobilecare7768,@razvimobilecare7768,Razvi Mobile Care 📱,2870,172,5,"Micro-soldering training channel with live CPU/EMMC/PowerIC reballing, tracing and fault-finding on real boards.",emmc,UCcgK3YtgfpJeNP8RYqQ0k3A,hands,phone-repair,wave1,2026-09-14
https://www.youtube.com/@realinfo9548,@realinfo9548,Real Info,117,60,5,Detailed CPU/RAM reballing and IC installing process videos showing chip-level micro-soldering work.,phone repair | mobile phone repair,UCC0smsXSstVePB8rV15R19A,hands,phone-repair,wave1,2026-09-14
https://www.youtube.com/@reflowspace5061,@reflowspace5061,Reflow Space,241,104,5,"Microsoldering community channel with titles on reballing, back glass removal, DCSD cable and board-level capacitación sessions.",microsoldadura,UC0xBkMzMOI7mup54c0Uh6bg,hands,phone-repair,wave1,2026-09-14
https://www.youtube.com/@repairingxpeart,@repairingxpeart,Abid Zain,648,95,5,"Titles show clear phone repair jobs: touch fix, charging error, dead phone repair across multiple brands.",phone repair,UCpqVEcp9ja8rga9_Vse5iDg,hands,phone-repair,wave1,2026-09-14
https://www.youtube.com/@repairmadi,@repairmadi,Repairmadi,257,385,5,"Titles repeatedly show iPhone Repair sessions of varied lengths, dedicated repair shop content on camera.",phone repair | iphone repair | phone motherboard repair,UCe2LGSuyiAcraFywFov0LAg,hands,phone-repair,wave1,2026-09-14
https://www.youtube.com/@repairtechrx,@repairtechrx,Repairtech Rx,21300,173,5,Dedicated microsoldering/motherboard repair channel with CPU reballing and liquid-damage restorations on iPhones and MacBooks.,microsoldering | iPad repair,UC8epa8D-jM_yN2qZq8HLlng,hands,phone-repair,wave1,2026-09-14
https://www.youtube.com/@repairwithpouya,@repairwithpouya,Repair with Pouya,212,94,5,"Bench channel showing water damage repair, IC changing, charging socket replacement with clear titles.",phone repair | mobile repairing | mobile phone repair | motherboard repair | mobile repairing course,UCmo1JKzWp_D01rL6JcUU_eg,hands,phone-repair,wave1,2026-09-14
https://www.youtube.com/@reparaconangel,@reparaconangel,ReparaConAngel,4950,50,5,Dedicated microsoldering channel by experienced technician sharing real repair processes and techniques.,microsoldadura | microsoldadura celulares | reparo de placa celular,UCPBEeFw7u3cE470HHtbluHQ,hands,phone-repair,wave1,2026-09-14
https://www.youtube.com/@restoremobile_lk,@restoremobile_lk,Restore  - Mobile Repair Center,428,59,5,"Sri Lankan repair channel with specific how-to titles for LCD, charging port, camera, battery replacement.",smartphone repair | phone screen replacement | tablet repair,UC5QJxWqhvMi59dowMHRZ-Uw,hands,phone-repair,wave1,2026-09-14
https://www.youtube.com/@rfixrepairs,@rfixrepairs,Rfix repairs,870,71,5,"Dedicated microsoldering lab in Greece with board swaps, CPU reballing, data recovery and backlight repairs shown.",microsoldering,UC9rqRGZBTpiM7p60JzJWFWg,hands,phone-repair,wave1,2026-09-14
https://www.youtube.com/@rmtmobile,@rmtmobile,RMT mobile,798,433,5,"Titles show real display replacement jobs across multiple phone models like Vivo, Realme, Infinix.",mobile repairing,UCkEwojI1nsBJYdxFGYadY8Q,hands,phone-repair,wave1,2026-09-14
https://www.youtube.com/@ronneljubane,@ronneljubane,tech101,190,58,5,Titles show clear LCD replacement and charging problem repairs on multiple phone models with hands-on demonstration.,phone repair | cellphone repair,UCQ2v7iyiy604A7_Fka1Q-lg,hands,phone-repair,wave1,2026-09-14
https://www.youtube.com/@rushi_repairer,@rushi_repairer,rushi repairer,819,124,5,"Titles show real chip-level repairs, display combo replacement, charging port fixes and disassembly.",mobile repairing | chip level,UClPxHJMJEyRHY39mOTonOXg,hands,phone-repair,wave1,2026-09-14
https://www.youtube.com/@sabinocell3227,@sabinocell3227,Sabino Cell,679,181,5,"Titles show real repair jobs: iPhone battery replacement, screen change, dead phone repairs step by step.",manutenção de celular,UCjBzLDToMWUTXyWWj4DZAEg,hands,phone-repair,wave1,2026-09-14
https://www.youtube.com/channel/ucm9tlofuqaep0lvm-su_u3q,@saifulrizal4768,HARGA TEMAN CELL PASURUAN,106,223,5,Titles show real screen/LCD replacement jobs on multiple phone models at a repair bench.,servis hp,UCM9TlofUQaeP0lVM-su_U3Q,hands,phone-repair,wave1,2026-09-14
https://www.youtube.com/@sanyomobile,@sanyomobile,Mobile Solutions,19400,2481,5,"Dedicated micro-soldering channel with logic board repair, CPU reballing, and step-by-step technician tutorials.",phone repair | mobile repairing | smartphone repair | logic board repair | micro soldering | mobile repairing course | micro soldering phone | electronics repair course,UCJACkX1TJQMUA6KHKkGoztw,hands,phone-repair,wave1,2026-09-14
https://www.youtube.com/@saveramobile,@saveramobile,Savera mobile ,347,218,5,"Titles show clear disassembly and screen/display replacement steps for Samsung, Oppo and Redmi phones.",mobile repairing,UCwPQDyLaJkVBxAmPwzUAsuQ,hands,phone-repair,wave1,2026-09-14
https://www.youtube.com/@servicehproxymas,@servicehproxymas,servicehproxymas,60,54,5,Repair shop titles show real LCD/frame replacement jobs on specific phone models with clear device-level work.,emmc,UCvwmE-NW-3Q4VKf11k7raNg,hands,phone-repair,wave1,2026-09-14
https://www.youtube.com/@simplymicrosoldering,@simplymicrosoldering,Simply Microsoldering,2260,57,5,Dedicated micro-soldering channel showing real board-level repairs on iPhones and liquid-damaged MacBooks under microscope.,micro soldering | microsoldering | micro soldering phone,UCzG29h9w8jA760kzoRyblJw,hands,phone-repair,wave1,2026-09-14
https://www.youtube.com/@smartmobilecarekanchi4052,@smartmobilecarekanchi4052,smart mobile care kanchi,203,61,5,"Titles show real CPU reballing, dead phone repair with data recovery on Redmi/iPhone at chip level.",chip level,UCczi8-zGLHzEPLDLxrTBGrw,hands,phone-repair,wave1,2026-09-14
https://www.youtube.com/@sonimobileworld5303,@sonimobileworld5303,Soni mobile World omer,437,178,5,"Chip-level repair channel with titles on CPU reballing, motherboard repair, and dead phone solutions.",chip level,UC_irLkCge4nt-rPFQn0ty2A,hands,phone-repair,wave1,2026-09-14
https://www.youtube.com/@stgrepairs4893,@stgrepairs4893,STG Repairs,23500,193,5,"Dedicated microsoldering channel for iPhones, iPads and Samsung devices, core topic match.",microsoldering,UCzKeFor3FgFrLAKZ0HgQYEQ,hands,phone-repair,wave1,2026-09-14
https://www.youtube.com/@teccellmegad.jdicadebancad1388,@teccellmegad.jdicadebancad1388,teccell Mega D.J Dica de Bancada,649,93,5,"Portuguese bench repair channel with titles showing real board-level phone/tablet fault fixes (no power, no image, water damage).",manutenção de celular,UCIwlcrz36o3g1SKjR0LeQuA,hands,phone-repair,wave1,2026-09-14
https://www.youtube.com/@tech.repairing,@tech.repairing,Mobile Tablet And Laptop Repairing,419,139,5,Titles show real display replacement jobs on multiple phone models at a repair shop in Delhi.,phone repair | mobile repairing | iphone repair | motherboard repair | tablet repair | laptop repair | laptop repairing | motherboard repair | laptop motherboard repair,UC_dceIp1f6ovpkJzk1SrkiA,hands,phone-repair,wave1,2026-09-14
https://www.youtube.com/@techguruassam,@techguruassam,TECH GURU ASSAM,20000,270,5,"Chip-level repair training channel description covers IC removal, CPU reballing, motherboard troubleshooting with case studies.",phone repair | mobile repairing | iphone repair | motherboard repair | mobile repairing course,UCLEmdnPD2OExfKWuW3Dy8Jw,hands,phone-repair,wave1,2026-09-14
https://www.youtube.com/@technicalalizahid555,@technicalalizahid555,Technical Ali Zahid555,264,52,5,"Titles show real repair jobs like flex ribbon replacement, mic jumper repair and charging fixes on various phone models.",phone repair | mobile repairing | mobile phone repair,UC2xd7dT4TM6zfnt4BDQJIbA,hands,phone-repair,wave1,2026-09-14
https://www.youtube.com/@technicalgauharji,@technicalgauharji,technical gauhar ji,4840,105,5,"Titles show real screen and glass replacements across many phone models, hands-on bench work.",mobile repairing,UC5onmgjKsEo5aZD__atuDGg,hands,phone-repair,wave1,2026-09-14
https://www.youtube.com/@technicianraju,@technicianraju,Technician Raju,485,65,5,"Dedicated chip-level repair channel with titles on power IC reballing, EMMC change and live board repair.",mobile repairing | mobile repairing course,UC7_Sy9UptLufXWdjXEyZ_2Q,hands,phone-repair,wave1,2026-09-14
https://www.youtube.com/@techsandip84,@techsandip84,GSM Technical Sandip,387,98,5,"Description details EMMC/UFS change, CPU reballing and chip-level board work, strong micro-soldering focus.",mobile repairing bangla,UCXaASCqiqKWIncsC9Crz7Cg,hands,phone-repair,wave1,2026-09-14
https://www.youtube.com/channel/ucyw7puv2xxp31sswdssmxxg,@techvideo456,Saif tech,478,116,5,"Titles show detailed board-level repairs: socket exchange, jumper solutions, CPU reball/remove.",phone repair | mobile repairing | iphone repair,UCyw7Puv2xxp31SsWdssMXXg,hands,phone-repair,wave1,2026-09-14
https://www.youtube.com/@teknisisadewa,@teknisisadewa,Teknisi Sadewa,781,76,5,"Indonesian repair channel with titles showing screen replacement, water damage and dead phone repairs on camera.",phone repair | cell phone repair,UCwyj2wNHR8QGSby4fVNHZpQ,hands,phone-repair,wave1,2026-09-14
https://www.youtube.com/@thesmgtechcommunication713,@thesmgtechcommunication713,SMG Institute – Mobile Repair Academy,2320,108,5,"Mobile repair academy explicitly teaching motherboard, IC replacement and eMMC chip-level repair practically.",mobile repairing | emmc | मोबाइल रिपेयरिंग | phone motherboard repair,UCGButjcvqGra_Cu8JFAQXjg,hands,phone-repair,wave1,2026-09-14
https://www.youtube.com/@tipofameen,@tipofameen,Let’s Fix,599,50,5,"Dedicated electronics repair shop channel doing motherboard-level micro-soldering on phones, tablets, filmed on camera.",tablet repair,UCBocj7Wb9TxxlMtbFS2uz6w,hands,phone-repair,wave1,2026-09-14
https://www.youtube.com/channel/ucokpq3r9txevmlcpwbkakna,@tohazijin1170,toha zijin,647,137,5,Titles show real screen replacement jobs (ganti lcd) across multiple phone models with clear step-by-step process times.,servis hp,UCOKpq3R9txeVmlCPwbKAKNA,hands,phone-repair,wave1,2026-09-14
https://www.youtube.com/@tongphone9366,@tongphone9366,tong Phone,393,166,5,"Titles show real phone repairs: water damage revival, back glass laser replacement, charging port replacement.",ซ่อมมือถือ,UCZchhuOd0cCePxs-cJ5TjhQ,hands,phone-repair,wave1,2026-09-14
https://www.youtube.com/@uchiepmobileninhbinh6615,@uchiepmobileninhbinh6615,Đức Hiệp Mobile Ninh Bình,72,52,5,"Titles clearly show device-level repairs: camera replacement, charging port replacement, screen replacement on phones and tablets.",sửa chữa điện thoại,UCe9chuG7umYp9uxYtTB-gvg,hands,phone-repair,wave1,2026-09-14
https://www.youtube.com/@unionrepairbd9955,@unionrepairbd9955,Union Repair BD,637,208,5,"Repair shop titles show CPU jumper wires and camera issue fixes, real board-level micro-soldering work.",phone repair | smartphone repair,UCEUv4TrQ_ADCJWSsU5UINYg,hands,phone-repair,wave1,2026-09-14
https://www.youtube.com/@vieiracell4524,@vieiracell4524,VIEIRACELL,882,81,5,"Titles show frontal (display) replacement, back cover removal and screen troubleshooting on real phones.",manutenção de celular,UCTmng9_bSp8h6s7N28Isp7w,hands,phone-repair,wave1,2026-09-14
https://www.youtube.com/channel/uckoiubm5thohlvvvgseblrg,@vikashvaibhaw73,Vikash Vaibhaw,177,131,5,"Titles show detailed hardware repairs: water damage short fixes, speaker repair, battery BMS replacement with clear technical steps.",phone repair | mobile repairing | cellphone repair | emmc | मोबाइल रिपेयरिंग,UCkOiUbm5THOHLvvVGSEbLrg,hands,phone-repair,wave1,2026-09-14
https://www.youtube.com/@yashrajputmobilephone1005,@yashrajputmobilephone1005,Yash Rajput Mobile phone,444,178,5,"Titles show real board-level jumper solutions, charging jack and IC reballing repairs on phones.",phone repair | mobile repairing | mobile phone repair | motherboard repair | mobile repairing course,UCQ_g3K8qnVauExZpEpMwVdA,hands,phone-repair,wave1,2026-09-14
https://www.youtube.com/@zakir-e5f4o,@zakir-e5f4o,M.Z MOBILE SHOP JAKIR KHAN,311,86,5,"Titles show real board-level repairs: glass replacement, power IC reballing, CPU short fixes on multiple phone models.",mobile repairing,UCc8g3hGGQGU1pS727554whg,hands,phone-repair,wave1,2026-09-14
https://www.youtube.com/@zirepairtec,@zirepairtec,Z i REPAIR TEC,284,98,5,iPhone micro-soldering and motherboard repair channel with titles showing CPU glue cleaning and board work.,phone repair | iphone repair | motherboard repair,UCi1I4fzUHfnaeNWohvrBXyg,hands,phone-repair,wave1,2026-09-14
https://www.youtube.com/@ztechrepair,@ztechrepair,ZTECH Repair,6230,99,5,"Dedicated iPhone repair and training channel covering screen, battery and logic-board level diagnostics.",phone repair | iphone repair | electronics repair course,UC8Z6ugXSm2p1S7wAMITYaSQ,hands,phone-repair,wave1,2026-09-14
https://www.youtube.com/@%d8%a7%d8%ad%d9%85%d8%af%d8%b9%d8%a8%d8%af%d8%a7%d9%84%d9%88%d9%87%d8%a7%d8%a8-%d8%ac7%d8%aa,@%D8%A7%D8%AD%D9%85%D8%AF%D8%B9%D8%A8%D8%AF%D8%A7%D9%84%D9%88%D9%87%D8%A7%D8%A8-%D8%AC7%D8%AA,احمد عبد الوهاب,48600,51,4,"Mobile phone maintenance education channel covering schematics, boards and ICs, chip-level focus.",صيانة الهواتف | تصليح الموبايل,UC1FcVolEReZfqdyOv0Qosuw,hands,phone-repair,wave1,2026-09-14
https://www.youtube.com/@%d8%b9%d8%af%d8%b3%d8%a9%d8%a7%d9%84%d8%b9%d8%a7%d9%84%d9%85-%d8%a88%d9%85,@%D8%B9%D8%AF%D8%B3%D8%A9%D8%A7%D9%84%D8%B9%D8%A7%D9%84%D9%85-%D8%A88%D9%85,محترف صيانة الهواتف,938,57,4,"Arabic channel dedicated to phone repair education focusing on processors, memory chips and board-level work.",صيانة الهواتف,UCoOPqf7KN5F2qQWUTKOuKQg,hands,phone-repair,wave1,2026-09-14
https://www.youtube.com/@%d9%83%d9%8a%d8%b1%d9%88%d9%83%d9%8a%d8%b195,@%D9%83%D9%8A%D8%B1%D9%88%D9%83%D9%8A%D8%B195, كيرو كير لصيانه المحمول,396,197,4,Egyptian repair channel explicitly showing real workshop repair jobs alongside software/hardware fault explanations.,صيانة الهواتف,UCnBtggIn2LGNbema0ndh25Q,hands,phone-repair,wave1,2026-09-14
https://www.youtube.com/@%e0%a4%ae%e0%a5%8b%e0%a4%ac%e0%a4%be%e0%a4%87%e0%a4%b2%e0%a4%b0%e0%a4%bf%e0%a4%aa%e0%a5%87%e0%a4%af%e0%a4%b0%e0%a4%95%e0%a4%b0%e0%a4%a8%e0%a4%be%e0%a4%b8%e0%a5%80%e0%a4%96%e0%a5%87,@%E0%A4%AE%E0%A5%8B%E0%A4%AC%E0%A4%BE%E0%A4%87%E0%A4%B2%E0%A4%B0%E0%A4%BF%E0%A4%AA%E0%A5%87%E0%A4%AF%E0%A4%B0%E0%A4%95%E0%A4%B0%E0%A4%A8%E0%A4%BE%E0%A4%B8%E0%A5%80%E0%A4%96%E0%A5%87,मोबाइल रिपेयरिंग करना सीखे 60 दिनों में,30,52,4,Hindi mobile repair training institute description mentions chip-level advanced repair course with practical bench training focus.,मोबाइल रिपेयरिंग,UCkdYQKNYhXLM1hQiW5i3jvA,hands,phone-repair,wave1,2026-09-14
https://www.youtube.com/@%e0%b8%8a%e0%b9%88%e0%b8%b2%e0%b8%87%e0%b9%82%e0%b8%9b%e0%b9%89%e0%b8%87%e0%b8%81%e0%b8%a3%e0%b8%b0%e0%b8%9a%e0%b8%b5%e0%b9%88%e0%b8%a1%e0%b8%b7%e0%b8%ad%e0%b8%ab%e0%b8%99%e0%b8%b6%e0%b9%88%e0%b8%87%e0%b8%aa%e0%b8%b8%e0%b8%94%e0%b8%a2%e0%b8%ad%e0%b8%94%e0%b8%8a%e0%b9%88,@%E0%B8%8A%E0%B9%88%E0%B8%B2%E0%B8%87%E0%B9%82%E0%B8%9B%E0%B9%89%E0%B8%87%E0%B8%81%E0%B8%A3%E0%B8%B0%E0%B8%9A%E0%B8%B5%E0%B9%88%E0%B8%A1%E0%B8%B7%E0%B8%AD%E0%B8%AB%E0%B8%99%E0%B8%B6%E0%B9%88%E0%B8%87%E0%B8%AA%E0%B8%B8%E0%B8%94%E0%B8%A2%E0%B8%AD%E0%B8%94%E0%B8%8A%E0%B9%88,ช่างโป้งกระบี่มือหนึ่งสุดยอดช่างซ่อมมือถือประเทศไทย,1090,53,4,Thai channel dedicated to professional mobile phone repair and teaching repair skills.,ซ่อมมือถือ,UCXdXLQtX-zTwDB9MH1YCbmA,hands,phone-repair,wave1,2026-09-14
https://www.youtube.com/@%e0%b8%8b%e0%b9%88%e0%b8%ad%e0%b8%a1%e0%b8%a1%e0%b8%b7%e0%b8%ad%e0%b8%96%e0%b8%b7%e0%b8%ad%e0%b8%97%e0%b8%b2%e0%b8%87youtube%e0%b8%8a%e0%b9%88%e0%b8%b2%e0%b8%87%e0%b8%ad%e0%b8%b9%e0%b9%8a%e0%b8%94%e0%b8%97%e0%b8%b5,@%E0%B8%8B%E0%B9%88%E0%B8%AD%E0%B8%A1%E0%B8%A1%E0%B8%B7%E0%B8%AD%E0%B8%96%E0%B8%B7%E0%B8%AD%E0%B8%97%E0%B8%B2%E0%B8%87youtube%E0%B8%8A%E0%B9%88%E0%B8%B2%E0%B8%87%E0%B8%AD%E0%B8%B9%E0%B9%8A%E0%B8%94%E0%B8%97%E0%B8%B5,ซ่อมมือถือทาง youtube ช่างอู๊ดทีมโฟน,37600,324,4,Thai mobile repair channel describing detailed step-by-step repair processes for various fault levels.,ซ่อมมือถือ,UCgAyhA0O6l6ik_lnYDBZjNg,hands,phone-repair,wave1,2026-09-14
https://www.youtube.com/@%e0%b8%8b%e0%b9%88%e0%b8%ad%e0%b8%a1%e0%b9%84%e0%b8%ad%e0%b9%82%e0%b8%9f%e0%b8%99%e0%b8%a5%e0%b9%8d%e0%b8%b2%e0%b8%9b%e0%b8%b2%e0%b8%87%e0%b8%8b%e0%b9%88%e0%b8%ad%e0%b8%a1%e0%b9%82%e0%b8%97%e0%b8%a3%e0%b8%a8%e0%b8%b1%e0%b8%9e%e0%b8%97%e0%b9%8c%e0%b8%a1%e0%b8%b7%e0%b8%ad,@%E0%B8%8B%E0%B9%88%E0%B8%AD%E0%B8%A1%E0%B9%84%E0%B8%AD%E0%B9%82%E0%B8%9F%E0%B8%99%E0%B8%A5%E0%B9%8D%E0%B8%B2%E0%B8%9B%E0%B8%B2%E0%B8%87%E0%B8%8B%E0%B9%88%E0%B8%AD%E0%B8%A1%E0%B9%82%E0%B8%97%E0%B8%A3%E0%B8%A8%E0%B8%B1%E0%B8%9E%E0%B8%97%E0%B9%8C%E0%B8%A1%E0%B8%B7%E0%B8%AD,ซ่อมไอโฟนลําปาง ซ่อมโทรศัพท์มือถือลําปาง (มาสเตอร์เทเลคอม),546,74,4,"Repair shop description details screen, battery, motherboard and water damage repair services for phones/tablets.",ซ่อมมือถือ,UCUVCmUajS48FW_hlNy9XrFg,hands,phone-repair,wave1,2026-09-14
https://www.youtube.com/@%e0%b8%97%e0%b8%b1%e0%b8%81%e0%b9%82%e0%b8%a1%e0%b8%9a%e0%b8%b2%e0%b8%a2168,@%E0%B8%97%E0%B8%B1%E0%B8%81%E0%B9%82%E0%B8%A1%E0%B8%9A%E0%B8%B2%E0%B8%A2168,ทัก โมบาย 168 ,188,51,4,"Thai repair channel showing battery, screen and no-power/no-display iPhone repairs on camera.",ซ่อมมือถือ,UCiKvswus6HfiGA3GbXLPMEA,hands,phone-repair,wave1,2026-09-14
https://www.youtube.com/@2tech,@2TECH,2TECH ,5940,151,4,Channel explicitly focused on phone repair and screen replacement content per description.,phone repair | phone screen replacement,UC8nP1UYXcFQwls9nI-zqx8Q,hands,phone-repair,wave1,2026-09-14
https://www.youtube.com/@5gkayum,@5GKAYUM,Ak Computer01,1300,255,4,CPU/EMMC training channel emphasizing IC-level hardware repair skills and live practical classes.,emmc,UCBeT8FEweTbUg3uA92Th77g,hands,phone-repair,wave1,2026-09-14
https://www.youtube.com/@9droiditacademypunjab,@9droiditacademypunjab,9DROID IT ACADEMY,5640,242,4,IT academy offering mobile and laptop chip-level repair training with practical engineering focus.,phone repair | mobile repairing | iphone repair | chip level | laptop repair | laptop repairing,UCHvuGXc_8j0uHknZhCb90Tg,hands,phone-repair,wave1,2026-09-14
https://www.youtube.com/@a1mobile_repairing,@A1mobile_repairing,mobiles related shorts,414,68,4,Display change and hardware repair shorts/full videos with visible repair process on camera.,phone repair | mobile repairing,UCKE7HoTVCfBuTJhz1xyfRPw,hands,phone-repair,wave1,2026-09-14
https://www.youtube.com/channel/ucj2y3telzz_rqgao75k7xia,@ABMobileRepairing341,AB Mobile Repairing,238,55,4,Mobile repairing channel with titles showing specific fault diagnosis for charging and touch issues.,mobile repairing,UCj2y3TelZZ_RQgAo75k7XIA,hands,phone-repair,wave1,2026-09-14
https://www.youtube.com/@acehrepairsmartphone,@ACEHREPAIRSMARTPHONE,Dp REPAIR SMARTPHONE ,37500,129,4,Indonesian self-taught phone repair channel focused on servis HP tips and tricks.,servis hp,UCcTFKOfxdm4CRFLcDc-Q7iA,hands,phone-repair,wave1,2026-09-14
https://www.youtube.com/@aeamediatech,@AEAMediaTech,AEA Media | Technology | Life,1780,211,4,Dedicated phone repair channel emphasizing screen replacement and glass repair filmed to follow entire process.,phone repair | mobile phone repair | smartphone repair,UCHSHKEcFGxiJKeR1l0G7quw,hands,phone-repair,wave1,2026-09-14
https://www.youtube.com/@akofficialtutorial-kpk,@AKofficialTutorial-kpk,AK Repairing Shop💫,216,80,4,Titles show real screen replacement work (Oppo A53 display changing) across Android and iPhone repair tutorials.,phone repair | mobile repairing | iphone repair,UCHTDoK29SLmX3Hzjq3GnalA,hands,phone-repair,wave1,2026-09-14
https://www.youtube.com/@alimobilerepairingiphon,@ALIMOBILEREPAIRINGIPHON,ALI MOBILE REPAIRING I PHONE,184,53,4,"Self-described mobile repairer in Saudi Arabia aiming to teach phone repair, name and description fit topic well.",mobile repairing urdu,UC6rJ7N-rnzeDjI3zFLYY_Xg,hands,phone-repair,wave1,2026-09-14
https://www.youtube.com/@amipatna,@AMIPatna,Aaditi Mobile Institute ,3250,720,4,"Mobile repairing training institute emphasizing hardware, software and live practical knowledge sessions.",mobile repairing,UCTDo4ejg1KomB7nd4cxIpwQ,hands,phone-repair,wave1,2026-09-14
https://www.youtube.com/channel/ucghqyutzddxin2gjep5l6ag,@AMMobile.371,AM Mobile ,153,64,4,"Titles show charging jack replacement across multiple phone models, clear hands-on repair focus.",mobile repairing,UCghqYuTzdDXIn2GJep5L6ag,hands,phone-repair,wave1,2026-09-14
https://www.youtube.com/@ashucommunication,@ASHUCOMMUNICATION,ASHU COMMUNICATION,111000,2087,4,"Mobile repairing course channel with IC-level practical classes, schematic diagrams and EMMC reprogramming focus.",mobile repairing | mobile repairing course | emmc | मोबाइल रिपेयरिंग | watch repairing course,UCmcGDbWxIB2kgnf_dA0-Y_w,hands,phone-repair,wave1,2026-09-14
https://www.youtube.com/channel/ucyyji18wtjv74ubzeqlxymw,@AZIZTELECOM18,aziz telecom.DZ18,402,77,4,Shows connector replacement and screen repair titles like Samsung connector change and iPhone wifi fix.,réparation téléphone,UCyYJi18wTJv74UBZeqlXYMw,hands,phone-repair,wave1,2026-09-14
https://www.youtube.com/@aadityamobileinstitute,@AadityaMobileinstitute,Aaditya Mobile institute,172,60,4,Mobile repairing institute channel claiming step-by-step practical hardware/software training videos.,mobile repairing,UCNhMr_-SYcLFhI7LXtRBg7Q,hands,phone-repair,wave1,2026-09-14
https://www.youtube.com/@aarifmobilerepairexpert,@Aarifmobilerepairexpert,Aarif.mobile.expert ,1140,192,4,Mentions specific board-level repair like IC/CPU reballing and eMMC IC repair for phones.,phone repair | iphone repair,UCRuNyFRT5lnqTW56rZl0HnA,hands,phone-repair,wave1,2026-09-14
https://www.youtube.com/@aayushpatel1723,@Aayushpatel1723,AJ PATEL MOBILEDU,6180,421,4,"Flex change, glass change, display laser bonding, hardware/software repair services described directly.",mobile repairing,UCDJVLpXZRb9odhXpIHarK-g,hands,phone-repair,wave1,2026-09-14
https://www.youtube.com/@adnankhalid12,@Adnankhalid12,mobile repairing center ,42,59,4,"Description lists screen replacement, back glass change, dead mobile repair — real bench work implied.",mobile repairing,UCLu1nGqGFLOb5XZym2y61wQ,hands,phone-repair,wave1,2026-09-14
https://www.youtube.com/@advancesolutioniphone,@AdvanceSolutionIphone,Advance Solution,5360,159,4,"Apple authorized service center channel explicitly describing iPhone/iPad/MacBook screen, battery and charging repair videos.",phone repair | iphone repair,UCxFj0ysXX-mKrFl1tKMVkZg,hands,phone-repair,wave1,2026-09-14
https://www.youtube.com/@advance_idea,@Advance_Idea,Advance Idea,106000,291,4,Dedicated Hindi mobile repairing educational channel focused on repair techniques and troubleshooting.,मोबाइल रिपेयरिंग,UCWjoFqUSVYozmACba6KTMyw,hands,phone-repair,wave1,2026-09-14
https://www.youtube.com/@advancemobilesmar,@Advancemobilesmar,ADVANCE MOBILE SMART,6850,143,4,"Advanced mobile repair training institute covering EMMC programming, PMIC and chip-level hand skills.",emmc,UCPjaLytXlY6kc9dbbtimXfQ,hands,phone-repair,wave1,2026-09-14
https://www.youtube.com/@aemobilesolution,@AeMobileSolution,AE Mobile Solution,1000,282,4,Board-level CPU/EMMC reballing channel with dead/hang-on-logo fault titles.,emmc,UCHkbcBXZ_M7IpTRmJx0Rijw,hands,phone-repair,wave1,2026-09-14
https://www.youtube.com/@afzalmobile1860,@Afzalmobile1860,Afzal Mobile,311,85,4,"Description explicitly lists hardware fixes, real repair videos and troubleshooting guides for smartphones.",phone repair | smartphone repair,UC0OoBihzFF5Cb12cqK8JFPg,hands,phone-repair,wave1,2026-09-14
https://www.youtube.com/@ahammed_haneefa,@Ahammed_haneefa,SCANIA MOBILES,898,71,4,"Title shows reballing power IC, board-level micro-soldering work, Malayalam mobile repair channel.",mobile repairing,UC98CNjhOTiRJhGklB6aUqLw,hands,phone-repair,wave1,2026-09-14
https://www.youtube.com/@ajmobilerepairing,@AjMobileRepairing,Aj Mobile Repairing,22700,421,4,Mobile hardware engineer teaching hardware problem solving through repair videos on his channel.,mobile repairing | मोबाइल रिपेयरिंग | mobile repairing hindi,UCcdQ9Y9vxNzaF5lZF4nK7ww,hands,phone-repair,wave1,2026-09-14
https://www.youtube.com/@ajmobilerepairing75175,@AjMobileRepairing75175,Aj Mobile Repairing,22300,262,4,Mobile hardware engineer channel teaching mobile repairing with hardware problem-solving focus.,mobile repairing | मोबाइल रिपेयरिंग,UC7aB0x8uDdsf6NPrh5n2x8Q,hands,phone-repair,wave1,2026-09-14
https://www.youtube.com/@ajaymobilebltr,@AjayMobileBLTR,Ajay Mobile BLTR,12300,510,4,Description promises daily display replacement and real customer repair videos on camera.,mobile repairing | मोबाइल रिपेयरिंग,UC1O5t5sCeGCB7IUNa_LwRsQ,hands,phone-repair,wave1,2026-09-14
https://www.youtube.com/@akasislam2005,@AkasIslam2005,Akas Islam 2.1,69,52,4,"Description details soldering, multimeter use, IC reballing and motherboard repair training content.",phone repair | mobile repairing | mobile phone repair | motherboard repair | mobile repairing course | mobile repairing bangla,UC8vnVKcq1R7hPfjo-lJ7zOQ,hands,phone-repair,wave1,2026-09-14
https://www.youtube.com/@alhafeezmobileshop,@AlHafeezMobileShop,Al Hafeez Mobile Shop,825,98,4,"Detailed mobile hardware repair vocabulary (reballing, SMD, motherboard) with charging jack replacement titles shown.",phone repair | mobile repairing | mobile phone repair | motherboard repair | mobile repairing course,UCVuvy0beZPJMwmqU7-avdIA,hands,phone-repair,wave1,2026-09-14
https://www.youtube.com/@alimobiles-is2rk,@AliMobiles-is2rk,Ali Mobiles,561,75,4,"Titles show charging jack/jumper fixes on Nokia and Infinix phones, real hands-on board-level repair work.",mobile repairing | mobile repairing urdu,UCESFKJzoyCupeNpcnYxevxg,hands,phone-repair,wave1,2026-09-14
https://www.youtube.com/@allroundvideowale,@AllRoundvideowale,Ravindra Singh,297,117,4,"Titles show real repairs: touch glass change, combo fixing, back panel and display replacement.",mobile repairing,UC4xVEoVJkzbT82LWbGlFR2w,hands,phone-repair,wave1,2026-09-14
https://www.youtube.com/@alohaphonerepair,@AlohaPhoneRepair,Aloha Phone Repair by TCA Wireless,68,151,4,"Established multi-shop iPhone/iPad/Samsung repair specialist channel, business-oriented but real repair services.",phone repair | mobile phone repair | phone repair shop,UCLZx4lY_p7Ma8dZlCuUsdXw,hands,phone-repair,wave1,2026-09-14
https://www.youtube.com/@amantechmobile,@Amantechmobile,Aman tech mobile ,322,136,4,"Repair shop with EMMC/UFS chip-level work and titles showing display, back glass and charging pin replacement.",chip level | emmc,UC6rTTRCRRPpF2k5dZ97phHw,hands,phone-repair,wave1,2026-09-14
https://www.youtube.com/@amirphonelab,@AmirPhoneLab,Amir Phone Lab,79,57,4,"Titles show iPhone charging strip, battery replacement and Android repair jobs on camera.",mobile repairing,UCIyMBuJXHGHD8uy4BzzAgHQ,hands,phone-repair,wave1,2026-09-14
https://www.youtube.com/@amirtechnicalguruchannel,@AmirTechnicalGuruChannel,Amir Technical Guru Channel,648,182,4,Mobile repairing channel with dead phone/charging fault fix titles showing bench work on real devices.,mobile repairing,UCc3_sALJX47NHOfs7I3-Krw,hands,phone-repair,wave1,2026-09-14
https://www.youtube.com/@amit.phone.doctor,@Amit.phone.doctor,Shri Ram Telecom Mobile 📱 Repir ,1530,193,4,"Shop description lists OCA, edge display, glass and display change work typical of repair bench.",mobile repairing,UCsSsIaHWjKvzEBB0dm1gnuA,hands,phone-repair,wave1,2026-09-14
https://www.youtube.com/@amittech299,@AmitTech299,Amit Tech 299,188,50,4,"Titles show vibration solution, charging repairs, LCD light issue fixes, folder replacement across various phones.",mobile repairing,UC75Wvtps_iX6Rstm0DPYZUw,hands,phone-repair,wave1,2026-09-14
https://www.youtube.com/@ammacellcarevizag,@AmmacellcareVizag,Ammacellcare Vizag,595,80,4,"Chip-level repair shop with CPU, EMMC, UFS repair and titles showing board-level fixes, some unlock content.",mobile repairing | chip level,UCey8mFk6lBy3RjVuIIMjTbg,hands,phone-repair,wave1,2026-09-14
https://www.youtube.com/@aniaxn,@Aniaxn,Sarkar Mobile Academy,1700,130,4,"Mobile repairing academy with chip-level, reballing, eMMC training but mixes in FRP/software content.",phone repair | mobile repairing | emmc,UCx5ktgu-RyrYy7QrZcqfu1A,hands,phone-repair,wave1,2026-09-14
https://www.youtube.com/@ankitprajapati499,@Ankitprajapati499,Ankit Prajapati ,902,214,4,"Titles show charging support, soldering tips, display light jumper fixes across multiple phone models.",mobile repairing,UCkFe8Kox7GRNwXUWLwSXduA,hands,phone-repair,wave1,2026-09-14
https://www.youtube.com/@anujmobilelab,@AnujMobileLab,Anuj Mobile Lab,1200,302,4,"IC-level mobile repairing channel mentioning combo/touch glass change, solid hardware repair focus.",mobile repairing,UCSxcxzYulWDqZC7FEi_K1Ew,hands,phone-repair,wave1,2026-09-14
https://www.youtube.com/channel/uck9ucktkdxsg3isz3x05-ig,@AnwerFaisal-w2t,AF MOBILE 90,153,76,4,Real screen/motherboard combo replacement videos shown on camera for Oppo/Vivo phones.,mobile repairing,UCK9UcKtKDXSG3IsZ3X05-ig,hands,phone-repair,wave1,2026-09-14
https://www.youtube.com/@aonemobile95,@Aonemobile95,A One,112,90,4,"Titles cover LCD change, touch replacement, network IC and motherboard repair across multiple brands.",phone repair | mobile repairing | motherboard repair | mobile repairing course | phone screen replacement,UC8O-9h60ES2q-9X5tQnxwEw,hands,phone-repair,wave1,2026-09-14
https://www.youtube.com/@applefixxerlab,@AppleFixxerLab,Apple Fixxer Lab ,143,139,4,Titles show real iPhone repairs: Face ID TrueDepth issue and charging problem fix on camera.,mobile repairing,UCLY3JOr1WKsrTWpc5_1M21A,hands,phone-repair,wave1,2026-09-14
https://www.youtube.com/@appleipodparts,@Appleipodparts,AppleiPodParts.com,8270,115,4,"Dedicated iPhone/iPad/iPod spare parts repair tutorials and guides, clear hands-on repair focus.",iPad repair,UCBqR8ITCXnen62FvEDgIS-Q,hands,phone-repair,wave1,2026-09-14
https://www.youtube.com/@appstoretmobile,@Appstoretmobile,App store TMobile,338,178,4,"iPhone repair shop channel showing screen, back glass, battery and water damage repairs with before/after footage.",phone repair | iphone repair,UC0V5dt3Na1Jf040vV9LZs6Q,hands,phone-repair,wave1,2026-09-14
https://www.youtube.com/@armatvx,@ArmaTvx,Arma Tv,2010,63,4,"Self-described smartphone repairman channel documenting repair projects, good topical alignment.",phone repair | smartphone repair,UChvXEwcNVCZdR4RSUpbyTRA,hands,phone-repair,wave1,2026-09-14
https://www.youtube.com/@artbelchannel,@ArtBelChannel,ArtBelChannel,10000,80,4,Personal channel documenting self-taught phone and electronics repair journey with hands-on learning focus.,ремонт телефонов,UCQ4ies0WZ4eFuXfFsneJQkw,hands,phone-repair,wave1,2026-09-14
https://www.youtube.com/@asad.mobiles.solutions,@Asad.mobiles.solutions,Asad teach repiar,1770,182,4,"Urdu chip-level mobile repair teaching channel with shop contact, practical bench focus.",chip level | mobile repairing urdu,UCyULPPgvkTPoGnnFgA_40dg,hands,phone-repair,wave1,2026-09-14
https://www.youtube.com/@asiatelecommobile01,@Asiatelecommobile01,Asia Best Mobile Training Institute ,313,1153,4,Mobile repairing institute description details CPU/IC/eMMC practical training classes.,mobile repairing | emmc,UCvyI1jIA5FMD5laY5vSut9w,hands,phone-repair,wave1,2026-09-14
https://www.youtube.com/channel/ucrdw67zx-vxxyr3g_yhblbw,@AvdheshMobileGWL,Avdhesh Mobile,454,130,4,"Shop channel showing screen replacement, button repair, flex jumper fixes with real bench titles.",phone repair | mobile repairing | tablet repair,UCRdw67zx-Vxxyr3g_YHbLBw,hands,phone-repair,wave1,2026-09-14
https://www.youtube.com/@avinashmobileguru,@Avinashmobileguru,Avinash ,375,443,4,"Titles show specific fault-and-fix solutions like shorting, network problem and auto on/off repairs.",mobile repairing | smartphone repair,UCkejNKPj9dRBokYfrzFvWpA,hands,phone-repair,wave1,2026-09-14
https://www.youtube.com/@aymanahmed,@AymanAhmed,Ayman Ahmed,123000,501,4,Microsoldering and BGA chip repair channel with iCloud unlock content mixed in.,microsoldering | صيانة الهواتف,UCO2QgR1eaoyztNNrbRVjIfg,hands,phone-repair,wave1,2026-09-14
https://www.youtube.com/@bijaymobile7272,@BIJAYMOBILE7272,BIJAYMOBILEREPAIRING ,58,97,4,"Titles show hardware repairs like pin change, lock button repair, CPU repair, battery coil repair on phones.",mobile repairing | मोबाइल रिपेयरिंग,UCB-Ng-LwvIC6XWYR2fvO1mg,hands,phone-repair,wave1,2026-09-14
https://www.youtube.com/@binorimobile,@BINORIMOBILE,BINORI MOBILE,70,117,4,"Titles show display change and FRP bypass mixed, but hardware repair steps clearly documented.",mobile repairing,UCF8pRvWN9vlpNckfQRqcxmA,hands,phone-repair,wave1,2026-09-14
https://www.youtube.com/@brgsmfix,@BRGSMFix,BR GSM Fix,1060,50,4,"Channel focused on eMMC repair, CPU reballing, and short circuit fixes at chip level.",emmc,UCLr0SheiUhyLB8CHTcMV_9A,hands,phone-repair,wave1,2026-09-14
https://www.youtube.com/@br_technician,@BR_Technician,BR_Technician,322,114,4,"Titles show real phone repairs: battery replacement, LCD change, water-damage fix with device-level work.",servis hp,UCUbjliISJTgpV5SHBTfgWCg,hands,phone-repair,wave1,2026-09-14
https://www.youtube.com/@bsasmobilerepair,@BSASMobileRepair,BSAS Mobile Service,55300,927,4,"Dedicated iPhone repair service channel with live repair videos of screen, battery and water damage fixes.",phone repair | iphone repair | mobile repairing | mobile phone repair | mobile repairing hindi,UCylAsxQ0dzFeTf36YokqdUQ,hands,phone-repair,wave1,2026-09-14
https://www.youtube.com/channel/uc9l2z3vda3-nayrhpj5ukiw,@Baba89533, Balaji mobile ripayring mati ,350,186,4,Local mobile shop with a title showing actual display replacement process on a Vivo phone.,मोबाइल रिपेयरिंग,UC9l2z3vDa3-NAyRhpJ5UkIw,hands,phone-repair,wave1,2026-09-14
https://www.youtube.com/@bakrfix,@BakrFix,BakrFix,752,71,4,"Arabic channel describing detailed phone repair explanations including screen, battery, chip tools.",صيانة الهواتف,UCTuh8lSxFK7RsNibdLVmiVQ,hands,phone-repair,wave1,2026-09-14
https://www.youtube.com/channel/ucn7kjrmwxzvizkboxyrkf3g,@Balajiemitarcenterbekri,Shree Balaji emitar Mobile Store & Repairing ,129,189,4,Mobile store repair channel with titles showing display change process and motherboard/camera repair topics listed.,phone repair | iphone repair | motherboard repair,UCN7KjrMWXzVIzkboXyRKF3g,hands,phone-repair,wave1,2026-09-14
https://www.youtube.com/@balajimobilerepair-c2q,@Balajimobilerepair-c2q,Balaji Mobile Repair ,353,84,4,"Shop channel describing display, motherboard repair, water damage fix with claimed real repair videos.",mobile repairing | motherboard repair | phone repair | phone screen replacement | phone motherboard repair,UCHkGBIsDTPpBEyZs9rA8jVw,hands,phone-repair,wave1,2026-09-14
https://www.youtube.com/@balkansway,@BalkansWay,Balkans Way,5430,344,4,"DIY iPhone repair hobbyist channel covering screen, battery replacement and device modification journey.",phone repair | iphone repair,UChXUKmyjRPNTzU3Sg2gDalw,hands,phone-repair,wave1,2026-09-14
https://www.youtube.com/@bangderrytutorial,@BangDERRYTutorial,Bang DERRY Tutorial,79000,2128,4,Indonesian phone repair channel focused on real bench solutions and troubleshooting per description.,servis hp,UC1PgnF0GkWQZneevwn2BafQ,hands,phone-repair,wave1,2026-09-14
https://www.youtube.com/@bestconsertos,@BestConsertos,Best Consertos,27900,141,4,BGA soldering course and board repair service channel focused on chip-level motherboard work.,reparo de placa,UCawRw7Rq_gp7oS0g_tV4D_w,hands,phone-repair,wave1,2026-09-14
https://www.youtube.com/@bfixrepair,@Bfixrepair,BFix Repair,9730,411,4,iPhone and mobile repair learning club channel with described hands-on servicing and training content.,phone repair | iphone repair | phone motherboard repair,UCpt5bdRnZRHYb6jAsZhVpHQ,hands,phone-repair,wave1,2026-09-14
https://www.youtube.com/@bikrammobilerepair,@BikrammobileRepair,Bikram mobile Repair ,4040,1220,4,"Mobile repair channel covering CPU reballing, eMMC/UFS programming, dead recovery and charging issues, chip-level focus.",mobile repairing | emmc | मोबाइल रिपेयरिंग,UC3Hb1meUO7IISkOYFRKXpXA,hands,phone-repair,wave1,2026-09-14
https://www.youtube.com/@bilalhawari-n7t,@BilalHawari-n7t,Hawari Mobile Repair center ,591,117,4,"Titles show real screen and back glass replacements on Samsung, Oppo, iPhone with step-by-step repair footage.",phone repair | mobile phone repair | phone repair shop,UCyWlkmKh8DZrWHh-GcWxR7g,hands,phone-repair,wave1,2026-09-14
https://www.youtube.com/@billamobilerepair,@BillaMobileRepair,Billa Mobile Repair ,1010,653,4,"Titles cover IC stencil placement, schematics reading and dead phone fixes at micro-soldering level.",mobile phone repair,UCMRIFSXIAQzBDYHr4WiRZ3A,hands,phone-repair,wave1,2026-09-14
https://www.youtube.com/@bjmobilerepairingcentre,@Bjmobilerepairingcentre,Bj mobile repairing centre,209,52,4,Repair-shop channel with concrete titles like screen replacement steps and charging solution videos showing bench work.,phone repair | mobile repairing | صيانة الهواتف,UCOe4OsVRIgRuVfrMOgyRHfg,hands,phone-repair,wave1,2026-09-14
https://www.youtube.com/@borneoschematicindia,@BorneoSchematicindia,Borneo Schematic india,261,226,4,Schematic support channel with display/backlight fix videos showing board-level repair steps.,mobile repairing | motherboard repair,UCpcD5Bw51K5d4v8K_Dowf2g,hands,phone-repair,wave1,2026-09-14
https://www.youtube.com/channel/ucnxsn-za9piwd3v-lftuyiw,@Brilhamaiscell2025,B+CELL,48,67,4,Brazilian channel with titles showing actual screen replacement and charging diagnosis on real devices.,manutenção de celular,UCnxSN-ZA9pIwD3v-LFTuYiw,hands,phone-repair,wave1,2026-09-14
https://www.youtube.com/@brosalutation,@BroSalutation,D mobile Solutions,588,145,4,Titles show specific charging/moisture/speaker faults with solutions across multiple phone models.,mobile repairing,UCugHatjCB5RXK9due1I2zVg,hands,phone-repair,wave1,2026-09-14
https://www.youtube.com/@chhotabhim-tm6fs,@CHHOTABHIM-tm6fs,Chhotabhim miobile,295,107,4,"Titles show real repair jobs like software brick fixes, network problems, and mobile fitting work.",mobile repairing,UCfmk86SZRXzxUv7D8X0W_-w,hands,phone-repair,wave1,2026-09-14
https://www.youtube.com/@co.mobile-e6q,@CO.Mobile-e6q,CO. Mobile,225,101,4,"Thai phone repair shop with titles showing battery change, glass lamination and screen replacement work.",ซ่อมมือถือ,UC199q8uL29Fpbyum5OVid5Q,hands,phone-repair,wave1,2026-09-14
https://www.youtube.com/@cellfixstevebiko,@CellFixSteveBiko,Cell Fix Steve Biko,10600,141,4,Phone repair shop channel demonstrating screen and battery replacement steps for common issues.,phone repair,UCF--MD_vQJeb2qv2PQBYLpQ,hands,phone-repair,wave1,2026-09-14
https://www.youtube.com/@cellphonepe,@CellPhonePe,Cell Phone Pe,44,67,4,"Channel description details step-by-step smartphone assembly, disassembly and repair tutorials.",phone repair | smartphone repair,UCBXSwMz3p0sGGCbgBddercA,hands,phone-repair,wave1,2026-09-14
https://www.youtube.com/@celuredgualeguayoficial,@CeluRedGualeguayOficial,CeluRed Gualeguay Oficial,39,99,4,"Diplomaed phone/tablet repair technician channel exploring device internals and fixes, solid topic match.",reparación de celulares | reparo de placa celular,UCQuB-HTpaoRkmLP3LVDAh0Q,hands,phone-repair,wave1,2026-09-14
https://www.youtube.com/@centraldot%c3%a9cnico,@CentraldoT%C3%A9cnico,Central do Técnico,6950,658,4,"Brazilian repair school channel covering screen glass replacement, soldering and board repair with practical classes described.",reparo de placa | manutenção de celular,UC7xU4eznPipzL1YqxFV9EOA,hands,phone-repair,wave1,2026-09-14
https://www.youtube.com/@cepteknomobil,@CepTeknoMobil,Cep Tekno Mobil | Teknik Servis & Yazılım,60,122,4,"Turkish repair shop channel with real screen, battery and motherboard repair titles alongside software/IMEI content.",emmc | telefon tamiri,UCzqKTa0ch979OCexfEroqvw,hands,phone-repair,wave1,2026-09-14
https://www.youtube.com/@chamanmaurya5000,@ChamanMaurya5000,Chaman repairing@King,265,162,4,Titles show concrete hardware fixes like battery problem solution and display light jumper repair.,mobile repairing,UCygV4MfGg1KetsSm0fG_bBw,hands,phone-repair,wave1,2026-09-14
https://www.youtube.com/@chamandhariwal6364,@Chamandhariwal6364,ChamanDhariwal,144,76,4,Mobile repairing academy/course channel with titles showing dead phone and touch problem solutions on real devices.,mobile repairing | mobile repairing course,UCOh7a5NmGv8WQ8sk50WZtQw,hands,phone-repair,wave1,2026-09-14
https://www.youtube.com/channel/ucs-iiq_ofsvyfpqctkxmxca,@ChargingFix,Charging Fix Solutions,2,311,4,"Description focused on charging IC, motherboard repair, schematics and hardware troubleshooting tutorials.",motherboard repair,UCs-iiq_OFsVyfPqCTkXMXcA,hands,phone-repair,wave1,2026-09-14
https://www.youtube.com/@cipaytd,@CipayTD,Teknisi Dodorong,805,109,4,"Indonesian repair channel with titles on mic replacement, no display and charging fixes on real phones.",servis hp,UCl20vdzV6z-lPs1esyon2YQ,hands,phone-repair,wave1,2026-09-14
https://www.youtube.com/@componentesmovil,@ComponentesMovil,Componentes Movil,12300,96,4,"Spanish tutorial channel dedicated to phone/tablet repair (iPhone, Samsung, Xiaomi) with professional technician background.",reparación de móviles,UCds_ECVX4I38sR3bMIBUi3w,hands,phone-repair,wave1,2026-09-14
https://www.youtube.com/@coskoindia,@CoskoIndia,CoskoIndia,780,284,4,Repair training institute with real glass replacement and OCA training videos shown.,motherboard repair,UCmI_tREjjjBSYpwIklAgOGA,hands,phone-repair,wave1,2026-09-14
https://www.youtube.com/channel/uc0uuw6ojf7oe4lnoapdimjw,@CrazyMobilefixar,Crazy Mobile fixar,502,105,4,"Phone repair channel with hardware focus (OCA glass change, touchscreen combo) and step-by-step tutorials.",phone repair | mobile repairing | mobile phone repair,UC0uuW6oJf7OE4lNOapdiMJw,hands,phone-repair,wave1,2026-09-14
https://www.youtube.com/@d.lmobile,@D.LMobile,D.L Mobile,243,114,4,"Chip-level shop listing IC-level board work (power IC, EMMC, CPU) suggesting real bench repairs.",mobile repairing | emmc,UC30vjyaoubjG5g10IqjO91Q,hands,phone-repair,wave1,2026-09-14
https://www.youtube.com/@d.r.mobilewala,@D.R.Mobilewala,DR. Mobilewala,101,54,4,"Mobile repair channel with display/combo, battery, back glass lamination and step-by-step real repair videos described.",mobile repairing | watch repair,UCKj30C48J43h9ZnG2xEFPkA,hands,phone-repair,wave1,2026-09-14
https://www.youtube.com/@dcmobilesolution,@DCMOBILESOLUTION,Dc Mobile Solution,21700,335,4,Dedicated mobile repairing channel covering both hardware and software repair including eMMC work.,emmc,UCzJBajA3bug70fYBNVkzaXg,hands,phone-repair,wave1,2026-09-14
https://www.youtube.com/@devicedoctor-1,@DEVICEDOCTOR-1,DEVICE DOCTOR,5120,478,4,Chip-level iPhone/Android repair shop with Face ID and board solutions plus glass replacement services listed.,chip level,UCELMVnVQvJ2Jrq_WouP0Lxw,hands,phone-repair,wave1,2026-09-14
https://www.youtube.com/@dp_mobilerepairing,@DP_MOBILERepairing,DP_MOBILE Repairing ,108,158,4,"Repair channel with clear titles showing combo/display change for various phone models like Vivo, Oppo, Redmi.",mobile repairing,UCgHewqHJ9VXHf7mZqknrZOA,hands,phone-repair,wave1,2026-09-14
https://www.youtube.com/@daengtimulabs,@DaengTimuLabs,Daeng Timu Labs,13700,824,4,Indonesian channel dedicated to phone repair tutorials and teardowns for beginners.,servis hp,UCtS3RdR88A2uR8XmcvFqQhw,hands,phone-repair,wave1,2026-09-14
https://www.youtube.com/@danishmobilegyan,@DanishMobileGyan,Danish Mobile Gyan,111,84,4,"Hindi mobile repairing channel covering display, charging jack and mic hardware fixes alongside some software.",mobile repairing | मोबाइल रिपेयरिंग,UCXRdmdbhpmYpf474_TsCjGw,hands,phone-repair,wave1,2026-09-14
https://www.youtube.com/@darifrikandroid,@Darifrikandroid,Darifrik android,8400,634,4,"Educational channel focused on phone, computer and tablet repair including screen replacement, described as practical.",reparación de celulares,UCz8qIg1UEmSVsTh6qby-t0A,hands,phone-repair,wave1,2026-09-14
https://www.youtube.com/@deepeshkumar276,@Deepeshkumar276,Smart Tech Solutions,1430,562,4,"Mobile repairing solutions channel listing battery, folder and charging jack replacement work.",mobile repairing,UCNo8sv_JXtPmMTp_OBl0caw,hands,phone-repair,wave1,2026-09-14
https://www.youtube.com/@dev_mobilerepairing,@Dev_MobileRepairing,Dev Mobile Repairing,405,62,4,Titles show glass changing and damage repair on real devices like Vivo and Samsung phones.,mobile repairing,UCKIZKjX1jQPFH2l8CeRIhsw,hands,phone-repair,wave1,2026-09-14
https://www.youtube.com/@deveshkumar-fx9ke,@DeveshKumar-fx9ke,DEVESH Mobile repairing,1860,64,4,"Mobile repair shop channel explicitly listing display, battery, charging and motherboard repair services.",motherboard repair | mobile repairing,UCLj5gwzA4vCVde35csoEalw,hands,phone-repair,wave1,2026-09-14
https://www.youtube.com/@dhruwsitaramobile,@DhruwSitaraMobile,Dhruw Sitara Mobile,1750,156,4,Chip-level repair and EMMC programming description suggests board-level micro-soldering work focus.,mobile repairing | emmc,UCNGVt-047MIM2QbQx7RmWfg,hands,phone-repair,wave1,2026-09-14
https://www.youtube.com/@diganm,@DiganM,Digan mobile tech.,111,65,4,"Titles show power button, charging and display fixes on real devices with repair terminology.",mobile repairing,UCPN80058B0t2sJmy20Dnemw,hands,phone-repair,wave1,2026-09-14
https://www.youtube.com/@dilawar-mobile-zone,@Dilawar-Mobile-Zone,Dilawar Mobile Zone ,627,165,4,"Repair-lab titles show back glass/camera replacement steps, mixed with some FRP/reset software content.",phone repair | mobile repairing | mobile phone repair,UCgm0q7nUmeZgj5WHKo-R3zg,hands,phone-repair,wave1,2026-09-14
https://www.youtube.com/@dileeptechrepair-zj7ub,@Dileeptechrepair-zj7ub,Dileep Tech & Repair,160,58,4,"Description details display change, charging socket repair, battery replace and motherboard repair content for phones.",mobile repairing,UCQNTwIJmcBnQk4UxmOBhcAw,hands,phone-repair,wave1,2026-09-14
https://www.youtube.com/@dr.mobiles2022,@Dr.mobiles2022,Dr.Mobile's,636,104,4,"Titles show real repairs like back glass replacement and smartwatch/earbuds fixes, hands-on device-level work evident.",mobile repairing,UCwt6ktob7T-8yfbNAlS0DWA,hands,phone-repair,wave1,2026-09-14
https://www.youtube.com/@dreambreezy,@Dreambreezy,GadgetFix,285,86,4,Titles show real back glass and battery replacements on iPhone/iPad plus one software tips video mixed in.,phone repair | smartphone repair,UCVgDXyCAtXtJsBCVxWcwFhw,hands,phone-repair,wave1,2026-09-14
https://www.youtube.com/@dwarkamobilemall,@DwarkaMobileMall,Dwarka Mobile Mall,391,235,4,"Titles show display connector fitting, charging jack replacement, and screen paper cutting, real bench repair work.",mobile repairing,UCRSIvo0peDpfI9DPhfnJ_WQ,hands,phone-repair,wave1,2026-09-14
https://www.youtube.com/@emr108,@EMR108,EasyMobileRepairing ,318,165,4,Dedicated repair channel with title showing vivo charging problem diagnosis and line-tracing repair work.,mobile repairing,UCuhS9CRmzRsl3xneGjX9PpA,hands,phone-repair,wave1,2026-09-14
https://www.youtube.com/@eazyfixitacademy,@EazyfixitAcademy,Eazyfixit ,3220,657,4,"iPhone/iPad/MacBook repair training academy with board-level repair focus, description-based evidence.",logic board repair | monitor repair,UCDhqEr8euvB4CJTcHKKw6YA,hands,phone-repair,wave1,2026-09-14
https://www.youtube.com/@edgaryoreparo,@EdgarYoReparo,Edgar / Yo Reparo,399000,1364,4,"Dedicated iPhone repair technician teaching device repair specialization, format oriented toward tutorials.",reparo de placa celular,UCI1TgRCqdyXopa3pPDhKVFA,hands,phone-repair,wave1,2026-09-14
https://www.youtube.com/@emmoproject,@EmmoProject,Emmo Project,3650,522,4,Indonesian repair technician vlog showing disassembly and repair cases at the bench.,servis hp,UCzU5bKgWBAh5pApdvHy2WYA,hands,phone-repair,wave1,2026-09-14
https://www.youtube.com/@erngietechph.,@ErngieTECHph.,Erngie Tech Ph.,171,154,4,Titles show real phone charging port repair with soldering work alongside some non-repair mixed content like software tips.,electronics repair,UCOMjaczM7AefEQwAS5xZHAA,hands,phone-repair,wave1,2026-09-14
https://www.youtube.com/@faizmobiletech,@FaizmobileTech,Faiz mobile Tech,386,309,4,Titles show multiple full combo/display replacement repair guides across different phone models on camera.,mobile repairing,UClvHfSWXDz1jo0JO2VCTkWg,hands,phone-repair,wave1,2026-09-14
https://www.youtube.com/@farooqmobilerepairingms,@FarooqMobileRepairingMs,Farooq Mobile Repairing Ms,652,94,4,Titles show real phone repairs like display change and restart-problem fixes across multiple brands.,mobile repairing,UCAcWfFDwWix-rYb3O0bieGw,hands,phone-repair,wave1,2026-09-14
https://www.youtube.com/@farukh9179,@Farukh9179,mobile technical,2090,501,4,"Mobile repairing expert channel covering iPhone hardware, touch/display fix, dead phone and water damage repair.",phone repair | mobile repairing | iphone repair,UCyFlIuF9w1pK2HEFPNGW5Hw,hands,phone-repair,wave1,2026-09-14
https://www.youtube.com/@fawadmobilezone-22m_views,@FawadMobileZone-22M_views,Fawad 📲 Repairing Zone ,302,184,4,"Titles show real repairs like touch replacement, charging base and back cover replacement across brands.",phone repair | mobile repairing | mobile phone repair,UCJ1DqT7rdLWb0IBviOamT4g,hands,phone-repair,wave1,2026-09-14
https://www.youtube.com/@fikcer99,@Fikcer99,Fikcer,269,53,4,"Titles show specific fault diagnosis and repair like power issues, restart problems and IC-related solutions.",phone repair | mobile phone repair,UCGXyP6GO9N7sCW-lowv9ZaQ,hands,phone-repair,wave1,2026-09-14
https://www.youtube.com/@fixmycell,@FixMyCell,FixMyCell,15600,57,4,"Technician channel covering hardware, EMMC/UFS programming and mobile repair with strong technical focus.",emmc | मोबाइल रिपेयरिंग,UCffCj7oVGPAFIIQjP4uO9fw,hands,phone-repair,wave1,2026-09-14
https://www.youtube.com/@fixmymobiletech,@FixMyMobileTech,FixMyMobileTech,995,315,4,"Mobile hardware and board-level IC/CPU repair tutorials described with clear technical focus, no titles seen to verify further.",phone repair,UCdJdzkdlkHXBKVyAQK8vIFg,hands,phone-repair,wave1,2026-09-14
https://www.youtube.com/@fixtech91,@FixTech91,FixTech91,25,67,4,Titles show real hands-on repairs like charging pin replacement and screen fixes with step-by-step Hindi tutorials.,मोबाइल रिपेयरिंग,UCkPUJNCLYdSdWSDyzCi9Azw,hands,phone-repair,wave1,2026-09-14
https://www.youtube.com/@fixtrick2.0,@FixTrick2.0,FixTrick2.0,3720,252,4,"Description details soldering, reballing, multimeter and motherboard repair techniques indicating hands-on bench content.",phone repair | mobile repairing | mobile phone repair | motherboard repair | phone motherboard repair,UCiizn94BUwX4Xn3QN7UEbmA,hands,phone-repair,wave1,2026-09-14
https://www.youtube.com/@fixbhai_irfan-1m,@Fixbhai_irfan-1M,irfan Mobile 01,1710,265,4,"Chip-level, EMMC, dead boot and display repair topics listed, strong phone repair bench focus.",mobile repairing | emmc,UCbFNHBUgy1oo7SvleN3sD1g,hands,phone-repair,wave1,2026-09-14
https://www.youtube.com/@fixeophone,@FixeoPhone,Fixeo Phone,100,53,4,"Paris phone repair shop channel featuring repair videos, before/afters and screen/battery/connector work.",réparation téléphone,UC2HYZEj9ga4bI_91y18MRbg,hands,phone-repair,wave1,2026-09-14
https://www.youtube.com/channel/ucjnwcbk7abvquzzt4rbovww,@Flash_TECH_AND_SERVICES,FLASH  MOBILES,337,69,4,Malayalam channel with titles clearly showing display and connector replacement work on phones.,phone repair | smartphone repair,UCjNWCBk7ABvquzzT4rbOVww,hands,phone-repair,wave1,2026-09-14
https://www.youtube.com/@fmkafaanyt,@Fmkafaanyt,FM Kafaan YT,1640,395,4,"Description details dead phone repair, IC replacement, jumper tricks, water damage repair - strong hardware repair focus.",phone repair | mobile repairing | smartphone repair,UCS_wQI6_K7EZ9XvEoXu-sNw,hands,phone-repair,wave1,2026-09-14
https://www.youtube.com/@fonefixrepair,@FoneFixRepair,FoneFix By Kush,570,84,4,Apple specialist repair shop with titles showing genuine display replacement and flex repair on camera.,phone repair | mobile phone repair,UCVo1CQjSCwmGZry3R_5FcXw,hands,phone-repair,wave1,2026-09-14
https://www.youtube.com/@furqanmobile,@Furqanmobile,Furqan mobile technical,1400,223,4,"Dedicated mobile repair channel description promising step-by-step screen, charging and water damage tutorials.",mobile repairing,UCSLegUDLJF1EjEEeo-R8Www,hands,phone-repair,wave1,2026-09-14
https://www.youtube.com/@g.r.k_solutions,@G.R.K_solutions,G.R.K solutions,634,294,4,"Titles show glass, folder and back-glass replacement repairs on multiple phone models.",mobile repairing,UCLyPZDs9MLBiMw_JEtrAUGw,hands,phone-repair,wave1,2026-09-14
https://www.youtube.com/@gnmobile2120,@GNmobile2120,GN Mobile ,132,73,4,"Titles show hands-on charging pin repair, speaker fixes and phone hardware fault solutions.",phone repair | mobile phone repair,UCER9bAwTXHWbnGcMb7NTbog,hands,phone-repair,wave1,2026-09-14
https://www.youtube.com/@gorillaglassco,@GORILLAGLASSCO,GORILLA GLASS TELEFONIA MOVIL,31400,160,4,"Glass and display remanufacturing workshop, core activity is screen/glass replacement repair.",reparación de móviles,UCWYsR2pufsYJvy-I5Sv61kA,hands,phone-repair,wave1,2026-09-14
https://www.youtube.com/@gsm-jireh,@GSM-JiREH,GSM JIREH-CL,1430,143,4,Spanish-language channel explicitly for cellphone micro-soldering technicians with tips and techniques.,microsoldadura celulares,UCWgbLTQqGCKXjaa5aT1MZkQ,hands,phone-repair,wave1,2026-09-14
https://www.youtube.com/@gsmakhilesh9572,@GSMAkhilesh9572,GSM Akhilesh,89,57,4,Titles show dead phone repair and boot repair work across several phone models with fault-based titles.,phone repair | mobile repairing,UCW-ztBzZRu9O4pQQRhApA7w,hands,phone-repair,wave1,2026-09-14
https://www.youtube.com/@gsmhospital-0,@GSMHospital-0,GSM Hospital,85,65,4,"Titles show IC reballing and teardown work, description details motherboard-level mobile repair training content.",phone repair | mobile repairing | mobile phone repair | iphone repair,UCmWB8T5KtgXLEbn-h_RJi6A,hands,phone-repair,wave1,2026-09-14
https://www.youtube.com/@gsmmobile8880,@GSMMobile8880,GSM Mobile ,609,60,4,"Detailed mobile repair channel description covering schematics, eMMC repair, CPU repair with titles showing camera cleaning and battery/network fault fixes.",mobile repairing | emmc,UCgwMjyQ9FpMF1-HJB1DGNug,hands,phone-repair,wave1,2026-09-14
https://www.youtube.com/@gsmmobileservice,@GSMMobileService,GSM Mobile Service,1120,446,4,"Smartphone repair center in Armenia, description confirms dedicated repair service business.",tablet repair,UCWruxuS0ex-QnGq7M8V3PRQ,hands,phone-repair,wave1,2026-09-14
https://www.youtube.com/@gsmtuber,@GSMTUBER,GSM TUBER,171000,1276,4,"Bangla mobile repairing channel focused on hardware repair uploads, solid topic fit though low title evidence.",mobile repairing | mobile repairing bangla,UCxKMnAX1EcGz2kNczTT8YYQ,hands,phone-repair,wave1,2026-09-14
https://www.youtube.com/@gtmobileservice%e0%b8%8b%e0%b9%88%e0%b8%ad%e0%b8%a1%e0%b8%a1%e0%b8%b7%e0%b8%ad%e0%b8%96%e0%b8%b7%e0%b8%ad,@GTmobileService%E0%B8%8B%E0%B9%88%E0%B8%AD%E0%B8%A1%E0%B8%A1%E0%B8%B7%E0%B8%AD%E0%B8%96%E0%B8%B7%E0%B8%AD,ซ่อมมือถือ GT Mobile Service  ศรีราชา ชลบุรี,54,84,4,"iPhone/iPad repair shop channel in Thai, likely real repair videos given dedicated repair service description.",ซ่อมมือถือ,UCtUFi7UD9rPSbrNgM8GmFqA,hands,phone-repair,wave1,2026-09-14
https://www.youtube.com/@g_hussain_mobile_,@G_HUSSAIN_MOBILE_,G HUSSAIN MOBILE ,417,81,4,"Titles show real repair work: button repair, SIM tray, charging port replacement on multiple phones.",mobile repairing,UC0INtpfaxgmxuU_qrPJuj9g,hands,phone-repair,wave1,2026-09-14
https://www.youtube.com/@gaganmobileclinic,@Gaganmobileclinic,📱Gagan mobile clinic📱,539,71,4,"Mobile repair hub with chip level, back glass, folder repairs and training offered, real bench work implied.",chip level,UCXX_xefHnCDPp3fAfrUWw6Q,hands,phone-repair,wave1,2026-09-14
https://www.youtube.com/@galaxymobilebhinder,@GalaxyMobilebhinder,Galaxy Mobile Bhinder,163,196,4,"Titles show motherboard cleaning, reballing and CPU/eMMC repair work on real devices, board-level focus.",mobile repairing,UCVUlqRP-PO8MWnZKzuXqzbA,hands,phone-repair,wave1,2026-09-14
https://www.youtube.com/@ganeshmobail0.2,@Ganeshmobail0.2,श्री गणेश मोबाइल रिपेयरिंग सेंटर,495,261,4,Titles show display change and LCD check tutorials for specific phone models at repair center.,मोबाइल रिपेयरिंग,UCZEXRJOC8q8qqd0RYYRL2vQ,hands,phone-repair,wave1,2026-09-14
https://www.youtube.com/@geetuphones,@GeetuPhones,Geetu Phones,1780,310,4,"IC repairing, reballing, motherboard repair and charging jack replacement services described, strong repair-shop signals.",motherboard repair | phone motherboard repair | صيانة الهواتف | تعمیر موبایل,UCmGFQtSgnNg7dwJciXWwmKA,hands,phone-repair,wave1,2026-09-14
https://www.youtube.com/@gizmodaddyinstitute,@GizmodaddyInstitute,Gizmodaddy ,21500,843,4,Mobile repairing training institute description emphasizing practical hands-on courses across brands.,mobile repairing,UCmzzztbw-zW8ZbwEyLx_0qg,hands,phone-repair,wave1,2026-09-14
https://www.youtube.com/@globaltechnologyinstitute,@GlobalTechnologyInstitute,Global Technology Institute,8650,164,4,Mobile repairing training institute description implies practical bench sessions for students.,mobile repairing | tablet repair | chip level | mobile repairing course,UC10B0K0F_DkocEI465_qtdg,hands,phone-repair,wave1,2026-09-14
https://www.youtube.com/@gorepairvideosmuc,@GorepairVideosMuc,Gorepair Videos,4930,55,4,Former watchmakers now specializing in professional smartphone and tablet repair with repair guide videos.,Uhrmacher,UCD5IR2LveHQcq-mOAIzw8IA,hands,phone-repair,wave1,2026-09-14
https://www.youtube.com/@gpj.mobilework_shop,@Gpj.mobilework_shop,Gpj.mobilework_shop ,1830,386,4,Chip-level IC and jumper repair channel with display/charging/dead board fix content described in detail.,mobile repairing,UCndfNrwVLkUd3_FMnLgW6qw,hands,phone-repair,wave1,2026-09-14
https://www.youtube.com/@greenchannel.mobiles,@GreenChannel.Mobiles,GREEN CHANNEL MOBILES,210,170,4,Repair tutorial channel promising step-by-step screen and hardware fix guides for phones.,phone repair | mobile phone repair,UCcaUZrU_-vbk1NAIZgZoGfQ,hands,phone-repair,wave1,2026-09-14
https://www.youtube.com/@gregoriobatulan,@GregorioBatulan,Eagle Repair TV Official ,103,164,4,Cellphone repair channel with titles showing battery replacement and board repair work on camera.,phone repair | cellphone repair | TV repair | LCD TV repair,UC_EkjYOiizMwM0dips-jGsA,hands,phone-repair,wave1,2026-09-14
https://www.youtube.com/@gscellcortes,@GscellCortes,Gscell Cortes,399,56,4,"Dedicated to smartphone board repair cuts and repair tips, matching board-level micro-soldering focus.",reparo de placa celular,UCcvTxZprPz6vwnfmWUiwqXA,hands,phone-repair,wave1,2026-09-14
https://www.youtube.com/@gsmguide,@GsmGuide,Gsm Guide,365000,1454,4,Smartphone repair guide channel offering LCD screen replacement and teardown tutorials across brands.,phone repair | smartphone repair | phone screen replacement | mobile repairing hindi,UClQS0B87jxe4Dn_xSTFyQoA,hands,phone-repair,wave1,2026-09-14
https://www.youtube.com/@gsmparamtechgpt,@GsmParamtechGpt,Gsm Param tech (GPT),75,61,4,"Titles show motherboard-level fault solutions like dead phone, charging error, and eMMC change step by step.",motherboard repair,UCeQRgDrTG0R5fwGCzKuUqKg,hands,phone-repair,wave1,2026-09-14
https://www.youtube.com/@gsmrepaircenter,@GsmRepairCenter,Gsm Repair Center,673,70,4,Bengali mobile servicing training channel with hardware/eMMC repair titles like display and button fixes.,emmc,UCwynMDg4AR6fNT8ULByliNA,hands,phone-repair,wave1,2026-09-14
https://www.youtube.com/@gtechmobileacademy,@Gtechmobileacademy,Gtechmobileacademy,368,148,4,"Advanced chip-level course covering eMMC/UFS hardware training, practical mobile repair academy focus.",chip level | emmc,UCSV-QOKvKu1LrmdxzaEZ9fQ,hands,phone-repair,wave1,2026-09-14
https://www.youtube.com/@gurubhai0562,@GuruBhai0562,Shivay Mobile Repairing ,89,51,4,"Repair shop channel explicitly sharing motherboard, eMMC, CPU and glass repair jobs on YouTube.",mobile repairing | emmc,UCMarZACVggMm6q1YajTCdsA,hands,phone-repair,wave1,2026-09-14
https://www.youtube.com/@hitechtechsolutions,@HITECHTECHSOLUTIONS,HitechSolutions mobile repair tamil,379,174,4,"Tamil mobile repair channel with display replacement videos, though includes FRP bypass software content too.",phone repair | smartphone repair,UC5Q0a2ksaqoObtk7SNZnldw,hands,phone-repair,wave1,2026-09-14
https://www.youtube.com/@hoisinhienthoai,@HOISINHIENTHOAI,HỒI SINH ĐIỆN THOẠI,2230,145,4,Channel dedicated to sharing personal phone repair knowledge and experience with daily video schedule.,sửa chữa điện thoại,UCv2bEdlYY19RMbpNE-9UaBA,hands,phone-repair,wave1,2026-09-14
https://www.youtube.com/@hsmobilerepairing,@HSMobilerepairing,HS Mobile Reparing ,233,59,4,Mobile repairing course channel with titles showing display and back-glass replacement demonstrations.,mobile repairing | mobile repairing course,UCM1_TZHcKGq7cnKZvMj_Opw,hands,phone-repair,wave1,2026-09-14
https://www.youtube.com/@hammadmobilerepairing,@Hammadmobilerepairing,Say Something Mobile Repairing,4890,55,4,"Describes CPU removal, cleaning, RAM replacement and dead iPhone diagnostics, solid chip-level repair focus.",mobile repairing,UCln2LdLFXbN5Zw_DDhjXJpQ,hands,phone-repair,wave1,2026-09-14
https://www.youtube.com/@hanzalamobilecenter,@Hanzalamobilecenter,Hanzala Mobile Center ,95,52,4,"Repair center explicitly describing micro-soldering, chipset-level and screen/battery/charging port repairs.",mobile repairing,UCrD5vJFfJO7NwIONv8sMw1A,hands,phone-repair,wave1,2026-09-14
https://www.youtube.com/@hardwaredoctor1,@HardwareDoctor1,Hardware Doctor,6220,371,4,Description clearly focused on phone repair tutorials from screen replacement to component-level fixes.,phone repair,UCwqQQHP1-o_KkDcPwoYT8xw,hands,phone-repair,wave1,2026-09-14
https://www.youtube.com/@harimobilerepair-1510,@Harimobilerepair-1510,Hari Mobile Repair,1060,64,4,"Hindi mobile repair channel description details screen repair, battery replacement and software solutions comprehensively.",mobile repairing | मोबाइल रिपेयरिंग | phone repair | mobile repairing hindi,UCXohNxqwUm73s-KIyEpTMIw,hands,phone-repair,wave1,2026-09-14
https://www.youtube.com/@harkeshpriyadarshirepair,@Harkeshpriyadarshirepair,Harkesh Priyadarshi Repair,870,75,4,"Titles show real repair jobs like charging problem solving, UV glass fitting and touch replacement demonstrations.",mobile repairing,UCQTyGMdSkc1IY-tOgms4f7w,hands,phone-repair,wave1,2026-09-14
https://www.youtube.com/@haroonamani10,@Haroonamani10,Amani Réparation ,124,78,4,Phone repair teaching channel sharing free hands-on repair knowledge built from 5 years experience.,réparation téléphone,UCEPjt5AagkYDuF9nam7t2AQ,hands,phone-repair,wave1,2026-09-14
https://www.youtube.com/@harrytech757,@Harrytech757,Harry Tech phone repair tv,12100,1197,4,"Description explicitly details screen, battery, charging port, water damage repair tutorials step-by-step.",phone repair | mobile repairing | mobile phone repair | phone repair shop,UCv-Zt24FtpMi0uiqpnWkCEw,hands,phone-repair,wave1,2026-09-14
https://www.youtube.com/@hashan-x4y,@Hashan-x4y,HP Master Tech,158,58,4,"Titles show display replacement and motherboard bootloop repair steps, plus a tool unboxing/review video.",phone repair | mobile phone repair | smartphone repair | iphone repair,UCkYAQ7Uo3qApGT00awQY_IA,hands,phone-repair,wave1,2026-09-14
https://www.youtube.com/@hellomobilefix_07,@HelloMobileFix_07,HELLO MOBILE FIX 07,230,88,4,"Titles show jumper repair for charging and display change, real hands-on hardware repair shorts.",mobile repairing,UCR2e2ZRZXiI3iOR2ZJuehCg,hands,phone-repair,wave1,2026-09-14
https://www.youtube.com/@helloshifat,@HelloShifat,Hello Shifat,63800,154,4,"Mobile repairing training center channel, practical hands-on servicing focus implied by name.",mobile repairing,UChy_1qZLjj_VeLDdb2TzdgA,hands,phone-repair,wave1,2026-09-14
https://www.youtube.com/@hikmahrepairacademy,@Hikmahrepairacademy,HIKMAH REPAIR ACADEMY ,2350,117,4,"Dedicated iPhone/smartphone repair academy channel with tutorials and troubleshooting, though includes tool reviews and business tips.",phone repair | iphone repair,UCA6SXF3a_ryb-zxSI9gQicA,hands,phone-repair,wave1,2026-09-14
https://www.youtube.com/@hitekmobilecarem,@HitekmobilecareM,Hitek Mobile care,91,108,4,Repair shop channel with real display/frame replacement videos alongside wholesale accessory sales.,मोबाइल रिपेयरिंग,UCmTJob8swj6y6g7CcyvgiJg,hands,phone-repair,wave1,2026-09-14
https://www.youtube.com/@hmttechofficial,@HmtTechOfficial,HMT TECH,241,55,4,"Titles show battery connector repair, touch fix and screen replacement on real phones plus some unboxing content.",mobile repairing,UCugFacIMLEj-aG1dKJPxa_g,hands,phone-repair,wave1,2026-09-14
https://www.youtube.com/@honeymobilerepairing,@HoneyMobileRepairing,Honey Mobile Repairing,337,50,4,Titles show actual repair jobs like jack replacement and dead phone solutions in Hindi mobile repair format.,mobile repairing | मोबाइल रिपेयरिंग,UCgnd-_1uNVVDtHIglObAg3A,hands,phone-repair,wave1,2026-09-14
https://www.youtube.com/@hp-doctor,@Hp-doctor,Hp Doctor,337,90,4,"Mobile repair channel with display connector removal, charging port replacement shorts, real hardware fixes shown.",phone repair | mobile repairing | mobile phone repair | phone motherboard repair,UC92QzK_RohNCePnYmGCXNIQ,hands,phone-repair,wave1,2026-09-14
https://www.youtube.com/@hr.mobile6119,@Hr.mobile6119,H.r mobile care ,586,219,4,"Titles show CPU repair, glass and back glass replacement across multiple phone models, real bench work.",mobile repairing,UC7sgf9VWGX9Pm3RZmZutzfw,hands,phone-repair,wave1,2026-09-14
https://www.youtube.com/@hughjeffreys,@HughJeffreys,Hugh Jeffreys,1000000,473,4,"Well-known channel restoring broken phones/tablets/computers with hands-on repair and modification content, some non-phone devices included.",iPhone repair | phone motherboard repair | tablet repair | iPad repair,UCQDhxkSxZA6lxdeXE19aoRA,hands,phone-repair,wave1,2026-09-14
https://www.youtube.com/@hunartechnical420,@HunarTechnical420,Hunar Technical,189,193,4,"Titles show real hands-on tablet folder replacement, glass change and dead phone repair work.",mobile repairing | mobile repairing course,UCBVv3eJnfvcWHLeo8sRUEjw,hands,phone-repair,wave1,2026-09-14
https://www.youtube.com/@i.a_communication,@I.A_communication,Talib abbasi,47,50,4,Mobile repairing centre with titles showing full combo/screen replacement processes for multiple phone models.,mobile repairing,UC7gAe1OZRs9xc6NVIzZFokg,hands,phone-repair,wave1,2026-09-14
https://www.youtube.com/@imetmobile,@IMETMobile,IMET Mobile Repairing Institute Meerut Near Delhi ,91,455,4,"Mobile repairing institute description emphasizing chip-level, IC soldering and schematic reading with practical lab focus.",chip level | mobile repairing course,UCpwOCdU1zl3Vh4651RuKUEA,hands,phone-repair,wave1,2026-09-14
https://www.youtube.com/@iogtchiplevel,@IOGTChiplevel,iPhone Macbook Laptop Mobile chiplevel Training ,8870,461,4,Dedicated chip-level training institute for iPhone/laptop/mobile with hands-on practical bench sessions described.,chip level | chip level repairing,UCww9YfsniTSYh8AreS7EXvQ,hands,phone-repair,wave1,2026-09-14
https://www.youtube.com/@iphoneperfectrepairlab,@IPhoneperfectrepairlab,IPhone perfect Repair lab ,4090,469,4,"iPhone repair lab teaching board swap, Face ID and screw damage fixes at chip level.",phone repair | iphone repair,UCdmRFTrhNPVDelUppqv5CXA,hands,phone-repair,wave1,2026-09-14
https://www.youtube.com/@it-tutorials-,@IT-Tutorials-,IT TUTORIALS,44,78,4,"Phone repair tutorial channel claiming fast, accurate, skilled hardware fixes.",phone repair,UCQZ3b6C6vJGrTjUABwEPv5Q,hands,phone-repair,wave1,2026-09-14
https://www.youtube.com/@itgyanindore,@ITGyanIndore,IT Gyan Indore,6070,123,4,Institute description explicitly covers chip-level mobile and laptop repair training with practical courses.,mobile repairing | chip level | mobile repairing course | chip level repair | laptop repair course,UCjN5VaRJHqyVAdAMyOLrqUA,hands,phone-repair,wave1,2026-09-14
https://www.youtube.com/@ifixnepal,@Ifixnepal,Ifix Nepal,1550,54,4,Nepal-based channel teaching mobile phone repair from basic to advanced hands-on skills for free.,تعمیر موبایل,UCA1XJhEyJSSxFAT6cr0cOBw,hands,phone-repair,wave1,2026-09-14
https://www.youtube.com/@ijazjuttmobilerepairinglab,@IjazJuttMobileRepairingLab,Ijaz Jutt Mobile Repairing Lab,157,93,4,"Charging jack, keypad jumper and LCD fixes shown with clear repair-focused titles at a repair lab.",mobile repairing | tablet repair,UCtoK9tbKqW0ZkGmvV6g4XRA,hands,phone-repair,wave1,2026-09-14
https://www.youtube.com/@imamtechnician,@Imamtechnician,I Tech Repair .,49,79,4,"Titles show real disassembly and back panel replacement work on phones, hands-on repair evident.",mobile repairing,UC9qGNE3SmKh3g4MBg8M0lrQ,hands,phone-repair,wave1,2026-09-14
https://www.youtube.com/@imobilesolution123,@Imobilesolution123,I MOBILE SOLUTION,154,91,4,Shop channel with titles showing actual display and body replacement work on tablets and phones.,mobile repairing,UCT5tuPJnKG5kUKBGtjkkWUw,hands,phone-repair,wave1,2026-09-14
https://www.youtube.com/@imranchinamobile,@Imranchinamobile,Is mobile ,610,75,4,"Short titles show real back-glass and LCD replacement work on iPhones, though brief and Shorts-like.",mobile repairing | emmc,UCjXaOYYtTRQZHMdzCtItHcQ,hands,phone-repair,wave1,2026-09-14
https://www.youtube.com/@indianmobilekatarhakam,@Indianmobilekatarhakam,Indian mobile katar hakam,1490,66,4,"EMMC hardware course covering IC removal, cleaning, placing and schematic knowledge for board-level repair.",emmc,UCbDdjwPLsyDcT46l8QvjEsA,hands,phone-repair,wave1,2026-09-14
https://www.youtube.com/@intekhabansary,@IntekhabAnsary,Dijital Mobile riper,280,70,4,Titles show board-level fixes like power IC reball and charging connector solution on feature phones.,mobile repairing,UCwmw-Bctb07RS_IDcsGeENg,hands,phone-repair,wave1,2026-09-14
https://www.youtube.com/@iphonespecialistsirabdulbasit,@IphoneSpecialistSirAbdulBasit,iPhone Repair Specialist | Sir Abdul Basit,172,227,4,iPhone/Android repair specialist and technical coach channel focused on hardware diagnostics and motherboard repair training.,iPhone repair | phone motherboard repair,UC30ZHfSkUw3vnkPjBYkZtBQ,hands,phone-repair,wave1,2026-09-14
https://www.youtube.com/@iphone_repairinglab,@Iphone_repairinglab,iphone repairing lab,1960,398,4,Dedicated iPhone repair shop name/handle strongly implies device-level repair videos.,phone repair | iphone repair | iPhone repair,UCptacsWmalVKK2upqzyWxkQ,hands,phone-repair,wave1,2026-09-14
https://www.youtube.com/@iphonetechnician0,@Iphonetechnician0,Iphone Technician ,756,63,4,"iPhone repair shop description detailing screen, battery, motherboard chip-level and water damage repairs.",phone repair | iphone repair,UCUC2GGPDSuuI_uE0AkWNYlw,hands,phone-repair,wave1,2026-09-14
https://www.youtube.com/@irevivecellulare,@Irevivecellulare,I Revive Cellulare,1530,379,4,"Daily live mobile repairing channel covering LCD replacement, charging fixes and glass repairs on camera.",mobile repairing,UCndIqwldQUOg-vao89pbORw,hands,phone-repair,wave1,2026-09-14
https://www.youtube.com/@itechsolution46,@Itechsolution46,Itech solutions ,195,193,4,"Description details display glass, flex repair, chip level work across iPhone/android/ipad, wholesale sales side too.",phone repair | mobile repairing | iphone repair | chip level | watch repair,UCRVPLSJA5_5vy0vWR6uHY3A,hands,phone-repair,wave1,2026-09-14
https://www.youtube.com/@jagpa123mobile,@JAGPA123MOBILE,JAGPAL MOBAIL TECHNICAL,269,123,4,"Titles show real repair jobs like tablet charging repair, folder/glass replacement across multiple phone models.",mobile repairing,UCe7ZZlGOy6dLmnsPspGvw2A,hands,phone-repair,wave1,2026-09-14
https://www.youtube.com/@jagdambamobile,@Jagdambamobile,MOBILE SOLUTION📱,9180,963,4,"Hindi mobile hardware solution channel run from a repair shop, contact-based, indicates real repair videos.",mobile repairing | मोबाइल रिपेयरिंग,UC1EdPPfv8iSUAdvz2Ak8T_g,hands,phone-repair,wave1,2026-09-14
https://www.youtube.com/@janghelearningtrick,@JanghelEarningTrick,Janghel Earning Trick,687,128,4,"Titles show charging port and hardware fault fixes across multiple phone brands, real repair work.",mobile repairing,UCa9QKVzgRFyS4hC2_0gfxPw,hands,phone-repair,wave1,2026-09-14
https://www.youtube.com/@javiersdiy,@JaviersDIY,Javier's DIY,20000,307,4,"Describes screen replacements, battery swaps and DIY electronics tutorials with step-by-step format.",phone repair,UC1rJqqXWGpvYtrbiZXRInbQ,hands,phone-repair,wave1,2026-09-14
https://www.youtube.com/@julphonetv,@JulphoneTv,Julphone Tv,153000,3037,4,"Tagalog repair channel covering deadboot, LCD replacement, battery and hardware issue fixes on camera.",phone screen replacement | cellphone repair tagalog,UCP40_ye_hgqd0r2YtZdT8YA,hands,phone-repair,wave1,2026-09-14
https://www.youtube.com/@kangmusjb,@KANGMUSJB,KANG MUS JB,28600,1885,4,"Indonesian phone repair tutorial channel covering disassembly, parts replacement and hardware/software fixes.",servis hp,UCdQMYp0tay_eN-mvSc6pCSw,hands,phone-repair,wave1,2026-09-14
https://www.youtube.com/@kbmobilerepairing,@KBMobileRepairing,KB Mobile Repairing ,409,64,4,"Titles show display combo change and folder replacement, real hands-on hardware repair work.",mobile repairing,UCQqsx_Pf1jD4ZjGCvMPMaYQ,hands,phone-repair,wave1,2026-09-14
https://www.youtube.com/@km_solution_83,@KM_Solution_83,KM Solution,58,114,4,"Titles show real screen replacement and short-circuit checking work, mixed with laptop repair and refurb sales.",phone repair | mobile phone repair,UC5Sj5hxBRuXVh66urfzJpjQ,hands,phone-repair,wave1,2026-09-14
https://www.youtube.com/@kabirmobilefixer,@Kabirmobilefixer,Kabir mobile Fixer ,129,52,4,"Chip-level training channel emphasizing hand skill, board work, EMMC/UFS, mixed with software content.",phone repair | mobile repairing | mobile phone repair | motherboard repair | emmc | smartphone repair | phone motherboard repair | تصليح الموبايل,UCXBT2dRcK8jOL1q3LQywGQQ,hands,phone-repair,wave1,2026-09-14
https://www.youtube.com/@kairosland,@KairosLand,Smart Repair,185,84,4,"Shop description covers smartphone, tablet, iPad and board-level logic board repair services.",phone repair | smartphone repair | iphone repair | tablet repair | logic board repair,UCuKm6pBOSmoF_8CnxVJmoAw,hands,phone-repair,wave1,2026-09-14
https://www.youtube.com/@kanhamobile2003,@KanhaMobile2003,Kanha Mobile,44,52,4,"Titles show battery connector replacement and charging port SMD fixes, real hands-on mobile repair content.",mobile repairing,UChlfGQ_yYxC3-R__5mxnZWQ,hands,phone-repair,wave1,2026-09-14
https://www.youtube.com/@kapishcommunication,@Kapishcommunication,Kapish Communication ,220,53,4,Titles show real iPhone housing/body and speaker replacement repairs on camera.,mobile repairing,UCZMA9gKRKipaL3gblI16Mrw,hands,phone-repair,wave1,2026-09-14
https://www.youtube.com/@kashi_tech_solutions,@Kashi_Tech_Solutions,Kashi Tech Solutions,1220,302,4,Hindi channel dedicated to mobile hardware and software repair solutions with regular upload schedule.,mobile repairing,UClQ7A3CSXTSf55L6zr0zkgQ,hands,phone-repair,wave1,2026-09-14
https://www.youtube.com/@kenertouch,@KenerTouch,KenerTouch,1870,60,4,"Dedicated cell phone repair tutorial channel by a mobile technician, Spanish-language repair content.",reparación de celulares,UCS6-poqw_KA-besM5JIS60Q,hands,phone-repair,wave1,2026-09-14
https://www.youtube.com/@keraxtech,@KeraxTech,KeraxTech,1990,144,4,Cellphone technician channel description details screen and water-damage repair tutorials with hands-on experience.,phone repair | cellphone repair,UCMWk2YInAoW_AxtA_cjjWWQ,hands,phone-repair,wave1,2026-09-14
https://www.youtube.com/@kevins_diy,@Kevins_diy,Kevin DIY,379,109,4,"Daily phone repair videos covering screens, batteries, water damage across multiple brands.",phone repair,UCgbReGE0U7HR9nCk30DALRQ,hands,phone-repair,wave1,2026-09-14
https://www.youtube.com/channel/uct7fkde-txg4evosj6juseq,@KhanhTran-qb7ix,Dịch Vụ Thay màn Hình Mặt Kính cảm Ứng HCM,783,199,4,Vietnamese screen/glass replacement shop with short titles showing actual repair clips like battery and screen fitting.,sửa chữa điện thoại,UCt7FKde-txG4evoSJ6JUseQ,hands,phone-repair,wave1,2026-09-14
https://www.youtube.com/@kuldeepmobilerepairing,@KuldeepMobileRepairing,Kuldeep Mobile Repairing,16000,459,4,Description focuses specifically on step-by-step mobile repairing guidance for technicians.,mobile repairing,UCaRmUAGBnF1m7q25pfvk0sw,hands,phone-repair,wave1,2026-09-14
https://www.youtube.com/@le55ons,@LE55ONS,LE55ONS,123000,116,4,Long-running channel making detailed phone display/screen replacement guides across many popular models.,تعمیر موبایل,UCdCZPlI8G7KL3M6dNYk6qpA,hands,phone-repair,wave1,2026-09-14
https://www.youtube.com/@lalitmobilecare,@LalitMobileCare,Lalit Mobile Care,4990,51,4,"Description details IC reballing, soldering and fault-finding for board-level mobile phone repair.",phone repair | mobile repairing | cell phone repair,UCJlblcjSvff32SGtC84Z6Rg,hands,phone-repair,wave1,2026-09-14
https://www.youtube.com/@litonmahmud-u,@LitonMahmud-u,Liton Mahmud,18200,386,4,"Phone hospital/training center covering motherboard, IC, display and charging repairs with hands-on focus.",phone motherboard repair | electronics repair course,UCs6yjO7C6dHwknbq_ZAXwwg,hands,phone-repair,wave1,2026-09-14
https://www.youtube.com/@m.ahmad.siddiqui,@M.Ahmad.siddiqui,M.S.Telecom ,1130,116,4,"Training institute channel covering CPU reballing, eMMC, PMIC with practical repair tutorials.",phone repair | mobile repairing | mobile phone repair | mobile repairing course | emmc | electronic repair,UCUTRr85QBo0JZuSbl0k3AaA,hands,phone-repair,wave1,2026-09-14
https://www.youtube.com/@m.nangyal14,@M.nangyal14,Mobile repairing786,466,66,4,"Real device fault-diagnosis titles (dead phone, IC checks, power issues) suggest hands-on repair bench work.",mobile repairing,UCDuWjz4vPSuOukSuu_dAD9Q,hands,phone-repair,wave1,2026-09-14
https://www.youtube.com/channel/ucsydhe1fekcs9mws1soel7a,@MB-TECH-kh6ii,MB-TECH,67,57,4,Board-level repair channel with titles showing sub-board conversion/adaptation work on phone boards.,conserto de celular,UCsydHE1FekcS9Mws1SoEl7A,hands,phone-repair,wave1,2026-09-14
https://www.youtube.com/@mgtac,@MGTAC,Abhishek mobile care,300,172,4,"Mobile care shop channel with detailed description of screen, battery, charging and water damage repair services.",मोबाइल रिपेयरिंग,UCeYReUCga7Ui-HpLi7SBLIg,hands,phone-repair,wave1,2026-09-14
https://www.youtube.com/@mkmobiles.,@MKMOBILES.,NAVEEN KUMAR,73,98,4,"Mobile repair service center with titles showing display change and chip-level service center work, mixed with personal vlog clips.",phone repair | mobile phone repair,UCh6WRnfi44Fm8Tft-rO5EsA,hands,phone-repair,wave1,2026-09-14
https://www.youtube.com/@mmsarfaraz,@MMsarfaraz,Master Mobile,197,82,4,Titles show real hands-on LCD/panel/charging repairs on specific phone models in Urdu.,phone repair | mobile repairing | mobile phone repair | mobile repairing course | mobile repairing urdu,UCzmVW4TGpc9eL-4jq0Oa-Sg,hands,phone-repair,wave1,2026-09-14
https://www.youtube.com/@mobilegarage_karaikal,@MOBILEGARAGE_KARAIKAL,Mobile Garage Karaikal,153,65,4,"Shop description lists display, battery, backdoor, chip-level, face ID repair services for Android and iPhone comprehensively.",chip level,UClWHFZqaCrJAKqC6TgTNT-A,hands,phone-repair,wave1,2026-09-14
https://www.youtube.com/@mobileservice123,@MOBILESERVICE123,MOBILE SERVICE,176000,386,4,"Description covers repair tutorials across major brands plus micro soldering and unlocking, mixed hardware/software focus.",phone repair | mobile phone repair | iphone repair | micro soldering | micro soldering phone,UC5-jmbzQltCyPxa4FhlBbMA,hands,phone-repair,wave1,2026-09-14
https://www.youtube.com/@mobilesurgeon,@MOBILESURGEON,MOBILE SURGEON ,1200,405,4,"Chip-level repair training channel covering IC replacement, motherboard repairs, power section fixes alongside software solutions.",motherboard repair,UCOoZDPn0BXtkr4-fH1VtwrQ,hands,phone-repair,wave1,2026-09-14
https://www.youtube.com/@mobileworld2627,@MOBILEWORLD2627,MOBILE WORLD,719,140,4,"Dead phone repair titles with reballing, JTAG box, firmware fixes showing chip-level bench work.",phone repair | mobile repairing | mobile repairing course,UCZh0qnRR4j1c-ndehb8XjUg,hands,phone-repair,wave1,2026-09-14
https://www.youtube.com/@mprepair,@MPRepair,M&P Repair,619,104,4,"Dedicated repair channel covering screen, battery, charging port and water damage fixes with tutorial format.",phone repair | mobile repairing | motherboard repair | mobile repairing course | mobile phone repair,UCfUCMPl0Ki2EZPNOY9n4QTw,hands,phone-repair,wave1,2026-09-14
https://www.youtube.com/@mriphone5871,@MRIPHONE5871,MR IPHONE,453,188,4,"iPhone/OnePlus repair specialist shop name, no titles but strong repair-focused description.",mobile repairing,UC7_26I1Xt3ljGiA0ufiqhsQ,hands,phone-repair,wave1,2026-09-14
https://www.youtube.com/@msimobilerestoration,@MSImobileRestoration,MSI mobile Restoration,22300,584,4,Chip-level mobile repair shop channel covering multiple brands with hardware focus.,mobile repairing | chip level,UCZ9D6P10um7sONy8dpgkvbA,hands,phone-repair,wave1,2026-09-14
https://www.youtube.com/@ms_techpro,@MS_TechPro,Mobile Solutions Tech Pro,4460,316,4,"Advanced L3 board-level repair training channel mentioning CPU reballing, EMMC/NAND, PMIC faults explicitly.",phone repair | mobile phone repair | emmc,UCl3U7Loo_V_peX5I5i-DKNw,hands,phone-repair,wave1,2026-09-14
https://www.youtube.com/channel/ucabrbs8xdw5wncy0jrz_9uw,@MTechForid,MTech Forid,421,258,4,Short-form mobile repair videos showing LCD combo fitting and charging port replacement processes.,phone repair | mobile phone repair,UCaBrBS8xDW5wNcY0jrz_9Uw,hands,phone-repair,wave1,2026-09-14
https://www.youtube.com/@m_techrepairhub,@M_TechRepairHub,M_Tech Repair Hub ,79,55,4,"Description details board-level repair including CPU reballing, dead phone recovery and charging issues.",mobile repairing,UCYkJH51XZBxtM1xIe-r2xDg,hands,phone-repair,wave1,2026-09-14
https://www.youtube.com/@maabhabanitelecom,@MaaBhabaniTelecom,Maa Bhabani Telecom,250,55,4,Description explicitly promises real-time motherboard-level repair fixes and DIY tutorials for mobile electronics.,electronics repair,UCGQ83X502a5ia5c7TWLKt-g,hands,phone-repair,wave1,2026-09-14
https://www.youtube.com/@maamobilerepair-4ufree,@MaaMobileRepair-4ufree,Maa Mobile Repair ,723,119,4,"Detailed repair terminology: CPU reballing, soldering iron, multimeter, SMD identification suggests real bench repair work.",phone repair | mobile repairing | mobile phone repair | motherboard repair | mobile repairing course | phone repair shop,UCL9tAB6Q5OPDDZt1BE0reXg,hands,phone-repair,wave1,2026-09-14
https://www.youtube.com/@macdroidstore,@MacdroidStore,Macdroid Store,25,52,4,"Repair shop titles show charging port fix, water damage and board solder work on phones.",tablet repair,UCxdgjrH96rIFRCyMjeFXUpA,hands,phone-repair,wave1,2026-09-14
https://www.youtube.com/@magodoscelularesoficial,@MagodosCelularesOficial,Mago dos Celulares,8590,301,4,Tutorial channel covering screen replacement and battery swap with step-by-step guidance for phone repair.,manutenção de celular,UCYJL-39ceSoVlrQVHLO-ldA,hands,phone-repair,wave1,2026-09-14
https://www.youtube.com/@mahadi5031g,@Mahadi5031G,@Dr.Apple-,359,133,4,Titles show clear step-by-step screen and back glass replacement tutorials across multiple phone models.,phone repair,UCDv2H0cpTNJ1MdRStE5ipnA,hands,phone-repair,wave1,2026-09-14
https://www.youtube.com/@maheshmobiles.,@MaheshMobiles.,Mahesh Mobiles📲 Eluru,934,91,4,Titles show real glass and camera replacement repairs at chip-level shop.,chip level,UC0cVn59i6kEShXK4Xgn_OKg,hands,phone-repair,wave1,2026-09-14
https://www.youtube.com/@malikmobilecare,@MalikMobileCare,Malik Mobile Care MH,706,245,4,"Titles show real hardware repair work (charging fix, jumper wire, reballing) on phones.",phone repair,UCuF2J0IG5ugg1tnABRCOf2w,hands,phone-repair,wave1,2026-09-14
https://www.youtube.com/@malkeettechnition,@MalkeetTechnition,Malkeet  Technition,96,79,4,Repair channel with titles showing charging socket and display replacement across multiple phone models.,mobile repairing | mobile repairing course,UCH8-J8qJRNH3pRL7JTUa8Zw,hands,phone-repair,wave1,2026-09-14
https://www.youtube.com/@mamad_company,@Mamad_company,مجموعه تعمیرات و آموزش تخصصی اپل ,12600,111,4,Apple device repair training and repair shop for iPhone and Samsung flagships.,تعمیر موبایل,UCG1JxdufkdD7EEXe0kUN7Mg,hands,phone-repair,wave1,2026-09-14
https://www.youtube.com/@megarepair,@MegaRepair,Mega Repair,427,121,4,Repair shop channel dedicated to phone and tablet fixes with behind-the-scenes repair content.,tablet repair,UCl1oc0mK9pEGHNIedELSjXA,hands,phone-repair,wave1,2026-09-14
https://www.youtube.com/@meltechacademy,@MelTechAcademy,MelTech Academy,3240,465,4,"Academy channel covers display replacement, charging port, CPU reballing and UV masking hardware repairs plus software.",phone repair | mobile phone repair,UCGa_A0aYnAShC_29w2DfPaw,hands,phone-repair,wave1,2026-09-14
https://www.youtube.com/@mi-taller,@Mi-taller,Mi taller by Sp Store,1310,99,4,Cellphone repair channel from a store uploading various repair videos as its core content.,reparación de celulares,UCfrK0DwHZqEa1TLiFhV9yCQ,hands,phone-repair,wave1,2026-09-14
https://www.youtube.com/@microtech-mobile,@MicroTecH-MoBiLe,MiCROTECH MOBILE,695,65,4,Chip-level training channel showing CPU/EMMC live repair work on real phones with hand-skill practical sessions.,emmc,UC1Q4bY_O0_Zxw54MetitpAA,hands,phone-repair,wave1,2026-09-14
https://www.youtube.com/@mirzamobileshindi,@MirzaMobilesHindi,Mirza Mobiles Hindi,13100,114,4,"Dedicated mobile repair tutorials covering dead phone, IC and chip-level repairing techniques.",phone repair | mobile repairing | chip level | mobile repairing hindi,UCJvTAfmEPLaI6IXQc7ohhqA,hands,phone-repair,wave1,2026-09-14
https://www.youtube.com/@misterdtekno,@MisterDTekno,Mister D tekno life ,140,73,4,"Phone repair tutorials (battery, LCD replacement) shown on camera alongside general tech tips.",servis hp,UCKEqxPAbgLKKoKai-M800mA,hands,phone-repair,wave1,2026-09-14
https://www.youtube.com/@mithun241,@Mithun241,"Hello Friends, Mobile Repairing",816,109,4,Live repairing documentation channel with titles showing camera and screen fault fixes.,mobile repairing,UCBXfGy4u5PVtsGs5kuyPhtA,hands,phone-repair,wave1,2026-09-14
https://www.youtube.com/@mkmobiles1995,@Mkmobiles1995,Mk mobiles ,102,51,4,"Titles show real display replacement repairs on multiple phone models, plus some unrelated stabilizer repair.",chip level,UC6wtKYtiwLknf7uM5kTZJCg,hands,phone-repair,wave1,2026-09-14
https://www.youtube.com/@mkraj8295,@Mkraj8295,SMC mobile repairing centre,149,107,4,Repair shop channel showing hands-on folder/CC jack replacement and screen work in short-form Hindi videos.,mobile repairing,UCSqbBmONDKBw8hWn257KYsw,hands,phone-repair,wave1,2026-09-14
https://www.youtube.com/@mobrepair24,@MobRepair24,На ремонте у Дини,68,97,4,"Titles show display module and battery replacement on phones/tablets, direct hands-on repair evidence.",ремонт телефонов,UCNhFDZtqbVrwUeUuGtaIgWg,hands,phone-repair,wave1,2026-09-14
https://www.youtube.com/@mobxindia,@MobXIndia,MobX,496,257,4,"iPhone repair hub with titles showing logic board teardown, back panel replacement and network diagnostics.",phone repair | iphone repair,UCSZ6kPmfBR4YUD6vaT5vwcg,hands,phone-repair,wave1,2026-09-14
https://www.youtube.com/@mobifixpro-p6q,@MobiFixPro-p6q,MobiFixPro,858,140,4,"Focused on charging issues, IC problems, motherboard repairs, soldering and jumper solutions in short tutorials.",phone repair | mobile phone repair | motherboard repair,UC67ZW9mCpzDav7jux9VnYCA,hands,phone-repair,wave1,2026-09-14
https://www.youtube.com/@mobicare786,@Mobicare786,MOBICARE,1420,132,4,"Personal mobile repair channel with 17 years experience claim, likely hands-on tutorials though no titles shown.",mobile repairing | मोबाइल रिपेयरिंग | laptop repair,UCi7MS5a-i11ZgcOfDrfxAQQ,hands,phone-repair,wave1,2026-09-14
https://www.youtube.com/@mobicaresolution,@Mobicaresolution,Mobicare Solution,20100,839,4,"Mobile repair training channel covering IC/jumper work, dead mobile repair with real repairing videos claimed.",mobile repairing,UCzJfEE9Fn2OMPJABOL_y0KQ,hands,phone-repair,wave1,2026-09-14
https://www.youtube.com/@mobicationhub,@MobicationHub,Mobication Hub,18100,793,4,"Institute description details CPU reballing, eMMC programming, display glass changing with practical hardware training focus.",mobile repairing | mobile repairing course | emmc,UCI8WMJUwVT3du5DJGWgxvLg,hands,phone-repair,wave1,2026-09-14
https://www.youtube.com/@mobile-gyntech,@Mobile-gyntech,Mobile gyn tech,1930,265,4,"Mobile repairing channel describing display, motherboard, dead phone and water damage step-by-step repair videos.",phone repair | mobile repairing,UCdpBZa77m8-0c4iENeFModA,hands,phone-repair,wave1,2026-09-14
https://www.youtube.com/@mobiledoctorlabofficial,@MobileDoctorLabOfficial,MobileDoctorLab,239,55,4,"Dedicated smartphone repair channel promising step-by-step hardware fixes like screen, battery, charging and water damage.",phone repair | smartphone repair | iphone repair,UC-AvIKe6sK_2DRPdIyNn_yA,hands,phone-repair,wave1,2026-09-14
https://www.youtube.com/@mobileheartbeats,@MobileHeartBeats,MobileHeart,3100,436,4,"Channel dedicated to eMMC, CPU and power IC repair, board-level micro-soldering focus.",emmc,UCtFu2QGgTnA_bpxkX23X-7Q,hands,phone-repair,wave1,2026-09-14
https://www.youtube.com/@mobilelife-eh3tk,@MobileLife-eh3tk, Md Rubel Blogger ,1990,379,4,"Description mentions CPU reball, broken display, motherboard work — solid board-level repair signals.",mobile repairing,UClmJZ3KGp5QYOy95CG3dERQ,hands,phone-repair,wave1,2026-09-14
https://www.youtube.com/channel/uc4icjpua573isfreyeeqdba,@MobileLogicLab,Mobile Logic Lab,30,55,4,"Dedicated mobile hardware repair channel with titles on LCD/charging faults and reballing content, plus some FRP/unlock mentions.",mobile repairing,UC4ICjpua573ISFREyEeQDbA,hands,phone-repair,wave1,2026-09-14
https://www.youtube.com/@mobilemasters44,@MobileMasters44,Mobile Masters,48200,1408,4,Screen/glass replacement specialist shop channel covering multiple brands including flex bonding work.,phone screen replacement,UCNfJoH32NXZG45cyBb_nibw,hands,phone-repair,wave1,2026-09-14
https://www.youtube.com/@mobilephonecare01,@MobilePhoneCare01,Mobile Phone Care ,122,140,4,"Hindi channel dedicated to hardware repair topics (display, battery, charging connector) with claimed real practical videos.",mobile repairing hindi,UCtjMugY0tEhlLrvIMrthieA,hands,phone-repair,wave1,2026-09-14
https://www.youtube.com/@mobilephonerepairingcourse,@MobilePhoneRepairingCourse,Punjab Mobile Phone Repairing Course ,10,62,4,"Mobile repairing training channel covering battery, display, charging and IC replacement with practical bench lessons alongside software flashing.",mobile repairing | mobile repairing course | mobile repairing hindi | mobile repairing urdu,UCCWv2jDOcu6bOzMlCwzk6QA,hands,phone-repair,wave1,2026-09-14
https://www.youtube.com/@mobilerepairavdheshtelecom1,@MobileRepairAvdheshTelecom1,Mobile Repair Avdhesh,241,131,4,"Titles show battery repair and display folder replacement work alongside telecom services, solid hands-on repair evidence.",मोबाइल रिपेयरिंग,UCmWR1qsYtbaVFhDNK-FVZeQ,hands,phone-repair,wave1,2026-09-14
https://www.youtube.com/@mobilerepaircoursehyderabad,@MobileRepairCourseHyderabad,Mobile Repair Course Hyderabad,4340,262,4,Mobile repair training institute description emphasizing chip-level LED repairing course with practical bench focus.,phone repair | mobile repairing | mobile phone repair | cell phone repair | chip level | mobile repairing course | phone repair shop | mobile repairing telugu,UCIb3ql2g_6Ofl3PUq44Q0iA,hands,phone-repair,wave1,2026-09-14
https://www.youtube.com/@mobilerepairsandeep,@MobileRepairSandeep,Sandeep  mobile repair ,1620,322,4,"Dedicated mobile repair channel listing charging jack, battery, dead phone and IC work as core content.",phone repair | mobile repairing | phone repair shop,UCl_0ODlfVwiNB48KhqtYtMA,hands,phone-repair,wave1,2026-09-14
https://www.youtube.com/@mobilerepairingdhanbad,@MobileRepairingDhanbad,Mobile Repairing Shop Dhanbad,128,71,4,Shop channel with titles showing real jobs like display flicker fixes and dead phone repairs.,mobile repairing,UCUL54VORe3qSNEd012P3EFQ,hands,phone-repair,wave1,2026-09-14
https://www.youtube.com/@mobilerepairingsolution..s,@MobileRepairingSolution..S,Mobile Repairing Solution..S,70,52,4,"Titles show mic replacement and charging connect/disconnect fixes, real hands-on mobile hardware repair shorts.",mobile repairing,UCBk5it6XSoSNSf89E3cmn-g,hands,phone-repair,wave1,2026-09-14
https://www.youtube.com/@mobilerepairingtutorial,@MobileRepairingTutorial,Mobile Repairing Tutorial,63500,572,4,"Dedicated tutorial channel covering hardware and software repair across many phone brands, no titles shown.",mobile repairing | تعمیر موبایل,UCWbFVuq9hgJDX2fxIlkLLFQ,hands,phone-repair,wave1,2026-09-14
https://www.youtube.com/@mobilesolutionsvna,@MobileSolutionsVNA,Mobile Solutions VN,3980,84,4,Vietnamese channel dedicated to sharing phone repair knowledge and technical support for technicians.,sửa chữa điện thoại,UCsXWM-wkjntmbXMEDQKwM5g,hands,phone-repair,wave1,2026-09-14
https://www.youtube.com/@mobiletwin,@MobileTwin,แฝดโมบาย บางปะกง,161,160,4,"Titles show detailed board reassembly, soldering temperature testing and BGA/board work under microscope for phones.",ซ่อมมือถือ,UCnDhFZo1lLxkogNIdUkqD-g,hands,phone-repair,wave1,2026-09-14
https://www.youtube.com/@mobile_repair_guruji,@Mobile_Repair_Guruji,Mobile Repair Guruji,647,93,4,CPU/eMMC repair solutions and dead phone fixing tutorials mixed with tool sales and training promotion.,mobile repairing | emmc | mobile phone repair | mobile repairing course | mobile repairing hindi,UCohIk5S0MqtZQht4z4o0dTg,hands,phone-repair,wave1,2026-09-14
https://www.youtube.com/@mobile_techcare,@Mobile_TechCare,Mobile Tech Care,392,91,4,"Dedicated mobile repair channel listing screen, motherboard, IC and battery replacement work with repair-focused titles.",phone repair | mobile repairing | mobile phone repair | motherboard repair,UCOWbWGp0aCP6E-fA0tzwI_g,hands,phone-repair,wave1,2026-09-14
https://www.youtube.com/@mobilecare_amir,@Mobilecare_amir,Mobile care communication,296,59,4,"Titles show actual repairs: CPU work, display change, back cover change on real phones.",mobile repairing,UCt0Gifw-Te1XnI-BtVMUzcA,hands,phone-repair,wave1,2026-09-14
https://www.youtube.com/@mobiledoctorexperience,@MobiledoctorExperience,Mobile doctor Experience,278,119,4,Titles show real display change repairs on phones like Oppo A38.,mobile repairing,UC-SjCfEgu0cCkOsCEJnFOng,hands,phone-repair,wave1,2026-09-14
https://www.youtube.com/@mobilefix0077,@Mobilefix0077,Mobile fix ,121,59,4,Screen and glass replacement repair shop description covering premium phones and folds with clear repair scope.,phone repair | mobile phone repair,UCo5CqdeDzCBSubqgSGG9WkQ,hands,phone-repair,wave1,2026-09-14
https://www.youtube.com/@mobilefix_pro,@Mobilefix_pro,Mobilefix_pro,78,73,4,Titles show real dead phone/board-level fixes like short circuit and radio IC issues in Hindi.,phone repair | mobile phone repair,UCOSpyf5kgPm1JACKZQ9EW1w,hands,phone-repair,wave1,2026-09-14
https://www.youtube.com/@mobilefixit_wakad,@Mobilefixit_wakad,Mobile Fixit ( The Fold Technician ),639,176,4,"Titles show real fold phone display, hinge and motherboard repairs at a Pune repair shop.",phone repair | smartphone repair | phone screen replacement | phone motherboard repair,UCv3rmLa2-XkzJloxs3WmAsA,hands,phone-repair,wave1,2026-09-14
https://www.youtube.com/@mobilehardwaremanish,@Mobilehardwaremanish,manishsatna,159,58,4,"Titles show schematic-based charging and hardware solutions for specific phone models, indicating real repair work.",मोबाइल रिपेयरिंग,UCDkkpCd9GpCBrQCAyt7CVwg,hands,phone-repair,wave1,2026-09-14
https://www.youtube.com/@mobilehelp7,@Mobilehelp7,Mobile Repair No1,136000,1182,4,"Description emphasizes chip-level diagnostics, motherboard micro-soldering, and hardware solutions with repair case format.",phone repair | mobile repairing | smartphone repair | phone motherboard repair | micro soldering phone | chip level repairing,UCV4mAvFspwqbIp68l1NkGvg,hands,phone-repair,wave1,2026-09-14
https://www.youtube.com/@mobileinstitutesitamarhi,@MobileinstituteSitamarhi,Mobile institute Sitamarhi,54,57,4,Mobile repairing institute with live practical training including chip-level and hardware repair sessions.,mobile repairing | chip level | mobile repairing course,UClVoECYMJyUqnGFTTFdyxcA,hands,phone-repair,wave1,2026-09-14
https://www.youtube.com/@mobilerepairingcoursee,@Mobilerepairingcoursee,Mobile repairing course,9600,549,4,"Mobile repairing course channel focused on jumper solutions, disassembly and combo replacement videos.",phone repair | mobile repairing | mobile phone repair | mobile repairing course | electronics repair course,UCQtJ427ju20pEMjRqLssGGA,hands,phone-repair,wave1,2026-09-14
https://www.youtube.com/@mobilesupport564,@Mobilesupport564,Mobile Support,2730,131,4,"Channel dedicated to screen, battery and charging-port repair tutorials across multiple phone brands.",phone repair | mobile phone repair,UCjBwUjMSorSIvhRkiJp81Xw,hands,phone-repair,wave1,2026-09-14
https://www.youtube.com/@mobiletechcsm,@MobiletechCSM,Mobile Tech Comunicaciones,388,81,4,Spanish micro-soldering and board-level phone/laptop repair shop with technical focus.,microsoldadura | microsoldadura celulares,UCWzVhu1CE9Gdpwe9gq8pvlA,hands,phone-repair,wave1,2026-09-14
https://www.youtube.com/@mobiletechdude,@Mobiletechdude,Mobile tech Dude,47200,2156,4,"Channel dedicated to mobile repairing videos, disassembly and repairing solutions.",mobile repairing,UCiytzhxdZ3r0dLL7TNhjVhw,hands,phone-repair,wave1,2026-09-14
https://www.youtube.com/@mobiletechzone986,@Mobiletechzone986,Mobile tech Zone 986,1570,414,4,"Arabic/Urdu mobile repairing channel description lists dead repair, water damage, EMMC/UFS, baseband fixes indicating hands-on bench work.",صيانة الهواتف,UCXhOmXN0kZ1VbPXnX2Ubkaw,hands,phone-repair,wave1,2026-09-14
https://www.youtube.com/@mobiletipesd.c,@Mobiletipesd.c,Deepak communication mobile shop ,87,55,4,"Titles show battery replacement, folder connector, glass punching and charging pin replacement work on camera.",mobile repairing,UC7K-FYFzYX2m8Zr6T6n6tiw,hands,phone-repair,wave1,2026-09-14
https://www.youtube.com/@mohsin_official_4fx7lv7w,@Mohsin_official_4fx7lv7w,Mohsin Mojumder 7899,1370,563,4,Description details chip-level and motherboard repair work including CPU reballing and eMMC repair.,phone repair | motherboard repair | emmc,UC5MwljTqu3dXw5ik6JGOL4A,hands,phone-repair,wave1,2026-09-14
https://www.youtube.com/@monumobilerepairingsh,@MonuMobileRepairingSH,Monu Mobile Repairing SH,129000,949,4,"Detailed IC-level chip work list (power IC, eMMC, CPU IC) indicates real board-level repair focus.",mobile repairing | emmc | smartphone repair | phone repair shop | मोबाइल रिपेयरिंग | electronic repairing,UCrf5xuRSiDbfOReirdT1y_g,hands,phone-repair,wave1,2026-09-14
https://www.youtube.com/@motorola2s,@Motorola2026s,Surajmobile56s ,168,366,4,"Titles show hands-on phone repair steps like folder removal, charging jack fitting, and display replacement.",mobile repairing,UCTBKhnVmDRdBzDX46cbd6VA,hands,phone-repair,wave1,2026-09-14
https://www.youtube.com/@mr.deepakmobile2,@Mr.deepakmobile2,Mr. Rocky Deepak,239,71,4,Titles show specific repairs: charging pin solution and water damage display fix on real phones.,mobile repairing,UCHAi4x8bJqZnr92JjOg7Zug,hands,phone-repair,wave1,2026-09-14
https://www.youtube.com/@mrphone_tech,@MrPhone_Tech,Mr Phone Tech,611,118,4,"Covers chip-level repair, display, battery, charging and water damage solutions for phones with tutorial focus.",phone repair | mobile phone repair,UCNwkU9JclZ-wVYcWuKCuxJQ,hands,phone-repair,wave1,2026-09-14
https://www.youtube.com/@mrthanhservice,@MrThanhService,Mr Thành Apple,8260,307,4,iPhone/iPad/MacBook repair shop and training center with technician skill focus described.,sửa chữa điện thoại,UCwM0b8l_ublAA8nIJQw4xdg,hands,phone-repair,wave1,2026-09-14
https://www.youtube.com/@mrallin-one,@Mrallin-one,Mr.অল ইন ওয়ান,1330,139,4,Bengali channel focused on hardware/software mobile repair discussing eMMC and dead boot issues.,emmc,UCiQdSHCjuAuT731g_3VEacw,hands,phone-repair,wave1,2026-09-14
https://www.youtube.com/@mti_kanpur,@Mti_kanpur,MTI Mobile & Laptop Repairing Institute,4760,318,4,"Mobile/laptop repairing institute emphasizing live chip-level practical training, strong topic fit with course format.",chip level | emmc | mobile repairing | mobile repairing course | chip level repairing | laptop repair | laptop repairing | chip level repair | laptop repair course,UCEvzawFuOKBVBgteYAnpKDA,hands,phone-repair,wave1,2026-09-14
https://www.youtube.com/@mubindanawala,@MubinDanawala,Mubin Danawala,11400,179,4,"LCD/glass screen replacement shop channel using automatic machines, shows repair process on camera.",mobile repairing,UCnNI8lxZuzp_pIqCIE1CUtA,hands,phone-repair,wave1,2026-09-14
https://www.youtube.com/@muhammadrizwan-bi9ob,@MuhammadRIZWAN-bi9ob,Iphone repairing 313_lab,165,86,4,iPhone repairing lab with titles showing battery replacement and part swaps demonstrating hands-on repair work.,phone repair | mobile phone repair | iPhone repair,UCAf6T7mal6qTFMCJ7QaOmsg,hands,phone-repair,wave1,2026-09-14
https://www.youtube.com/@muhammadwaqar-oh4fz,@MuhammadWaqar-oh4fz,waqar RTX,365,156,4,"Titles show step-by-step charging port replacement, multimeter diagnostics and LCD change guides.",phone repair | mobile repairing | mobile phone repair | mobile repairing course | mobile repairing urdu,UChDysbahIvGjcIIrVNG3rcw,hands,phone-repair,wave1,2026-09-14
https://www.youtube.com/@muhammadasifazeemi,@Muhammadasifazeemi,Muhammad “Azeemi” asif,5790,97,4,"Mobile repair training channel with business advice mixed in, practical repair course focus.",phone repair | mobile repairing | mobile phone repair | cell phone repair | mobile repairing course | mobile repairing urdu | electronics repair course | electronics repairing institute,UCqVI8jXhiD1j8QIXh2VLfJw,hands,phone-repair,wave1,2026-09-14
https://www.youtube.com/@nctech090,@NCTECH090,NC TECH ,1940,249,4,"Dedicated phone repair channel description covering charging issues, dead phone repair, screen and motherboard diagnostics.",phone repair | mobile phone repair | phone screen replacement,UCKJuF3lNzOy0d9dwN4ioS_A,hands,phone-repair,wave1,2026-09-14
https://www.youtube.com/@naimmia-i2k,@NaimMia-i2k,Professional Mobile Training Institute 01,153,62,4,Mobile repair training institute covering iPhone and Android hardware repair with hands-on focus.,phone repair | mobile repairing | iphone repair,UCR1qQ7cdn1u44bCUlnip6xQ,hands,phone-repair,wave1,2026-09-14
https://www.youtube.com/@namobilelab,@Namobilelab,Namobilelab,111,97,4,"Titles show real jumper solutions and charging point repairs on specific phone models, hands-on hardware fixes.",mobile repairing,UCDFv6A9Ou5VbDhG-LS-JZaw,hands,phone-repair,wave1,2026-09-14
https://www.youtube.com/@nasinfotech,@Nasinfotech,Nas Info Tech,132,69,4,"Chip-level and eMMC training/repairing channel with hardware and software combined, practical bench training implied.",chip level | emmc,UC6Ed2DAjFew5a9eyL8HIhEQ,hands,phone-repair,wave1,2026-09-14
https://www.youtube.com/@naskarbaburepairing,@Naskarbaburepairing,Naskar Telecom,238,58,4,"Mobile repairing channel titles show power button, battery connector, CPU removal and stencil tool demos.",mobile repairing,UCL0JpArvgyJ1BxZl8Lgs9dg,hands,phone-repair,wave1,2026-09-14
https://www.youtube.com/@nationalmobilerepairservice,@NationalMobileRepairService,National Mobile Repair Service Center,4760,113,4,Repair shop titles show real glass and flex cable replacement work on iPhones and Samsung folds.,mobile repairing | phone screen replacement | phone repair shop | tablet repair,UC89WEjBWJoQztmdRosoksUA,hands,phone-repair,wave1,2026-09-14
https://www.youtube.com/@natore95kviews,@Natore95kviews,TM Ashik vai music club ,10500,377,4,"Describes micro-soldering, IC replacement, screen swaps as a repair course despite odd music-club channel name.",phone repair | mobile phone repair | cell phone repair,UCkY7joRR7KoTMkijT5GTkMA,hands,phone-repair,wave1,2026-09-14
https://www.youtube.com/@navadurgamobilerepairkolhapur,@Navadurgamobilerepairkolhapur,Sri navadurga mobile repair ,1050,141,4,"Phone service shop listing display, battery, charging, IC and processor repair work, repair-focused description.",mobile repairing,UCWyEAbJPhghdXNhA8iAB5gg,hands,phone-repair,wave1,2026-09-14
https://www.youtube.com/@navkarmobiledk,@Navkarmobiledk,Navkar Mobile ,1650,136,4,"Shop-experience based channel describing charging, display, motherboard repair content, practical repair logic emphasized.",phone repair | mobile repairing | mobile phone repair,UCldtWQhXRzBH0BYkpV--LMQ,hands,phone-repair,wave1,2026-09-14
https://www.youtube.com/@newheeramobilerepairing,@Newheeramobilerepairing,New heera mobile repairing ,95,86,4,"Titles show charging socket replacement on android phones, direct hands-on repair demonstration.",mobile repairing,UCMYbXheu0P-PlSMBTdmRqZg,hands,phone-repair,wave1,2026-09-14
https://www.youtube.com/channel/ucocjykepusse5xdc8kp65rq,@NiceMobileService,Nice Mobile Service,40,127,4,"Thai repair shop with titles showing screen and body replacement for Oppo and Redmi phones, some laptop work too.",ซ่อมมือถือ,UCOCJyKepUSse5xdc8kP65rQ,hands,phone-repair,wave1,2026-09-14
https://www.youtube.com/@nilaymobilecare,@NilayMobilecare,Nilay Mobile Care,847,152,4,"Titles show disassembly, folder replacement and charging issue fixes on real phones with clear repair steps.",mobile repairing,UCq5ARWqHEPS_-jFGeeos0Pg,hands,phone-repair,wave1,2026-09-14
https://www.youtube.com/@nirajd.mobile.repair,@NirajD.mobile.repair,NirajD mobile repair,771,293,4,Titles show specific fault diagnosis and repair solutions for various Samsung and Redmi phones.,mobile repairing,UCQt_oGFuHI8Vu_rpzhoLPTQ,hands,phone-repair,wave1,2026-09-14
https://www.youtube.com/@nooncomputerstamil,@NoonComputersTamil,Noon Computers Tamil,17800,133,4,"Description explicitly details micro-soldering, IC reballing, reworking with in-depth technical hardware videos.",mobile repairing | micro soldering | mobile repairing tamil,UC7jtRuFYpUxi6hOva8Msy_g,hands,phone-repair,wave1,2026-09-14
https://www.youtube.com/@officialgolutech.555,@OfficialGolutech.555,Official Golu tech.,322,94,4,"Titles show step-by-step charging port replacement tutorial, indicating hands-on repair content focus.",mobile repairing,UClePnyoE16y-zHAK8hHklzg,hands,phone-repair,wave1,2026-09-14
https://www.youtube.com/@om_mobile_solution,@Om_Mobile_solution,Om Mobile Solution,157,67,4,CPU IC cleaning and charging jack replacement titles show chip-level and hardware repair work.,mobile repairing | chip level | mobile repairing course,UCzVl7CVBf1ogDl7sW_T9Mhw,hands,phone-repair,wave1,2026-09-14
https://www.youtube.com/@ommobilecare09,@Ommobilecare09,Om Mobile Care,233,91,4,"Titles show dead phone solutions, restart fixes and connector replacement, real repair work.",mobile repairing | tablet repair,UCnAvnM5tgc_bzFzBP1lpuEA,hands,phone-repair,wave1,2026-09-14
https://www.youtube.com/@omrtech,@Omrtech,Omr Tech Mobile Institute ,1080,78,4,"Mobile repair training institute description details SMD, IC and BGA reballing practical courses.",mobile repairing | mobile repairing course,UC2a_wTHwfCwfB4KHLGxWwFA,hands,phone-repair,wave1,2026-09-14
https://www.youtube.com/@omtelecom209,@Omtelecom209,Om Telecom repair tricks ,1790,265,4,"Description details charging, display/touch, speaker, battery and dead phone repair tips with regular repair video uploads.",phone repair | mobile repairing,UCwUPRX-d8C9pJXGIOZHIH4g,hands,phone-repair,wave1,2026-09-14
https://www.youtube.com/@oneclickphonerepairs,@Oneclickphonerepairs,OneClick Phone Repairs,751,197,4,"Local phone repair shop listing screen, battery, water damage and charging port services with clear repair focus.",phone repair | phone screen replacement | iPad repair,UCoL1fs_kcFG-BIMkHV947Ug,hands,phone-repair,wave1,2026-09-14
https://www.youtube.com/@osgmobileinstitute,@OsgmobileInstitute,Osgmobile Institute,3680,1098,4,Chip-level training institute with practical live training sessions for mobile and iPhone repair.,chip level | mobile repairing course,UCTu7YB-hH4KUxDEdJsWDR8w,hands,phone-repair,wave1,2026-09-14
https://www.youtube.com/@p.kmobilerepair,@P.KMobileRepair,Pk phone repair ,329,59,4,"Display/touch replacement, charging jack repair, back glass change titles show real hands-on phone repair work.",phone repair | mobile repairing,UCHqM47fkcqtPP7mlr4YyCOQ,hands,phone-repair,wave1,2026-09-14
https://www.youtube.com/@parmanandtech,@P2GSM,P2Gsm ,1460,176,4,"Chip-level mobile repair channel covering IC/CPU/eMMC reballing, power and network faults with hands-on hardware focus.",mobile repairing | chip level | emmc,UCBA5qKMtgKhK5URYVtJMZ9w,hands,phone-repair,wave1,2026-09-14
https://www.youtube.com/@pj7tech,@PJ7Tech,PJ7TECH,76800,2027,4,"Mobile repairing institute with chip-level, motherboard, and IC repair training content described in detail.",mobile repairing | chip level | motherboard repair | microsoldering | mobile repairing course | emmc,UCNA6NP7QVvz7-Bz05jPbKdQ,hands,phone-repair,wave1,2026-09-14
https://www.youtube.com/@pk.mobile.repair,@PK.Mobile.repair,Pravesh.Mobile.Repairing ,534,96,4,Dedicated mobile repairing channel with step-by-step videos and dead phone repair solutions described.,phone repair | mobile repairing,UCdy_DI8selmTEc0mRPJBRrg,hands,phone-repair,wave1,2026-09-14
https://www.youtube.com/@pnrmobileinstitute,@PNRMobileInstitute,PNR Institute Of Mobile Excellence,528,61,4,Institute channel with practical bench-session titles like dead solution and auto restart fixes with step-by-step methods.,phone repair | mobile phone repair | mobile repairing telugu,UCRMBdpWW9umx-2LNmlbqUqQ,hands,phone-repair,wave1,2026-09-14
https://www.youtube.com/@prgclips,@PRGClips,PRG CLIPS,89000,425,4,"Clips channel repurposing Phone Repair Guru's long-form repair videos, authorized derivative content.",phone repair,UCvdWmAe3PwSp7C2J5_xzr0Q,hands,phone-repair,wave1,2026-09-14
https://www.youtube.com/@palmobile73,@Palmobile73,Pal Mobile dantewada ,2180,429,4,"Description explicitly promises real practical mobile repair videos covering display, charging, motherboard.",mobile repairing | मोबाइल रिपेयरिंग,UCkv5JUSAn6_yIjHZLrxl1rA,hands,phone-repair,wave1,2026-09-14
https://www.youtube.com/@parmeniongougousis,@ParmenionGougousis,Parmen Repair,819,85,4,Repair channel showing phone screen and back glass replacements but mixes in PC and console repair.,phone repair | mobile phone repair,UCKuGB1IV4xJGT-r9rIB82Xw,hands,phone-repair,wave1,2026-09-14
https://www.youtube.com/@parveentechmobile,@ParveenTechMobile,Parveen Tech Mobile,15700,1727,4,"Detailed description of combo replacement, charging port, water damage repair across many brands, hands-on repair focus.",mobile repairing,UCj0yQXlY23jPqwebD6xoUXg,hands,phone-repair,wave1,2026-09-14
https://www.youtube.com/@paul_gadgets001,@Paul_gadgets001,Paul Gadgets,307,144,4,"Describes hand-to-hand mobile repairing including CPU/RAM IC reballing, screen, battery replacement work.",phone repair | mobile repairing | smartphone repair,UCPerm60H0tx9Th-pyAnb4GQ,hands,phone-repair,wave1,2026-09-14
https://www.youtube.com/@phonefixokinawa,@PhoneFixOkinawa,Phone Fix Okinawa,83,96,4,"Repair shop channel claiming real repair videos of smartphones, though marketing-heavy description.",phone screen replacement,UCrImZQa7qajGiQhTbujB_Pw,hands,phone-repair,wave1,2026-09-14
https://www.youtube.com/@phonefixzonee,@PhoneFixZonee,PhoneFixZone,4470,58,4,"Description details connector rework, soldering, IC-level troubleshooting and real customer repair videos.",phone repair | mobile repairing,UC7fmOg3VU4aeG9rHraE1BCQ,hands,phone-repair,wave1,2026-09-14
https://www.youtube.com/@phonehospitalshop,@PhoneHospitalshop,Phone Hospital,60,165,4,Repair shop channel showing real screen replacements and micro-soldering across phones and other devices.,micro soldering phone,UCwEqoiVPJqojGKzft_zxQmg,hands,phone-repair,wave1,2026-09-14
https://www.youtube.com/@phonerepairbd,@PhoneRepairBD,Phone Repair BD,230,177,4,"Dedicated phone repair channel covering display, battery, glass, camera and IC/CPU reballing across multiple brands.",phone repair,UCRMs_z7sLa7mFZ7RdVE_HLQ,hands,phone-repair,wave1,2026-09-14
https://www.youtube.com/@phonerepairguruh,@PhoneRepairGuruh,Phone Repair Guru India ,29,60,4,"Description lists display, battery, charging, dead phone and water damage repair step by step in Hindi.",phone repair | mobile repairing | iphone repair,UC8sEpQWPeElm3VpRCmJHf_A,hands,phone-repair,wave1,2026-09-14
https://www.youtube.com/@phonerepairro,@PhoneRepairRO,Phone Repair RO,4350,65,4,Microsoldering-focused phone repair channel name with concise electronics repair description.,microsoldering,UCxEQU9iUjjbnW_L55AdhrJg,hands,phone-repair,wave1,2026-09-14
https://www.youtube.com/@phonedoctorxyz,@Phonedoctorxyz,phone doctor xyz,178,77,4,"Touch screen replacement, mic repair without SMD machine, charging port change - real hands-on mobile repair demos.",mobile repairing,UCa3g_kDzKjqzIPlak5MHe3Q,hands,phone-repair,wave1,2026-09-14
https://www.youtube.com/@phonefixgumla,@PhonefixGumla,Phone fix Gumla 📲,4190,143,4,"Repair channel description promises step-by-step screen, camera, and battery repair tutorials.",phone repair | mobile phone repair | smartphone repair,UCgeidgfoRxVChFjzwKwyxEw,hands,phone-repair,wave1,2026-09-14
https://www.youtube.com/@phonefixbd-k2z,@Phonefixbd-k2z, Phone Fix Bd,234,85,4,"Titles show real charging port, water damage and no-display repair jobs on phones.",phone repair | mobile phone repair,UCaC_VK-zp3iAQiqFpdJAKMw,hands,phone-repair,wave1,2026-09-14
https://www.youtube.com/@phoneguru1,@Phoneguru1,PHONE GURU 1,165,96,4,"Titles show real display/LCD change and keypad repair work, phone-focused hands-on channel.",mobile repairing,UCrE5OoRSyaTwA121sWTThYQ,hands,phone-repair,wave1,2026-09-14
https://www.youtube.com/@phonerepairtech77056,@Phonerepairtech77056,Phone Repair Tech,941,113,4,"Repair shop filming daily customer phone, tablet and computer repairs though consoles also included.",phone repair | phone repair shop | tablet repair | iPad repair,UCPoE5kCx4Yf9Oazv7Hwn-NQ,hands,phone-repair,wave1,2026-09-14
https://www.youtube.com/@phonetechnician-e8j,@Phonetechnician-e8j,Phone Technician,4130,147,4,"Free mobile repair course covering micro-soldering, IC replacement, screen swaps and diagnostics across brands.",phone repair | mobile phone repair | cell phone repair | electronics repair course,UCqJW3bSzoDaqsDxB89_l0fg,hands,phone-repair,wave1,2026-09-14
https://www.youtube.com/@phoneway_technical,@Phoneway_Technical,Phoneway Technical Institute ,95600,723,4,Technical institute focused on eMMC/UFS hardware and schematic-based practical repair training.,emmc,UCKiDwuZUOsKz-Gw1o4NVVHQ,hands,phone-repair,wave1,2026-09-14
https://www.youtube.com/@phonology2.0-zv7ig,@Phonology2.0-zv7ig,Phonology Mobile Training Institute ,866,74,4,"Chip-level training institute covering CPU/eMMC reball, dead phone repair and schematic tracing alongside software topics.",phone repair | chip level | emmc | mobile repairing course | electronics repair course,UCTLfUpeu6K591XhVAnrrGwA,hands,phone-repair,wave1,2026-09-14
https://www.youtube.com/@phulpurmobileworld2.0,@PhulpurMobileWorld2.0,Mobile World Phulpur,1910,115,4,Bangla mobile repairing tutorial channel with business tips and tool pricing content mixed in.,mobile repairing bangla,UCFwc9CxSLkTV-1SgORrIsFQ,hands,phone-repair,wave1,2026-09-14
https://www.youtube.com/@pintumobile21,@PintuMobile21,Pintu Mobile 21,102,91,4,"Titles show real display and charging port repair jumper work across various phone models, hands-on format.",mobile repairing,UC28XQGPxNuB5OXuCpmAqseQ,hands,phone-repair,wave1,2026-09-14
https://www.youtube.com/@planetagsm-repair,@PlanetaGSM-Repair,Planeta GSM,154000,342,4,Colombian channel explicitly focused on cellphone repair tutorials and microelectronics teaching.,reparación de celulares | reparación de móviles | microsoldadura celulares,UCYod7WAk6qXZIiHzrDKXb-A,hands,phone-repair,wave1,2026-09-14
https://www.youtube.com/@pluskor,@Pluskor,Михаил Плюско,222000,815,4,"Repair service channel for phones, laptops and tablets with hands-on troubleshooting focus.",ремонт телефонов,UCHTmsYkPWasd-9BrCcPNUBA,hands,phone-repair,wave1,2026-09-14
https://www.youtube.com/@pradumkumar-w8g5s,@PradumKumar-w8g5s,lucky mobile up,295,264,4,"Mobile repair channel with titles showing charging connector replacement and button fixes, solid hands-on repair evidence.",मोबाइल रिपेयरिंग,UCOAu4hDPvFp75HalAcAXM_A,hands,phone-repair,wave1,2026-09-14
https://www.youtube.com/@pranajaservicehp,@PranajaServiceHp,Pranaja Service Hp,27200,510,4,Cellphone service channel description details hardware and software repair sharing with practical technician experience.,servis hp,UC_wLUEREK8xHKyESVoHI7Rw,hands,phone-repair,wave1,2026-09-14
https://www.youtube.com/@pranujummidiappletech,@PranuJummidiAppleTech,Pranu Jummidi  Apple Tech,1190,117,4,"Experienced technician channel covering disassembly, LCD replacement and chip-level repair courses.",mobile repairing | chip level,UCmKwEESFO_3bkQ3i46Ua-GA,hands,phone-repair,wave1,2026-09-14
https://www.youtube.com/@prashantprabhakarrpppromotion,@PrashantPrabhakarRppPromotion,Prashant Prabhakar Rpp  Promotion ,7210,196,4,"Mobile repairing course channel with chip-level, IC reballing, shorting and schematic diagram content.",phone repair | mobile repairing | iphone repair | chip level | mobile repairing course,UC787eOydkYqmE7H61y-162w,hands,phone-repair,wave1,2026-09-14
https://www.youtube.com/@princekumar-ci3mn,@PrinceKumar-ci3mn,Prince Mobile hub 95@,260,144,4,"Titles show camera lens replacement, back panel work, eMMC/CPU removal and reballing techniques on camera.",मोबाइल रिपेयरिंग,UC4e0prD53eYk0T923xr0Nmg,hands,phone-repair,wave1,2026-09-14
https://www.youtube.com/@priyamobilebantva,@PriyaMobIlebantva,PRIYA MOBILE BANTVA,77,96,4,"Titles show real screen/back/volume button replacements on Android phones, hands-on repair shorts format.",phone repair | mobile repairing | mobile phone repair | تصليح الموبايل,UCPT1KaUYLMvfAOC2kfBp8Tg,hands,phone-repair,wave1,2026-09-14
https://www.youtube.com/@punjabmobile.official,@PunjabMobile.official,Punjab Mobile Official ,864,62,4,"Mobile repairing training channel covering display, battery, charging IC replacement with step-by-step tutorials mentioned.",mobile repairing | mobile repairing course | mobile repairing hindi | mobile repairing urdu,UCQa6svxo-qrdKHONh0mZGFA,hands,phone-repair,wave1,2026-09-14
https://www.youtube.com/@punjabmobilehallroadlahore,@PunjabMobileHallRoadLahore,Punjab Mobile Repairing and Training Center,29300,220,4,Mobile repair training center description emphasizing hardware/software diagnostics and hands-on institute training.,mobile repairing | phone repair | mobile phone repair | mobile repairing course | phone repair shop | मोबाइल रिपेयरिंग | mobile repairing urdu | mobile repairing bangla,UC_A6bnZZwUJnujMU507-CVQ,hands,phone-repair,wave1,2026-09-14
https://www.youtube.com/@purabmobile264,@Purabmobile264,PURAB.MOBILE,167,72,4,Titles show real LCD replacement and phone restoration work on cracked/damaged devices.,phone repair,UCMSVi_ZO-Gvp8QTJt0co4ag,hands,phone-repair,wave1,2026-09-14
https://www.youtube.com/@qtek_mobiles,@Qtek_mobiles,QTEK MOBILES,645,53,4,"Mobile repair and training center channel, name signals hands-on repair bench content.",mobile repairing tamil,UCDHbSqGYBqQfLKOujXiNiiA,hands,phone-repair,wave1,2026-09-14
https://www.youtube.com/@quickfix24,@QuickFix24,Quick Fix ,1230,195,4,iPhone/MacBook/Android repair shop showing real customer repairs including screen and battery work.,phone repair | smartphone repair | watch crystal replacement,UCCnwpFQB1dVd1jPpgd--4fw,hands,phone-repair,wave1,2026-09-14
https://www.youtube.com/@quickrepair_official,@QuickRepair_official,Quick Repair,311,394,4,Repair shop channel showing real screen and backshell replacement transformations on iPhones and Samsungs.,phone repair | smartphone repair,UCTaDK2KNiDt9cq-rpCAYskw,hands,phone-repair,wave1,2026-09-14
https://www.youtube.com/@quisitechph,@QuisiTechPH,QuisiTech,3550,269,4,Dedicated phone restoration channel covering cracked screens and full restorations across many brands.,phone repair | mobile phone repair,UChY2ggfj8bLcLUF3vLwRZqQ,hands,phone-repair,wave1,2026-09-14
https://www.youtube.com/@repairhub77,@REPAIRHUB77,REPAIR HUB,316,155,4,Chip level repair shop with titles showing touch glass replacement and network IC service across brands.,chip level | chip level repairing,UCF9gkJLLAf8lB-HX7XrGlKA,hands,phone-repair,wave1,2026-09-14
https://www.youtube.com/@riparazione,@RIPARAZIONE,ZXR TECH,1350,130,4,"Self-described mobile phone repairman offering to record repair videos on request, dedicated repair channel.",phone repair | mobile phone repair,UCZRF3-ZS2iSgqR8N6V2ZoUQ,hands,phone-repair,wave1,2026-09-14
https://www.youtube.com/@rsmobilestore4670,@RSMobileStore4670,RS Mobile Store,156,107,4,"Description details EMMC repair methods, component replacement guides and troubleshooting series suggesting real repair education content.",emmc,UCXHvBJ5tDKSVIc-XpunPeLQ,hands,phone-repair,wave1,2026-09-14
https://www.youtube.com/@rttechnology1,@RTtechnology1,RT technology,591,57,4,Titles show real display and charging port replacements alongside some FRP unlock content.,mobile repairing | mobile repairing bangla,UCi6nLcK1ZsvnQiisDecmMZg,hands,phone-repair,wave1,2026-09-14
https://www.youtube.com/@rachitmobile,@Rachitmobile,Rachit Communication,744,212,4,"Mobile repairing training channel with concrete titles on water damage LCD connector, boot sequence, reballing showing bench work.",mobile repairing | emmc,UCkh0rn_1bYR-5t0g4kvZMrg,hands,phone-repair,wave1,2026-09-14
https://www.youtube.com/channel/uccxfausplwlgruohhz6l9aw,@RafaelMorenoTec,Rafael Moreno Tec,490,104,4,"Spanish channel teaching step-by-step phone/tablet repair including screen, charging pin and battery changes.",reparación de celulares | reparación de móviles,UCcXFAUsPlwlGrUOHHZ6l9aw,hands,phone-repair,wave1,2026-09-14
https://www.youtube.com/@rahulblog-rl,@Rahulblog-RL,Rahul mobile ripering ,122000,607,4,"Mobile repair shop vlog channel covering hardware/software fixes, dead phone and display/charging problems.",mobile repairing | mobile phone repair,UC4cPzF_ni6YdWs-wt97jMnA,hands,phone-repair,wave1,2026-09-14
https://www.youtube.com/@raichurtech,@RaichurTech,Raichur Tech,479,254,4,Titles show real hardware fault repairs like charging and dead phone solutions with schematic diagrams referenced.,phone repair | smartphone repair,UCwlJjw685ItRkQKqxRDvHmA,hands,phone-repair,wave1,2026-09-14
https://www.youtube.com/@rajthapamobile,@RajThapamobile,SAB Mobile & Electric ,336,136,4,Titles show phone display replacements across multiple brands at a repair shop.,laptop repair,UCdVdGBkY6NgjrSKNYl-d4bw,hands,phone-repair,wave1,2026-09-14
https://www.youtube.com/@rajmobilerepar0786,@Rajmobilerepar0786,Android mobile solution,157,77,4,"Titles show dead phone repair and CPU reball solutions for specific models, real bench fault-fix format.",phone repair,UCQFG-63jW7E1nM0uPANy4yQ,hands,phone-repair,wave1,2026-09-14
https://www.youtube.com/@ramanmobilerepair,@RamanMobileRepair,mobile world,3160,290,4,"Hindi mobile repair channel describing specific tasks: jack, mic, IC, display, touch, battery, body replacement.",صيانة الهواتف | تعمیر موبایل,UCLJBjnWtdHWql6LmTIY-etw,hands,phone-repair,wave1,2026-09-14
https://www.youtube.com/@rambir120,@Rambir120,Rambir Mobile Solutions ,330,145,4,Motherboard/EMMC and LCD combo repair videos mixed with FRP/software unlock content.,mobile repairing | motherboard repair,UCfbwzN7VJyUbQTPnl28o4FQ,hands,phone-repair,wave1,2026-09-14
https://www.youtube.com/channel/ucgwlsn3pzbqtr0prbj3ftsq,@RapSharmamobile,Rap Sharmamobile,150,73,4,Titles show real fault diagnosis and dead-phone/charging solutions across multiple phone models.,mobile repairing,UCGWLSN3PzbQtR0prBJ3fTSQ,hands,phone-repair,wave1,2026-09-14
https://www.youtube.com/@raselmobileheart,@RaselMobileHeart,Rasel Mobile Heart,96,95,4,"Description details screen and battery replacement tutorials with step-by-step format, strong topical alignment.",phone repair | mobile phone repair | smartphone repair,UCRg7kjhTdBveLvpmeyJJXTw,hands,phone-repair,wave1,2026-09-14
https://www.youtube.com/channel/ucxqd13syrhsh1mipvfqkg2a,@RavendraMobilerepairing,RK Mobile repair H/W solution,346,63,4,"Titles show display change, battery change and charger repair with hands-on demonstrations.",mobile repairing,UCxqd13syrHSh1MIPvfQKG2A,hands,phone-repair,wave1,2026-09-14
https://www.youtube.com/@remteltagil,@RemTelTagil,Repair phone NT,147,54,4,"Repair shop channel with titles showing case removal, cover disassembly and charging port desoldering.",smartphone repair,UC689nZ6rUOJ6hukmY_tVXaQ,hands,phone-repair,wave1,2026-09-14
https://www.youtube.com/@repairmasterindia,@RepairMasterIndia,Repair Master india ,4520,54,4,"Mobile repairing institute with live repairing classes on customer phones, practical hands-on training focus.",mobile repairing | मोबाइल रिपेयरिंग,UCW03kBL0XBYk0iT9IXX5FQA,hands,phone-repair,wave1,2026-09-14
https://www.youtube.com/@repairthemobile,@RepairTheMobile,Repair The Mobile,26800,301,4,"Description explicitly covers teardown, battery and screen replacement guidance for smartphone repair education.",phone repair | mobile phone repair | phone screen replacement | phone motherboard repair | صيانة الهواتف | تعمیر موبایل | power supply repair,UCxo53z-poiF8k81XMMkoHrQ,hands,phone-repair,wave1,2026-09-14
https://www.youtube.com/@repairwalaofficial,@RepairWalaOfficial,Repair Wala,1620,57,4,"Repair shop channel covering screen, battery, eMMC data recovery and CPU/chipset repairs, mixed with software fixes.",emmc,UCkp-v2xxMGMzn3UkLNy9_og,hands,phone-repair,wave1,2026-09-14
https://www.youtube.com/@repairingtips56,@Repairingtips56,its maani ,629,132,4,"Titles show disassembly, body replacement, and charging port replacement on real phones.",mobile repairing,UCVtgW-JP6vrlzedjpLgAXQw,hands,phone-repair,wave1,2026-09-14
https://www.youtube.com/@repairphoneinhome,@Repairphoneinhome,Repair Phone In Home,79,51,4,Home mobile repair channel with title showing iPhone back glass replacement full repair guide.,phone repair | mobile repairing | mobile phone repair | iphone repair,UC0UmVOI97n2Pl0m4KXP-ERA,hands,phone-repair,wave1,2026-09-14
https://www.youtube.com/@riddhimobilab,@Riddhimobilab,Riddhi Mobi Lab,1330,61,4,Chip-level mobile repair shop listing detailed board-level services like IC work and board swapping.,phone repair,UCzWuWBWH0_P8TlVLBdSsCbw,hands,phone-repair,wave1,2026-09-14
https://www.youtube.com/@rishu7654,@Rishu7654,𝑹𝑰𝑺𝑯𝑼 𝑴𝑶𝑩𝑰𝑳𝑬 𝑹𝑬𝑷𝑨𝑹𝑰𝑵𝑮,130,58,4,"Hindi mobile repairing channel with titles showing diode testing, coil testing and short circuit repair work.",मोबाइल रिपेयरिंग,UCFz9c7u7n8En4wvBtf6AZ2w,hands,phone-repair,wave1,2026-09-14
https://www.youtube.com/@rj_mobile_0001,@Rj_mobile_0001,Ak_mobile01,143,74,4,"Mobile repairing channel covering combo fitting, mic, charging, speaker repair with software tips.",mobile repairing,UCD906Ywk2FDPlAN2k_gkdEQ,hands,phone-repair,wave1,2026-09-14
https://www.youtube.com/@rkrepairing2007,@Rkrepairing2007,Rk mobile repairing ,124,90,4,Titles show display change and charging repair across multiple phone models with clear repair focus.,mobile repairing,UCiqnninBuRKWC0UD98g92SA,hands,phone-repair,wave1,2026-09-14
https://www.youtube.com/@robindutta0,@Robindutta0,robin dutta ,8950,233,4,Educational mobile repairing channel covering keypad to iPhone repair with instructional intent.,mobile repairing,UCLR0eX96fSKupnh07xoElNQ,hands,phone-repair,wave1,2026-09-14
https://www.youtube.com/channel/uc9tqy6s8ndoe7xarlsmtaew,@Rohanmobiletech,RohanMobiletech,167,152,4,"Mobile repair channel listing IC-level work (power IC, eMMC, network IC) with titles showing actual charging/display fixes.",mobile repairing | emmc,UC9Tqy6S8Ndoe7xARLsMtaEw,hands,phone-repair,wave1,2026-09-14
https://www.youtube.com/@rsguptamobilerepair,@RsguptaMobilerepair,Rsgupta Mobile Repair,846,107,4,Hindi mobile repair channel with titles showing camera and display replacement work on real devices.,mobile repairing,UC0m4frGx0yQaGDa2KvBeUzA,hands,phone-repair,wave1,2026-09-14
https://www.youtube.com/@rustyhands,@RustyHands,RustyHands,1550000,495,4,Cell phone restoration channel focused on rebuilding damaged/abandoned phones on camera.,phone repair | cellphone repair,UCDPY7224c7rqRD1z6Rqi3mw,hands,phone-repair,wave1,2026-09-14
https://www.youtube.com/@ruva_lab,@Ruva_Lab,Ruva Lab,7840,456,4,"iPhone microsoldering and repair channel, though mixed with unboxings and tool reviews.",microsoldadura | microsoldadura celulares,UCxc_2f_Az0GJGn9aqUpBCww,hands,phone-repair,wave1,2026-09-14
https://www.youtube.com/@s.gmobilesolutions,@S.GMobileSolutions,S.G Mobile Solutions ,510,53,4,"Titles show display change, power IC replacement, water damage repair — real hands-on repair shorts.",mobile repairing,UCrV5IhttZExbsCfvXJM40Fw,hands,phone-repair,wave1,2026-09-14
https://www.youtube.com/@shivmobile-0,@SHIVMOBILE-0,SHIV MOBILE,476,179,4,Titles show real display change and back lamination work on mobile phones at a repair shop.,mobile repairing,UC-LNVcDyBXyZ2rtbtsNflTw,hands,phone-repair,wave1,2026-09-14
https://www.youtube.com/@shyammobilerepairing,@SHYAMMOBILEREPAIRING,SHYAM MOBILE REPAIRING,20200,84,4,"Titles show dead phone solutions, CPU repair, and back glass changes across multiple brands, clear repair bench work.",mobile repairing,UCKydRdwfjWfxq0_J6CWNj-Q,hands,phone-repair,wave1,2026-09-14
https://www.youtube.com/@smtvijayawada,@SMTvijayawada,SMART MOBILE TRAINING VIJAYAWADA,2070,185,4,Mobile repairing training institute offering advanced iPhone/Android chip level course with hardware and software curriculum.,mobile repairing | chip level | mobile repairing course,UCw6WInFGK9YhvlfJlDZ0LbA,hands,phone-repair,wave1,2026-09-14
https://www.youtube.com/channel/ucnxsvqidwrx65me225lqhkq,@SONUTECHPRO5,SONU TECH PRO,70,102,4,Dead mobile repair and reballing titles in Hindi with fault-based content.,mobile repairing | मोबाइल रिपेयरिंग,UCNxSvqiDwrx65mE225LQhKQ,hands,phone-repair,wave1,2026-09-14
https://www.youtube.com/@sqmobileshop,@SQmobileShop,S.Q mobile repairing,76,59,4,"Titles show back glass and camera replacement, touch glass change on real devices at a repair shop.",mobile repairing,UCt2NuBIZ1Rw8PlvPLPOosFg,hands,phone-repair,wave1,2026-09-14
https://www.youtube.com/channel/ucpmtqwu9sukqcz2anycwxmq,@SRepairing2,Shakeel Ansari,89,61,4,"Chip level repairing channel with titles showing tab dead recovery, display change, back panel change.",chip level | chip level repairing,UCpmtqwU9SUkQcZ2AnyCWXmQ,hands,phone-repair,wave1,2026-09-14
https://www.youtube.com/channel/uc8y0q5zkfynvwso6la3o-8w,@SSTELECOM9821,S S telecom ,94,51,4,Dedicated mobile repairing channel with title showing actual Redmi display replacement job.,mobile repairing,UC8y0Q5zkfYNvWsO6lA3o-8w,hands,phone-repair,wave1,2026-09-14
https://www.youtube.com/@ss_mobile_tech79,@SS_Mobile_tech79,SS tech79,527,126,4,"Titles show CPU/board-level repair steps like IC cleaning, combo change and water damage work.",mobile repairing,UCxJFad1h0FnCMOYIVqDx0jg,hands,phone-repair,wave1,2026-09-14
https://www.youtube.com/@ssiphonefixerpune,@SSiphonefixerpune,SS iPhone Fix(Pune),105,54,4,"iPhone repair shop covering camera, display, battery, storage, AirPods and iPad repairs with clear service list.",watch repair,UCicJzGXFYI6ruyyimb_YZTw,hands,phone-repair,wave1,2026-09-14
https://www.youtube.com/@sumanthmobilerepairtelugu,@SUMANTHMOBILEREPAIRTELUGU,SUMANTH MOBILE REPAIR TELUGU,503,354,4,Telugu mobile/tablet repair channel focused on problem-solving tips and repair processes across brands.,smartphone repair | mobile repairing telugu,UCfZlEV_8JSQS_XHZ2G7lSZA,hands,phone-repair,wave1,2026-09-14
https://www.youtube.com/@sachinmobilerepairingnagpur,@SachinMobileRepairingNagpur,Sachin Mobile Repairing Nagpur,18900,865,4,"Advanced mobile repair training channel covering CPU, eMMC, PCB tracing and live repair cases at chip level.",phone repair | mobile repairing | iphone repair | motherboard repair | mobile repairing course | emmc | mobile repairing hindi | मोबाइल रिपेयरिंग,UC8shSws2ozap8_Qgf5PIYdA,hands,phone-repair,wave1,2026-09-14
https://www.youtube.com/@sagiramobilelalbandi-hp4rf,@SagiraMobileLalbandi-hp4rf,Sagira Mobile Lalbandi,89,59,4,Titles show real flex cable and charging port repairs plus tablet disassembly at a Nepal repair shop.,mobile repairing,UCuYHZXYciYfCqqZQfoula_w,hands,phone-repair,wave1,2026-09-14
https://www.youtube.com/@sahulmobilerepair,@Sahulmobilerepair,Sahul Vlog1,1010,178,4,"Repair shop vlog channel showing display/battery replacement, micro-soldering and short circuit tracing on camera.",micro soldering phone,UCeM-0NFiIjljP8pX_yOpSHw,hands,phone-repair,wave1,2026-09-14
https://www.youtube.com/@saikat2uul,@Saikat2uul,Saikat ,344,99,4,"Description strongly signals micro-soldering, reballing, multimeter and motherboard repair training content.",phone repair | mobile repairing | mobile phone repair | motherboard repair | mobile repairing course,UCOMA9fz8oIKibzNOrIY7JGw,hands,phone-repair,wave1,2026-09-14
https://www.youtube.com/@sajidapplemaster,@SajidApplemaster,Sajid Apple Master,145,121,4,"iPhone repair shop with screen, battery and water damage fixes, described as behind-the-scenes fixes.",phone repair | iphone repair,UCYYFMg7Dd6IAXYyFscjr-Zg,hands,phone-repair,wave1,2026-09-14
https://www.youtube.com/@samuelejaidu,@SamuelEjaidu,phone repair TV,66,62,4,"Titles show broken screen fix and charging port repair tutorials, small channel with direct repair focus.",phone repair,UC_-g-hGBmuA4Tim2N1vMB6w,hands,phone-repair,wave1,2026-09-14
https://www.youtube.com/@samymobiles1122,@SamyMobiles1122,Samy Mobiles training institute,2270,259,4,"Training institute channel detailing board-level circuits, component removal and jumper techniques for mobile repair.",emmc | mobile repairing tamil,UCtBXspN6aTJLv6N86yT4Ang,hands,phone-repair,wave1,2026-09-14
https://www.youtube.com/@sandeepnishad-3,@SandeepNishad-3,Mobile aria,52,65,4,"Hindi channel with folder replacement and combo display replacement installation guide titles, real repair demos.",मोबाइल रिपेयरिंग,UCFKcjpcQo1A78VSapEogDBw,hands,phone-repair,wave1,2026-09-14
https://www.youtube.com/@sayanmobilereparingcenter,@SayanMobilereparingcenter,sayan mobile reparing center,4400,275,4,"Mobile repair center channel covering IC repair, microsoldering, motherboard repair and water damage across major brands.",phone repair | mobile repairing | smartphone repair | iphone repair | motherboard repair | microsoldering,UCE2Xk0zMc6SUPGKmPMnezCA,hands,phone-repair,wave1,2026-09-14
https://www.youtube.com/@sazzadcreation50,@Sazzadcreation50,Sazzad Creation,1520,190,4,"Channel self-described as PCB motherboard repair creator, matching board-level micro-soldering focus.",motherboard repair,UCJ1zwCJP_FmuGAObk0FXluQ,hands,phone-repair,wave1,2026-09-14
https://www.youtube.com/@screenfixer,@ScreenFixer,Screen Fixer,131000,3036,4,Repair training institute with IC-level diagnosis title showing practical dead phone repair steps.,mobile repairing | mobile repairing course | watch repairing course,UCOKN7k4kE7P7K8B1HN2nhjg,hands,phone-repair,wave1,2026-09-14
https://www.youtube.com/@semestaelektronik,@Semestaelektronik,Gadget repair,286,92,4,Titles show real charging port connector replacement across multiple phone models with hands-on process.,phone repair,UCIXoNJGzMrM-GbZVrqBPacg,hands,phone-repair,wave1,2026-09-14
https://www.youtube.com/@sevenmicrosoldering,@SevenMicrosoldering,Seven Microsoldering,107,72,4,"Dedicated microsoldering and board-level diagnostics lab for iPhone, Samsung and MacBook, strong topic match.",microsoldering | micro soldering phone,UCfU1-ZPT_FRfT8UE6XCq8ng,hands,phone-repair,wave1,2026-09-14
https://www.youtube.com/@shaheenrepairing-cx2mv,@ShaheenRepairing-cx2mv,SHAHEEN ANDRIOD FIXER MULTAN,692,106,4,"EMMC dead repair channel with titles showing CPU short solutions, camera/audio fixes and dead phone repair.",emmc,UC3VzVgyKCpACLjlaBYn8l2Q,hands,phone-repair,wave1,2026-09-14
https://www.youtube.com/@shanivarman,@ShaniVarman,Omg mobile repair,6680,415,4,"Hindi channel detailing battery, charging, motherboard component-level repair tips and techniques.",मोबाइल रिपेयरिंग,UCIDMlTOGFC1lHRoe2x6T5KQ,hands,phone-repair,wave1,2026-09-14
https://www.youtube.com/@shawaal_tech,@ShawaaL_Tech,AsaD ShawaaL,185,112,4,"Titles show CPU reball, glass replacement and restoration work on real phones.",mobile repairing,UCMb45xRFljKCJxej36ue3og,hands,phone-repair,wave1,2026-09-14
https://www.youtube.com/@shijutech,@Shijutech,shiju tech,561,193,4,iPhone motherboard and chip-level repair channel with titles showing layer separation and board work.,phone repair | iphone repair | chip level repairing,UCAybso4Dk5-qxQyAqarsepg,hands,phone-repair,wave1,2026-09-14
https://www.youtube.com/@shine_mobtech,@Shine_MobTech,Shine MobileTech,7620,70,4,"Mobile repairing channel emphasizing hardware, software, eMMC and UFS programming work.",mobile repairing | emmc,UCXarECG0oThS6vj5RlbZgUQ,hands,phone-repair,wave1,2026-09-14
https://www.youtube.com/@shivkumar-oq1el,@ShivKumar-oq1el,Shiv communication ,78,88,4,Titles show real repair jobs like speaker and charging folder combo replacement on phones.,mobile repairing,UCo99ulLuhT5czDd7wXWo_cQ,hands,phone-repair,wave1,2026-09-14
https://www.youtube.com/@shrikrishnacommunicatio037,@ShrikrishnaCommunicatio037,Shri Krishna Communication,641,86,4,"Titles show specific fault-based repair solutions (restart, charging, not charging) for various phone models.",mobile repairing,UC9K8hzqMZWnEp1pcYL-qAdQ,hands,phone-repair,wave1,2026-09-14
https://www.youtube.com/@simobicare99,@SiMobiCare99,Si MobiCare,9500,113,4,"Advanced chip-level training center covering CPU, EMMC, power IC and micro jumper techniques.",chip level | emmc,UClUH5Z-SvzsgbLAoZFqzrWA,hands,phone-repair,wave1,2026-09-14
https://www.youtube.com/@siattechchipsolution,@SiatTechChipsolution,Siat Tech Chipsolution,4950,81,4,"Mobile/laptop/AC PCB chip-level repair training institute, phone repair is a core practical component.",mobile repairing | chip level,UCp5SkeaTjX-Mxh9kcrlbrew,hands,phone-repair,wave1,2026-09-14
https://www.youtube.com/@sikandarbhardwaj-y4s,@SikandarBhardwaj-y4s,Sikandar mobile repairing,185,132,4,"Repair shop titles show combo/back panel and display changes on various phones, hands-on bench work.",mobile repairing,UCWi-yP8in6dl7JifzLHJa5g,hands,phone-repair,wave1,2026-09-14
https://www.youtube.com/@simka_by,@Simka_by,Simka_by,470,74,4,"Titles show real display module replacements on multiple phone models, though unlocking service also offered.",ремонт электроники,UCjre3p-MgcvMCf_nLjRkTIA,hands,phone-repair,wave1,2026-09-14
https://www.youtube.com/@singhrepair,@SinghRepair,SinghRepair,1200,346,4,Mobile repair channel mixing hardware repairs with software fixes and troubleshooting guides from experienced technician.,phone repair | mobile phone repair,UC-upgaJrPBLbmulLr5KnjJw,hands,phone-repair,wave1,2026-09-14
https://www.youtube.com/@skillfultechnician,@SkillfulTechnician,Skillful Technician,300,63,4,"Titles show board-level teaching content: graphics section class, IC cleaning, motherboard repair tutorials.",motherboard repair,UC_yuDt3yc6VLqJobm_jvdIA,hands,phone-repair,wave1,2026-09-14
https://www.youtube.com/@skippytube,@SkippyTube,SkippyTube,1850,151,4,"Mobile repair course channel covering hardware repair, schematics and troubleshooting for beginners.",phone repair | mobile phone repair | electronics repair course,UCSXpiJtzcAIMSX6ci-eugog,hands,phone-repair,wave1,2026-09-14
https://www.youtube.com/@skmobilerepairing-l7d,@Skmobilerepairing-l7d,Sk mobile repairing ,114,125,4,"Titles show folder/display fix and battery replacement on real phones, hands-on repair teaching channel.",मोबाइल रिपेयरिंग,UCQHh-e0Um-tUMPA8FYQP1zQ,hands,phone-repair,wave1,2026-09-14
https://www.youtube.com/@smallmobilefixer,@Smallmobilefixer,Small Mobile Fixer,656,109,4,"Titles show display replacement, short circuit removal and full damage repairs on real devices.",motherboard repair | phone motherboard repair,UC2Hmz-IxlRp0clTRr8Ep1CA,hands,phone-repair,wave1,2026-09-14
https://www.youtube.com/channel/ucewhi3fr54nzed5o8juwhtw,@SmarTechNM,SmarTech Solutions | Formerly Mr. Phone Doctor,74,398,4,"Established repair shop channel covering microsoldering, board-level phone/tablet repair plus broader tech services.",microsoldering | phone motherboard repair | tablet repair,UCeWHI3FR54NzeD5o8juWhtw,hands,phone-repair,wave1,2026-09-14
https://www.youtube.com/@smartekscellphonerepair21,@SmarTeksCellphoneRepair21,SmarTEks Cellphone Repair 21,38,60,4,"Cellphone repair shop description details screen, battery and water damage repairs with dedicated technicians.",phone repair | cell phone repair | cellphone repair,UCrPdOmkjxsFkj8n08TMTlrw,hands,phone-repair,wave1,2026-09-14
https://www.youtube.com/@smartfixmobilerepairservicecen,@SmartfixMobilerepairservicecen,Smartfix Mobile repair service centre ,104,71,4,"Repair shop channel with titles showing CPU repair, dead phone diagnostics and motherboard fixes on real devices.",phone repair | motherboard repair | phone repair shop,UCaVYa_KX2HDl1QjtxHk0NSA,hands,phone-repair,wave1,2026-09-14
https://www.youtube.com/@smartfixcare,@Smartfixcare,SMART FIX,147,80,4,"Telugu mobile repair channel focused on charging, display and dead phone hardware/software solutions.",mobile repairing telugu,UCIQHASAuN-3a8PNCF8RtdNg,hands,phone-repair,wave1,2026-09-14
https://www.youtube.com/@smartphonekinggoa,@SmartphoneKingGoa,Smartphone King | Goa,178,82,4,"Titles show iPhone screen damage recovery, flex cable replacement and motherboard repair videos alongside reviews.",phone repair | mobile repairing | iphone repair,UCW5WI1iqSNg4augi93JlSAA,hands,phone-repair,wave1,2026-09-14
https://www.youtube.com/@sndphone,@SnDPhone,SnD Phone,23200,366,4,"Dedicated smartphone repair and maintenance channel per description, though titles unavailable to confirm depth.",phone repair | smartphone repair,UC-mOXMkNgYwIto2pq_ubsnQ,hands,phone-repair,wave1,2026-09-14
https://www.youtube.com/@sohailkhane,@Sohailkhane,S.K Mobile Repairing institute ,3760,57,4,"Mobile repairing institute/lab name strongly suggests hands-on bench training content, though evidence is name-based.",mobile repairing | mobile repairing course,UCwq1Rk_D0Pi5EcmZIn2KRPA,hands,phone-repair,wave1,2026-09-14
https://www.youtube.com/@sohanlamamobilerepairing,@Sohanlamamobilerepairing,Lama mobile repairing,131,51,4,"Titles show specific repairs like battery replacement, IC replacement, and LCD replacement on real devices.",mobile repairing,UCCiiwp9nrIkTPMC4pxH6dNw,hands,phone-repair,wave1,2026-09-14
https://www.youtube.com/@solomobilerepairtelugu,@SoloMobileRepairtelugu,$olo men,75,274,4,"Telugu mobile repair shop description details screen, battery and motherboard repair services with genuine parts.",motherboard repair,UCEbKDiPpVz-C54r3h_gQqag,hands,phone-repair,wave1,2026-09-14
https://www.youtube.com/@solucionescheo,@SolucionesCheo,RICKELY ROSA - SOLUCIONES CHEO,7700,694,4,"Dedicated phone/tablet repair channel with electronics, courses and tools for cellphone repair work.",reparación de celulares | microsoldadura celulares | reparo de placa celular,UCPE2q0tXbOqBaf5UMgSz4pA,hands,phone-repair,wave1,2026-09-14
https://www.youtube.com/@somieshorts787,@Somieshorts787,Somie Shorts,627,63,4,Short-form but shows actual screen glass replacement process for Samsung phone on camera.,phone repair | mobile phone repair,UCD9Fp1mH1eK8dxmB7Pd1hAg,hands,phone-repair,wave1,2026-09-14
https://www.youtube.com/@sonumobile-m1t,@SonuMobile-m1t,Sonu Mobile6870,2150,424,4,"Mobile shop channel listing hardware, software, and panel changing repair services for phones.",mobile repairing,UC7yIlzXMWfg8fqFEss00bgg,hands,phone-repair,wave1,2026-09-14
https://www.youtube.com/@srimanikantamobilechiplevel,@SriManikantaMobileChipLevel,Sri Manikanta Mobiles ,1500,256,4,"Chip level repairing centre description with hardware and software repair focus, plausible bench videos.",mobile repairing | chip level,UCgK2yIRpssgqQPw5XhWLOBQ,hands,phone-repair,wave1,2026-09-14
https://www.youtube.com/@srivaarahimobilesong,@SriVaarahiMobilesOng,Sri Vaarahi Mobiles Ong,63,125,4,"Shop channel with titles showing full step-by-step display and back door replacement guides, mixed with accessory content.",tablet repair,UCOKmIbyJNK0trEk8JfCSx5Q,hands,phone-repair,wave1,2026-09-14
https://www.youtube.com/@stellartechrepair,@StellarTechRepair,Stellar Tech Repair,2310,361,4,"Board-level repair specialist for iPhone, Macbook and Android with data recovery focus, no confirming titles but strong description.",phone screen replacement | iPad repair,UCO6mp0l6iKz7xUnFOmqswTw,hands,phone-repair,wave1,2026-09-14
https://www.youtube.com/@subhanwahid71,@Subhanwahid71,Mr mobile & pcb board technician ,131,63,4,Mobile repair channel with titles showing panel changes on real phones like Realme and Itel.,mobile repairing,UCggqkvR44wEjJR6XfIc0SFQ,hands,phone-repair,wave1,2026-09-14
https://www.youtube.com/@sumitmobileofficial,@Sumitmobileofficial,Sumit mobile official ,785,126,4,Mobile repairing centre listing hardware and chip level repair services including water damage and dead phone fixes.,phone repair | mobile repairing | chip level | मोबाइल रिपेयरिंग,UCkHLe0ili0gI9GAFIh8KGBg,hands,phone-repair,wave1,2026-09-14
https://www.youtube.com/@surajtelecom,@SurajTelecom,Suraj Telecom,366,76,4,"Mobile repair training channel covering hardware sections and eMMC level work, description details bench-level content.",emmc | मोबाइल रिपेयरिंग,UCiWvKOc0GBTRRqsmIBAfJ6g,hands,phone-repair,wave1,2026-09-14
https://www.youtube.com/@surajmobile_kurud,@Surajmobile_kurud,Suraj Mobile,139,136,4,Titles show real repair jobs like charging IC faults and dead phone repairs at a repair shop.,mobile repairing,UCrEmm4bU1usnMLSEvgTt5Jw,hands,phone-repair,wave1,2026-09-14
https://www.youtube.com/@svtocmin,@Svtocmin, Técnico Celular OCMIN ,2450,73,4,"Board-level phone repair shop description covering reballing, UFS/eMMC, screen and charging port replacement.",emmc | reparación de celulares,UC6KWkJ1SAlIu_a3-HPdVg1g,hands,phone-repair,wave1,2026-09-14
https://www.youtube.com/@syedimrangsm,@SyedimranGSM,Syed imran GSM,545,155,4,"Titles show iPad charging-port flex replacement and iPhone screen replacement, solid device-level repair evidence.",phone repair,UCuPsjyWH53gnSGNcEiY_0Mw,hands,phone-repair,wave1,2026-09-14
https://www.youtube.com/@t%c3%a9cnicacelulares,@T%C3%A9cnicaCelulares,Technical Phones,49300,335,4,"Phone repair channel focused on fix steps and tutorials, likely hands-on micro-soldering work.",microsoldadura celulares,UCPQOsHn62OUlFjEtgS8Lufw,hands,phone-repair,wave1,2026-09-14
https://www.youtube.com/@talknfixwireless,@TALKNFIXWIRELESS,TALK N' FIX WIRELESS,1100,272,4,Phone repair shop brand promising real repair videos and screen repairs for iPhone/Samsung/iPad/tablets.,phone repair | phone screen replacement | iPad repair,UCy-XxAzJnehMd3pGMu2BMdg,hands,phone-repair,wave1,2026-09-14
https://www.youtube.com/@tawakallab,@TAWAKALLAB,TAWAKAL LAB,179,75,4,"Mobile repair channel covering schematics, board work, and hardware/software solutions with technical depth.",mobile repairing,UC_vJWGO8LRQ1dLdMq-DK7mw,hands,phone-repair,wave1,2026-09-14
https://www.youtube.com/@teamifixit,@TEAMIFIXIT,TEAM IFIXIT ,271,64,4,"Mobile repairing channel with real hardware titles like EMMC change and back glass replacement, some unlock content too.",mobile repairing,UCvDotZjjPuLarXW_AzDbHug,hands,phone-repair,wave1,2026-09-14
https://www.youtube.com/@thpanmobile,@THPanmobile,thpan mobile,95,68,4,"Phone repair shop hashtags cover screen, battery and back cover replacement work.",sửa chữa điện thoại,UC4xi8DKipnQdysR4-WQq8LQ,hands,phone-repair,wave1,2026-09-14
https://www.youtube.com/@truerepair11,@TRUEREPAIR11,TRUE REPAIR,20200,374,4,Dedicated mobile repairing channel with real repair and technical videos per description.,mobile repairing,UClb-B8sjMBY5tccNN9rcHYQ,hands,phone-repair,wave1,2026-09-14
https://www.youtube.com/@tsmobitechnical,@TSMobitechnical,TS Mobi technical,462,151,4,Titles show real display and glass replacement work on phones and tablets across multiple brands.,phone repair | mobile repairing | mobile phone repair,UCgVViQNk-ShPcGNKk3pIY7g,hands,phone-repair,wave1,2026-09-14
https://www.youtube.com/@t_tech_786,@T_tech_786,T tech . Patna,155,101,4,iPhone specialist shop with titles showing back glass and receiver replacement processes on camera.,mobile repairing,UCDCtzCd313g6FKnoi95UqpA,hands,phone-repair,wave1,2026-09-14
https://www.youtube.com/@tahirmobilefixer,@TahirMobileFixer,Tahir Mobile Fixer,3270,174,4,"Mobile repair training/institute channel covering CPU reballing, motherboard swaps, but also flashing/FRP mixed in.",mobile repairing,UCcDqUeuaPDic5PexJo3WZig,hands,phone-repair,wave1,2026-09-14
https://www.youtube.com/@tajmobilereparing,@Tajmobilereparing,Taj Mobile Reparing,145,103,4,Titles show real charging connector removal and back skin fixing on multiple phone models.,mobile repairing,UCPmp4rvfc_zhBaHE554snuQ,hands,phone-repair,wave1,2026-09-14
https://www.youtube.com/channel/ucs9r9u0kcztlca2ze3gi5ta,@TanveerTech-j2s,Tanveer Tech📲,571,299,4,"Titles show real repairs: charging port, LCD panel replacement, memory card jacket with step-by-step process.",mobile repairing | motherboard repair,UCS9R9u0KCZTLCA2Ze3GI5tA,hands,phone-repair,wave1,2026-09-14
https://www.youtube.com/@tariqmobileuniverse-tmu,@TariqMobileUniverse-tmu,Tariq Mobile Universe ,2030,179,4,"Hindi/Urdu channel described as step-by-step hardware repair: display, battery, charging, IC-level basics.",mobile repairing,UCwK8G34YDKMg9mW0lvuNpUw,hands,phone-repair,wave1,2026-09-14
https://www.youtube.com/@teacher252,@Teacher252,Mobile Repair service ,331,87,4,"Repair channel with titles showing network IC replacement, touch/glass exchange and jack replacement on camera.",phone repair | mobile repairing | phone repair shop,UCOegoUfwe8-oeJrPwo_2GhA,hands,phone-repair,wave1,2026-09-14
https://www.youtube.com/@techversetechnology,@TechVersetechnology,TechVerse technology,72,83,4,Dedicated mobile repair channel description focused on charging port and troubleshooting fixes for Android/iPhone.,phone repair | iphone repair,UCjWXvykxK6HUxSFtV1gld5A,hands,phone-repair,wave1,2026-09-14
https://www.youtube.com/@techgurunortheast,@Techgurunortheast,Tech Guru North East,15700,339,4,"Advanced mobile repairing training channel covering reballing, eMMC, BGA rework, with some business vlogs mixed in.",phone repair | mobile repairing | iphone repair | emmc,UCPU2kDheB9KWMr8odaUMnMA,hands,phone-repair,wave1,2026-09-14
https://www.youtube.com/@techlogicmobileinstitute,@TechlogicmobileInstitute,Techlogic mobile repair training institute,11100,1306,4,Mobile repair training institute offering chip-level and motherboard training with practical classes.,mobile repairing | mobile phone repair | phone motherboard repair | mobile repairing course | chip level repairing | phone repair shop | mobile repairing telugu,UCYE-XI8knzbKgYpftIK_gOw,hands,phone-repair,wave1,2026-09-14
https://www.youtube.com/@technicalhub001,@TechnicalHub001,Technical Hub,131,141,4,"Titles show iPhone screen and back glass replacement, real hands-on repair despite some short-format bias.",phone repair | mobile phone repair | motherboard repair,UCK1HgYDT5_tJ4oMIEOlNlcA,hands,phone-repair,wave1,2026-09-14
https://www.youtube.com/@technicalmilan-x4t,@TechnicalMilan-x4t,Technical Milan,6,213,4,"IC/eMMC-level repair institute channel with titles on RAM change, UFS chip errors and charging faults.",mobile repairing,UCba_uw18vSkjMt7w4YbnhOg,hands,phone-repair,wave1,2026-09-14
https://www.youtube.com/@technical_heet007,@Technical_Heet007,Technical Heet,19800,397,4,"Mobile repair center offering chip-level EMMC/UFS, NAND repair and glass replacement across Android/iPhone.",chip level | emmc,UCjpNwUNN4AsQ-33iKfbTJJg,hands,phone-repair,wave1,2026-09-14
https://www.youtube.com/@technical_sumitz,@Technical_Sumitz,Sumitz Sir Solutions ,6510,65,4,"Chip-level training channel focused on eMMC/UFS programming, dead boot repair and data recovery, strong board-level fit.",chip level | emmc,UCWUv5ghJBsVm9H3d8OF76yw,hands,phone-repair,wave1,2026-09-14
https://www.youtube.com/@technocarebdofficial,@TechnocareBDOfficial,TechnocareBD Official,533,77,4,"Chip-level mobile repair training with EMMC/UFS dead-boot repair titles, though laptop/GPU training also offered.",chip level | motherboard repair | emmc | chip level repairing,UCdCzOMUtIPmXcWn1ykIvVhw,hands,phone-repair,wave1,2026-09-14
https://www.youtube.com/@techtm001,@Techtm001,TechTm,569,87,4,"Titles show soldering, cleaning solder residue, and installing charging connectors—clear board-level repair work.",phone repair | cellphone repair,UCfRZeGTJM-z0fy3d0gQAB1A,hands,phone-repair,wave1,2026-09-14
https://www.youtube.com/@techworldbk,@Techworldbk,Tech World bk,112,71,4,Dedicated mobile repairing tutorials channel covering techniques and troubleshooting per description.,phone repair | mobile repairing | mobile phone repair,UCPuJNEvX0rtIMjoz8uI4Yxg,hands,phone-repair,wave1,2026-09-14
https://www.youtube.com/@tecnicaldisplay,@TecnicalDisplay,TechnicalDisplay,82,51,4,Mobile repair training channel description mentions step-by-step practical demonstrations of dead phone and charging repairs.,phone repair | mobile repairing,UCvtr81Pu47lThtrTdpDReZQ,hands,phone-repair,wave1,2026-09-14
https://www.youtube.com/@tecnoserviaj,@TecnoserviAJ,TecnoServiAJ,93,56,4,"Phone repair shop offering screen, battery and back cover replacements, likely showing repair work.",reparación de celulares,UCs-cf8SwNtq5dNs5eEzbCcg,hands,phone-repair,wave1,2026-09-14
https://www.youtube.com/@teknisi_nias,@Teknisi_Nias,Alinskye Cell,1380,190,4,"Indonesian channel description lists concrete repair procedures like LCD, touchscreen, EMMC replacement tutorials.",emmc,UC3Zf5uTjTz4GvyJfzzvIUBA,hands,phone-repair,wave1,2026-09-14
https://www.youtube.com/@teknisicungkring,@Teknisicungkring,Teknisi Cungkring,175000,154,4,Self-taught phone repair channel filmed at a service location in Indonesian.,servis hp,UCZbCeJg74DecGVR3v_F8oEA,hands,phone-repair,wave1,2026-09-14
https://www.youtube.com/@telecombd,@TelecomBD,Telecom BD,6090,84,4,Dedicated mobile repairing channel presenting hardware problem solutions in a straightforward shop format.,mobile repairing,UCt0Rgsyi4Cty5Fn_bHI4KPg,hands,phone-repair,wave1,2026-09-14
https://www.youtube.com/@telefonprofesoru,@TelefonProfesoru,Telefon Profesörü,317,51,4,"Repair shop description mentions screen, battery, motherboard and liquid damage repairs with real repair process claims.",telefon tamiri,UCYziwH6WL2ebA1REkFaE_PQ,hands,phone-repair,wave1,2026-09-14
https://www.youtube.com/@thanhhungmobilevn,@ThanhhungmobileVn,Maxmobile sửa chữa điện thoại,4040,192,4,Official repair channel of a mobile repair/retail business posting repair and parts replacement videos.,sửa chữa điện thoại,UCMc1EYSHkcLRyAIfFhJOAug,hands,phone-repair,wave1,2026-09-14
https://www.youtube.com/@thanhsangsmartphone,@Thanhsangsmartphone,Sửa Chữa Smartphone24h,2180,71,4,"Shop description details glass lamination, screen and battery replacement and hardware repair services.",sửa chữa điện thoại,UCiFHN9zfEstLU6Y45AkjXIA,hands,phone-repair,wave1,2026-09-14
https://www.youtube.com/@theartofrepair,@TheArtofRepair,TheArtofRepair,37600,148,4,"Dedicated mobile electronics repair channel/personality with strong repair education focus, no titles shown though.",electronics repair | electronic repairing | electronics repair shop | electronics technician workshop,UCG8Y3ARZq5s-FyasBOGNrnQ,hands,phone-repair,wave1,2026-09-14
https://www.youtube.com/@thedevicetechnician,@TheDeviceTechnician, The Device Technician Hub,122,100,4,"Channel explicitly dedicated to real mobile repair work with step-by-step actual repair videos, no fluff.",mobile repairing,UCpyxcHU_O3LEqAzuDn62srw,hands,phone-repair,wave1,2026-09-14
https://www.youtube.com/@tinkumobileworld007,@Tinkumobileworld007,Tinku Mobile World ,477,129,4,"Titles show charging solution, water damage repair and jumper wire fix demonstrating real hands-on bench work.",mobile repairing,UC-5JSP-BYHo-WhZ5KUJCqJw,hands,phone-repair,wave1,2026-09-14
https://www.youtube.com/@tocno_shop_302,@Tocno_Shop_302,Technical Promotion 302,8690,1995,4,"Mobile repairing channel with step-by-step screen replacement, battery and charging problem tutorials.",phone repair | mobile repairing | smartphone repair,UClO7gqOqQh-8dcCe7v0pN7A,hands,phone-repair,wave1,2026-09-14
https://www.youtube.com/@tommechanic789,@TomMechanic789,ช่างทอม ซ่อมมือถือ,9150,477,4,"Thai channel dedicated to teaching phone repair techniques for technicians, though also does product reviews/ads.",ซ่อมมือถือ,UC5PD2c4q2rHTWOF9wlMROqQ,hands,phone-repair,wave1,2026-09-14
https://www.youtube.com/@totaltechrepairs,@TotalTechRepairs,Total Tech Repairs,789,68,4,iPad repair focused channel name with 'Daily Repairs' tagline suggesting regular hands-on repair content.,iPad repair,UCgF2lzi8utWrwEvb6ysUQ-g,hands,phone-repair,wave1,2026-09-14
https://www.youtube.com/@totaliphonefix,@Totaliphonefix,Total Iphone Fix ,137,95,4,iPhone display replacement and lamination work titles show real hands-on repair alongside training offers.,mobile repairing,UCQ7MBVdrut7G3HddpDG_bRQ,hands,phone-repair,wave1,2026-09-14
https://www.youtube.com/@ukphonecareofficial,@UKPhoneCareofficial,UK Phone Care,35,59,4,"Titles show real board-level fault diagnosis and repair (WiFi issue, power IC short) with hands-on framing.",mobile repairing,UCcg3eubjn1hWmhnloD5fqAA,hands,phone-repair,wave1,2026-09-14
https://www.youtube.com/@uniquemobilerepair07,@UNIQUEMOBILEREPAIR07,UNIQUE MOBILE REPAIR ,682,121,4,"Chip-level repair channel name with strong keywords like chip level, iPhone parts change, all mobile repairing.",mobile repairing | chip level | chip level repairing,UC1gdnbSJVa-qmuHnkgBjFfA,hands,phone-repair,wave1,2026-09-14
https://www.youtube.com/@utechallmodelglasschange,@UTechAllModelGlassChange,U tech,426,296,4,"Specialist mobile display glass and OCA lamination shop across many brands, clear repair-shop focus.",mobile repairing,UCvQtk4xFUTSO6JA9rv80Nkg,hands,phone-repair,wave1,2026-09-14
https://www.youtube.com/@ukmicrosoldering,@UkMicroSoldering,Uk Micro Soldering (Uk MicroSoldering),386,157,4,"Micro-soldering business channel covering mobile, laptop, console PCB repairs shown as real jobs.",microsoldering | micro soldering phone,UCL4kRWiPr6RL70MQwZtFAfQ,hands,phone-repair,wave1,2026-09-14
https://www.youtube.com/@ulinkcell,@Ulinkcell,Ulinkcell ,2790,54,4,Dedicated cellphone repair channel with step-by-step tutorials from screen replacement to troubleshooting.,conserto de celular | reparo de placa celular,UCQ5tS4qhHSA6aLJKPWXjCIQ,hands,phone-repair,wave1,2026-09-14
https://www.youtube.com/@umeshmobilerepairing510,@Umeshmobilerepairing510,umesh mobile repairing,711,120,4,"Titles show real touch/display/backlight fault fixes on specific phone models, dedicated repair channel.",mobile repairing,UCu2dPCaKOwflfGKw3otiayg,hands,phone-repair,wave1,2026-09-14
https://www.youtube.com/@uniquemobile95,@UniqueMobile95,Unique Mobile 95,762,111,4,Titles show charging and dead-phone fault fixes with fault-based naming typical of bench repair channels.,mobile repairing | emmc,UCWUqtCqBt4UtBvNswq9Bm9w,hands,phone-repair,wave1,2026-09-14
https://www.youtube.com/@usamakhan-it9if,@UsamaKhan-it9if,mobile mastermind ,80,54,4,"Titles show glass changes, unit swaps, LCD light jumper and power IC fixes on multiple phone models.",mobile repairing,UCPggthwGBpnQD3KLQMu5yNg,hands,phone-repair,wave1,2026-09-14
https://www.youtube.com/@uvaisraza-92,@UvaisRaza-92,Raza mobile fixer ,5250,161,4,"Tutorials on mobile repair and electronic circuits using heat gun and soldering iron, matches board-level work.",صيانة الهواتف | تعمیر موبایل | electronic repair,UCLRAzH7wVRWUfW9yegJ2J7g,hands,phone-repair,wave1,2026-09-14
https://www.youtube.com/c/v%c5%a8thanhmobile,@V%C5%A8THANHMOBILE,VŨ THANH MOBILE,2370,79,4,"Vietnamese phone repair shop specializing in hardware, software and deep eMMC work.",emmc,UCW4y9VnqQQ5MTHMtCh437IA,hands,phone-repair,wave1,2026-09-14
https://www.youtube.com/@v2mobileshop,@V2MOBILESHOP,V2 MOBILE SHOP ,87,130,4,"Title shows CPU/RAM reballing for hang-on-logo issue, a clear board-level micro-soldering repair.",mobile repairing | emmc,UCh28y9PPtbC5zwQFkERNvEg,hands,phone-repair,wave1,2026-09-14
https://www.youtube.com/@vickymobilerepair9990,@Vickymobilerepair9990,Vicky_mobilerepair💯,423,127,4,Titles show real display change repair jobs with technician performing hands-on work.,mobile repairing,UCd9IbxaVuXFZVwwqIS0shfA,hands,phone-repair,wave1,2026-09-14
https://www.youtube.com/@vipnesh.mobile.repaire,@Vipnesh.Mobile.repaire,Vipnesh Mobile repaire,248,122,4,"Titles show hands-on hardware fixes like touch/display connector replacement and diode soldering, solid bench work.",mobile repairing,UCnhWRf8L0q2ttwQg4bkz6xA,hands,phone-repair,wave1,2026-09-14
https://www.youtube.com/@vlogsmobile907,@Vlogsmobile907,Choudhary mobile centre ,10800,134,4,"Repair shop description lists iPhone specialist services including display, glass, backlight, IC and software repair.",phone repair | mobile repairing | iphone repair,UCB-v0Mgfw1THFiPHSWSru4w,hands,phone-repair,wave1,2026-09-14
https://www.youtube.com/@wimtwondermobilesolution,@WIMTWONDERMOBILESOLUTION,WIMT  WONDER MOBILE SOLUTION,110,62,4,"Mobile repair training institute with practical courses in EMMC, OCA glass, chip-level and schematic diagram training.",मोबाइल रिपेयरिंग,UCEVey5_RO0Y5BezDsADpHIA,hands,phone-repair,wave1,2026-09-14
https://www.youtube.com/@way2repair,@Way2Repair,Way2Repair,2260,85,4,Mobile repair tutorial channel covering screen replacement and hardware/software fixes on camera.,phone repair | mobile repairing | mobile phone repair,UCMfllap6qoihu6mSlQ09cGA,hands,phone-repair,wave1,2026-09-14
https://www.youtube.com/@wilitronic,@Wilitronic,Wilitronic,2130,208,4,"Dedicated microsoldering channel specializing in Mac repair, board-level work shown from various angles.",microsoldering,UCA45NfyX7QO-gDVUmykcUzw,hands,phone-repair,wave1,2026-09-14
https://www.youtube.com/@wonganane-k3k,@WongAnane-k3k,Wong Anane,56,72,4,"Indonesian phone repair channel with LCD replacement video shown, self-taught service (servis hp otodidak).",servis hp,UCroeiWLGmADTgfuUAgtDCrw,hands,phone-repair,wave1,2026-09-14
https://www.youtube.com/@worldtechnology33,@WorldTechnology33,World Technology,796,144,4,"Electronics repair channel specializing in micro soldering, motherboard and PCB trace repair tutorials.",mobile repairing | motherboard repair | micro soldering,UCPcHU-opmnUh-hidcbDOx6Q,hands,phone-repair,wave1,2026-09-14
https://www.youtube.com/@xq-rainbow,@XQ-Rainbow,海虹数码葛小强,5,65,4,Secondhand phone shop channel filming real repair cases alongside phone reviews and appraisals.,手机维修,UC-bnv42T8ZA59XXmo5jKKlQ,hands,phone-repair,wave1,2026-09-14
https://www.youtube.com/@ybschanel,@YBSCHANEL,YBS CHANEL,3910,212,4,"Indonesian channel description explicitly covers screen, LCD, touchscreen and charging repair tutorials at home.",phone repair | cellphone repair,UCAS9Ky7mA6R_iE5KLwOwGdw,hands,phone-repair,wave1,2026-09-14
https://www.youtube.com/@yagneshmobilerepair,@YagneshmobileRepair,Yagnesh mobile Repair,63300,474,4,"Dedicated mobile repairing channel focused on repair videos, low evidence but name/description strongly repair-focused.",mobile repairing | smartphone repair | मोबाइल रिपेयरिंग | صيانة الهواتف | تعمیر موبایل | electronic repairing,UCCXJ1iLYuAMJkzubwwJBCFA,hands,phone-repair,wave1,2026-09-14
https://www.youtube.com/@zonarepair_,@ZONAREPAIR_,ZONAREPAIR,702,102,4,"iPhone repair shop channel with titles on battery replacement, screen change, and charging port repairs.",microsoldering,UCBBYco3HDFIgxArI1uHOt9g,hands,phone-repair,wave1,2026-09-14
https://www.youtube.com/@zayoonitech,@ZayooniTech,Zayooni Tech – Mobile & Laptop Repair Dubai,11,61,4,"Mobile and laptop repair shop describing real repair videos including screen, battery and motherboard work.",phone repair | iphone repair,UCQK7sLgoheMBlgsVrCYXx8g,hands,phone-repair,wave1,2026-09-14
https://www.youtube.com/@zeemobiles056,@Zeemobiles056,ZMR ,760,455,4,"Repair tutorial channel with titles on combo/display replacement, motherboard IC/short repair, though includes flashing/unlocking content.",phone repair | mobile repairing | mobile phone repair | motherboard repair,UCk-l0t9Bxf36m-sbH29LCPQ,hands,phone-repair,wave1,2026-09-14
https://www.youtube.com/@zinhogomess,@ZinhoGomess,U.T.I Cell,5920,304,4,"Board-level repair training channel covering diagnostics, multimeter/oscilloscope use and real circuit faults.",reparo de placa,UC8kHBFk5slRueqw4r5254ww,hands,phone-repair,wave1,2026-09-14
https://www.youtube.com/@zohaibhaider-jd6my,@ZohaibHaider-jd6my,Zohaib Haider Mobile repring solution ,235,113,4,"Description emphasizes CPU removal, IC fixing, motherboard work and real workshop repair shorts.",mobile repairing,UCi_mFjBQJRFsVMU3BelJQ4Q,hands,phone-repair,wave1,2026-09-14
https://www.youtube.com/channel/ucg6sxk99xbjpmmvqzx0ghpa,@ZubiMobile12,Zubi Mobile,37,73,4,"Description details LCD/touch replacement, charging jumper, dead phone and motherboard repair with step-by-step videos.",mobile repairing,UCG6SXK99xBJpmmVQzX0GhPA,hands,phone-repair,wave1,2026-09-14
https://www.youtube.com/@amdtechnicalsupport,@aMDTechnicalsuPPort,aMD Technical suPPort,82,59,4,"Titles show real LCD replacement and battery removal repair videos for Samsung phones, hands-on bench work evident.",phone repair,UCcZU4Syzj4BP1LtMzh-afHg,hands,phone-repair,wave1,2026-09-14
https://www.youtube.com/@aafixtechzone,@aafixtechzone,A A FIX TechZone,515,53,4,"Board-level repair channel covering phones, laptops, tablets and consoles with step-by-step tutorials, phones a major share.",electronics repair | electronics repair no talking,UCmeNCdxJ7rqzgresjtlp_UQ,hands,phone-repair,wave1,2026-09-14
https://www.youtube.com/@aashapurakharbav,@aashapurakharbav,mobile repair Ashu,275,145,4,"Dedicated repair channel description covering display, battery, charging, dead phone and water damage fixes.",mobile repairing | phone motherboard repair,UCQKjTJc_ooueL0nayXPrVtg,hands,phone-repair,wave1,2026-09-14
https://www.youtube.com/@abcmobilerepair,@abcmobilerepair,ABC Mobile Repair,490,689,4,"Channel explicitly for practical mobile repairing tips and learning, course-style content.",mobile repairing | mobile repairing course | laptop repair course,UCCAuUBcbtLpdQyMvnZUTmVA,hands,phone-repair,wave1,2026-09-14
https://www.youtube.com/channel/ucp9ecpe0xaazzvmwczgxltg,@abderahimamzoug9080,ABDO PHONE ,331,56,4,Educational phone repair channel with titles on charging and display fault fixes for specific models.,صيانة الهواتف,UCP9ECpE0XAaZZvmwCzGxlTg,hands,phone-repair,wave1,2026-09-14
https://www.youtube.com/@abdullohponselindonesia,@abdullohponselindonesia,Abdulloh Ponsel,135,92,4,"Titles demonstrate real LCD replacement and disassembly tutorials for phones, with occasional unrelated TV/software content.",servis hp,UCDGty0NHcn55ikcQ74HXryg,hands,phone-repair,wave1,2026-09-14
https://www.youtube.com/@adeilsoncell216,@adeilsoncell216,ADEILSON CELL,716,80,4,Cell phone maintenance instructor with titles showing screen frontal replacement and technical lectures on smartphone screens.,manutenção de celular,UCjUIzOl-jfJ-Z4KdYk7xoPQ,hands,phone-repair,wave1,2026-09-14
https://www.youtube.com/@advancemobilerepair,@advancemobilerepair,Krishna Tech tube,622,88,4,"Titles show back glass and screen replacement plus network troubleshooting, real repair work shown.",mobile repairing,UCwOrZDli9-Q6o72x8IBruWw,hands,phone-repair,wave1,2026-09-14
https://www.youtube.com/@advancesolutions6193,@advancesolutions6193,ADVANCE SOLUTIONS ,1410,202,4,"Mobile repairing training center listing hardware, motherboard, IC-level, display and battery repair services.",mobile repairing | motherboard repair,UCQ3-YIdl9vb7PZsWcRCqsHg,hands,phone-repair,wave1,2026-09-14
https://www.youtube.com/@africfix,@africfix,Africfix,761,63,4,"Technician channel with titles on data recovery, LCD light fix, charging repair on real Samsung devices.",phone repair | smartphone repair,UCURE7FxLcloAdgT5Bt2vt6g,hands,phone-repair,wave1,2026-09-14
https://www.youtube.com/@afzalpromaxx,@afzalpromaxx,Afzal Pro Max,531,55,4,"Titles show hands-on component testing with multimeter, DC machine tutorials and mobile repair knowledge sharing.",phone repair | mobile repairing,UCC5fUkj0f9Xq4FxbhzMM64g,hands,phone-repair,wave1,2026-09-14
https://www.youtube.com/@ahfixfast,@ahfixfast,Ah Fix Fast,2360,297,4,Description focused on phone repair solutions across multiple brands including CPU/power work with clear repair intent.,phone repair | mobile phone repair,UC0VVYZ5ZvZPmlC3STFQqctA,hands,phone-repair,wave1,2026-09-14
https://www.youtube.com/@aisolutions3542,@aisolutions3542,Ai Solutions,16600,239,4,Mobile chip-level training institute description covers EMMC programming and IC-level repair instruction.,chip level | emmc,UCVY7eTbeG_pd0094qLOuEdg,hands,phone-repair,wave1,2026-09-14
https://www.youtube.com/@ajay_mobile_care,@ajay_mobile_care,Ajay Kumar,396,119,4,"Hindi mobile hardware repair channel emphasizing IC-level, charging, display and dead-phone troubleshooting content.",मोबाइल रिपेयरिंग,UCDVegvA4-OdjhB9prX3UecA,hands,phone-repair,wave1,2026-09-14
https://www.youtube.com/@akewbarokahcell957,@akewbarokahcell957,akew barokah cell,558,60,4,"Indonesian servicing channel with titles showing soldering tips, unlock, and repair tool demos for technicians.",servis hp,UCVC49cUGL4YBk7qTbTvJ2Bg,hands,phone-repair,wave1,2026-09-14
https://www.youtube.com/@alancelltreinamentos,@alancelltreinamentos,Alan Cell Treinamentos,85300,314,4,"Board-repair training channel teaching phone repair techniques and courses, likely practical bench content.",conserto de celular | reparo de placa,UCK9XrTZkZSMMlW_94wsFE2Q,hands,phone-repair,wave1,2026-09-14
https://www.youtube.com/@albarimobileslab122,@albarimobileslab122,Al Bari Mobiles Lab,372,129,4,"Titles show glass replacement work on Vivo and Samsung, plus generic repair description of parts replacement.",phone repair | mobile phone repair,UCCW8eSOEPwm6g8HAkDSBFiw,hands,phone-repair,wave1,2026-09-14
https://www.youtube.com/@alelorepara,@alelorepara,Ale lo Repara ,496,108,4,Cell phone repair technician and academy channel covering screen changes and microelectronics diagnostics.,reparación de celulares | reparación de móviles | reparo de placa celular,UCgxl02JSHA2mVoq8x8WSKTA,hands,phone-repair,wave1,2026-09-14
https://www.youtube.com/@alinemobiletrainingcentre786,@alinemobiletrainingcentre786,Aline Mobile Training Centre,1600,285,4,"Technical training institute offering chip-level mobile, laptop and TV repair courses with practical training claims.",chip level | emmc | mobile repairing course,UC-zq7P-409-X-U6BAL-l5-g,hands,phone-repair,wave1,2026-09-14
https://www.youtube.com/channel/uceeufl66v--406psfweu85g,@all_technicalchodo,All Technicalchodo,224,113,4,"Titles show specific repair jobs like charging jumper problems, CPU IC reballing and display issues.",mobile repairing | मोबाइल रिपेयरिंग,UCEEUFL66V--406psFweU85g,hands,phone-repair,wave1,2026-09-14
https://www.youtube.com/@allaboutmobilerepairing,@allaboutmobilerepairing,All About Mobile repairing ,780,122,4,"Titles show charging socket change, display line replacement, and network solutions with visible repair steps.",mobile repairing,UCj6M8qfkIf3wkMjFilIpdxg,hands,phone-repair,wave1,2026-09-14
https://www.youtube.com/@allmobilerepair5005,@allmobilerepair5005,All Mobile Repair,145,60,4,"Repair-shop name/description stating fixing all mobile phones, plausible bench repair content.",mobile phone repair | صيانة الهواتف | تعمیر موبایل,UCvDMyTEdp8Hm4Zp-iwj_yZw,hands,phone-repair,wave1,2026-09-14
https://www.youtube.com/@allmobilesolution786,@allmobilesolution786,All Mobile Solutions,43300,475,4,"Repair service provider detailing iPhone housing, display, battery, camera, motherboard repair content.",phone motherboard repair,UCHLFJgR9LXgzpKiLgZgmIjg,hands,phone-repair,wave1,2026-09-14
https://www.youtube.com/@allmobilesolutionsreview,@allmobilesolutionsreview,ALL MOBILE SOLUTIONS REVIEW,4840,251,4,iPhone repair channel covering board-level and part replacements with practical repair terminology.,phone motherboard repair,UC7cNj4n9ME1kTYNYpO4cf-w,hands,phone-repair,wave1,2026-09-14
https://www.youtube.com/@amirmobiles-806,@amirmobiles-806,Amir Mobile Lab Apple solution,25,58,4,Apple/mobile repair lab description covering hardware screen replacement and Apple hardware solutions.,mobile repairing | motherboard repair,UCT6ky96a_T8upSP3cJ1NtLg,hands,phone-repair,wave1,2026-09-14
https://www.youtube.com/@andresaceroapplerepair5526,@andresaceroapplerepair5526,Andres Acero Apple Repair,2350,105,4,Apple repair specialist channel focused on micro-soldering and mobile device repair courses.,reparación de móviles | microsoldadura celulares,UC6UvN7q6T4Ka6IBwvqo5MuQ,hands,phone-repair,wave1,2026-09-14
https://www.youtube.com/@anhlinh96,@anhlinh96,nguyễn trí Linh,496,51,4,Vietnamese phone repair shop offering deep repair and training for multiple brands.,sửa chữa điện thoại,UC0kKvbvUOExkQRXlo68xfPA,hands,phone-repair,wave1,2026-09-14
https://www.youtube.com/@apankbopbop,@apankbopbop,ApankBopbop,1440,84,4,"Indonesian tutorial channel explicitly covering LCD install, touchscreen separation, battery and connector replacement.",servis hp,UCe8IRclfapanRgL-d97FccA,hands,phone-repair,wave1,2026-09-14
https://www.youtube.com/@aplefixo,@aplefixo,APPLE FIXO ,321,286,4,"Apple/Android repair and training centre business, chip-level focus implied by service description.",phone motherboard repair,UCW1GgRl68ElfbZexfV8K5IA,hands,phone-repair,wave1,2026-09-14
https://www.youtube.com/@aplustelecom_lndiano1,@aplustelecom_lndiaNo1,a plus telecom (training institute),1040,56,4,"Mobile repairing training institute covering power IC, eMMC change, CPU reball with practical hardware focus.",mobile repairing | emmc,UC3J5h3rwUs3En_BsWBvVdWA,hands,phone-repair,wave1,2026-09-14
https://www.youtube.com/@apple_park_kia115,@apple_park_kia115,"رشید – تعمیر موبایل
",4830,137,4,Persian repair channel with 15 years experience description focused on diagnosing and fixing phone hardware issues.,تعمیر موبایل,UCEuQ5K13AlCFdIhsiLPrZTQ,hands,phone-repair,wave1,2026-09-14
https://www.youtube.com/@applefixchile,@applefixchile,AppleFix Chile,4950,292,4,"Apple-focused repair shop channel covering screen and board repairs for iPhone, Mac and iPad with tutorials.",reparación de móviles | reparo de placa celular,UC2FRJQgF7yHU2R4TzJj-FvA,hands,phone-repair,wave1,2026-09-14
https://www.youtube.com/@aqmobilezoneandvlogs1690,@aqmobilezoneandvlogs1690,A Q Mobile Zone and Repairing Center,1150,274,4,"Repair shop channel claiming IC, charging port and screen touch repairs of android phones with hands-on framing.",mobile repairing | tablet repair,UCqS69SBV1Y7CbEihFSptN0A,hands,phone-repair,wave1,2026-09-14
https://www.youtube.com/@asaam-tech,@asaam-tech,AppleFixSolutions,3210,281,4,Sri Lankan mobile technician training channel focused on practical real-world phone repair education.,phone repair | mobile phone repair | mobile repairing tamil | watch repairing course,UCYL2VKf3cODojfuE76GBYdQ,hands,phone-repair,wave1,2026-09-14
https://www.youtube.com/@asadkamran3546,@asadkamran3546,Asad Kamran,341,74,4,"Titles show display glass change, charging jack repair, and LCD screen replacement on real phones.",mobile repairing,UCHBPgmaP8S1ODdJWJLQvGWA,hands,phone-repair,wave1,2026-09-14
https://www.youtube.com/@ascelular,@ascelular,As Celular,1770,144,4,Mobile phone repair technical service channel focused on iPhone fault diagnosis and repair education.,reparación de celulares,UCGfOPjqqgxkoH7TOEBRVRkQ,hands,phone-repair,wave1,2026-09-14
https://www.youtube.com/@asiatelecommobile,@asiatelecommobile,Advance Mobile Training Institute ,83,124,4,"Mobile repairing training institute focused on CPU, power IC, UFS/eMMC programming with practical hands-on classes.",electronics repair course,UCQlS9OFbVfbDV7smfr3Oqvw,hands,phone-repair,wave1,2026-09-14
https://www.youtube.com/@assamgsmteam,@assamgsmteam,Assam Gsm Team ,3630,137,4,"Mobile repairing training channel with dead-mobile solution videos, hardware focus indicated.",mobile repairing,UCFnCtztImwzDzg26EdNkNUw,hands,phone-repair,wave1,2026-09-14
https://www.youtube.com/@assammobiletraningcenter,@assammobileTraningcenter,North East mobile institute,1310,87,4,"Mobile repair training institute name suggests advance-level phone repair bench sessions, low evidence beyond name.",phone repair,UCxKGAnhnutHpdzLbNkHrTEg,hands,phone-repair,wave1,2026-09-14
https://www.youtube.com/@ateeq_ur_rehman23,@ateeq_ur_rehman23,Attiq Mobile& Repairing Hub ,484,86,4,"Repair-shop channel showing back and display change with charging diagrams, practical bench videos.",mobile repairing,UC82r9LXzC73Y37BIYAlmcxA,hands,phone-repair,wave1,2026-09-14
https://www.youtube.com/@atozfonefixindia9728,@atozfonefixindia9728,iPhone Repair Training india,2570,88,4,"iPhone repair training institute with chip-level course focus, practical bench sessions implied.",phone repair | iphone repair | iPhone repair | electronics repair course,UCGcElj5ukrHjxs89SWTymgA,hands,phone-repair,wave1,2026-09-14
https://www.youtube.com/@atozmobileguwahati,@atozmobileguwahati,A TO Z MOBILE SOLUTIONS,147,143,4,"Detailed mobile repairing content covering soldering, multimeter use, reballing and schematic solutions.",phone repair | mobile repairing | mobile phone repair | motherboard repair | mobile repairing course,UClnqy7wJw_9XsssBorjwPvg,hands,phone-repair,wave1,2026-09-14
https://www.youtube.com/@axeumvideo,@axeumvideo,Аксеум: запчасти для сотовых телефонов,3900,483,4,"Parts retailer channel with guides on display, touchscreen and housing replacement shown on camera.",ремонт телефонов,UCgT-NCmau5lXhZUrFJ7Yn9g,hands,phone-repair,wave1,2026-09-14
https://www.youtube.com/@ayatenterprise1,@ayatenterprise1,Ayat Enterprise,477,75,4,Titles show back glass laser change and full body/display replacement step-by-step tutorials.,mobile repairing,UCsYqVaS5seOPopxbldz-NcQ,hands,phone-repair,wave1,2026-09-14
https://www.youtube.com/@ayucell,@ayucell,ayu cell,1420,74,4,Indonesian phone repair channel covering OCA lamination glue and LCD spot removal techniques.,servis hp,UCW0_3GhPgfFYLlnizDnV52g,hands,phone-repair,wave1,2026-09-14
https://www.youtube.com/@balajimobileteach8815,@balajimobileteach8815,balaji mobile teach,392,68,4,"Titles show power IC change, screen repair, though one video drifts to stock trading content.",mobile repairing,UCG3BqyD4TdxXyS7feA4aGQQ,hands,phone-repair,wave1,2026-09-14
https://www.youtube.com/@baptudazz,@baptudazz,Mobile Repairing Solution,387,83,4,"Description strongly focused on mobile motherboard repair, IC reballing, soldering training content.",phone repair | mobile repairing | mobile phone repair | motherboard repair | mobile repairing course | phone motherboard repair,UCRaVIWtitTLX1JF9pxMF-OA,hands,phone-repair,wave1,2026-09-14
https://www.youtube.com/@bjaghouhicham1,@bjaghouhicham1,bjaghou hicham_officiel,4590,88,4,Arabic mobile repair teaching channel covering hardware and software repair skills with structured lessons.,صيانة الهواتف,UCvBZPnT2BrcWT4MSfxTq_Jw,hands,phone-repair,wave1,2026-09-14
https://www.youtube.com/@bjakoy86,@bjakoy86,BJ Akoy,134,114,4,"Titles show real screen, fingerprint sensor replacement on Vivo/Realme/Oppo phones with repair hashtags.",servis hp,UClK2S_BNZi_2vNHMfbdLNqw,hands,phone-repair,wave1,2026-09-14
https://www.youtube.com/@blacklightrepairs,@blacklightrepairs,BlackLight Repairs,2380,57,4,"Comprehensive repair channel explicitly covering microsoldering, board repairs and screen/battery replacements.",microsoldering,UCBaFIlo1Ukv1unwTZ-U1jtQ,hands,phone-repair,wave1,2026-09-14
https://www.youtube.com/@blueservice6833,@blueservice6833,ร้านซ่อมมือถือBlue Service,791,57,4,Thai repair shop with titles showing specific device fault repairs like speaker and screen replacement.,ซ่อมมือถือ,UCQsIp-CPaEuLN22YfXzmRYw,hands,phone-repair,wave1,2026-09-14
https://www.youtube.com/@boardrepair_,@boardrepair_,BoardRepair,5530,166,4,Portuguese board-level repair course channel covering diagnostics and advanced phone motherboard repair techniques.,reparo de placa,UC3O0d4uln6uswcYY7Net5TA,hands,phone-repair,wave1,2026-09-14
https://www.youtube.com/@c-labcellservice9598,@c-labcellservice9598,C-Lab Cell service,209,94,4,"Repair shop description lists specific services like back glass replacement, battery, charging port and motherboard repair.",phone repair | mobile repairing | iphone repair | motherboard repair,UCPr7_N05zsEzsJ1RBFCzN4w,hands,phone-repair,wave1,2026-09-14
https://www.youtube.com/@camobilewala0901,@camobilewala0901,C A Mobilewala,716,69,4,Titles show real display replacement and charging solution repairs on specific phone models.,mobile repairing,UC0gbJkXfdk9GNqJdxzOKXUQ,hands,phone-repair,wave1,2026-09-14
https://www.youtube.com/@cellcareinfotech4438,@cellcareinfotech4438,Cellcare Infotech,8190,54,4,Channel explicitly teaches chip-level mobile repair with step-by-step demonstration videos.,mobile repairing | chip level | mobile repairing tamil,UCANMCqNwrn4KLoaYzUsU1PQ,hands,phone-repair,wave1,2026-09-14
https://www.youtube.com/@cellcaremobilerepairandtra805,@cellcaremobilerepairandtra805,Cell Care Mobile Repair And Training সেল কেয়ার,5310,169,4,Bangla mobile servicing training center channel with clear hashtag focus on repair and training content.,mobile repairing bangla,UCEXr3d3Sfc_vD4I8MAqv-BQ,hands,phone-repair,wave1,2026-09-14
https://www.youtube.com/@cellcuretech,@cellcuretech,Cell cure Technology,3080,275,4,"Training institute channel focused on chip-level repair, EMMC programming and IC/CPU practical hardware courses.",chip level | emmc | chip level repairing | mobile repairing tamil | watch repairing course,UCjnVeI6IdBQf6offynMWHAA,hands,phone-repair,wave1,2026-09-14
https://www.youtube.com/@cellphonesolution,@cellphonesolution,Cellphone Solution,281000,692,4,"Mobile repair training institute offering Android/iPhone repair and OCA courses, likely practical bench sessions.",phone repair | mobile phone repair | iphone repair | mobile repairing | cell phone repair | smartphone repair | mobile repairing course | mobile repairing hindi | मोबाइल रिपेयरिंग,UCWC5soaK1KCl_nCXps0M47A,hands,phone-repair,wave1,2026-09-14
https://www.youtube.com/@celltechrepair-rwp,@celltechrepair-Rwp,Cell Tech Repair,130,66,4,"Motherboard-level repair shop with CPU reball, PMIC, eMMC/UFS and ISP pinout work, some FRP/software mixed in.",emmc,UCbeHlOfTNQrh93P8VjEh1AQ,hands,phone-repair,wave1,2026-09-14
https://www.youtube.com/@cellzonemobile6630,@cellzonemobile6630,cellzone mobile trainig institute,4410,1339,4,"Mobile training institute description details jumper work, PCB parts and full repairing courses with practical bench focus.",mobile repairing | mobile repairing course | electronics repair course | electronics repairing institute,UC9FDaR9ZiJUYSf2gvOuQjmw,hands,phone-repair,wave1,2026-09-14
https://www.youtube.com/@celso_techvlog,@celso_techvlog,CELSO_TECH VLOG,140,103,4,"Titles show real repairs: LCD reglass, no power fix, Wi-Fi/Bluetooth issue, CPU removal on phones.",phone repair | cellphone repair,UCzm34gIfLwE5pLzMrZrQ-kw,hands,phone-repair,wave1,2026-09-14
https://www.youtube.com/@celulardelivery4347,@celulardelivery4347,CELULAR DELIVERY,690,60,4,"Assistência técnica specializing in iPhone board-level repair (charging, audio, touch, backlight, short-circuit).",reparo de placa celular,UC3TTBN5nmlIh5Frb6fYIqrw,hands,phone-repair,wave1,2026-09-14
https://www.youtube.com/@centraliphone8831,@centraliphone8831,MATA PLACA,20500,130,4,"Micro-soldering training and repair channel specializing in iPhone board-level work, business-oriented but hands-on focus.",reparo de placa celular,UCFmgCH0B_kL4VV8RHOpfXbA,hands,phone-repair,wave1,2026-09-14
https://www.youtube.com/@ceptelefonservisi,@ceptelefonservisi,CEP TELEFONU HASTANESİ,1270,977,4,"Long-established phone/tablet repair shop offering screen, battery, motherboard and IC repairs.",telefon tamiri,UC2l1D-NyQE9zPCp2FDzn0EQ,hands,phone-repair,wave1,2026-09-14
https://www.youtube.com/@chamundamobilemanuthakor,@chamundamobilemanuthakor,Chamunda Mobile | Manu Thakor |,66,60,4,Training centre explicitly offering chip-level live and practical repair training.,mobile repairing | chip level,UCx7pnCwxi8qL5SUu3QhoeJQ,hands,phone-repair,wave1,2026-09-14
https://www.youtube.com/@chandanmobile404,@chandanmobile404,Touch House Chandravanshi Mobile,452,64,4,Titles show real board-level repairs like charging pin change and PMIC replacement at a mobile repair shop.,mobile repairing,UCTThqWk2VZydBrxuDtV251Q,hands,phone-repair,wave1,2026-09-14
https://www.youtube.com/@chandigarhtelecom1784,@chandigarhtelecom1784,CHANDIGARH TELECOM,269,68,4,Mobile repair training channel with titles like iPhone charging problem and dead phone recovery repair by students.,mobile repairing,UC9c9TtKcAXmPr3IHdozzZRA,hands,phone-repair,wave1,2026-09-14
https://www.youtube.com/@chheangphonefix,@chheangphonefix,Chheang phonefix,855,73,4,Dedicated phone repair and restoration channel promising step-by-step tutorials and behind-the-scenes shop content.,phone repair,UCT5CSBjlX4suvndOHBd5Q1w,hands,phone-repair,wave1,2026-09-14
https://www.youtube.com/@chinaphonefix,@chinaphonefix,China Phonefix,6550,499,4,"Phone repair tutorial channel run by a parts/tools wholesaler, mixing real repair videos with sales.",phone repair | mobile phone repair,UCSuSFrPqnrZl67C5E6wg3nw,hands,phone-repair,wave1,2026-09-14
https://www.youtube.com/@circuitogsm,@circuitogsm,leo plaza,6840,57,4,Dedicated microsoldering/reballing channel name and handle strongly signal board-level phone repair work.,microsoldadura,UCELGQ_LSMAzqAsKhy-3BqtQ,hands,phone-repair,wave1,2026-09-14
https://www.youtube.com/@creativeelectronictips,@creativeelectronictips,creative electronic tips🤞,2230,103,4,"Channel dedicated to step-by-step mobile hardware repair tutorials: display, charging, dead phone repair.",phone repair | mobile repairing,UCqAWs2FkU5Aon1SoVcEprPg,hands,phone-repair,wave1,2026-09-14
https://www.youtube.com/@d.rmobilerepairing7140,@d.rmobilerepairing7140,d.r mobile repairing,244,107,4,Titles show clear display and back-glass replacement restorations on multiple phone models.,phone repair | mobile repairing | cell phone repair,UCqVnXdjjAoKrFHh04ltKZlQ,hands,phone-repair,wave1,2026-09-14
https://www.youtube.com/@dackselectronicrepair,@dackselectronicrepair,Dack's Electronic Repair,1620,54,4,"One-man cell phone, tablet and computer repair business filming mail-in repairs; likely hands-on bench work.",phone repair | cell phone repair | electronic repair | Elektronik reparieren,UCYHCa49b0yfMerm5w3zlClw,hands,phone-repair,wave1,2026-09-14
https://www.youtube.com/@dangiustec,@dangiustec,Dan Gius tec,7550,272,4,"Experienced smartphone repair trainer sharing daily practice and course content, business-oriented but repair-focused.",manutenção de celular,UC5D7SyiT2XfaO6VyvudlbNA,hands,phone-repair,wave1,2026-09-14
https://www.youtube.com/@dhanlaxmimobilebapunagar,@dhanlaxmimobilebapunagar,Dhanlaxmi Mobile,609,81,4,"Shop channel with titles showing back glass and display changes on specific phone models, real repair work visible.",mobile repairing,UC2gDpCdvlTomf8xfcycE8dw,hands,phone-repair,wave1,2026-09-14
https://www.youtube.com/@dharamraj7116,@dharamraj7116,Harsh Telecom ,304,93,4,Titles show real hardware repair steps like display sensor and connector replacement on camera.,mobile repairing,UCSmMxqgJEqNtoLt7PSQ0khA,hands,phone-repair,wave1,2026-09-14
https://www.youtube.com/@diamondtech79,@diamondtech79,Diamondtech Official ,7940,549,4,Mobile repairing channel description mentions screen replacements and hands-on demos with tutorials format.,mobile repairing | تصليح الموبايل | تعمیر موبایل,UCX1x5-tqShH8JKlMNq7UpHw,hands,phone-repair,wave1,2026-09-14
https://www.youtube.com/@didarbd143,@didarbd143,QUICK PHONE REPAIR BH👨‍🔧,3290,116,4,Repair shop channel uploading fault-finding and repair solution videos from Bahrain.,phone repair | phone repair shop,UCHKRa8kRAqm2OE-z615PTSg,hands,phone-repair,wave1,2026-09-14
https://www.youtube.com/@digital_phone,@digital_phone,Digital phone,173,53,4,Spanish channel dedicated to cell phone board repair with repair videos described directly.,reparo de placa celular,UCESHq2x7HdJqXK9lx_VHreA,hands,phone-repair,wave1,2026-09-14
https://www.youtube.com/channel/uci4hw4pm8bwghvir8u6sdfg,@divakarpatel4648,Divakar Patel,390,212,4,"Titles show iPhone back glass and charging board-level solution work, real bench repairs.",mobile repairing,UCI4Hw4PM8bWgHvir8U6SDfg,hands,phone-repair,wave1,2026-09-14
https://www.youtube.com/@dlmreparaciones,@dlmreparaciones,DLMreparaciones,2510,51,4,Spanish channel dedicated to phone repairs sharing content to help fellow technicians in the trade.,microsoldadura celulares,UC052wYtLJkqCGomiCLYq6CA,hands,phone-repair,wave1,2026-09-14
https://www.youtube.com/@dmrsolution6293,@dmrsolution6293,DMR Solution,9260,560,4,"Description explicitly promises hardware, software, and schematic-based mobile repair solution videos.",mobile repairing,UCQAycE7hZ6lQbws4FLnHaVQ,hands,phone-repair,wave1,2026-09-14
https://www.youtube.com/@doctormobilerepairinglab1042,@doctormobilerepairinglab1042,Doctor Mobile Repairing Lab,7400,286,4,"Channel explicitly dedicated to mobile repairing videos only, strong topical focus per description.",phone repair | mobile repairing | mobile phone repair,UCG8XlB0GfZyG2dhd38SytDw,hands,phone-repair,wave1,2026-09-14
https://www.youtube.com/@donifix,@donifix,DoniFix,251,77,4,"Mobile repair channel blending micro-soldering, screen/battery replacement with software fixes and FRP removal.",phone repair | motherboard repair | phone motherboard repair | micro soldering phone,UCtyqmrFpC5DuVaIkXr-bURw,hands,phone-repair,wave1,2026-09-14
https://www.youtube.com/@dspmobilesoluction,@dspmobilesoluction,DSP MOBILE ,809,98,4,"Mobile repairing course/institute channel mentioning micro jumper and IC fixing with iron, chip-level bench training.",मोबाइल रिपेयरिंग,UCRPLMHId-bMWqiy1ayPmtmA,hands,phone-repair,wave1,2026-09-14
https://www.youtube.com/@easyinfochannel,@easyinfochannel,easy info channel,78,56,4,"Mobile hardware repair tutorials covering charging, display, dead phone repair and soldering basics.",phone repair | mobile repairing | mobile phone repair,UCdPjWDFnsMu0zMh__ECa6yQ,hands,phone-repair,wave1,2026-09-14
https://www.youtube.com/@easyphone6565,@easyphone6565,Easy Phone by ช่าง อรรถ เซ็นทรัลชลบุรี,293,169,4,"Thai channel doing board repair, glass lamination and back-glass replacement for iPhones, clear hands-on repair focus.",ซ่อมมือถือ,UCWVZ6Gk_EJTR-oFV5c6i8iw,hands,phone-repair,wave1,2026-09-14
https://www.youtube.com/@easyphonerepair,@easyphonerepair,Easy phone repair,287,77,4,"Titles show real board-level fixes like mic jumper, auto-restart and dead solutions on specific phone models.",phone repair,UCoUp6ktTTftboU4g2Bqeg7g,hands,phone-repair,wave1,2026-09-14
https://www.youtube.com/@ecstechnologies,@ecstechnologies,ECS Technology Pvt. Ltd,1510,183,4,"Chip-level training institute for laptop and mobile/iPhone repair with live practicals, strong bench-training fit despite laptop overlap.",chip level,UCxLnDNBFc9cBHVa6OIrZy4g,hands,phone-repair,wave1,2026-09-14
https://www.youtube.com/@edgepoint0001,@edgepoint0001,edgeponit0001,414,182,4,"Description lists display change, flex patta change, hardware/software solutions with specific device models mentioned.",phone repair,UCsd0faU5g38OGhz07YAxkfw,hands,phone-repair,wave1,2026-09-14
https://www.youtube.com/@electrowaawich,@electrowaawich,Electro Waawich إليكترو وعويش,14900,605,4,"Educational channel for phone repair beginners, likely practical bench content per description.",صيانة الهواتف,UCmagl_1MAiHRB_-E8UpeCzA,hands,phone-repair,wave1,2026-09-14
https://www.youtube.com/@eloytelefonia,@eloytelefonia,Eloy | Soporte Técnico Celular,1660,80,4,"Spanish channel dedicated to cellphone diagnosis and repair, clear technical focus.",reparación de celulares | reparación de móviles,UCKdr3zQqpOlvOo7W4JxHtyQ,hands,phone-repair,wave1,2026-09-14
https://www.youtube.com/@elreparacelulares,@elreparacelulares,El Repara Celulares,121,102,4,Board-level phone/tablet repair shop focused on motherboard repair rather than replacement.,reparación de celulares | reparo de placa celular,UCV3fLVg6ERc3f00uzEOI5oA,hands,phone-repair,wave1,2026-09-14
https://www.youtube.com/@emac2299,@emac2299,emac2299,26400,81,4,iPhone screen/LCD replacement and button/speaker repair price list indicates real hands-on repair channel.,phone repair | iphone repair,UCoii5VK_KWzocnFopcchrVQ,hands,phone-repair,wave1,2026-09-14
https://www.youtube.com/@europa3gmadrid,@europa3gmadrid,Europa 3G Madrid,79,66,4,"Repair shop with iPhone/iPad tutorials on screen, battery, board repair plus water damage and courses, some marketing clips.",reparación de móviles,UCz6p7Rr3Pp2Uk7XWMCRn0ig,hands,phone-repair,wave1,2026-09-14
https://www.youtube.com/@expertinstitute-in,@expertinstitute-in,EXPERT,10700,5029,4,"Multi-device repair training institute with dedicated mobile, iPhone and laptop repair courses including chip-level hands-on training.",phone repair | mobile repairing | iphone repair | mobile repairing course | AC repair,UCKTDVEzVcSqYf_tT8vuhN3Q,hands,phone-repair,wave1,2026-09-14
https://www.youtube.com/@ez-fixit4044,@ez-fixit4044,EZ-Fixit,11800,464,4,"Dedicated cell phone repair channel spun off from broader repair content, focused solely on phone fixes.",phone repair | cell phone repair,UCyQoAsXw3qVwRvpqT56p59Q,hands,phone-repair,wave1,2026-09-14
https://www.youtube.com/@ezrepairs974,@ezrepairs974,Ez Repairs,1230,452,4,Cellphone repair shop channel explicitly showing how electronics repairs are done.,phone repair | cellphone repair,UCeCfULhImrUPf3KyuYG4fEQ,hands,phone-repair,wave1,2026-09-14
https://www.youtube.com/@faishalmobile1,@faishalmobile1,Faishal.sheikh,363,154,4,Titles show real iPhone back glass replacement and speaker repair processes without laser machine.,mobile repairing,UCJdqkhHkApuKVHltA1qqWAw,hands,phone-repair,wave1,2026-09-14
https://www.youtube.com/@fayerepairponsel,@fayerepairponsel,Faye Repair Ponsel,2290,591,4,Indonesian phone repair channel description covers diagnosing and fixing damaged phones with practical focus.,servis hp,UCkbLnaIjsTekn4UDg8wswzQ,hands,phone-repair,wave1,2026-09-14
https://www.youtube.com/@fenixgadgetscare,@fenixgadgetscare,Fenix Gadgets Care,165,73,4,"Multi-brand repair center specializing in iPhone board-level fixes like camera power IC repair, mixed with some general tech tips.",phone repair | iphone repair,UCX5pSFFltl5KCq23WikkmTg,hands,phone-repair,wave1,2026-09-14
https://www.youtube.com/@fgcell-2210,@fgcell-2210,FGCELL ASSISTÊNCIA,5320,466,4,Repair channel description details screen and battery replacement tutorials with practical step-by-step promise.,conserto de celular | manutenção de celular,UC3tgi5_er-Sv8HZo4gLP4BQ,hands,phone-repair,wave1,2026-09-14
https://www.youtube.com/@fixitschool3308,@fixitschool3308,FIXIT SCHOOL,583,72,4,"Russian channel teaching modern electronics repair training, likely phone-focused bench sessions.",ремонт телефонов,UCcOCBYad8F7seVgfCENc48w,hands,phone-repair,wave1,2026-09-14
https://www.youtube.com/@futurefonesltd,@futurefonesltd,Future Fones ,3840,160,4,"Explicit microsoldering, board-level repair and troubleshooting shop description fits topic well despite software services mentioned.",microsoldering,UCf-BRmJa6TlwC-y4Wmd3Osw,hands,phone-repair,wave1,2026-09-14
https://www.youtube.com/@gaganmobilehospital,@gaganmobilehospital,gagan mobile hospital,277,229,4,"Chip-level mobile repair channel covering board swapping, shorting solutions and dead phone repairs.",mobile repairing | chip level,UCocz9eTK5H6NT7vrosSnTmg,hands,phone-repair,wave1,2026-09-14
https://www.youtube.com/@gauravmobilecareofficial,@gauravmobilecareofficial,Gaurav Mobile Care Official,1070,96,4,Chip-level and EMMC mobile repair channel mixed with software flashing/unlocking and iOS restore content.,mobile repairing | emmc,UC_-xq9iLcV57ZkG84ru6YTA,hands,phone-repair,wave1,2026-09-14
https://www.youtube.com/@geruatech4141,@geruatech4141,Gerua Tech,468,232,4,Titles show specific phone fault repairs like charging problems and dead phone recovery with named devices.,mobile repairing,UCgJKciEl67d2YN6NHjZFv6Q,hands,phone-repair,wave1,2026-09-14
https://www.youtube.com/@ghenadytec,@ghenadytec,Ghenady Tec,8640,118,4,Experienced smartphone microelectronics technician and instructor with dedicated technical repair lab focus.,manutenção de celular,UCPI4dGGTaBuEEj0j9i887jw,hands,phone-repair,wave1,2026-09-14
https://www.youtube.com/@gilanfix,@gilanfix,gilanfix,3400,147,4,Mobile phone repair team focused on CPU/eMMC/UFS chip-level work and circuit analysis training.,phone repair | mobile phone repair | emmc,UCbU1yJiw4Ede_HzznmH1wgw,hands,phone-repair,wave1,2026-09-14
https://www.youtube.com/@goyetskalikot,@goyetskalikot,Goyet's Kalikot Adventures,351,135,4,"IT manager channel with real charging port replacement, OVP IC bypass titles showing hands-on repair work.",electronics technician,UCgCJ1xHI0yPD0YFcLsR0akg,hands,phone-repair,wave1,2026-09-14
https://www.youtube.com/@gphonemedic,@gphonemedic,Gphone Medic,406,59,4,"Mobile phone repair tutorials with titles showing LCD replacement, motherboard work and audio fixes, some FRP content.",phone repair | mobile phone repair,UCxT0pJ_984DHhFx2g-j8ohg,hands,phone-repair,wave1,2026-09-14
https://www.youtube.com/@greenapplenagaraju1438,@greenapplenagaraju1438,GreenappleNagaraju,807,157,4,"Titles show iPhone motherboard separation and baseband repair, genuine board-level micro-soldering work.",mobile repairing | mobile repairing telugu,UCcvA4PvpGZmPs87s38jy2jA,hands,phone-repair,wave1,2026-09-14
https://www.youtube.com/@greenshortszone-z1e,@greenshortszone-z1e,greenshortszone,141,52,4,"Repair shop channel listing CPU repair, charging pin change, display replacement and dead phone fixes as real videos.",phone repair | mobile repairing,UCu0wzagwwBIOlU0iKPeO5-w,hands,phone-repair,wave1,2026-09-14
https://www.youtube.com/@gsfellix,@gsfellix,Gustavo Félix,3380,147,4,Board-level phone repair channel focused on circuit analysis and smartphone board repair.,reparo de placa | reparo de placa celular,UCBPvC4uCLS95xuWsBVAjd7Q,hands,phone-repair,wave1,2026-09-14
https://www.youtube.com/@gsm-hridoy,@gsm-hridoy,GSM-HRIDOY-📱,4600,69,4,Dedicated GSM mobile repairing trainer channel promising hardware and software step-by-step tutorials.,mobile repairing | mobile repairing course | mobile repairing bangla,UCkdOAgrmwe32xC2eS7HdmRw,hands,phone-repair,wave1,2026-09-14
https://www.youtube.com/@gsm4u,@gsm4u,Gsm4u,18800,221,4,"Mobile repairing course channel covering soldering, reballing and multimeter use, hands-on bench focus.",phone repair | mobile repairing | mobile phone repair | motherboard repair | mobile repairing course | تصليح الموبايل,UC6U2o831m3J3vJeC9v4hR8w,hands,phone-repair,wave1,2026-09-14
https://www.youtube.com/@gsmaltek,@gsmaltek,GSM ALTEK,975,105,4,"Spanish channel dedicated to Android microsoldering, component repair and hardware diagnostics tutorials.",microsoldadura | reparación de móviles,UCIIRIkeRAS0FzXrASK5AMuQ,hands,phone-repair,wave1,2026-09-14
https://www.youtube.com/@gsmmowdud,@gsmmowdud,GSM MOWDUD,2730,260,4,Bangla channel explicitly dedicated to uploading mobile hardware repair work in clear steps.,mobile repairing,UCPKg6f04YRTmHcxaVwm3bSw,hands,phone-repair,wave1,2026-09-14
https://www.youtube.com/@gsmobilestudio,@gsmobilestudio,G S MOBILE STUDIO,1000,258,4,Titles show real display replacement jobs for Realme and Tecno phones with parts named.,mobile repairing,UCeEDrHz7bZZsrErMYR1-i2A,hands,phone-repair,wave1,2026-09-14
https://www.youtube.com/@gsmpolok,@gsmpolok,Gsm Polok,389,86,4,"Motherboard repair channel focused on EMMC/UFS reballing and IC programming, though recent titles drift to vlog content.",phone repair | smartphone repair | motherboard repair | emmc,UC0pwbpsu1c4t9h5UmdaURUg,hands,phone-repair,wave1,2026-09-14
https://www.youtube.com/@gsmsakib,@gsmsakib,GSM SAKIB,1520,78,4,Dedicated mobile hardware repair channel presenting repair work in accessible format per description.,mobile repairing,UCDyPnvTkvtF7NjfDvcpzJJg,hands,phone-repair,wave1,2026-09-14
https://www.youtube.com/@gsmsanjoy94,@gsmsanjoy94,GSM SANJOY,25200,5462,4,"Description details jumper wires, component-level repairs, camera and fingerprint fixes typical of hands-on bench work.",mobile repairing,UCM5yGG9g7VDlQqsBplkK4Aw,hands,phone-repair,wave1,2026-09-14
https://www.youtube.com/@gsmshahidmobilesolution,@gsmshahidmobilesolution,Gsm shahid A to Z mobile solutions ,594,128,4,Dead mobile repairing and IC reballing content described with step-by-step live solutions and software mixed in.,mobile repairing,UCfinRG5lHUKzA1Un6CTh1Eg,hands,phone-repair,wave1,2026-09-14
https://www.youtube.com/@gurjitbilga,@gurjitbilga,BILGA MOBILE REPAIR ,63700,4781,4,"Mobile repair shop description covering touch, broken glass change and IC repair across multiple phone brands.",mobile repairing,UC15wapP-Iy4hU_sjkaYK5WA,hands,phone-repair,wave1,2026-09-14
https://www.youtube.com/@haderrazacellution,@haderrazacellution,Hader Raza Cellutions,2480,186,4,Description explicitly promises how-to repair videos for cell phones and tablets with practical tutorials.,phone repair | mobile phone repair | cell phone repair | phone screen replacement,UCEYGCDCPo0iWE6qeIeB4JAA,hands,phone-repair,wave1,2026-09-14
https://www.youtube.com/@haraspoint446,@haraspoint446,Haras Point,8370,302,4,"Mobile repairing channel mentioning IC reballing and brand-specific fixes, hands-on bench focus.",mobile repairing,UC5CNu_cNIpODIKj6EPCoBkA,hands,phone-repair,wave1,2026-09-14
https://www.youtube.com/@hariphonerepair1,@hariphonerepair1,hari phone repair,20700,195,4,Dedicated phone repair channel covering glass touch replacement and EMMC/UFS chip-level work.,phone repair | emmc | mobile phone repair | smartphone repair | phone motherboard repair,UC6_VRhsS50tSHZdQbxhdTfw,hands,phone-repair,wave1,2026-09-14
https://www.youtube.com/@hbmobile3985,@hbmobile3985,HB Mobile,920,146,4,"Mobile repair center with titles showing iPhone dead recovery, storage upgrade, and microscope camera use, chip-level work.",mobile repairing,UCmj706bAKDGJFBjH6LnxzXQ,hands,phone-repair,wave1,2026-09-14
https://www.youtube.com/@hbmobilerepairing378,@hbmobilerepairing378,HBtechnology,200,98,4,"Titles show real motherboard change, charging problem and auto-touch repairs on camera.",mobile repairing,UCSIaJvZuIyiEKbxk5f_9K6w,hands,phone-repair,wave1,2026-09-14
https://www.youtube.com/@hdpassistenciatecnica,@hdpassistenciatecnica,Heli De Paula Madureira,450,95,4,Titles show real screen replacements on Samsung and LG phones alongside general computer maintenance content.,manutenção de celular,UC9Op3StKubmMOJ066-L_7Zg,hands,phone-repair,wave1,2026-09-14
https://www.youtube.com/@technicalheet007,@heetsmartphone007,Heet Smartphone Solution,549,67,4,Advanced chip-level repair center description mentioning CPU/eMMC/UFS work and iPhone fixes.,chip level | emmc,UCmqh9pfLj0uMPb9Vid9uGHg,hands,phone-repair,wave1,2026-09-14
https://www.youtube.com/@hkmobilej,@hkmobilej,hkmobile,1480,526,4,"OCA lamination, EMMC programming and motherboard repair course channel with hands-on repair focus.",motherboard repair | emmc,UCqRnGaGJy0pJwopUGJYL6Kg,hands,phone-repair,wave1,2026-09-14
https://www.youtube.com/@hormvantraofficial,@hormvantraOfficial,HormVantra Official,537,84,4,"Khmer phone repairman channel with titles about back cover breakage, IC lifting, glue cleaning showing real bench work.",phone repair,UCHwQleVsQcbKFL88BPN9DdA,hands,phone-repair,wave1,2026-09-14
https://www.youtube.com/@hpmobiletelecominstitute,@hpmobiletelecominstitute,HP MOBILE TELECOM INSTITUTE,754,859,4,"Mobile and computer repairing institute description details IC reballing, eMMC and display fault topics for training.",मोबाइल रिपेयरिंग,UCC8Ac1tdXU6bq9ySZ5MBFyA,hands,phone-repair,wave1,2026-09-14
https://www.youtube.com/@hprsx,@hprsx,hprsx,407,63,4,"Indonesian mobile repair tutorial channel for beginners, hardware and software fixes on camera.",servis hp,UCzmchS_hcc0-qEh-fKRoJsg,hands,phone-repair,wave1,2026-09-14
https://www.youtube.com/@hqmobile2978,@hqmobile2978,HQ Mobile,231,52,4,"Urdu/Hindi channel with step-by-step tutorials on battery, charging, display repair with tools and multimeter tips.",mobile repairing urdu,UCr03otR0UBM0XsUjCCRkovQ,hands,phone-repair,wave1,2026-09-14
https://www.youtube.com/@hub111,@hub111,Mobile HUB ,753,316,4,Speaker/loudspeaker replacement and charging solution titles show real hands-on phone repair work.,mobile repairing,UCXi1K_zzoXrI4vxhuAp_ivQ,hands,phone-repair,wave1,2026-09-14
https://www.youtube.com/@huydungmobile,@huydungmobile,Huy Dũng Mobile - Chuyên sửa chữa điện thoại,10400,196,4,Repair center description explicitly focused on repair process and part replacement content for phones and tablets.,sửa chữa điện thoại,UC4quvI7lXoW49Cy7YX-wt-Q,hands,phone-repair,wave1,2026-09-14
https://www.youtube.com/@i-fixcenter5053,@i-fixcenter5053,i-Fix Center,6180,142,4,"Dedicated iPhone repair channel focused on repair solutions, though evidence limited to description.",phone repair | iphone repair,UCpMNczQJ61vFADfDS2w6JtA,hands,phone-repair,wave1,2026-09-14
https://www.youtube.com/@i.am.mobileguru,@i.am.mobileguru,I AM MOBILEGURU ,263,67,4,Chip-level EMMC/UFS repair videos with titles showing dead boot and logic hang problem solves.,mobile repairing | emmc,UCG--eMH93xe6C2zWV2aq_2w,hands,phone-repair,wave1,2026-09-14
https://www.youtube.com/@i2ctech,@i2CTech,i2C Tech,77300,101,4,Technical channel for cellphone technicians focused on board-level information and tutorials.,reparo de placa celular,UCskh0ctl4DdPMuPtdv1K5qA,hands,phone-repair,wave1,2026-09-14
https://www.youtube.com/@ifixprousa,@iFixProUSA,iFix Pro USA,1530,234,4,Board-level repair channel with teardown tutorials covering logic board and screen replacement guides.,phone repair | smartphone repair,UCqSCeAmuTzPhGfvswRKyajA,hands,phone-repair,wave1,2026-09-14
https://www.youtube.com/@ifixityourself,@iFixitYourself,iFixit,1280000,1087,4,iFixit publishes real teardowns and repair guides for phones/tablets alongside device reviews and news content.,phone screen replacement | iPad repair | mobile repairing bangla | laptop disassembly | laptop repairing Hindi | laptop repair Bangla,UCHbx9IUW7eCeJsC4sBCTNBA,hands,phone-repair,wave1,2026-09-14
https://www.youtube.com/@iphone5minutesrepair,@iPhone5minutesrepair,iPhone 5 minutes repair,67,71,4,"Dedicated iPhone/Apple repair channel name implying quick fixes, though no titles to verify format.",iPhone repair,UCxfJuK2iXL9nTooazntkEng,hands,phone-repair,wave1,2026-09-14
https://www.youtube.com/@iphonefixlab,@iPhoneFixlab, iPhone Fix,37400,434,4,"Pakistan iPhone repair service center and institute, dedicated repair business channel.",phone repair | iphone repair | cell phone repair | iPhone repair | watch repairing course,UCVy8_1WRSlO29T66s3oxF4g,hands,phone-repair,wave1,2026-09-14
https://www.youtube.com/@iphoneservicemalaysia,@iPhoneServiceMalaysia,iPhone Service Malaysia,62600,182,4,iPhone motherboard micro-soldering guide and training hub with diagnostic and reballing focus described.,motherboard repair | iPhone repair | phone motherboard repair | phone repair shop | iPad repair,UCNgjPz7qROP2t3aiWVjqetQ,hands,phone-repair,wave1,2026-09-14
https://www.youtube.com/@iphoneservisrepair,@iPhoneServisRepair,Apple Teknik Servis Saints Computer,24000,124,4,"Apple technical service channel explicitly showing screen, motherboard and glass repair process videos.",telefon tamiri,UCkkjSGs5-Rh81r2mz6vxOOw,hands,phone-repair,wave1,2026-09-14
https://www.youtube.com/@irepair_studio,@iRepair_Studio,iRepair Studio ,162,140,4,"iPhone repair center description mentions board-level repair expertise, but no titles confirm on-camera format.",phone repair | iphone repair,UCyKxya19T5JbARVo6ye4o8w,hands,phone-repair,wave1,2026-09-14
https://www.youtube.com/@irestorephone,@iRestorePhone,iRestore Phone,1700,93,4,"Channel dedicated to restoring old/damaged phones across many brands, aligns well with repair mission.",smartphone repair | phone screen replacement,UCEpTESc1WahkrZRpeSeek2A,hands,phone-repair,wave1,2026-09-14
https://www.youtube.com/@it_shop_service,@iT_Shop_Service,@iT แอดไอที Shop & Service,445,134,4,Thai repair shop channel titles show actual screen replacements on phones like Samsung and Oppo.,ซ่อมมือถือ,UCvHDrXoaBuWl0MEjAvFow1A,hands,phone-repair,wave1,2026-09-14
https://www.youtube.com/@icircuitindia,@icircuitindia,iCircuit Bangalore ,73,68,4,"Apple repair shop offering iPhone screen/battery/camera and MacBook chip-level repair, likely films real jobs.",phone repair | iphone repair | microsoldering | chip level repairing,UC4nxm6yHuiNc_Gzl-7aC4Ug,hands,phone-repair,wave1,2026-09-14
https://www.youtube.com/@ifixacademy,@ifixacademy,iFIX ACADEMY,3730,51,4,"iPhone repair academy focused on fault diagnosis, power issues, screen and camera hardware repairs.",phone repair | iphone repair,UCqi0012zDOyrIL7oAKDf3cA,hands,phone-repair,wave1,2026-09-14
https://www.youtube.com/@ifixgeek6744,@ifixgeek6744,iFixgeek,38,55,4,Repair shop channel with titles showing MacBook and iPhone screen/battery replacement work on camera.,electronics repair,UCcIiYrHO1rJeJfdGzlOdk6A,hands,phone-repair,wave1,2026-09-14
https://www.youtube.com/@ifixip,@ifixip,Apple Mobile Shop,177,252,4,"Apple repair shop channel promising behind-the-scenes repair lab footage of screens, batteries, water damage.",phone repair | iphone repair,UC0_-fhH9NE7Sf1-y2PwEXbA,hands,phone-repair,wave1,2026-09-14
https://www.youtube.com/@ifixitkashmir,@ifixitkashmir,IFIXIT KASHMIR,4020,381,4,"Dedicated iPhone repair channel with step-by-step tutorials on screens, batteries, cameras and charging ports.",phone repair | iphone repair,UCvejPxoj7h_C9EbUEewJRUA,hands,phone-repair,wave1,2026-09-14
https://www.youtube.com/@igadgetplayboy6705,@igadgetplayboy6705,iGadget playboy,3250,60,4,iPhone repair tutorial channel with step-by-step screen and battery replacement guides described.,phone repair | iphone repair,UCPjxpDIVRdBO0TqcQvXBqZg,hands,phone-repair,wave1,2026-09-14
https://www.youtube.com/@imake97,@imake97,imake iPhone service ,80,59,4,"iPhone/Android chip-level repair channel with titles on error fixes and CPU issues, board-level focus.",chip level,UCeKDoji9JgaU-99QIlbiViQ,hands,phone-repair,wave1,2026-09-14
https://www.youtube.com/@imobilephone5346,@imobilephone5346,Imobile Phone,2230,226,4,"Vietnamese channel focused on screen replacement, lamination and phone repair sharing.",sửa chữa điện thoại,UCvfUbKAThOiH78BezMEV7mw,hands,phone-repair,wave1,2026-09-14
https://www.youtube.com/@imobsmart,@imobsmart,IMOB SMART-CURSO MANUTENÇÃO DE CELULARES,1300,242,4,Practical and theoretical mobile maintenance course channel targeting technician training in electronics repair.,manutenção de celular,UCt9fA9GebtPHuL5-6WE-OhQ,hands,phone-repair,wave1,2026-09-14
https://www.youtube.com/@importphones,@importphones,Importphones,630,238,4,"Repair shop channel explicitly sharing didactic repair videos across phones, tablets and laptops.",reparación de móviles,UCjETU0geOTmCrp4GpmMau0g,hands,phone-repair,wave1,2026-09-14
https://www.youtube.com/@intajali-lc8ip,@intajali-lc8ip,Intaj Ali 786,49,60,4,"Titles show real hardware repair work like charging jack replacement, dead phone solutions and network fixes.",mobile repairing,UC7s-hrLsxTVH4Fq9blJZxjA,hands,phone-repair,wave1,2026-09-14
https://www.youtube.com/@iosrepair,@iosrepair,iOS Repair,3350,58,4,"iPhone/iPad repair shop listing back glass laser, chip-level motherboard repair and display work.",chip level | phone motherboard repair | iPad repair,UCkZN1oCAO034p_ZJ5CVvgFA,hands,phone-repair,wave1,2026-09-14
https://www.youtube.com/@ipadcare,@ipadcare,아이패드케어 ipadcare,1130,267,4,"iPad/Apple device repair business focused on water damage, no power, board-level issues implied by description.",tablet repair,UCgkyIzXYfOweXEBlix39vhg,hands,phone-repair,wave1,2026-09-14
https://www.youtube.com/@iphone%e5%8c%bb%e7%94%9f,@iphone%E5%8C%BB%E7%94%9F,iphone 医生,171,84,4,"Chinese iPhone repair channel covering screen, battery, motherboard and water damage repair tutorials and teardowns.",手机维修,UC0Q95XdUfUxoR6RpIlLMuPQ,hands,phone-repair,wave1,2026-09-14
https://www.youtube.com/@iphonefixed_delhi,@iphonefixed_Delhi,iphonefiXed,1360,405,4,"iPhone/Apple device repair channel with hardware services like battery, display, water damage repair alongside software troubleshooting.",phone repair | iphone repair,UCXAHGSHbA2fN1RIlzNWNCcw,hands,phone-repair,wave1,2026-09-14
https://www.youtube.com/@iphoneipadapplewatchmacboo5841,@iphoneipadapplewatchmacboo5841,ซ่อม IPhone IPad by Bird,688,53,4,iPhone/iPad/Apple Watch repair shop channel showing screen glass replacement and storage upgrade titles.,ซ่อมมือถือ,UCNGPDVxpSvZBa6T0RkoT2Mg,hands,phone-repair,wave1,2026-09-14
https://www.youtube.com/@iphonerepairdev22,@iphonerepairdev22,Dev 22,2690,472,4,Titles show real iPhone LCD and back glass replacement with detailed screen opening steps.,phone repair | iphone repair | emmc,UCz3vVFjxaMtqjSMJ6bimKPQ,hands,phone-repair,wave1,2026-09-14
https://www.youtube.com/@iphonerepairingcourse,@iphonerepairingcourse,iPhonerepairingcourse,11600,3065,4,"Mobile/laptop/TV repair institute with practical chip-level courses, phones are one strand among multiple device types.",phone repair | mobile repairing | iphone repair | chip level | mobile repairing course | TV repair | TV repairing,UCdzdL64-KVe0aeEoYIT6few,hands,phone-repair,wave1,2026-09-14
https://www.youtube.com/@iphonesat,@iphonesat,iPhoneSAT,4080,77,4,"Dedicated channel for iPhone and Macbook repair, likely covering micro-soldering and board-level work.",microsoldadura celulares,UC6af5WpbzQTx9aARoBbaVNg,hands,phone-repair,wave1,2026-09-14
https://www.youtube.com/@ipodjuice,@ipodjuice,ipodjuice,200,100,4,Dedicated iPod/iPhone repair shop with titles showing LCD/digitizer replacement and order-based repair documentation.,phone repair | iphone repair,UCTWBsb6wXJIYqsK9ra3s45g,hands,phone-repair,wave1,2026-09-14
https://www.youtube.com/channel/uco5s1pclsahgmt13yij4u4q,@ipower_vizag,ipower_apple_experts_vizag,53,57,4,iPhone/iPad/macbook chip-level repair expert titles showing touch glass change and repair work on camera.,chip level,UCO5S1PCLSaHgmT13yiJ4u4Q,hands,phone-repair,wave1,2026-09-14
https://www.youtube.com/@iredutechexpert,@iredutechexpert,IR EDUTECH EXPERT,2180,503,4,"Mobile repairing course channel covering hardware, chip-level, OCA lamination and glass training.",mobile repairing | chip level | emmc | electronics repair course | electronics repairing institute,UCKEc5zbiGvb28z24YhvUj9A,hands,phone-repair,wave1,2026-09-14
https://www.youtube.com/@irepairman,@irepairman,iRepairMan,240,299,4,"Repair shop description details screen, battery, water damage and camera repairs for iPhone/Samsung/iPad devices.",phone repair | iphone repair,UCd9MHg4ceWm00OP6rXJTOtg,hands,phone-repair,wave1,2026-09-14
https://www.youtube.com/@irepairstation,@irepairstation,I Repair Station,416,276,4,"iPhone/MacBook repair shop with titles showing touch repair, camera fix, motherboard fault diagnosis.",phone motherboard repair,UCYwPWs_WaVg1f0KDT5cwyRw,hands,phone-repair,wave1,2026-09-14
https://www.youtube.com/@irfanmobi,@irfanmobi,IR mobile repair,3130,248,4,"13-year mobile hardware/software repair technician channel, solid repair-focused description though no titles shown.",mobile repairing,UCLhERkGrH--hCzxYT1_TOTg,hands,phone-repair,wave1,2026-09-14
https://www.youtube.com/@irfix,@irfix,irfix_mobile service technology ,957,153,4,"Dedicated smartphone repair channel promising step-by-step battery, screen and board-level repair tutorials.",phone repair | smartphone repair | iphone repair | microsoldering,UCpL1u2uy8_hPF84sd50dLaA,hands,phone-repair,wave1,2026-09-14
https://www.youtube.com/@ishutechnical25,@ishutechnical25,Ishutechnical,417,81,4,"Hindi mobile repair channel with titles showing back panel opening, charging port replacement, combo change.",mobile repairing | मोबाइल रिपेयरिंग,UC78HE4kfP6N3WmFs-TamTtA,hands,phone-repair,wave1,2026-09-14
https://www.youtube.com/@ismaelnunescursouniverso6803,@ismaelnunescursouniverso6803,Ismael Nunes Curso Universo,3210,231,4,"Founder of mobile repair training courses and technical assistance center, description indicates hands-on teaching content.",manutenção de celular,UCNNYVPAvSXMNFyDUsxwZ-Yg,hands,phone-repair,wave1,2026-09-14
https://www.youtube.com/@isolutiontraders,@isolutiontraders,I Solutions Traders,461,91,4,iPhone repair specialist and data recovery focus with hashtags suggesting real hands-on repair videos.,phone repair | iphone repair,UC-OhTL8rA_Wl6-NFb8TDy4w,hands,phone-repair,wave1,2026-09-14
https://www.youtube.com/@ispotrepair,@ispotrepair,iSpot Repair,1890,75,4,"Titles show iPhone camera repair, iPad body straightening, TWS battery replacement — real device repairs.",iPad repair,UCgM4ixV3qkN6OPye2PhZeMA,hands,phone-repair,wave1,2026-09-14
https://www.youtube.com/@ittechmobiletraininginstitute,@ittechmobiletraininginstitute,𝐈T𝐓ECH 𝐌𝐨𝐛𝐢𝐥𝐞 𝐓𝐫𝐚𝐢𝐧𝐢𝐧𝐠 𝐈𝐧𝐬𝐭𝐢𝐭𝐮𝐭𝐞 kolkata ,870,539,4,"Mobile repairing training institute offering chip-level, OCA and hardware/software courses with practical bench sessions.",mobile repairing | mobile repairing course,UCXuoSf8xqxB0QABeNV7kizQ,hands,phone-repair,wave1,2026-09-14
https://www.youtube.com/@j500j500laptoprepair,@j500j500laptoprepair,Phone Laptop Repair j500j500,31400,92,4,Disassembly and repair tutorial channel covering smartphones and notebooks with hardware test info.,tablet repair,UCoMZznNdrGdjA-eNFyxRhcQ,hands,phone-repair,wave1,2026-09-14
https://www.youtube.com/@jainmobilerepairing2009,@jainmobilerepairing2009,Jain mobile repairing,329,259,4,"Titles show charging port change and microscope cleaning for mobile repair, real bench work evident.",mobile repairing,UCtBtjRClszIIcl-nsBLe4wQ,hands,phone-repair,wave1,2026-09-14
https://www.youtube.com/@jeevamobilesolution,@jeevaMobileSolution,Jeeva Mobile Solution,627,147,4,"Titles show real repairs: CPU reballing, back glass replacement, dead solutions alongside FRP content.",mobile repairing | mobile repairing tamil,UCr9Kqg8GH-PZ52lU-z3EI0g,hands,phone-repair,wave1,2026-09-14
https://www.youtube.com/@jitumobilezone3703,@jitumobilezone3703,jitu mobile zone 3703,516,178,4,"Titles show glass change, dead mobile solution, chip level repair work on phones and tablets.",phone repair | chip level,UCxVR2AwAg1Y3329fmMOjMuQ,hands,phone-repair,wave1,2026-09-14
https://www.youtube.com/@jkmaxx,@jkmaxx,Jkmax,21400,1440,4,"Dedicated mobile repairing hub description with clear listed hands-on repair topics like screen, battery, charging port.",mobile repairing | phone screen replacement,UCgJNM8-l4_NpIxd0fQcRv_w,hands,phone-repair,wave1,2026-09-14
https://www.youtube.com/@josemvtek6960,@josemvtek6960,JoseV tech,347,82,4,Spanish-language phone repair and micro-soldering channel dedicated to sharing repair knowledge.,reparación de celulares | microsoldadura celulares,UCALSZhpynQKoAo-ow2lj-FQ,hands,phone-repair,wave1,2026-09-14
https://www.youtube.com/@jpmobilecare,@jpmobilecare,JP MOBILE CARE,1540,79,4,"Mobile repair education channel covering display, battery, charging repairs alongside some software content.",phone repair | mobile repairing | mobile phone repair | iphone repair | मोबाइल रिपेयरिंग,UCprhMIx-bVJjFD_Mm_aSdwg,hands,phone-repair,wave1,2026-09-14
https://www.youtube.com/@jspmobiletrainingresearchc6773,@jspmobiletrainingresearchc6773,JSP Mobile Training & Research Central,2730,148,4,Mobile training institute specializing in eMMC repairing courses with practical bench-focused curriculum described.,emmc,UCWrFuFrgaIL89mNy_JGyzog,hands,phone-repair,wave1,2026-09-14
https://www.youtube.com/@jtech3351,@jtech3351,@j Tech,746,56,4,"Titles show real board-level repairs like EMMC repair, charging IC solution and glass cutting.",mobile repairing,UCbOIPa1o_wHsJVQAQTe_0rQ,hands,phone-repair,wave1,2026-09-14
https://www.youtube.com/@jugamego81,@jugamego81,El Doctor del Celular (PEDERNALES),4990,117,4,"Dedicated phone repair tutorial and service channel description, no titles to confirm on-camera detail.",reparación de móviles | reparo de placa celular,UCPWNCykyKfK-xruzG4ts5WA,hands,phone-repair,wave1,2026-09-14
https://www.youtube.com/@julianocelular,@julianocelular,JCEL Consert. de Celulares e Tablets,323,74,4,"Portuguese channel dedicated to sharing cellphone and tablet maintenance knowledge, description directly on-topic.",manutenção de celular,UCQ-OxHzva4seaCk59KkjpBA,hands,phone-repair,wave1,2026-09-14
https://www.youtube.com/@k.kmobiledoctor8738,@k.kmobiledoctor8738,New Journey With Sandy,3560,163,4,Hindi mobile repairing tutorial channel with daily videos aimed at teaching repair skills.,mobile repairing | मोबाइल रिपेयरिंग,UCs2izM3dB79PjC4VlYV1VJQ,hands,phone-repair,wave1,2026-09-14
https://www.youtube.com/@k_repair,@k_Repair,K_Repair,299,96,4,"Describes soldering, IC replacements and motherboard repairs for Android and iPhone with tutorial format.",mobile repairing | motherboard repair | tablet repair,UCCnr4j6QIo2rn30H7-8UF8w,hands,phone-repair,wave1,2026-09-14
https://www.youtube.com/@kamleshshyammobilesarvice847,@kamleshshyammobilesarvice847,Mobile Problume Tech,65,51,4,"Titles show specific hardware repairs like jumper fixes, charging solutions and screen/glass replacement on camera.",mobile repairing,UCSPhd7UkXBqBGZRAGxghEpA,hands,phone-repair,wave1,2026-09-14
https://www.youtube.com/@karthielectronicsofficial4848,@karthielectronicsofficial4848,Karthi's Mobile service ,421,120,4,"Chip-level service channel covering IC replacement, reballing, water damage rework for laptops and mobiles.",chip level | emmc | chip level repairing | صيانة الهواتف | تعمیر موبایل,UCna92uOt5fw-z_ph6YfupBA,hands,phone-repair,wave1,2026-09-14
https://www.youtube.com/@katech-techvlogger,@katech-techvlogger,ka tech-tech vlogger,91,72,4,"Titles show concrete phone repairs: jumper wire, charging solution, LCD replacement, battery fuse repair on camera.",phone repair | cellphone repair,UC9QuqNypjqPnxp7Nzx7nnsw,hands,phone-repair,wave1,2026-09-14
https://www.youtube.com/@khanfarmaankhan,@khanfarmaankhan,Aaman mobile repairing ,678,54,4,"Titles show power IC change and flex jack repair, real hardware bench work on phones.",mobile repairing,UC6_bqTtBBMVtIqoM5MliVkA,hands,phone-repair,wave1,2026-09-14
https://www.youtube.com/@khanmobileworld975,@khanmobileworld975,Khan mobile world,240,66,4,Titles show real display and back glass replacement work on multiple phone models.,mobile repairing,UCjMvtgTdsrQ4j4NhDr83MGQ,hands,phone-repair,wave1,2026-09-14
https://www.youtube.com/@khurrammobile434,@khurrammobile434,khurram mobile,477,70,4,"Titles show disassembly, screen and charging port replacement across multiple phone models.",mobile repairing,UCQ2u3ovmfodnG6kEvA1QrVQ,hands,phone-repair,wave1,2026-09-14
https://www.youtube.com/@kimthengfix2739,@kimthengfix2739,kimtheng fix,815,137,4,"Titles show clear screen and battery replacement repairs across multiple phone brands like Oppo, Samsung, Huawei.",phone repair,UCYsxghwHHqaoJaN3Ffl_igw,hands,phone-repair,wave1,2026-09-14
https://www.youtube.com/@kingwirelessrepair,@kingwirelessrepair,King Wireless & Phone Repair,1500,64,4,"Repair lab channel covering phones, tablets, laptops and consoles with detailed hardware repair services listed.",motherboard repair | phone screen replacement | phone motherboard repair,UCpGONbUrKTyy2H_AlhvGLJQ,hands,phone-repair,wave1,2026-09-14
https://www.youtube.com/@kkhanmobilerepairing,@kkhanmobilerepairing,k khan mobile repairing ,6700,170,4,Dedicated mobile repairing channel promising step-by-step tutorials and DIY device fixes.,mobile repairing,UCNEerUqrpEe7GHyn5MI1h8g,hands,phone-repair,wave1,2026-09-14
https://www.youtube.com/@kktechnicalskills,@kktechnicalskills,KK Technical Skills,309,50,4,"Titles show screen replacement, keypad fix and CPU reballing with clear hands-on repair steps.",mobile repairing,UCGLPKfgDaWxDaNJpyZBP8vA,hands,phone-repair,wave1,2026-09-14
https://www.youtube.com/@kmax_mobbile_repair_training,@kmax_mobbile_repair_training,Kmax Mobbile Repairr And Training Centre ,566,413,4,Chip-level mobile repair training center with practical bench course focus per description.,chip level | phone repair shop,UCcX1VvnEM5Mg-uzyk7MQH-A,hands,phone-repair,wave1,2026-09-14
https://www.youtube.com/@kmfixxteam3572,@kmfixxteam3572,SALMAN MOBILES ,15400,278,4,EMMC and hardware training channel implying board-level chip work relevant to phone repair.,emmc,UC_prX7jfajRC0KHdLChfqSA,hands,phone-repair,wave1,2026-09-14
https://www.youtube.com/@krishmobiletraininginstitute,@krishmobiletraininginstitute,KRISH MOBILE TRAINING INSTITUTE,17500,878,4,"Mobile training institute explicitly covering chip-level hardware and software courses, strong fit for bench sessions.",chip level | mobile repairing course,UCBKfRmBARVT-Us4JAONK38g,hands,phone-repair,wave1,2026-09-14
https://www.youtube.com/@krishnmohaninstitute,@krishnmohaninstitute,KRISHN MOHAN INSTITUTE,649,122,4,"Institute channel with titles on display light section, audio IC checking - practical bench repair content.",मोबाइल रिपेयरिंग,UC6a-uo0D2dZz4RSoY-X_C7Q,hands,phone-repair,wave1,2026-09-14
https://www.youtube.com/@krmobiles,@krmobiles,KRmobile sevice,136,98,4,Chip level mobile service channel with real repair titles like glass change on Oppo phone.,chip level,UCpNzxGMQW3eRvORQ7T2F14w,hands,phone-repair,wave1,2026-09-14
https://www.youtube.com/@lasttimesolution,@lasttimesolution,LAST TIME SOLUTION,1400,126,4,"Mobile repair channel with specific fault-based topics like IC reballing, network and water damage repair.",mobile repairing,UCw7H32kPeZE43uj6cOjetMg,hands,phone-repair,wave1,2026-09-14
https://www.youtube.com/@laxmimobile9826,@laxmimobile9826,S K.MOBILE MP,180,64,4,Titles show specific chip-level fault diagnosis and repair work like power IC and charging issues on real phones.,mobile repairing,UCAWrEaeUkRPL9f7nwP38ewA,hands,phone-repair,wave1,2026-09-14
https://www.youtube.com/@laxmitelecom78,@laxmitelecom78,LAXMI TELECOM MOBILE REPAIR,2310,378,4,"Chip-level mobile repair shop channel with detailed IC reballing, EMMC/UFS programming and hardware fault descriptions.",mobile repairing | chip level | emmc,UCDY1NduIYPwhENwAzwx5wGw,hands,phone-repair,wave1,2026-09-14
https://www.youtube.com/@lcdone3503,@lcdone3503,LCD ONE,53,50,4,"LCD refurbishing company channel with titles showing actual replacement processes for iPhone LCD, speaker, home button parts.",phone repair | mobile phone repair,UCSjtMi5iBn5BE9mAlPvcMrA,hands,phone-repair,wave1,2026-09-14
https://www.youtube.com/@leacelulares,@leacelulares,L&A Celulares,551,53,4,"Portuguese phone/tablet repair channel with hands-on titles like board shielding removal, though mixed with course commentary.",manutenção de celular,UC83qAxILhL4RNkEwIrnbRkg,hands,phone-repair,wave1,2026-09-14
https://www.youtube.com/@luckymobilerepair858,@luckymobilerepair858,LUCKY MOBILE REPAIR,282,68,4,"Chip-level repair channel with EMMC reballing, LCD light and network fault fixes described.",chip level | emmc | chip level repairing | tablet repair,UCTlQFDQAi3ktx2vREYM0Vgg,hands,phone-repair,wave1,2026-09-14
https://www.youtube.com/@luizmobilerepairing7391,@luizmobilerepairing7391,LUIZ Mobile Repairing,1420,51,4,Mobile repair training center description mentioning basic to chip-level repair alongside software training.,mobile repairing | chip level,UCc9J6mjPq6ycybXTavQ7dHQ,hands,phone-repair,wave1,2026-09-14
https://www.youtube.com/@lulumobiles9472,@lulumobiles9472,Lu Lu Mobiles,288,57,4,Chip-level repair shop channel with titles showing real hang-on-logo fixes on Redmi and Samsung phones.,chip level,UCjhQ2Ow_j3ucHkITjxfuTQg,hands,phone-repair,wave1,2026-09-14
https://www.youtube.com/@lysetecnologia,@lysetecnologia,Lyse Tecnologia,64400,146,4,Board-level electronics repair channel dedicated to circuit board repair training.,reparo de placa,UCewerjzuXrSayCHRqHBsC8Q,hands,phone-repair,wave1,2026-09-14
https://www.youtube.com/@m.brepair2.0,@m.brepair2.0,M.B repair 2.0,404,152,4,Hindi mobile repair channel with practical connector and folder replacement demonstration titles.,mobile repairing | मोबाइल रिपेयरिंग,UCaCHiifmrvzVJkc4az69Ymw,hands,phone-repair,wave1,2026-09-14
https://www.youtube.com/@m1ngoprek,@m1ngoprek,M1 NGOPREK,14100,211,4,"Cellphone repair channel focused on LCD replacement, water damage and dead phone repairs.",phone repair | cellphone repair,UCFwNCaD7NqhAB33sbyondMQ,hands,phone-repair,wave1,2026-09-14
https://www.youtube.com/@m4mobilesstore,@m4mobilesstore,M4 Mobilesstore,208,75,4,Titles show real display replacement and repair jobs on phones like Vivo and Realme.,chip level,UCze7rheuxUG80krGeS6GN0A,hands,phone-repair,wave1,2026-09-14
https://www.youtube.com/@maakhu,@maakhu,TechWorld with maakha,104,104,4,"Titles show touch glass replace, EMMC recovery, power-on fix, real hardware repair demonstrations.",mobile repairing | emmc,UCYgkR4ZgTNxgoYY0kx65xkw,hands,phone-repair,wave1,2026-09-14
https://www.youtube.com/@maheshbhai007,@maheshbhai007,Mobile doctor jmw,441,64,4,"Titles show real display and charging solution repairs on Realme, iPhone and Jio phones.",mobile repairing,UC-j9O4ZGhj7MMZiYit6uCKA,hands,phone-repair,wave1,2026-09-14
https://www.youtube.com/@maliksaeed0311,@maliksaeed0311,Al Bariq Repairing lab & institute ,6240,97,4,Repair lab and institute sharing mobile fault diagnosis and solution videos.,phone repair | cell phone repair,UCNZ4OIZIXetus-3HVLR4rJg,hands,phone-repair,wave1,2026-09-14
https://www.youtube.com/@manojrajput4237,@manojrajput4237,MR.MOHIT),718,69,4,"Titles show real dead phone diagnosis and CPU change on Jio/Samsung/Karbonn devices, hardware and eMMC focus.",emmc,UCZzj-nH6aieovKmmnZ0NmXA,hands,phone-repair,wave1,2026-09-14
https://www.youtube.com/@manoranjansahuo8340,@manoranjansahuo8340,Ms Mobile ReWorK station ,260,78,4,Repair shop titles show component-level phone fault fixes like charging ways and LCD light repairs.,mobile repairing,UCm0rh2xlugoHmTwIxAludKw,hands,phone-repair,wave1,2026-09-14
https://www.youtube.com/@maplecellphoneandlaptopser1825,@maplecellphoneandlaptopser1825,"Maple Cell phone and Laptop Repair - Macbook, Ipad",53,91,4,"Repair shop covering phone, tablet, MacBook and laptop repairs with detailed hardware issue list.",phone repair | cell phone repair | phone motherboard repair | iPad repair,UCCgNKTvgQCONx9ipAv8sUZg,hands,phone-repair,wave1,2026-09-14
https://www.youtube.com/@marcusvidovichelectronicrepair,@marcusvidovichelectronicrepair,Marcus Vidovich - Electronic Repairs,118,72,4,"Microsoldering shop covering tablets, consoles and motherboards with advanced microscopic repair claims.",motherboard repair | tablet repair,UCIhhlSD0D8NQoCKLIdn1wAg,hands,phone-repair,wave1,2026-09-14
https://www.youtube.com/@master.evgeniy,@master.evgeniy,Мастер Евгений | Ремонт телефонов ,113,69,4,Russian channel showing real unstaged smartphone repairs alongside humor and livestreams from the workshop.,ремонт телефонов,UCbktfhy87NF4Kac0pftFz0A,hands,phone-repair,wave1,2026-09-14
https://www.youtube.com/@mastermobilelab,@mastermobilelab,Master Mobile Lab,3940,98,4,"Describes hardware repairing including reballing, board swiping, and IC/processor work at a shop lab.",mobile repairing,UCNJ0E7wXeclqZALPUm350IA,hands,phone-repair,wave1,2026-09-14
https://www.youtube.com/@mastertechnologyinstitute3206,@mastertechnologyinstitute3206,Master Technology Institute,1450,91,4,Institute offering OCA and chip-level mobile repair training course with hardware and software components.,mobile repairing | chip level,UCttvWYj1GtFzKLBscIwXT0A,hands,phone-repair,wave1,2026-09-14
https://www.youtube.com/@mateusassistec,@mateusassistec,Mateus Assistec ,966,52,4,Bench-diary channel showing real cellphone repairs from diagnosis to solution plus tool reviews.,manutenção de celular,UCHZHyIgVyzquZr4MNW6GoiQ,hands,phone-repair,wave1,2026-09-14
https://www.youtube.com/@maxxinfo2476,@maxxinfo2476,Maxx info,272,125,4,Mobile repair training institute focused on hardware/software including EMMC and motherboard repair techniques.,emmc,UCf0OZoLmFC5dL_5VxoDYcww,hands,phone-repair,wave1,2026-09-14
https://www.youtube.com/@mayfieldcellphonerepairs,@mayfieldcellphonerepairs,Mayfield Cell Phone Repairs,3,647,4,Repair shop offering phone screen/battery/microsoldering repairs plus some laptop repair services.,phone repair | cell phone repair | tablet repair | microsoldering,UClYnFzXOYaRmCsD9zgKMe4w,hands,phone-repair,wave1,2026-09-14
https://www.youtube.com/@mdrahmatali7463,@mdrahmatali7463,I Zone TECH MOBILE REPAIRING ,133,112,4,"Mobile hardware repair tutorial channel covering charging, battery, display and dead phone fixes.",mobile repairing,UCZEpfwnzDJjRWnezQt4cRuQ,hands,phone-repair,wave1,2026-09-14
https://www.youtube.com/@mirmobilesrepairing2422,@mirmobilesrepairing2422,MiR Mobiles repairing,1050,76,4,"Chip level mobile repairing channel name and description signal board-level work, no titles to verify further.",chip level | chip level repairing,UCJ3qaoFbbu80T4tRJPcvdsg,hands,phone-repair,wave1,2026-09-14
https://www.youtube.com/@mjcommunications,@mjcommunications,MJ Communications,4290,76,4,Professional mobile/tablet repair technician promising real repair tutorials and teardown videos.,tablet repair,UCpWMfeeXSFLjmtW1ht7KSSw,hands,phone-repair,wave1,2026-09-14
https://www.youtube.com/@mmobileghosi,@mmobileghosi,M Mobile Ghosi ,1020,117,4,Mobile repair shop channel showing practical touch/back glass and curve display replacements on real devices.,phone repair | mobile repairing | smartphone repair | iphone repair | mobile phone repair | phone repair shop,UCBR21JSUDL1ZnUA_Q8xy2qw,hands,phone-repair,wave1,2026-09-14
https://www.youtube.com/@mobicomguru8131,@mobicomguru8131,MobiComGuru मोबाइल रिपेयरिंग इंस्टिट्यूट,123000,123,4,"Mobile repairing institute covering hardware/software repair, IC study, fault-finding and disassembly training.",mobile repairing | mobile repairing course | मोबाइल रिपेयरिंग,UCEKA8kxsLeivm0a9Nh01zkg,hands,phone-repair,wave1,2026-09-14
https://www.youtube.com/@mobile.reparmp10,@mobile.reparMp10,mobile repair world,43,51,4,"Titles show real glass/touch replacement jobs with timestamps, dedicated phone repair channel.",phone repair | mobile phone repair,UC4V6O5w90I8ID0ULQBppV1Q,hands,phone-repair,wave1,2026-09-14
https://www.youtube.com/@mobiledoctor-betul,@mobileDoctor-betul,Mobile Doctor Betul,717,97,4,Chip-level motherboard repair channel with titles on specific hardware faults like camera and crash dump fixes.,chip level | tablet repair,UC_jij2GtC_wLAx4W59grvbg,hands,phone-repair,wave1,2026-09-14
https://www.youtube.com/@mobile_blogger___7773,@mobile_blogger___7773,mobile gaming 7773,2130,82,4,"Chip level mobile repairing center description with clear board-level repair focus, though channel name suggests gaming drift.",mobile repairing | chip level,UCwB1ml1-qatM1P9Lptqi5Kg,hands,phone-repair,wave1,2026-09-14
https://www.youtube.com/@mobile_repairing_official_00,@mobile_repairing_official_00,Mobile repairing,153,96,4,"Titles show specific hardware repairs like charging base jumpers, button changes, mic and touch fixes.",mobile repairing,UCdIuxF6PpfcvX5u9fBcwcaQ,hands,phone-repair,wave1,2026-09-14
https://www.youtube.com/@mobile_solution_bangla4842,@mobile_solution_bangla4842,MOBILE_SOLUTION_BANGLA,12100,1326,4,"Bangla mobile hardware/software repair channel covering LCD, charging, dead repair and short problems, solid bench-repair fit.",mobile repairing bangla,UCfcdDj2_PPXM5HSG4H548cg,hands,phone-repair,wave1,2026-09-14
https://www.youtube.com/@mobileandtweencraftajeet,@mobileandtweencraftajeet,ajit mobil Repeyaring 7248,409,119,4,Titles demonstrate phone hardware repairs including board sorting checks and folder/glass replacement techniques.,mobile repairing,UCOhqriP9HjEuhufZftwCwTQ,hands,phone-repair,wave1,2026-09-14
https://www.youtube.com/@mobilecarelabs,@mobilecarelabs,Mobile Care Lab,12700,466,4,"Chip-level repair training channel covering fault finding, charging and dead boot issues with practical knowledge focus.",chip level,UCHajuvEzdUXl0swScePM6qA,hands,phone-repair,wave1,2026-09-14
https://www.youtube.com/@mobileclinic55,@mobileclinic55,mobile clinic,94,75,4,"Arabic iPhone repair shop describing screen, battery, back glass and camera replacement services with practical focus.",صيانة الهواتف,UCgA6msQED4f0W3x1q8xH_CA,hands,phone-repair,wave1,2026-09-14
https://www.youtube.com/@mobilecracker6771,@mobilecracker6771,SK REPAIR MOBILE,159,57,4,"Titles show real dead-phone diagnostic and repair videos (hang problem, baseband, restart fix) for multiple phone models.",mobile repairing,UCK_ghl5W0lYx8tlq2pNk1NA,hands,phone-repair,wave1,2026-09-14
https://www.youtube.com/@mobiledoctor7887,@mobiledoctor7887,dikshit mobile shop,641,108,4,Titles show back glass replacement and display change on real phones like Vivo and Samsung.,mobile repairing,UCL4oqX6b-L7J0jKR2pYgVHA,hands,phone-repair,wave1,2026-09-14
https://www.youtube.com/@mobiledrdj0,@mobiledrdj0,MOBILEDRDJ,207,178,4,"Chip-level phone repair shop description covering motherboard, IC repair, flex/glass work across Android/iPhone.",phone motherboard repair,UCd5h4s8AkyE_2NUguljEZWA,hands,phone-repair,wave1,2026-09-14
https://www.youtube.com/@mobilehospitalwithnaved,@mobilehospitalwithnaved,kalifa display repair ,165,145,4,Glass and display repair channel with specific titles showing touch glass and front glass replacement details.,mobile repairing,UCvmg6p4gqnCEBh2gPZdrRdQ,hands,phone-repair,wave1,2026-09-14
https://www.youtube.com/@mobilehut1995,@mobilehut1995,mobile hut,1170,191,4,"Experienced mobile repair tech channel covering screen, battery and microsoldering work on phones and tablets.",microsoldering,UCyxbWGhPQOGYZn0_XUVulyw,hands,phone-repair,wave1,2026-09-14
https://www.youtube.com/@mobileke7,@mobileke7,mobile ke7,637,66,4,"Titles show IC identification, reballing tips and headphone jack repair on real motherboards.",mobile repairing | मोबाइल रिपेयरिंग,UCEcy4GTwZCNvzQjILXRzXvA,hands,phone-repair,wave1,2026-09-14
https://www.youtube.com/@mobilekrishnamp0950,@mobilekrishnamp0950,Krishna mobile ,143,113,4,Titles show real board-level charging/schematic solutions and display/touch repairs for various phones.,phone repair | mobile repairing,UCd6I8fGg0wcZ-DQC-6D09_Q,hands,phone-repair,wave1,2026-09-14
https://www.youtube.com/@mobilemagicking,@mobilemagicking,mobile magic ,587,278,4,"Phone repair channel focused on back glass change, display and battery issue fixes described directly.",phone repair,UC9ZNBvSkw-vvjrGRbFU5xMg,hands,phone-repair,wave1,2026-09-14
https://www.youtube.com/@mobilemateburdubai,@mobilemateburdubai,MobileMate Burdubai,666,52,4,"Smartphone repair center with titles showing storage upgrade, battery replacement and dead phone fixes plus institute content.",phone repair | smartphone repair,UCl3CuGb1R9gFtM7Fi1nDjww,hands,phone-repair,wave1,2026-09-14
https://www.youtube.com/@mobilemechanicworld,@mobilemechanicworld,Mobile Mechanic World ,5500,233,4,Chip-level hardware repair and schematic training channel targeting mobile repair technicians.,chip level | mobile repairing bangla,UCrykFoUs9X-9RzQ1uFEeqbQ,hands,phone-repair,wave1,2026-09-14
https://www.youtube.com/@mobilephonerepairingsrilanka,@mobilephonerepairingsrilanka,ATHEEQ-TECH,1400,147,4,Established mobile repair training institute description with practical bench skills focus for technicians.,phone repair | mobile phone repair | mobile repairing course,UC08Fs_9z1iVJURdnyZNZiGw,hands,phone-repair,wave1,2026-09-14
https://www.youtube.com/@mobilephonerepairinstitutesg,@mobilephonerepairinstitutesg,Advance Mobile Phone Repairing Institute Singapore,1180,53,4,"Dedicated mobile phone repair training institute description, no titles to confirm practical bench sessions.",phone repair | mobile phone repair | mobile repairing | mobile repairing course | watch repairing course,UCrq1KM0lAjJgOWRJuEeHRYQ,hands,phone-repair,wave1,2026-09-14
https://www.youtube.com/@mobilerepairexperts7,@mobilerepairexperts7,Mobile Repair Experts ,98,57,4,"Titles show iPhone battery BMS swipe, display green problem fixes with soldering iron, hands-on repair evident.",phone repair,UCWSjjDp2pJv8Ly4wTVlRcgw,hands,phone-repair,wave1,2026-09-14
https://www.youtube.com/@mobilerepairfamily,@mobilerepairfamily,Mobile Repair Family,530,100,4,"Titles show dead phone and charging solution repairs, technical fault-based content.",मोबाइल रिपेयरिंग,UCt7MDcC03o7mfJRUkufXIBA,hands,phone-repair,wave1,2026-09-14
https://www.youtube.com/@mobilerepairing304,@mobilerepairing304,Mobile Repairing,343,68,4,Titles show hands-on jack/battery replacement repairs across multiple phone models.,mobile repairing,UC0MwcxY36sNRws26XEBK_iw,hands,phone-repair,wave1,2026-09-14
https://www.youtube.com/@mobilerepairing3730,@mobilerepairing3730,mobile researcher ,112,91,4,"Titles show IC reballing, dead phone solutions and CPU rework on real devices.",mobile repairing,UCXTIXTRTOT891QjiX-1R4CQ,hands,phone-repair,wave1,2026-09-14
https://www.youtube.com/@mobilerepairingcourse_,@mobilerepairingcourse_,Smart Mobile Training,54300,1566,4,Hyderabad mobile chip-level repairing training institute channel with educational bench repair videos.,mobile repairing | chip level | mobile repairing course | mobile repairing telugu,UC69Md2V024Xx3AhE7JmVJ3g,hands,phone-repair,wave1,2026-09-14
https://www.youtube.com/@mobilerepairinglab2825,@mobilerepairinglab2825,Mobile hardware solutions ,8810,3508,4,"Mobile hardware repair channel with Urdu/Hindi tutorials on charging, LCD, eMMC pinouts and dead phone fixes.",phone repair | mobile repairing | smartphone repair | emmc | mobile repairing urdu,UCAOO9m3UOJjqv1YpUuEU5tA,hands,phone-repair,wave1,2026-09-14
https://www.youtube.com/@mobilerepairingworld2008,@mobilerepairingworld2008,Mobile repairing world,469,78,4,"Titles show real dead phone recovery, display/touch/IC hardware and software work with faults named.",mobile repairing,UCSSpHbl7YWuT4185bxvB7Pg,hands,phone-repair,wave1,2026-09-14
https://www.youtube.com/@mobileservicingbangla,@mobileservicingbangla,Mobile Servicing Bangla,1330,217,4,"Bangla mobile motherboard repair channel with hardware solution focus, strong topic alignment.",motherboard repair | mobile repairing bangla,UCxVqN25HyopaTwKu5MeebSQ,hands,phone-repair,wave1,2026-09-14
https://www.youtube.com/@mobilesolutions1890,@mobilesolutions1890,mobile solutions,1110,128,4,"Hindi chip-level mobile repair learning channel, on-topic description with technical focus.",chip level,UCHZ5K1dyQ9x1nifBaoduPpQ,hands,phone-repair,wave1,2026-09-14
https://www.youtube.com/channel/ucqrvi-u_foy1spzuzwgyqsq,@mobilesolutiontahainstitute, TAHA MOBILE  INSTITUTE ,263,84,4,"Chip level mobile repairing institute with titles on motherboard sections and sim tray solutions, practical bench focus.",mobile repairing | chip level,UCqRvI-u_fOy1spzUzWgyqSQ,hands,phone-repair,wave1,2026-09-14
https://www.youtube.com/@mobiletechnicalguru1176,@mobiletechnicalguru1176,Mobile Technical Guru,276,112,4,"Titles show battery change, network problem fixes and hardware solutions across multiple phone brands.",mobile repairing,UCc-tgn_kBkgq8VFPIs-eItA,hands,phone-repair,wave1,2026-09-14
https://www.youtube.com/@mobiletechnician5517,@mobiletechnician5517,Mobile technician,2860,244,4,"Experienced technician channel covering hardware, software and EMMC repair with detailed personal repair background description.",mobile repairing | emmc,UCrsso-J1LYaguzm-ydWkB7g,hands,phone-repair,wave1,2026-09-14
https://www.youtube.com/@mobiletips3736,@mobiletips3736,Mobile Tips786,224,59,4,Titles show specific hardware fault fixes like battery temperature and hang-on-logo solutions in Hindi.,मोबाइल रिपेयरिंग,UCb2CGdhBosh-bs32SzNOVDQ,hands,phone-repair,wave1,2026-09-14
https://www.youtube.com/@mobileuniverse72,@mobileuniverse72,mobile universe,364,67,4,Titles show back glass and screen glass replacement work on multiple phone models.,phone repair,UCCwOD7UZqfq6f07BqLsBrfQ,hands,phone-repair,wave1,2026-09-14
https://www.youtube.com/@mobilewalebhaiyaa,@mobilewalebhaiyaa,Mobile Wale Bhaiya,137,108,4,"Titles show real dead-boot and repair jobs on Samsung phones, a mobile repairing focused channel with expo vlog mixed in.",mobile repairing,UCYxAio2eOcma6ZL2CcbZQJg,hands,phone-repair,wave1,2026-09-14
https://www.youtube.com/@mobileworldkakinada16,@mobileworldkakinada16,MOBILEWORLD KAKINADA,2390,214,4,"Chip-level repair shop description mentions dead/hang/restart problems and touch glass replacement, business-focused.",chip level,UCsXoaehs-qxmKhe1bVGUAfw,hands,phone-repair,wave1,2026-09-14
https://www.youtube.com/@mofaxeinstitutemumbai,@mofaxeinstitutemumbai,Mofaxe Institute,410,59,4,"Mobile repairing institute with CPU reballing and lab setup videos, mixed with some FRP bypass content.",mobile repairing | electronics repair course,UCYxfqPBhoPU9T1Ji2xgRCuA,hands,phone-repair,wave1,2026-09-14
https://www.youtube.com/@mohitbrothersmobilesolution,@mohitbrothersmobilesolution,Mohit & Brothers Mobile solution,3520,134,4,Dedicated mobile repairing channel sharing hardware and software repair ideas and techniques.,mobile repairing,UC5GND_9P85oLu5jkh38npfg,hands,phone-repair,wave1,2026-09-14
https://www.youtube.com/@mordern_mobile,@mordern_mobile,Modern mobile institute,181,94,4,Mobile repairing institute offering basic to advanced training courses with practical bench sessions implied.,mobile repairing | mobile repairing course | emmc,UCbOM-qKnrkM4ESPJkBkkDiA,hands,phone-repair,wave1,2026-09-14
https://www.youtube.com/@mostafasalama283,@mostafasalama283,مصطفى سلامه mostafa salama,483,119,4,Arabic educational channel dedicated to teaching mobile phone repair techniques to technicians.,صيانة الهواتف,UCVWqNzn95tLO1MlU3zuKi9Q,hands,phone-repair,wave1,2026-09-14
https://www.youtube.com/@mpsshekharjpt,@mpsShekharjpt,mps,181,79,4,Titles show real motherboard IC seal cutting and chip-level tablet repair work with 12 years experience claimed.,mobile repairing | chip level,UCJBsvLgfh5Dc_IBjEGNz5-g,hands,phone-repair,wave1,2026-09-14
https://www.youtube.com/@mqtech786,@mqtech786,MQ TECH ,329,89,4,Small dedicated phone repair channel with titles showing display and charging port fault fixes.,phone repair,UCrSyqK6n6dgaDOy2XHLCZ2Q,hands,phone-repair,wave1,2026-09-14
https://www.youtube.com/@mrfixfast,@mrfixfast,mr. fixfast,627,53,4,Titles show teardown and disassembly of Redmi and Oppo phones for back panel replacement work.,mobile repairing,UCSr202RSsGmd8vfAhAP3zBg,hands,phone-repair,wave1,2026-09-14
https://www.youtube.com/@mrfixgadgets,@mrfixgadgets,MRFIX Gadgets,380,166,4,Smartphone and laptop repair shop showing real LCD and battery replacement videos alongside laptop work.,laptop repair,UC2n8ik5bwsam5sx7oJBz2tQ,hands,phone-repair,wave1,2026-09-14
https://www.youtube.com/@mriphoneiran,@mriphoneiran,مستر آیفون | تعمیرکارتخضصی آیفون,790,139,4,Specialized iPhone micro-soldering board-level repair channel with fault diagnosis titles and technical terminology.,micro soldering,UCEdwiSqCJMzmb7NNE-E4HFA,hands,phone-repair,wave1,2026-09-14
https://www.youtube.com/@mrmechanicmobilerepairing,@mrmechanicmobilerepairing,Mr Mechanic Mobile Repairing,10600,207,4,"Mobile repairing channel detailing hardware/software tutorials including motherboard, battery and screen replacement steps.",phone repair | mobile repairing | मोबाइल रिपेयरिंग,UCHhdl_9LCQ5KPMGAcwcPtYA,hands,phone-repair,wave1,2026-09-14
https://www.youtube.com/@mrphonehub,@mrphonehub,MR PHONE HUB ,88,133,4,Titles show real screen replacement repairs though mixed with FRP bypass software content.,mobile repairing,UCRrOxzplBHXa4iid0kIeYMQ,hands,phone-repair,wave1,2026-09-14
https://www.youtube.com/@mueedurrehman,@mueedurrehman,Mueed ur Rehman,757,233,4,"Real repair titles: jack replacement, glass cutting, display IC replacement on multiple phones.",phone repair | mobile phone repair,UCwLObfHf4t0MAj_bX3FX4TA,hands,phone-repair,wave1,2026-09-14
https://www.youtube.com/@multitechmobileinstitute,@multitechmobileinstitute,Multitech Mobile Institute,27500,567,4,"Mobile repairing institute channel with hardware and software training content, practical bench sessions implied.",mobile repairing course | laptop repair course,UCH_WP1Bp7RFuTjpb_LGi6SQ,hands,phone-repair,wave1,2026-09-14
https://www.youtube.com/@musikprojeck3371,@musikprojeck3371,Musik pro jeck,486,59,4,Indonesian channel with titles showing real screen and LCD replacement jobs on phones.,servis hp,UCe4_YNc5Rui2XVByOn5mCPg,hands,phone-repair,wave1,2026-09-14
https://www.youtube.com/@muskangsm,@muskangsm,Muskan GSM,3040,125,4,"Description covers mobile hardware, software, spare parts and IC-related repair content, chip-level focus implied.",mobile repairing,UCHeQTGEzGBhTmd6V1CxSSSw,hands,phone-repair,wave1,2026-09-14
https://www.youtube.com/@mxp55,@mxp55,mobile@expertise,353,103,4,Mobile repair channel emphasizing foldable device restoration and premium spare parts with practical repair focus.,phone repair,UCisIaNWIBHflLc8k0PTtA9w,hands,phone-repair,wave1,2026-09-14
https://www.youtube.com/@myjunaid,@myjunaid,JD Repairs,1390,67,4,Board-level micro-soldering repair shop channel covering iPhone iPad Samsung though also includes firmware flashing tutorials.,mobile repairing | micro soldering,UCYRXpNlU2sLyyQnySPUniMg,hands,phone-repair,wave1,2026-09-14
https://www.youtube.com/@myphonemd1048,@myphonemd1048,Moldisplay,104,54,4,"Titles show real display replacements and battery changes on Samsung/Xiaomi phones, though one car-washing video appears.",ремонт телефонов,UCspZRO-NUikNY19RG1H8peA,hands,phone-repair,wave1,2026-09-14
https://www.youtube.com/@mzmalikmobile6999,@mzmalikmobile6999,MZ Malik Mobile,342,91,4,"Titles show real power IC repair and network IC replacement on Nokia, Huawei and Samsung devices.",mobile repairing,UCKXd1mysJk9SQzjWxo9K9_w,hands,phone-repair,wave1,2026-09-14
https://www.youtube.com/@n8stechservices683,@n8stechservices683,N8's Tech Services,2070,67,4,"Microsoldering iPhone repair channel run by hobbyist learner, directly on-topic bench work.",phone repair | iphone repair | microsoldering,UCc67cQSbcLXyie_tHflR03g,hands,phone-repair,wave1,2026-09-14
https://www.youtube.com/@nandkishor_mobile,@nandkishor_mobile,Nandkishor Mobile ,6040,59,4,Mobile repair technician channel covering CPU/EMMC and soldering basics across multiple phone brands.,mobile repairing course,UCSxHma4z-_wkoL4msuJXYxA,hands,phone-repair,wave1,2026-09-14
https://www.youtube.com/@nanip129,@nanip129,Ncare Vijayawada ,408,54,4,Mobile repairing institute with titles showing real board-level fixes like RAM reball and dead phone repairs.,mobile repairing,UCsmjFYjiNVS2ZtfylRmR64g,hands,phone-repair,wave1,2026-09-14
https://www.youtube.com/@nas.shaikh,@nas.shaikh,Phone and Tablet Repair ,300,84,4,Phone and tablet repair channel with hardware repair hashtags covering multiple smartphone brands.,tablet repair,UCU829rdgcuWd8g31OrFWDWA,hands,phone-repair,wave1,2026-09-14
https://www.youtube.com/@naseermobileguidance7814,@naseermobileguidance7814,Naseer mobile guidance,138,58,4,"Titles show hands-on LCD, battery and charging IC replacement on Nokia phones, real repair steps.",mobile repairing,UCA31UJBDaallQChbyXDbgsg,hands,phone-repair,wave1,2026-09-14
https://www.youtube.com/@neelammobilezone1,@neelammobilezone1,𝙉𝙚𝙚𝙡𝙖𝙢 𝙈𝙤𝙗𝙞𝙡𝙚 𝙯𝙤𝙣𝙚,171,57,4,"Description details hardware and software mobile repair skills like eMMC, UFS programming and schematics, strong repair-shop signals.",mobile repairing | emmc,UC9baVbq7JqBCQqn0LEHfHBQ,hands,phone-repair,wave1,2026-09-14
https://www.youtube.com/channel/ucbc1vafhye8fj4xjkgzkenq,@neerajhardwork1,Neeraj Hardwork,332,178,4,Titles show real hardware repair steps like power button and charging jack replacement with clear how-to format.,mobile repairing,UCBC1Vafhye8fJ4XJKgzKEnQ,hands,phone-repair,wave1,2026-09-14
https://www.youtube.com/@nepaligsmteam,@nepaligsmteam,Nepali GSM Team,151,61,4,"Smartphone repair training channel with practical titles like multimeter use, resistor checking and display repair protocols.",phone repair | smartphone repair,UCq3ged5iMyXneeMDcRAdzeg,hands,phone-repair,wave1,2026-09-14
https://www.youtube.com/@nextlevelphonerepair,@nextlevelphonerepair,Next Level Phone Repair,503,62,4,"Dedicated phone repair shop description covering screens, batteries, water damage and motherboard fixes.",phone repair | smartphone repair | mobile phone repair | chip level repairing | phone repair shop,UCON4hqM0m9FoJSGjdLytD0Q,hands,phone-repair,wave1,2026-09-14
https://www.youtube.com/@ng_mobile_care1255,@ng_mobile_care1255,NG  Mobile Shop ,536,94,4,"Titles show charging jumper solutions and button/jack repairs across multiple phone brands, hands-on bench work.",phone repair | mobile repairing,UCyAEoWjgnbW9OEf2a7V-34w,hands,phone-repair,wave1,2026-09-14
https://www.youtube.com/@ngocanhmobile8962,@ngocanhmobile8962,Ngọc Anh Mobile,453,112,4,"Repair training/service business with titles showing socket soldering, audio fix and camera glass replacement.",sửa chữa điện thoại,UC12PsYTc6Novr_kKP8CzrnQ,hands,phone-repair,wave1,2026-09-14
https://www.youtube.com/@nhatnamservice-suachuaient6622,@nhatnamservice-suachuaient6622,Nhật Nam Service - Sửa Chữa Điện Thoại Uy Tín,221,91,4,"Shop channel with titles showing housing, charging port and screen replacement demos.",sửa chữa điện thoại,UCbZHfqFyPQrom9iPLp_fhtg,hands,phone-repair,wave1,2026-09-14
https://www.youtube.com/@nicecellassistec,@nicecellassistec,Nice Cell Assistec R.R,599000,1331,4,Repair-focused channel offering tips for beginners and professionals in phone repair.,conserto de celular | reparo de placa celular,UC4t2ZoftdqotkQWSeiYO2qw,hands,phone-repair,wave1,2026-09-14
https://www.youtube.com/@nilmartreinamentos,@nilmartreinamentos,nilmartreinamentos,889,59,4,Electronics training channel with titles showing charging port replacement and board work alongside cable/course content.,manutenção de celular,UCot6DwKoDI1Xj1Xr_WfaHNA,hands,phone-repair,wave1,2026-09-14
https://www.youtube.com/@noerservishp,@noerservishp,noer servis hp,11100,235,4,Indonesian phone repair shop channel documenting real servis hp jobs on camera.,servis hp,UC2t0PAfLvmtYzK_0k2rh4ZA,hands,phone-repair,wave1,2026-09-14
https://www.youtube.com/@novecel-ellentechnologycha8836,@novecel-ellentechnologycha8836,Novecel-Ellen Technology Channel,31,55,4,Phone parts supplier channel with titles showing actual glass and battery replacement demonstrations on iPhones.,phone repair,UCJWuEVhZ5t6vDS0rOlhmgEQ,hands,phone-repair,wave1,2026-09-14
https://www.youtube.com/@nremobile,@nremobile,NRE Mobile ,7550,142,4,Channel explicitly teaches mobile repairing techniques daily to technicians and learners.,mobile repairing | मोबाइल रिपेयरिंग,UCtPVjD1rnESiu3NrNY2Dh_g,hands,phone-repair,wave1,2026-09-14
https://www.youtube.com/@nspoint9049,@nspoint9049,nspoint,2530,213,4,Mobile repairing channel focused on display screen replacement across phone models.,mobile repairing,UCXRG6Rsn6zOWTDWgEoEZzAA,hands,phone-repair,wave1,2026-09-14
https://www.youtube.com/@nusrat-electronic786,@nusrat-electronic786,nusrat electronic and phone repairing ,375,161,4,"Titles show real charging connector replacement videos with duration, indicating hands-on repair content.",mobile repairing | electronic repairing,UC6n-8hhQ0MeK1cGZFNZTkJw,hands,phone-repair,wave1,2026-09-14
https://www.youtube.com/@odox_institute,@odox_institute,Odox,1560,101,4,Chip-level and deep-level smartphone/tablet repair training institute with practical course focus.,chip level,UCi32g4OnlsW10cKUkPUVtQw,hands,phone-repair,wave1,2026-09-14
https://www.youtube.com/@ofrestro,@ofrestro,ออฟเซอร์วิส ลอกกระจกมือถือ,192,58,4,"Thai channel showing glass peeling/replacement on iPhone, iPad, Apple Watch screens, hands-on repair format.",ซ่อมมือถือ,UC2iQDu-gKhgs2Ktgc5CNoBA,hands,phone-repair,wave1,2026-09-14
https://www.youtube.com/@ommobilereapering,@ommobilereapering,Om Mobile Reapreing ,1680,695,4,Channel focused on mobile hardware repairing with schematic diagrams and section-level fault solving content.,chip level,UC8NXjPzKDNB5-aai94friOQ,hands,phone-repair,wave1,2026-09-14
https://www.youtube.com/@p2selectro,@p2selectro,Mobile Clinic Hisar,6530,619,4,Board-level mobile repair channel explicitly stating focus on board-level content for multiple brands.,mobile repairing,UCOU3vAWQ5LJ_0e5fRLqL1Lg,hands,phone-repair,wave1,2026-09-14
https://www.youtube.com/@pakphones,@pakphones,Pak Phones,397,268,4,Repair lab with real repair titles like battery connector and iPhone battery replacement alongside phone sales/unboxings.,mobile repairing,UCR1R8a16vBBanXEV96UQDEA,hands,phone-repair,wave1,2026-09-14
https://www.youtube.com/@pawan77,@pawan77,Smartphone service skins,441,86,4,Repair shop channel with real titles like glass change and iPhone display change alongside FRP unlock videos.,phone repair | smartphone repair,UCYyq1ohl_pvphff0s270taw,hands,phone-repair,wave1,2026-09-14
https://www.youtube.com/@phdmobiletraininginstitute-o8y,@phdmobiletraininginstitute-o8y,phd mobile training institute,444,77,4,Mobile repairing training institute with theory and practical fault-solution titles like display light problems.,मोबाइल रिपेयरिंग,UCEpYLk7CmMOxKG28NTCADsA,hands,phone-repair,wave1,2026-09-14
https://www.youtube.com/@philiangjaya_ponsel,@philiangjaya_ponsel,PHILIANG JAYA Phone Cell,246,88,4,"Titles show EMMC change, charging line tracing, softbrick fix, real board-level phone repair work.",phone repair | cellphone repair,UCYTfYY0QHU5dnSlZt7RzZUQ,hands,phone-repair,wave1,2026-09-14
https://www.youtube.com/@phone_fix_nikk_lab,@phone_fix_nikk_lab,Phone fix nikk lab,227,116,4,Titles show real device-specific display/charging repairs with step-by-step guide format and tools shown.,phone repair,UCaxheSUOTyukrgAju6Q9pbA,hands,phone-repair,wave1,2026-09-14
https://www.youtube.com/@phone_fix_thiruppathur,@phone_fix_thiruppathur,Unlike ajmeer,107,144,4,Repair shop channel with display replacement and microscope for chip-level work shown on camera.,chip level,UC-ojSzTpQcTtMX5wtUAVwSw,hands,phone-repair,wave1,2026-09-14
https://www.youtube.com/@phone_repairwala,@phone_repairwala,PHONE REPAIR WALA,320,86,4,"Shop with microscope repair, IC work and display replacement described, one title shows actual display replacement job.",mobile repairing | tablet repair,UChEPhr9jUm_eAYYpNENzLig,hands,phone-repair,wave1,2026-09-14
https://www.youtube.com/@phonefixer3497,@phonefixer3497,Phone Fixer,463,81,4,"Chip-level repair channel with EMMC tools, charging short and CPU glue removal titles, mixed with unboxing reviews.",mobile repairing | chip level,UCOdXDCDa2f-TLzboOcHo5jg,hands,phone-repair,wave1,2026-09-14
https://www.youtube.com/@phonefixtelugu9576,@phonefixtelugu9576,PHONE FIX HYD TELUGU,1790,85,4,Telugu mobile repair training center offering free chip-level solutions and practical training videos.,mobile repairing | mobile repairing telugu,UCO1_ISbOraMFRbh-TyUA15g,hands,phone-repair,wave1,2026-09-14
https://www.youtube.com/@phonemedics1,@phonemedics1,Phone Medics,150,65,4,"Phone repair tutorial channel covering screens, batteries and software glitches with step-by-step format claimed.",phone repair,UCZxpRiRhWmC0Nh06rT4SEhg,hands,phone-repair,wave1,2026-09-14
https://www.youtube.com/@phonerepairmalta,@phonerepairmalta,Phone Repair Malta,240,221,4,"DIY-focused phone/tablet repair tutorial channel covering screens, batteries and board work.",tablet repair | phone motherboard repair | phone repair shop | iPad repair,UC_eshpPmDe9l18nMujL7klw,hands,phone-repair,wave1,2026-09-14
https://www.youtube.com/@pokhariyamobilerepair,@pokhariyamobilerepair,pokhariya mobile repair,403,115,4,"Hindi description lists specific hardware repairs (charging jack, battery, folder change) shown on channel.",मोबाइल रिपेयरिंग,UC22YN-leJeYycP068ULg3Sw,hands,phone-repair,wave1,2026-09-14
https://www.youtube.com/@polartechonline,@polartechonline,Polar Tech Online,2290,154,4,Phone and tablet disassembly guides and repair tutorials mixed with tech reviews/news.,tablet repair,UCQhXZiYAiZKBtVbFpP4pXLA,hands,phone-repair,wave1,2026-09-14
https://www.youtube.com/@prasadcellcare,@prasadcellcare,prasadcellcare,6850,1253,4,"Mobile training institute description with chip-level, eMMC and edge glass expertise, practical bench focus.",mobile repairing | chip level | mobile repairing course | emmc | phone motherboard repair,UCkfZJ3vdNxcCku0DZ8bLNRg,hands,phone-repair,wave1,2026-09-14
https://www.youtube.com/@priyamobilerajkot,@priyamobilerajkot,PRIYA MOBILE RAJKOT,15800,324,4,"Repair shop channel describing screen restoration, housing DIY and crack screen repair with tools mentioned.",phone repair | mobile repairing | mobile phone repair | mobile repairing course,UC_pw3vxHjqAJPU4WElE_Z-w,hands,phone-repair,wave1,2026-09-14
https://www.youtube.com/@punzak123,@punzak123,DOKTOR PUNZAK,11300,847,4,Indonesian beginner phone repair learning channel (servis HP) with hands-on bench focus described directly.,servis hp,UCyp1RSeGTUTTZ4vbp30pdow,hands,phone-repair,wave1,2026-09-14
https://www.youtube.com/@qmcrepairing,@qmcrepairing,QMC Repairing,419,113,4,Titles show real screen/panel replacement repairs on multiple phone models with clear fault-to-fix format.,mobile repairing,UCq680ebZA7earpnfuTRb3lw,hands,phone-repair,wave1,2026-09-14
https://www.youtube.com/@r.kmobileinstitute,@r.kmobileinstitute,R.k Mobile Institute (Shyam Sir),1950,142,4,"Mobile and laptop repairing institute emphasizing full practical training, business-style description.",mobile repairing course,UCPakzYoQcUtoP5b7E5auByA,hands,phone-repair,wave1,2026-09-14
https://www.youtube.com/@raaz_mobile_fix_vlogs,@raaz_mobile_fix_vlogs,Bhai Mobile fix vlogs,125,53,4,Titles show charging pin and port replacement on Samsung and Jio phones with soldering mentioned.,mobile repairing,UCS-lCxe4ua8BjtHmvvChkxA,hands,phone-repair,wave1,2026-09-14
https://www.youtube.com/@radnusmobiletrainingcenter3334,@radnusmobiletrainingcenter3334,Radnus Mobile Training Center,1620,259,4,Established mobile training institute with hands-on repair courses and certifications across Tamil Nadu.,mobile repairing tamil,UCtaiLSb5RgPjqoJQwAg2-nA,hands,phone-repair,wave1,2026-09-14
https://www.youtube.com/@rajmobile2m,@rajmobile2m,Raj Mobile 2M,12700,1515,4,"Description mentions motherboard tracing, network IC replacement, water damage and screen restoration step-by-step tutorials, strong repair signals.",mobile repairing,UCuohBah7eKC64Iu_UY9JEsA,hands,phone-repair,wave1,2026-09-14
https://www.youtube.com/@rajmobilecare,@rajmobilecare,Raj Mobile Care,10200,294,4,"Dedicated mobile repairing and technical courses channel per description, likely bench-based content.",mobile repairing,UCcUwilRH0ZklrMUB9xN1zCA,hands,phone-repair,wave1,2026-09-14
https://www.youtube.com/@rajmobilerepair3845,@rajmobilerepair3845,Raj Mobile Repair,714,171,4,"Titles show charging pin, battery connector and touch replacement repairs on real devices.",मोबाइल रिपेयरिंग,UC-5dF975r1-fEFWGF1wXNEA,hands,phone-repair,wave1,2026-09-14
https://www.youtube.com/@ramneeraj70687,@ramneeraj70687,ramneeraj mobile repairing related videoand online,1350,147,4,"Description details hardware repair steps like display, combo, charging pin and jumper work suggesting hands-on bench videos.",mobile repairing | मोबाइल रिपेयरिंग,UCygEy4sZBEUMYXUqnhnYJ5A,hands,phone-repair,wave1,2026-09-14
https://www.youtube.com/@rathnamobiles,@rathnamobiles,RATHNA MOBILES TRAINING CENTRE,37200,287,4,Mobile repair training institute claiming hands-on step-by-step tutorials and troubleshooting for phones.,mobile repairing | mobile repairing course | mobile repairing tamil | electronics repair course,UCBe7bgyca8neWR2RrSMLJ4A,hands,phone-repair,wave1,2026-09-14
https://www.youtube.com/@ravi_mobilesop,@ravi_mobilesop,Ravi Mobile Repair Shop,1610,101,4,"Repair shop channel listing screen, battery, charging, water damage and dead phone repairs in Hindi.",phone repair | mobile repairing | मोबाइल रिपेयरिंग,UCLBmxy-a8c2Jua8Ni6-cdtQ,hands,phone-repair,wave1,2026-09-14
https://www.youtube.com/@ravimobile11,@ravimobile11,Ravi Mobile,560,105,4,Titles show charging port pin replacement and IC-level charging solutions with clear repair focus.,मोबाइल रिपेयरिंग,UCLmHhM8684EmFtUzbW3c4Sg,hands,phone-repair,wave1,2026-09-14
https://www.youtube.com/@ravimobiletech,@ravimobiletech,ravi mobile tech,233,131,4,"Titles show real hardware fault diagnosis and repair (touch, baseband, network, power) on specific phone models.",मोबाइल रिपेयरिंग,UC-5sjDA1Rkhzm-85ctLURPQ,hands,phone-repair,wave1,2026-09-14
https://www.youtube.com/@rdmobilerepair937,@rdmobilerepair937,RD Mobile repair,121,100,4,"Repair center description covering glass, body, display change for Android and iPhone with specialist focus.",smartphone repair,UCn_GoyV54G_4d6boSlC4FCw,hands,phone-repair,wave1,2026-09-14
https://www.youtube.com/@recreated392,@recreated392,re created,180,106,4,"Titles show OCA glass replacement, dead phone solutions and network problem fixes on real devices.",mobile repairing,UCUQKQkMTSMM41fboDwVKFyA,hands,phone-repair,wave1,2026-09-14
https://www.youtube.com/@repair_6500,@repair_6500,MOBILE REPAIR 6500,60,66,4,"Chip-level phone repair channel description mentions eMMC, power IC, charging IC repair work.",emmc,UCb-P0u0Hrk_aYKu7w4lPOVQ,hands,phone-repair,wave1,2026-09-14
https://www.youtube.com/@repair_thephonemechanic,@repair_thephonemechanic,The Phone Mechanic,7990,1007,4,"Live mobile repair training institute channel emphasizing transparent, in-person repair demonstrations.",mobile repairing | mobile repairing course,UCqQ_QzuV9xrRJTNjepvVLxg,hands,phone-repair,wave1,2026-09-14
https://www.youtube.com/@repairingwithus,@repairingwithus,REPAIRING WITH US ,341000,194,4,Repair-focused channel promising 'daily repair mini vlogs' and 'long tech repair videos from damage to perfection'.,mobile repairing hindi,UCpjF3yiOjfETsXnaX2o0duA,hands,phone-repair,wave1,2026-09-14
https://www.youtube.com/@repairomatic,@repairomatic,Repairomatic,2060,71,4,"Dedicated repair tutorial channel covering phone, tablet and computer repair topics.",tablet repair | computer repair,UCMQkJ4K1pWd8InDY90DUTNA,hands,phone-repair,wave1,2026-09-14
https://www.youtube.com/@repairtechchala,@repairtechchala,Repair tech chala,1450,270,4,"Channel explicitly teaches mobile repairing with hands-on lessons, good topical fit despite low evidence.",mobile repairing | मोबाइल रिपेयरिंग,UCkJE4taoNGwuNafQBC_YIzg,hands,phone-repair,wave1,2026-09-14
https://www.youtube.com/@repairtechctg,@repairtechctg,REPAIR TECH CTG,1700,386,4,Repair shop channel mentioning CPU reballing and mobile phone repair alongside some review content.,phone repair | mobile phone repair,UCx3SoxeFRu7IGiWfOGSF8gQ,hands,phone-repair,wave1,2026-09-14
https://www.youtube.com/@repairtubeofficial,@repairtubeofficial,Repair Tuber,164,76,4,Educational chip-level mobile repair channel with course/training focus and practical content claims.,mobile repairing | chip level | chip level repairing,UCFv1w1F1zye7-zmUABCxvqg,hands,phone-repair,wave1,2026-09-14
https://www.youtube.com/@repairzone0001,@repairzone0001,RepairZone0001,500,129,4,Channel focused on mobile repair tutorials including screen and battery replacement with DIY guide format.,phone repair | mobile phone repair,UCwoKfjlMdRzBY3wjXkB0Sug,hands,phone-repair,wave1,2026-09-14
https://www.youtube.com/@reworkmobile5553,@reworkmobile5553,Rework Mobile,2900,178,4,Complex mobile device repair and screen glass replacement channel with 5+ years experience claimed.,تصليح الموبايل,UCZsNaSIkNsbQrJoogqYjWsw,hands,phone-repair,wave1,2026-09-14
https://www.youtube.com/@rjcell9219,@rjcell9219,Rozino Almeida RJ CELL Assistec,591,291,4,"Repair channel and academy covering bench techniques for phone maintenance, tutorial and training focus.",manutenção de celular,UCtO8bKPqb6Zy2552UVITsgA,hands,phone-repair,wave1,2026-09-14
https://www.youtube.com/@rkapplerepairs,@rkapplerepairs,RK Apple Repairs,15500,609,4,"Apple device logic board repair shop covering iPhone, iPad, MacBook with repair-focused marketing language.",logic board repair | iPad repair,UCg98hZmGBsMpBFBNbo3iU9w,hands,phone-repair,wave1,2026-09-14
https://www.youtube.com/@rkmobileservice,@rkmobileservice,Rk Mobile Service,239,61,4,Titles show real combo/charging port replacement and water-damage repair jobs across brands.,mobile repairing,UCjC0YgWpEyfjEURQa31hSZA,hands,phone-repair,wave1,2026-09-14
https://www.youtube.com/@rmcelloficial,@rmcelloficial,RM CELL OFICIAL ESPECIALIZADA EM IPHONES E CURSOS,3170,404,4,iPhone repair course channel focused on board-level (placas) repair training.,manutenção de celular,UC-7KsUPIkSCnI6_REBKAX2Q,hands,phone-repair,wave1,2026-09-14
https://www.youtube.com/@rohitapplerepair22chd,@rohitapplerepair22chd,Rohit Apple Repair & Research ,1630,246,4,"Apple repair and training channel emphasizing genuine repair skills, aligns well with topic.",mobile repairing,UCQc6hlP8Nf3bd4hhYUSXQnw,hands,phone-repair,wave1,2026-09-14
https://www.youtube.com/@roshanmobile.,@roshanmobile.,Roshan Mobile point.,731,65,4,"Titles show charging port replacement, CPU reballing, and power dead solutions, dedicated repair-shop content.",mobile repairing,UCPswYADJiNWO3fo0LE5Elqw,hands,phone-repair,wave1,2026-09-14
https://www.youtube.com/@roshanmobilevadodara,@roshanmobilevadodara,ROSHAN MOBILE VADODARA,624,122,4,"Titles show real chip-level fixes like CPU reball avoidance, charging connector change, backlight solutions.",mobile repairing,UC3wRZq0M63Ksl7H8LyKdV4g,hands,phone-repair,wave1,2026-09-14
https://www.youtube.com/@rstshivam,@rstshivam,RST TECHNO,2370,93,4,Chip-level laptop and mobile repair training channel with practical bench course focus.,chip level | motherboard repair | chip level repairing | मोबाइल रिपेयरिंग,UCvV0c5mu30mvGElAsI8-7xQ,hands,phone-repair,wave1,2026-09-14
https://www.youtube.com/@s.amobilehub4690,@s.amobilehub4690,S.A Mobile hub,616,87,4,Mobile repairing skills channel with charging pin and jumper soldering titles showing hands-on hardware work.,mobile repairing,UCQvvgzKrATAK_U6AS9D2vvw,hands,phone-repair,wave1,2026-09-14
https://www.youtube.com/@s.d.mobile,@s.d.mobile,S.D. Mobile,2720,104,4,"Technician-run channel explicitly created to teach mobile repair to new technicians, strong topical fit.",mobile repairing,UCZnKZyRj22Wbw_h3lOwn2zA,hands,phone-repair,wave1,2026-09-14
https://www.youtube.com/@s.pochinom,@s.pochinom,С Почином! - ремонт мобильной техники,292,88,4,Screen and glass replacement bench specializing in phone/tablet repair with clear technical process description.,ремонт часов,UCF68EzwuNMeH4JmORMBQcKQ,hands,phone-repair,wave1,2026-09-14
https://www.youtube.com/@s7rtechnology,@s7rtechnology,S7R Technology,7280,570,4,Training and development centre offering mobile chip level hardware and software courses.,chip level | mobile repairing tamil,UCvKd4S-uur0wYlz3yOnJZlg,hands,phone-repair,wave1,2026-09-14
https://www.youtube.com/@sadamerani,@sadamerani,SadamErani,849,115,4,"Titles show eMMC replacement, network and restart problem solutions, real board-level repair work shown.",mobile repairing,UCKS21-BH9j6s4X84g41XfpQ,hands,phone-repair,wave1,2026-09-14
https://www.youtube.com/@saddammobileservice,@saddammobileservice,Saddam mobile Repair,20100,313,4,"20-year mobile repair service teaching repairing classes, strong repair-shop background though no titles shown.",mobile repairing | मोबाइल रिपेयरिंग,UChyd5L6zXnuXpeknZKSHUFg,hands,phone-repair,wave1,2026-09-14
https://www.youtube.com/@sahotatechnical5829,@sahotatechnical5829,Sahota Mobile Repair 💉📞,20200,517,4,"Description explicitly mentions EMMC repair and CPU reballing, board-level micro-soldering focus.",emmc | mobile repairing | mobile phone repair,UCA8pWpP9Zc3bqMJTSD9vlcA,hands,phone-repair,wave1,2026-09-14
https://www.youtube.com/@saifmobilerepairinglab,@saifmobilerepairinglab,Saif Mobile Repairing Lab,2720,424,4,"Dedicated mobile repairing lab channel sharing phone faults and solutions with tools introduction, solid topic fit.",phone repair | mobile repairing | mobile phone repair | cell phone repair | mobile repairing course | mobile repairing hindi | mobile repairing urdu,UCWFWLUNivVNr-zT9X5M5U9g,hands,phone-repair,wave1,2026-09-14
https://www.youtube.com/@saigmobilerepair3388,@saigmobilerepair3388,Sai G Mobile Repair,6470,262,4,"Mobile repair shop channel specializing in glass change with direct contact info, real repair focus implied.",phone repair | smartphone repair,UCYT-FiWMEGROAZ2tdR0Wq6Q,hands,phone-repair,wave1,2026-09-14
https://www.youtube.com/channel/ucpudmnusj0en-4pv_jvtnxw,@sajibhasan8312,GSM SOJIB,229,180,4,"Repair shop channel with LCD replacement videos, though mixed with promotional shop-address content.",mobile repairing,UCpUDmNUsJ0en-4pV_jvTnXw,hands,phone-repair,wave1,2026-09-14
https://www.youtube.com/@salmanindiamobile8550,@salmanindiamobile8550,salman india mobile,1420,256,4,"Shop description details chip-level and glass replacement work for phones, strong repair signal.",mobile repairing | chip level,UCNy2uTpeAlWY2neCDkQDHkA,hands,phone-repair,wave1,2026-09-14
https://www.youtube.com/@sameermobilerepairsolution,@sameermobilerepairsolution,Sameer Mobile Repair Solution,1050,88,4,"Channel explicitly teaches mobile repairing basics through video lessons, good topical alignment.",मोबाइल रिपेयरिंग,UC5us1nRxKXVX5yq6lnNapJw,hands,phone-repair,wave1,2026-09-14
https://www.youtube.com/@sampathtelecom,@sampathtelecom,Sampath Telecom සම්පත් ටෙලිකොම්,428,126,4,Sri Lankan channel with titles showing display change repairs for Samsung and Vivo phones.,phone repair | mobile phone repair,UCH6aKw46Rf619ZTRowrwQxg,hands,phone-repair,wave1,2026-09-14
https://www.youtube.com/@samtotalcare1273,@samtotalcare1273,Samtotal Care,22200,173,4,"Hindi channel description details display replacement, charging issues, water damage repair, hardware focus.",mobile repairing | मोबाइल रिपेयरिंग,UC_FN1x-kIlVlAMuyM-vxUmQ,hands,phone-repair,wave1,2026-09-14
https://www.youtube.com/@saqlainkhan2959,@saqlainkhan2959,Saqlain khan,72,76,4,"Titles show dead phone solution, LCD panel change, and short circuit repair with clear technical focus.",mobile repairing,UCqE-k-fWKvAGcaCzVuqb5sw,hands,phone-repair,wave1,2026-09-14
https://www.youtube.com/@saranyamobileservices85,@saranyamobileservices85,Saranya Mobile 9,2060,126,4,"IC problem, eMMC change, dead boot repair and display glass replacement service description, chip-level focus.",emmc,UCwxmillutvjrohEYMqmWF5w,hands,phone-repair,wave1,2026-09-14
https://www.youtube.com/@sarveshmobail,@sarveshmobail,radhe krishna mobile,469,73,4,"Hindi mobile repairing channel with titles showing body/folder change and display reflector replacement, hands-on hardware work.",mobile repairing | motherboard repair,UC1OsvRXqRMhaDNIBHkctE_Q,hands,phone-repair,wave1,2026-09-14
https://www.youtube.com/@sarwajit_phone_repair_dehradun,@sarwajit_phone_repair_dehradun,Sarwajit iPhone Repair Dehradun,167,123,4,Live iPhone/Android repair videos with soldering techniques and step-by-step process described.,mobile repairing,UCnNbvlG3WWZIn3MijXMyO5g,hands,phone-repair,wave1,2026-09-14
https://www.youtube.com/@sashaservice,@sashaservice,Ремонт телефонов и другой электроники,143,117,4,Russian phone/electronics repair service channel documenting real repair jobs from their shop.,ремонт телефонов,UCvTB1IK6cHI9ZgIvEDn0xVA,hands,phone-repair,wave1,2026-09-14
https://www.youtube.com/@scoopof3d,@scoopof3d,ScoopOf3D,15100,55,4,iPhone logic board repair channel description directly matches board-level micro-soldering topic.,phone repair | iphone repair | logic board repair,UCJnS-xxGok5Vg9zm_CBIYLA,hands,phone-repair,wave1,2026-09-14
https://www.youtube.com/@service.iphone.balipro,@service.iphone.balipro,Service iPhone Bali | iPhone Repair Bali | BaliPro,159,360,4,"Professional iPhone/iPad/MacBook repair shop listing screen, battery, charging port repairs with technician service.",phone repair | iphone repair,UCOvYWMOyFWlbaege1UrrmUA,hands,phone-repair,wave1,2026-09-14
https://www.youtube.com/@sgpdiscover1608,@sgpdiscover1608,SGP Discover,33100,365,4,"Owner-operated mobile repair shop channel uploading repair videos, low detail but clear repair focus.",mobile repairing,UCmGnmfb6AzGe-9lLtlUjWrQ,hands,phone-repair,wave1,2026-09-14
https://www.youtube.com/@shahim-51,@shahim-51,shahim multi brand mobile repairing ,407,152,4,Titles show display change and motherboard repair work on Android phones.,mobile repairing,UCwyjMlSep5Zh8tci28xuRrQ,hands,phone-repair,wave1,2026-09-14
https://www.youtube.com/@shamobiles6109,@shamobiles6109,SHA MOBILES REPAIR,711,281,4,"Repair shop titles show touch screen replacement, CPU reballing and dead phone data recovery on camera.",emmc | mobile repairing tamil,UCG6HOiwLRFgDFc6-uzNoz-Q,hands,phone-repair,wave1,2026-09-14
https://www.youtube.com/@shanmobile2,@shanmobile2,Shan Mobile,189,77,4,Real bench repair titles with device/fault/solution format (mic change) showing hands-on phone repair work.,phone repair | mobile phone repair,UC-FyPWAc2ZpGVn8stqy639A,hands,phone-repair,wave1,2026-09-14
https://www.youtube.com/channel/uc619ozjkmqsbldveyjuui-q,@sharmagt8902,Sharma GT,579,52,4,Hardware solution titles for charger/camera/touch issues alongside some FRP bypass content on phones.,mobile repairing | मोबाइल रिपेयरिंग,UC619OZJkmqsBLdvEyJUUI-Q,hands,phone-repair,wave1,2026-09-14
https://www.youtube.com/@shashanthmobiles,@shashanthmobiles,Shashanth Mobiles,451,70,4,Titles show charging connector repair and network IC change alongside tools/spares sales ad.,mobile repairing | mobile repairing tamil,UC1H1X1TfKH-0_I86-H63qjQ,hands,phone-repair,wave1,2026-09-14
https://www.youtube.com/@shenzhenwantongphonerepair6015,@shenzhenwantongphonerepair6015,Shenzhen Wantong Phone Repair Training School,13600,488,4,Dedicated phone repair training school in Shenzhen with hands-on technical repair curriculum described.,phone repair | mobile phone repair,UCLCQRIZLWDzzzhgKwSWBoRg,hands,phone-repair,wave1,2026-09-14
https://www.youtube.com/@shiva01mobile01,@shiva01mobile01,Shiva Tech Repair Hindi,587,453,4,"Mobile repair teaching channel covering Android/iPhone dead phone, charging and display fixes with shorts format.",phone repair | iphone repair | मोबाइल रिपेयरिंग | mobile repairing hindi,UC0IRAq5ZloGAX2Dq7Jym1zA,hands,phone-repair,wave1,2026-09-14
https://www.youtube.com/@shivjeechoudhury911,@shivjeechoudhury911,Shivjee mobile repairing balasore ,499,72,4,"Shop titles show display and light IC repair on Samsung and iPhone devices, real bench work.",mobile repairing,UCGPBxax5x66vDd_803gSlwg,hands,phone-repair,wave1,2026-09-14
https://www.youtube.com/@shoebkhan09sk51,@shoebkhan09sk51,SK Mobile Repairing MH19,2570,113,4,"Screen replacement, charging port and battery repair tutorials with step-by-step Hindi instructions.",mobile repairing | mobile repairing hindi,UCOftRMtLryLwn3Gu4VKOF6g,hands,phone-repair,wave1,2026-09-14
https://www.youtube.com/@shortmobileinfo,@shortmobileinfo,Short mobile Info,299,66,4,Titles show real charging port replacement and disassembly work on multiple phone models.,mobile repairing,UClcg4PcOjMIYoyGDlcaDXgA,hands,phone-repair,wave1,2026-09-14
https://www.youtube.com/@shreejiapplefix,@shreejiapplefix,Shreeji Apple Fix ,974,111,4,Hindi mobile repair learning channel with detailed titles on boot logo fixes and crashdump mode solutions.,मोबाइल रिपेयरिंग,UCx3ES9ox7JzXHikZiSb84fA,hands,phone-repair,wave1,2026-09-14
https://www.youtube.com/@shreemohanphotostudio8098,@shreemohanphotostudio8098,Shree mohan Photo studio,215,233,4,"Titles show real display and charge board repairs on Vivo, Redmi, Infinix phones step by step.",मोबाइल रिपेयरिंग,UCXokWqktK80wA15mC-Xqq-A,hands,phone-repair,wave1,2026-09-14
https://www.youtube.com/@siddiqitechmobilerepairinglab,@siddiqitechmobilerepairinglab,"Engr. Hassan Mujtaba, SMZ Rawalpindi Branch",1220,79,4,Mobile repairing institute/lab branch name implies practical bench training sessions.,mobile repairing | mobile repairing course,UCt1eKdfqcW5dhEy52Li42Ow,hands,phone-repair,wave1,2026-09-14
https://www.youtube.com/@singh95110,@singh95110,mobile repairing,487,97,4,Titles show back panel opening on real phones like Oppo A54 at a repair shop.,mobile repairing,UCiJ6bCc8-CA9hJ9DkCapdAw,hands,phone-repair,wave1,2026-09-14
https://www.youtube.com/@sk.mobilecarephone,@sk.mobilecarephone,📲 Sk.mobile care 🛠️,1190,187,4,"Mobile care shop description listing display, camera, charging, motherboard, battery, and back glass repair services.",phone motherboard repair,UCqN5Rvrcw4bzqDbio1B6jVA,hands,phone-repair,wave1,2026-09-14
https://www.youtube.com/@sk_mobile_11,@sk_mobile_11,sk_mobile_11,90,50,4,Titles show real phone disassembly/opening steps across multiple brands at a repair shop.,mobile repairing | मोबाइल रिपेयरिंग,UCziDYHdEp-qQqBK79tavEMw,hands,phone-repair,wave1,2026-09-14
https://www.youtube.com/@skjewel8,@skjewel8,Jewel Offical ,585,84,4,"Titles show real display replacement, connector replacement and IC reballing work on phones with soldering tools.",phone repair | mobile repairing | mobile phone repair | motherboard repair,UCn4qHqJJB7qYSj8i89zXd7A,hands,phone-repair,wave1,2026-09-14
https://www.youtube.com/@skjkashyapmobileskj5881,@skjkashyapmobileskj5881,S K J Kashyap mobile SKJ कश्यप मोबाइल।,474,111,4,Titles show jumper wire fixes and specific phone model repair solutions with hands-on demonstrations.,मोबाइल रिपेयरिंग,UCKHeXOv4ES3ALs6FWes6AhQ,hands,phone-repair,wave1,2026-09-14
https://www.youtube.com/@skmobile59,@skmobile59,MOBILE REPAIRING 🤳,196,73,4,"Titles show real phone screen, lens and back panel replacements across multiple brands.",mobile repairing,UCUqsPgV5gywiC6E9quah4PA,hands,phone-repair,wave1,2026-09-14
https://www.youtube.com/@skmobileschool1,@skmobile_technology,Sk Mobile Technology,4170,642,4,Bangla mobile repairing training center channel focused on hands-on technician training courses.,mobile repairing | mobile repairing bangla,UCZ6TTbLCbJtBXAzEwvwyoxg,hands,phone-repair,wave1,2026-09-14
https://www.youtube.com/@skumarvlog,@skumarvlog,S KUMAR VLOG,4380,838,4,"Dedicated mobile repairing/shop vlog channel covering display, charging, water damage repairs with shop vlogs mixed in.",phone repair | mobile repairing | smartphone repair,UCnCe7U1bNcTiOLC0QUvmrBw,hands,phone-repair,wave1,2026-09-14
https://www.youtube.com/@smart_tech0037,@smart_tech0037,smart_tech0037,24,80,4,Titles show button and part replacement repair vlogs on real phones with hands-on framing.,phone motherboard repair,UCX-V-xim0iCAmwkSQSnFpOg,hands,phone-repair,wave1,2026-09-14
https://www.youtube.com/@smartmobilerepair8234,@smartmobilerepair8234,Smart Mobile Repair,8280,173,4,"Description centers on EMMC change and hardware/software mobile solutions, board-level repair signals.",emmc | phone repair | mobile repairing | phone repair shop | تعمیر موبایل,UCoY6mTHCDor4u7qde327PwQ,hands,phone-repair,wave1,2026-09-14
https://www.youtube.com/@smartphone04,@smartphone04,smart phone,1530,78,4,"Long-time smartphone repair instructor covering hardware, software, and glass replacement with educational focus.",phone repair | cell phone repair,UCB10FiP-XXpGugMHuhkRZDw,hands,phone-repair,wave1,2026-09-14
https://www.youtube.com/@smmrs,@smmrs,SM Mobile Repairing Solutions,10000,284,4,"Mobile repairing solutions channel focused on power IC, CPU reballing and motherboard changes.",mobile repairing | phone motherboard repair,UCA1zcNO9ljhg18gjXu1mx2w,hands,phone-repair,wave1,2026-09-14
https://www.youtube.com/@smscellrepairs,@smscellrepairs,SMS Cellphone Repair Shop,970,180,4,Cell phone repair shop channel explicitly showing cracked phone restoration process.,phone repair shop,UCdjhB_bXFtYn51jUwqVPnjA,hands,phone-repair,wave1,2026-09-14
https://www.youtube.com/@snmobilecentre,@snmobilecentre,S N MOBILE CENTRE,67,140,4,Authorized service center channel covering mobile repair work and motherboard repair across multiple brands.,mobile repairing | motherboard repair,UCcYl7_4w_eMClg42241-HkQ,hands,phone-repair,wave1,2026-09-14
https://www.youtube.com/@sonugflash,@sonugflash,SONU G FLASH,469,180,4,"Multiple concrete repair titles: display change, battery change, folder change on real phone models.",phone repair | mobile phone repair,UCviMe8xQdc4Yvv6QjI0EgyA,hands,phone-repair,wave1,2026-09-14
https://www.youtube.com/@sonulaxmimobilerepair,@sonulaxmimobilerepair,Laxmi Mobile Repair,1580,139,4,"Mobile technician channel offering android and iPhone repairing and teaching, solid repair-shop evidence.",phone repair | iphone repair | mobile repairing course | phone repair shop,UC669P2AcdyvYOBQvjVYKCEA,hands,phone-repair,wave1,2026-09-14
https://www.youtube.com/@spectrumtechnology5977,@spectrumtechnology5977,SPECTRUM TECHNOLOGY,1240,158,4,"Chip-level and micro-level repair shop for iPhone/iPad/Android, business description but on-topic focus.",chip level | chip level repairing,UCrZHifayge7wAb0r3IYO6Nw,hands,phone-repair,wave1,2026-09-14
https://www.youtube.com/@srinikamobileservicing1384,@srinikamobileservicing1384,Srinika Mobile Servicing,1290,106,4,"Dedicated mobile repairing channel covering charging pin and keyboard repairs, described as short solution videos.",mobile repairing | mobile repairing bangla,UCXooKm2qpEklm90hTcglRFA,hands,phone-repair,wave1,2026-09-14
https://www.youtube.com/@srinivasamobilefix,@srinivasamobilefix,Srinivasa mobile fix,2100,203,4,Chip-level repair shop description with CPU/RAM/IC repair and dead mobile recovery across brands.,chip level repairing,UCS23GQKLeNO3SkqDrT0B8Lw,hands,phone-repair,wave1,2026-09-14
https://www.youtube.com/@srtelecom9574,@srtelecom9574,S R Telecom ,431,77,4,Institute channel with hardware/software/EMMC training and titles showing board diagnosis and screen fixes.,mobile repairing | emmc,UCf_lHwcfTc9uzAf2fQhtrVg,hands,phone-repair,wave1,2026-09-14
https://www.youtube.com/@ss_mobilecare,@ss_mobilecare,SS MOBILE TECH,71,71,4,Chip-level repair service plus hands-on mobile repairing training course with practical bench skills listed.,chip level | watch repairing course,UCVxJMHdMh-c8gsd2l31xcTw,hands,phone-repair,wave1,2026-09-14
https://www.youtube.com/@stattechllc,@stattechllc,StatTech,747,1047,4,"Board-level repair shop showcasing micro soldering, HDMI, liquid damage, and phone screens mixed with retail highlights.",micro soldering | electronics repair,UC7uFl3wlc-jb5L86qImOZqw,hands,phone-repair,wave1,2026-09-14
https://www.youtube.com/@subrataservicecenter,@subrataservicecenter, Subrata Service Center ,6310,556,4,Service center channel dedicated to mobile hardware/software repair including chip level work as described.,mobile repairing | chip level | chip level repairing,UC_dBclxcNz82RJVKaeWU4jw,hands,phone-repair,wave1,2026-09-14
https://www.youtube.com/@sufimobilerepairinginstitu626,@sufimobilerepairinginstitu626,Sufi Mobile Repairing Institute,28500,219,4,Mobile repairing institute description covering IC reballing and hardware/software repair training with hands-on focus.,phone repair | mobile repairing | iphone repair | emmc | electronic repairing | electronics repair course | mobile charger repair | electronics repairing institute,UCF8bxulwNRS-za09ovLPJZQ,hands,phone-repair,wave1,2026-09-14
https://www.youtube.com/@sulamankhan-6656,@sulamanKhan-6656,GEO  Mobile Reparing Lab,54,103,4,"Lab description details chip-level motherboard repair, screen/battery replacement and water damage repair alongside software services.",phone repair | mobile repairing | mobile phone repair | motherboard repair | tablet repair,UCWe6fV-Ce8Ix_QEF_Mp1qSg,hands,phone-repair,wave1,2026-09-14
https://www.youtube.com/@suman97488,@suman97488,SUMAN MANDAL,676,53,4,Mobile repair training channel with clear CPU reballing and camera/sound problem fixing videos shown.,mobile repairing,UCvQL_sPDtx3BgoVAwDpLZAA,hands,phone-repair,wave1,2026-09-14
https://www.youtube.com/@suman_telecom,@suman_telecom,SUMAN TELECOM,392,127,4,"Titles show charging voltage solutions, touch not working fix, and screen replacement on real phones.",mobile repairing,UCdpT8mcmO928OZpyAxzlyoA,hands,phone-repair,wave1,2026-09-14
https://www.youtube.com/@sumitmobitechx,@sumitmobitechx,sumit mobiteac x,56,68,4,Titles show display/touch repair jobs framed as full mobile repairing content.,mobile repairing,UCB7VyASbd8qT2jvEVUS6kkw,hands,phone-repair,wave1,2026-09-14
https://www.youtube.com/@sunnyiphonerepair52,@sunnyiphonerepair52,SUNNY IPHONE REPAIR,3510,904,4,"iPhone repair shop channel specializing in glass, screen and Face ID repairs.",phone repair | mobile repairing | iphone repair | iPhone repair,UCFi6NmSlYd-_H8d7L1jnx9Q,hands,phone-repair,wave1,2026-09-14
https://www.youtube.com/@surajdas1432,@surajdas1432,Suraj Das 1432,596,85,4,"Titles show specific phone fault diagnoses and repairs (dead condition, changing problems) suggesting real bench work.",phone repair,UC7FPOERJCt_KQ73RMSw845Q,hands,phone-repair,wave1,2026-09-14
https://www.youtube.com/channel/ucm5n1f2nhfa9idp6yg2j3gq,@suryatechnosoft7665,Surya Technosoft,68,116,4,"Titles show glass/display changing on Moto G8 Plus, Vivo V5+ and general phone display glass replacement demonstrated.",mobile repairing,UCM5N1f2nHfA9iDP6Yg2J3gQ,hands,phone-repair,wave1,2026-09-14
https://www.youtube.com/@t.meldabba,@t.meldabba,صيانة المحمول ( هردوير),84700,204,4,"Arabic course covering screen change, charging socket, IC replacement and circuit troubleshooting for phones.",emmc,UCk_eYZUD3VDzyrCY4-K-3Rg,hands,phone-repair,wave1,2026-09-14
https://www.youtube.com/@tahseenteam,@tahseenteam,TAHSEEN TEAM,70600,343,4,"Large mobile repair training/course channel with strong repair-focused description, likely practical bench content.",صيانة الهواتف,UCzfOMfln1BeeudX32N586-w,hands,phone-repair,wave1,2026-09-14
https://www.youtube.com/@takhitelecom,@takhitelecom,takhi telecom,530,114,4,"Titles show real display replacement repairs across multiple phone brands (Redmi, Vivo, Realme, Samsung) demonstrating on-camera work.",phone repair,UCfKU4FECOSYPsnulFer6bww,hands,phone-repair,wave1,2026-09-14
https://www.youtube.com/@talharaza74,@talharaza74,TechTalha Repairs ,6970,62,4,Repair-focused channel covering multiple phone brands and electronic board work with short-format solution videos.,mobile repairing,UC7yAipTRj1QRJSBdtRz11Lw,hands,phone-repair,wave1,2026-09-14
https://www.youtube.com/@tallerreparaciondecelulare9025,@tallerreparaciondecelulare9025,Taller Reparacion de celulares Cali Colombia,8950,56,4,Dedicated cellphone repair workshop channel sharing repair experiences as practical guides for viewers.,reparación de celulares | reparación de móviles,UCYX55yUhqow76BFW7yrmHOA,hands,phone-repair,wave1,2026-09-14
https://www.youtube.com/@tatamobile668,@tatamobile668,Tata mobile Repair,1670,254,4,"Shop channel description details real practical repairs: display, dead phone, water damage, charging issues.",phone repair | mobile repairing | mobile repairing hindi | mobile repairing urdu,UCZEQEQs-5GW_rips5thWuAw,hands,phone-repair,wave1,2026-09-14
https://www.youtube.com/@tattootech,@tattootech,TATTOO TECH (Justin Case),1680,104,4,Cellphone repair channel described as in-depth step-by-step DIY tutorials for smartphone repair skill levels.,phone repair | cellphone repair,UCN-IxJixGL-J5TElPnN4ymg,hands,phone-repair,wave1,2026-09-14
https://www.youtube.com/@tauseefbabu199,@tauseefbabu199,Mobile quick repair ,109,73,4,Dedicated mobile repair tutorial channel emphasizing hardware/software troubleshooting and tool guides.,mobile repairing,UCV9WQHImf2p9prOdekUkQYw,hands,phone-repair,wave1,2026-09-14
https://www.youtube.com/@techabrar5529,@techabrar5529,Tech Abrar,638,90,4,Titles show step-by-step battery and display replacement live repairs on real phones.,phone repair,UCp4OAA36rrvsTtFIXv68R7Q,hands,phone-repair,wave1,2026-09-14
https://www.youtube.com/@techandgadgets7,@techandgadgets7,Tech And Gadgets,363,163,4,Titles show real phone repair fixes like charging port and power button issues on various brands.,mobile repairing,UCtswRPgZq16Wp0z83ZYMZPA,hands,phone-repair,wave1,2026-09-14
https://www.youtube.com/@techandroidfixer5405,@techandroidfixer5405,Tech Android fixer,311,55,4,"Chip-level fault-and-fix titles (black screen, blue display, hang on logo) show real bench repair work.",chip level,UCPpdLHZGM8b5zDKOXpdTzdg,hands,phone-repair,wave1,2026-09-14
https://www.youtube.com/@techjay-k,@techjay-k,TECH JAY,5110,188,4,"Dedicated phone repair channel with DIY tutorials on screens, batteries and troubleshooting.",phone repair,UCwI_vKs_P7_OvjAr1w-wKfQ,hands,phone-repair,wave1,2026-09-14
https://www.youtube.com/@techmechsupport,@techmechsupport,MOBITECH SURGEON ,483,54,4,"Titles show real screen and charging repairs on phones with clear step-by-step guides, mostly hardware focused.",मोबाइल रिपेयरिंग,UCyEh-o0LuogQNqTPCZQG3-Q,hands,phone-repair,wave1,2026-09-14
https://www.youtube.com/@techmoderepair6514,@techmoderepair6514,TechMode Repair,234,135,4,"Named for motherboard repair, shop channel filming everyday repairs, fits phone/board-level work well.",phone motherboard repair,UC5Efk7VI_1hiSjDG116j3YA,hands,phone-repair,wave1,2026-09-14
https://www.youtube.com/@technicalajaypalsinghmobil9778,@technicalajaypalsinghmobil9778,Ajay Mobile 📲 Repair hardware and software,157,78,4,Hindi mobile repair channel with practical hardware titles like charging port and display replacement.,मोबाइल रिपेयरिंग,UC2g2qYF4zA5v6E1HTzUYUSQ,hands,phone-repair,wave1,2026-09-14
https://www.youtube.com/@technicalazhar53,@technicalazhar53,technical Azhar,1720,60,4,Advanced-level channel description emphasizes component-level repair and troubleshooting tutorials for smartphones.,mobile repairing,UCkyoFTfVELlicKNEAVKbG9w,hands,phone-repair,wave1,2026-09-14
https://www.youtube.com/@technicalmj1994,@technicalmj1994,Technical Mj,1760,319,4,Dedicated mobile repairing channel covering hardware and software problem-solving with clear repair focus.,mobile repairing | मोबाइल रिपेयरिंग,UCoAyOggXGSL_rnOi8--QCdw,hands,phone-repair,wave1,2026-09-14
https://www.youtube.com/@technicalmobiledoctor6549,@technicalmobiledoctor6549,Technical Mobile Doctor,227,73,4,"Titles show display change and charging jumper repairs, real hardware bench work with some software mix.",mobile repairing,UC3xfiF-mqJYImHhyZd6xUpw,hands,phone-repair,wave1,2026-09-14
https://www.youtube.com/@technicianpappuchauhan,@technicianpappuchauhan,Pappu chauhan technician ,48,112,4,"Hindi mobile repairing channel description mentions live repairing, dead phone solution, and CPU reballing bench work.",mobile repairing,UCH6wNsDNrGhTfeKnv7smjOQ,hands,phone-repair,wave1,2026-09-14
https://www.youtube.com/@technosujit6418,@technosujit6418,Technosujit ,3590,129,4,"Mobile repairing course channel advertising chip and micro level training, practical bench sessions implied.",mobile repairing | mobile repairing course,UCrnNlCbKlfHmJQaiPWaYtoQ,hands,phone-repair,wave1,2026-09-14
https://www.youtube.com/@techpoint7088,@techpoint7088,Tech Point,220,81,4,"Mobile repair channel with hands-on titles like display fixes, charging jack changes and jumper solutions.",mobile repairing,UClDuVedY9RY6qLEOmHN5TGQ,hands,phone-repair,wave1,2026-09-14
https://www.youtube.com/@techrepairmaster,@techrepairmaster,Tech Repair Master,536,68,4,"Description promises step-by-step hardware repairing, micro-soldering, IC reballing and live dead phone recovery.",mobile repairing | smartphone repair | mobile repairing urdu | electronics repair course | mobile charger repair | electronics repairing institute,UCblajE8C6trAxAcgAFvHNqA,hands,phone-repair,wave1,2026-09-14
https://www.youtube.com/@techsafic5240,@techsafic5240,tech safic,509,73,4,"Titles show specific fault-and-fix content (mic problem, charging problem, display issue) typical of hands-on repair channel.",mobile repairing,UC6ugWsiZB8qLqZV5h0YGFjw,hands,phone-repair,wave1,2026-09-14
https://www.youtube.com/@techshowmobile,@techshowmobile,Techshow,272000,921,4,"Describes tutorials on mobile repairs, electronic circuits, and part replacement using heat gun and soldering iron.",electronic repair,UCS7_S20CfLhg8qILXlewjvg,hands,phone-repair,wave1,2026-09-14
https://www.youtube.com/@techsriyansh,@techsriyansh,Tech Sriyansh,68700,689,4,"Chip-level repair channel covering reballing, motherboard work and dead phone fixes with strong technical vocabulary.",phone repair | mobile repairing | chip level | phone motherboard repair,UCToddhf_BZR04ZLlnSh3C7A,hands,phone-repair,wave1,2026-09-14
https://www.youtube.com/@techtomer,@techtomer,Tech Tomer,46800,131,4,"Motherboard repair-focused channel description covering phones, tablets and laptops for technicians and customers.",phone motherboard repair,UCNS86FLlSQacSxk852wnqfQ,hands,phone-repair,wave1,2026-09-14
https://www.youtube.com/@techvikasmodinagar,@techvikasmodinagar,Tech vikas Modinagar ,235,87,4,Mobile repairing/lamination shop with titles on charging jack change and dead phone repair.,मोबाइल रिपेयरिंग,UCan3928srT8N9W_FHp96ftg,hands,phone-repair,wave1,2026-09-14
https://www.youtube.com/@tecnovenz,@tecnovenz,TÉCNOVENZ,850,110,4,"Specialized micro-soldering technician channel for mobile devices, strong topic match from description.",microsoldadura | microsoldadura celulares,UCWJk_SIKccUncH_AvMx_Xhg,hands,phone-repair,wave1,2026-09-14
https://www.youtube.com/@tekmecpankaj,@tekmecpankaj,TekmecPankaj,484,175,4,"Titles show display/connector replacement and diagnosis work, though mixed with unrelated entertainment clips.",mobile repairing,UC4skYYG6xpH-vXLO-JWkO1g,hands,phone-repair,wave1,2026-09-14
https://www.youtube.com/channel/ucfrislysrz5j5emuhsrdpoa,@teknisilegendaris,Teknisi Legendaris,170,58,4,Phone repair tutorial channel with titles showing LCD replacement and troubleshooting on real devices.,servis hp,UCfriSLYsRz5j5EmUHSRdpOA,hands,phone-repair,wave1,2026-09-14
https://www.youtube.com/@teknisinekadjepara,@teknisinekadjepara,TEKNISI NEKAD JEPARA,23300,685,4,Indonesian phone repair tutorial channel covering hardware and software fixes.,servis hp,UCsB296SnX_Q_JtwCtlfPhOQ,hands,phone-repair,wave1,2026-09-14
https://www.youtube.com/@teknisingopi-v7b,@teknisingopi-v7b,TEKNISI NGOPI,542,105,4,"Indonesian repair channel with step-by-step LCD replacement, troubleshooting and tablet repair titles despite some FRP content.",servis hp,UC6x28Cb7EHYzzzlK7U7l62w,hands,phone-repair,wave1,2026-09-14
https://www.youtube.com/channel/uc8bgc0wcvo2b--rs22w7qvw,@telecomtrisha,telecom trisha,110,76,4,"Charging jack replacement repairs on real phones shown across models, real bench work titles.",mobile repairing,UC8BGC0Wcvo2B--rs22W7QVw,hands,phone-repair,wave1,2026-09-14
https://www.youtube.com/@telefonkuryen,@telefonkuryen,iPhone Telefon Tamiri | TelefonKuryen®,637,705,4,"iPhone repair shop service listing screen, battery, motherboard, charging port and glass replacement with same-day repair.",telefon tamiri,UCcTLjEfMTg8obvi6lVRPErQ,hands,phone-repair,wave1,2026-09-14
https://www.youtube.com/@texnorub,@texnorub,Техноруб,1450,108,4,"Russian repair shop channel doing teardowns and microsoldering across phones, laptops and tablets.",microsoldering | ремонт телефонов,UCrI_dLn7-iX4_IOIw0TVyLA,hands,phone-repair,wave1,2026-09-14
https://www.youtube.com/@the_mobile_junction_goa,@the_mobile_junction_goa,Ahmad Malligar,424,137,4,Repair shop titles show iPhone motherboard swap/fix and screen replacement work on camera.,mobile repairing | smartphone repair,UCGNO_GRXEE6VYOV_C7JYwgA,hands,phone-repair,wave1,2026-09-14
https://www.youtube.com/@thefixhub07,@thefixhub07,thefixhub07,965,76,4,"Dedicated phone repair tutorial channel covering screen fixes, battery swaps, charging repairs and water damage.",mobile repairing,UC9bdwKM0-W-wmWjP37urWNg,hands,phone-repair,wave1,2026-09-14
https://www.youtube.com/@thelifeofmobile,@thelifeofmobile,The Life Of Mobile,7950,1012,4,"Description explicitly lists hardware repair categories (display, battery, motherboard, charging) suggesting real repair guide content.",phone repair,UCiogS7r6bP3Xctnf0JpB51g,hands,phone-repair,wave1,2026-09-14
https://www.youtube.com/@themobilefixer8574,@themobilefixer8574,The Mobile Fixer,1290,76,4,"IC-level, data recovery, eMMC/UFS and glass replacement services described, real technical repair work implied.",emmc,UCL72ZjlSGhRD2zjru_SRkrA,hands,phone-repair,wave1,2026-09-14
https://www.youtube.com/@themobileking474,@themobileking474,The Mobile King,860,75,4,Titles show real charging/dead-phone repair diagnostics and fixes across multiple phone models.,mobile repairing,UCsB2ynEkr1HTQ3rJGGk3ocQ,hands,phone-repair,wave1,2026-09-14
https://www.youtube.com/@thephonelab3,@thephonelab3,The Phone Lab,2410,265,4,Description explicitly covers screen replacements and charging port repairs with step-by-step DIY tutorials.,phone repair | mobile phone repair,UCxwphYbKAat_ETzXYBp1_eg,hands,phone-repair,wave1,2026-09-14
https://www.youtube.com/@therepairinghub99,@therepairinghub99,the reparing hub 99,935,54,4,"Titles show real phone repairs like screen and back replacements, folder change, power button fix.",phone repair,UCAlUrwplkCsOBXLPV4Hc7MQ,hands,phone-repair,wave1,2026-09-14
https://www.youtube.com/@therepairtherapy,@therepairtherapy,The Repair Therapy ,558,57,4,"Repair shop channel with tutorials on cracked screens, battery issues, and technical problems shown on camera.",phone repair | cell phone repair,UCY1epddGCinE2TOW_DdCOgA,hands,phone-repair,wave1,2026-09-14
https://www.youtube.com/@theuniversalrepair,@theuniversalrepair,The Universal Repairing,155,52,4,"Titles show real hardware repairs: speaker fix, charging jack change, back glass replacement on real phones.",मोबाइल रिपेयरिंग,UC8a3HmU3mFVYNWGGR8B0pHA,hands,phone-repair,wave1,2026-09-14
https://www.youtube.com/@tiwariankit1170,@tiwariankit1170,DK mobile repairing,676,72,4,Titles show specific hardware faults like charging and LCD light problems in simple hands-on repair format.,mobile repairing | मोबाइल रिपेयरिंग,UCqsmG10Xo3Xa-nEzNTTMrsA,hands,phone-repair,wave1,2026-09-14
https://www.youtube.com/@tranlinhmobile,@tranlinhmobile,TRẦN LINH TV,939,161,4,"Titles show real screen, glass and battery replacements and power repair for various phone brands.",sửa chữa điện thoại,UCyw-rfYtsJfSqePwMe78Rtg,hands,phone-repair,wave1,2026-09-14
https://www.youtube.com/@tringring,@tringring,tringring in,14700,218,4,"Detailed repair shop description covering motherboard chip-level, display, battery and port replacement work.",chip level | phone motherboard repair,UCJ27EtDx-mBHzfb4kWubteA,hands,phone-repair,wave1,2026-09-14
https://www.youtube.com/@trspecialtech,@trspecialtech,T.R Special Tech,2150,468,4,"Hindi mobile repair training channel covering hardware repair (display, battery, charging port) plus software fixes.",मोबाइल रिपेयरिंग,UCmxrG5UPI7sRO4EShVyDsVA,hands,phone-repair,wave1,2026-09-14
https://www.youtube.com/@tsrmobilesolutions,@tsrmobilesolutions,TSR MOBILE SOLUTIONS ,10100,498,4,"Mobile repairing solutions channel covering IC repair, display, charging and dead phone fixes across brands.",mobile repairing,UCszlFBJt40Buzf1hhlrwmqw,hands,phone-repair,wave1,2026-09-14
https://www.youtube.com/@tulsismartphonesolution,@tulsismartphonesolution,TULSI TELECOM,3580,82,4,Detailed EMMC/BGA chip-level Android repair course content covering board-level micro-soldering topics.,emmc,UCigAy0T_7tTM6VSTilmZqJA,hands,phone-repair,wave1,2026-09-14
https://www.youtube.com/channel/uc1n9n-vyhvohjeh12scajsw,@tyagimobilerepair,TYAGI MOBILE ,274,75,4,Titles show real hardware dead-phone repairs with CPU EMMC reboll and reballing work shown.,mobile repairing | emmc,UC1n9n-VYHVohJeH12SCaJsw,hands,phone-repair,wave1,2026-09-14
https://www.youtube.com/@ubreakifixdallasfortworth706,@ubreakifixdallasfortworth706,uBreakiFix Dallas Fort Worth,2,55,4,"Repair chain channel with titles on iPhone/Samsung screen and phone repairs, also services other devices.",phone repair | iphone repair,UCYHJKQ97K7wJsVWlD7o3d6Q,hands,phone-repair,wave1,2026-09-14
https://www.youtube.com/@umarthephonemaster,@umarthephonemaster,Umar The Phone Master,429,53,4,"Covers screen fixes, charging jack replacement, speaker changes with step-by-step repair guides.",mobile repairing | motherboard repair,UC7iOkCG6KgO79VU96_uJwgA,hands,phone-repair,wave1,2026-09-14
https://www.youtube.com/@umtmobiletraining,@umtmobiletraining,UMT Mobile Repairing Institute,427,72,4,"Advanced chip level training institute covering EMMC programming, schematic diagrams, and OCA lamination.",mobile repairing | chip level | emmc | मोबाइल रिपेयरिंग | mobile repairing course | mobile repairing hindi,UCWHffaSiosSXRyCtkDQJq4A,hands,phone-repair,wave1,2026-09-14
https://www.youtube.com/@unionrepair01,@unionrepair01,UNION REPAIR ,47300,662,4,"Channel explicitly teaches mobile, tablet and laptop repair in simple steps, fits topic well despite some laptop overlap.",phone motherboard repair,UCeEXV0mVqZHX0Mx-G2SJADA,hands,phone-repair,wave1,2026-09-14
https://www.youtube.com/@unionrepairctg4361,@unionrepairctg4361,Union Repair ctg,212,79,4,iPhone/Android repair center with titles showing touch and sound problem fixes as completed repair jobs.,phone repair | smartphone repair,UCaQa-ZpWi3TeuSw5-dakCCQ,hands,phone-repair,wave1,2026-09-14
https://www.youtube.com/@urs__sopon__mobile,@urs__sopon__mobile,urs sopon mobile ,58,57,4,Mobile repair channel promising real repairing videos from dead phone to display change with 10 years experience.,phone repair | mobile repairing,UClNvdkz6Ny6KqDYMBp1aCew,hands,phone-repair,wave1,2026-09-14
https://www.youtube.com/@valuelearning,@valuelearning,VALUE LEARNING,1320,208,4,"Institute channel offering laptop chip-level and mobile repair training courses in Ameerpet, practical bench focus.",chip level | mobile repairing telugu,UCh4wvHuZSeodGOKRR5kHA2Q,hands,phone-repair,wave1,2026-09-14
https://www.youtube.com/@vasimiphonerepairing,@vasimiphonerepairing,Vasim iPhone repairing,9990,2804,4,"Dedicated iPhone repair channel covering screen, battery, water damage with step-by-step tutorial format described.",phone repair | iphone repair | iPhone repair,UC_z8NQgm6RpXeo_Cgho0tqQ,hands,phone-repair,wave1,2026-09-14
https://www.youtube.com/@vickynayakmobilerepair2762,@vickynayakmobilerepair2762,Vicky  Mobile Repairing ,322,143,4,"Titles show real hardware fixes (mic problem solution, charging jack change) at a mobile repair shop.",mobile repairing,UC6Yhs36mXnq5mV6OTOfxUJg,hands,phone-repair,wave1,2026-09-14
https://www.youtube.com/@vifonqro9826,@vifonqro9826,VIFON..  Reparación y accesorios para celular...,25,68,4,"Dedicated microsoldering/diagnostic phone repair shop description, Spanish-language, low title evidence but strong name match.",microsoldadura | microsoldadura celulares,UCsUJ7vZZYJcNatynkm1MKjw,hands,phone-repair,wave1,2026-09-14
https://www.youtube.com/@vijaybhaivadodiya6570,@vijaybhaivadodiya6570,vijayvd490,732,265,4,"Mobile repair shop with titles on display change, socket change, combo fitting, and board work.",phone repair | mobile repairing | motherboard repair,UCZ1A8QMoVOKbOvzh1YLasAA,hands,phone-repair,wave1,2026-09-14
https://www.youtube.com/@vikashtechmobileguru2307,@vikashtechmobileguru2307,VIKASH TECH MOBILE GURU ,5390,205,4,"Mobile repairing course channel covering schematic diagrams, fault tracing alongside unlock tool software content.",mobile repairing | mobile repairing course,UCmVzd569tkrgwvNtYN4RJ4Q,hands,phone-repair,wave1,2026-09-14
https://www.youtube.com/@vinodgowdak1,@vinodgowdak1,V NS 07,829,200,4,"Titles show display changing on multiple phone models, real hands-on screen replacement work.",phone repair | mobile repairing tamil,UCrsmut--lF675Hn-kkGYbzQ,hands,phone-repair,wave1,2026-09-14
https://www.youtube.com/@vinodshingh1102,@vinodshingh1102,Technical GK mobile,2170,1012,4,"Hindi mobile repairing channel covering hardware, software, dead phone and display/battery repair topics.",mobile repairing | मोबाइल रिपेयरिंग,UCFO-QLZg8g9sBVCRzoPrpQQ,hands,phone-repair,wave1,2026-09-14
https://www.youtube.com/@vishalboliwal_,@vishalBoliwal_,Smartphone Repair Guide,28,55,4,Titles show display replacement and charging port replacement tutorials with clear device-level repair steps.,phone repair | smartphone repair,UCFImoC1_AOYz2Z-MyskU7Zg,hands,phone-repair,wave1,2026-09-14
https://www.youtube.com/@vivektechnician5767,@vivektechnician5767,Vivek Technician,521,150,4,"Hindi channel explicitly covering IC reballing, dead phone repair, charging issues alongside laptop fixes.",phone repair,UCTzLK1vT58sySy9L5dL7A5g,hands,phone-repair,wave1,2026-09-14
https://www.youtube.com/@vkaymobiles,@vkaymobiles,Vkay Mobiles,8490,215,4,Experienced technician channel explicitly teaching hands-on mobile repairing skills to beginners.,mobile repairing,UCqO_EIDZ84zJQX4FsZbkatw,hands,phone-repair,wave1,2026-09-14
https://www.youtube.com/@watman3761,@watman3761,Watman,1040,70,4,"Russian channel explicitly about phone/tablet display replacement, soldering and BGA repair techniques.",ремонт телефонов,UCJnB72zQUf__CihdyDQE15w,hands,phone-repair,wave1,2026-09-14
https://www.youtube.com/@wb_gsm,@wb_gsm,WB GSM OFFICIAL(SJE),529,97,4,"Titles show CPU reballing, jumper wire work, and IC-level repairs, chip-level bench content despite some software mentions.",mobile repairing,UCUGk_qQubp68Z9GVYm8WMmg,hands,phone-repair,wave1,2026-09-14
https://www.youtube.com/channel/ucnksk4j6mk_e8n4wnz3uxqg,@welcomemobile360,welcome Mobile ,248,85,4,"Titles show charging jack and track repair without SMD, real hands-on hardware fixes.",mobile repairing,UCnKsk4J6mk_E8n4wnz3uXQg,hands,phone-repair,wave1,2026-09-14
https://www.youtube.com/@winteslaknok8560,@winteslaknok8560,Wintesla Knok,20100,1044,4,Thai mobile repair technique channel focused on measurement tools and hardware repair knowledge for smartphones.,ซ่อมมือถือ,UC0-bKCJucx7rQqenQF_RK2w,hands,phone-repair,wave1,2026-09-14
https://www.youtube.com/@wonderinstituteofmobiletec6241,@wonderinstituteofmobiletec6241,Wonder Institute of Mobile Technology® ,419,62,4,"Mobile repairing institute with live practical courses covering display, IC removal, and software.",मोबाइल रिपेयरिंग,UCq0Bof78MoImEfc0d7B-Nig,hands,phone-repair,wave1,2026-09-14
https://www.youtube.com/@worldmobilerepairingcenter,@worldmobilerepairingcenter,Kashif iPhone Expert,4130,1345,4,"Mobile repairing shop channel offering display, water damage repairs with business branding but real repair focus.",phone repair | mobile repairing,UCoKBG-657Cjf7d7w9uEMF7g,hands,phone-repair,wave1,2026-09-14
https://www.youtube.com/@woworrepair,@woworrepair,Wowor Repair,48300,1465,4,"Indonesian repair tutorial channel covering LCD, charging, battery, water damage and dead phone fixes.",servis hp,UCSNMw4HnK3LMAPc30zgNcyQ,hands,phone-repair,wave1,2026-09-14
https://www.youtube.com/@xrestore,@xRestore,xRestore,13100,80,4,"Dedicated cell phone repair channel documenting daily repairman life, strong topical fit from name and description.",phone repair | cell phone repair,UC9N_RiPjCvPNeclBoMLKPJg,hands,phone-repair,wave1,2026-09-14
https://www.youtube.com/@xapplerepairs11,@xapplerepairs11,Xapple Repairs,425,267,4,"Apple product repair workshop covering iPhone, iPad, MacBook with dedicated service description indicating hands-on repair work.",iPad repair,UCVxI7_txHSy3V4TCIA4eBxA,hands,phone-repair,wave1,2026-09-14
https://www.youtube.com/@xcellent2953,@xcellent2953,Xcellent Smartphones service centre,124,180,4,"Service centre description covers screen, battery and motherboard repairs with technical detail.",phone motherboard repair,UC0o3dCLuoVOLMzhIb4gAbSg,hands,phone-repair,wave1,2026-09-14
https://www.youtube.com/@xfdcellphoneaccessories8506,@xfdcellphoneaccessories8506,XFD Cellphone & Accessories,724,62,4,Battery and digitizer installation videos across multiple phone brands show clear disassembly/install steps.,phone repair,UC95v7tb9vmJWEiF0XaC8iMw,hands,phone-repair,wave1,2026-09-14
https://www.youtube.com/@xlwirelesselectronicrepair,@xlwirelesselectronicrepair,XL wireless Electronic repair,1870,386,4,"iPhone and console repair channel with live repair videos, phones are prominent among mixed devices.",phone repair | iphone repair,UCi21NUpcTKiozqvkDxWOTCQ,hands,phone-repair,wave1,2026-09-14
https://www.youtube.com/@xpert__mobile__sarangpur,@xpert__mobile__Sarangpur,Mo. Juned ,67,55,4,"Repair shop channel with titles on EMMC reballing, dead phone recovery and chip-level fixes.",emmc,UCkETvbAGNRXSQ2O0rkntF7g,hands,phone-repair,wave1,2026-09-14
https://www.youtube.com/@yobbgsm,@yobbgsm,yobb gsm,133,122,4,Titles show charging port and power IC replacement on phones plus some non-phone electronics repair.,electronic repair,UCehkgAdNZkbxLLnCHyy54SA,hands,phone-repair,wave1,2026-09-14
https://www.youtube.com/@yoonusmobiles4889,@yoonusmobiles4889,Yoonus Mobiles,359,53,4,"Titles show real hardware repairs: charging pin change, touch glass change, charging port replacement.",mobile repairing,UCQ-AZTaR8wLbqAUW5H3mMoA,hands,phone-repair,wave1,2026-09-14
https://www.youtube.com/@ytroshanraj,@ytroshanraj,ytmobilesolution ,1420,281,4,"iPhone edge glass replacement institute channel with repair and software solutions, hands-on training focus.",mobile repairing,UCfQbb-Elt73KHV_KdxJeiQg,hands,phone-repair,wave1,2026-09-14
https://www.youtube.com/@yunnanliugeshoujiweixiu,@yunnanliugeshoujiweixiu,云南刘哥手机维修,59,69,4,Chinese repair vlog channel showing real phone repair cases like screen and water damage fixes.,手机维修,UC6DEONiZmFBEpFABLn7rx0g,hands,phone-repair,wave1,2026-09-14
https://www.youtube.com/@yuvrajtelecom-mtr,@yuvrajtelecom-mtr,YUVRAJTELECOM mtr🙏,453,226,4,"Phone repair shop channel with titles showing glass/touch replacement and camera fixes, short-form style.",phone repair,UCXwJcQEDFrVT9Ey_DtqhQBQ,hands,phone-repair,wave1,2026-09-14
https://www.youtube.com/@zaizam_flasher,@zaizam_flasher,ZAIZAM FLASHER,8100,754,4,"Covers dead phone repair, CPU/eMMC reballing and IC replacement but also includes flashing/unlocking/FRP software content.",phone repair | emmc,UCYS5eFgD7dv9ireYIGR-_5Q,hands,phone-repair,wave1,2026-09-14
https://www.youtube.com/@zamanmobilesolutiondhaka,@zamanmobilesolutiondhaka,জামান মোবাইল সলিউশন,485,81,4,"Titles show battery removal, glass and display change across iPhone and Samsung models, real repairs.",phone repair | mobile phone repair,UCKwJfocyfp2HWv2QWlNm2hQ,hands,phone-repair,wave1,2026-09-14
https://www.youtube.com/channel/uctig1ownwwyzbybmnwua4cq,@zkteknisihp1001,ZK TEKNISI,693,57,4,"Titles show screen replacement, battery replacement and charging fixes with step-by-step framing.",servis hp,UCTIg1OwnWwyZBYBmNwUA4cQ,hands,phone-repair,wave1,2026-09-14
https://www.youtube.com/@zubbytechs,@zubbytechs,Zubby Techs,94,89,4,"Titles show screen replacement and full shot repairs on real phones, hands-on repair focus.",phone repair,UC0SzMqdNEAGSrvcpaOgoIdQ,hands,phone-repair,wave1,2026-09-14
