url,handle,name,subscribers,videos_count,score_0_5,reason,discovery_keywords,channel_id,vertical,topic,stage,scored_at,source,live_videos_count
https://www.youtube.com/@%e3%82%bf%e3%83%a9%e3%81%ae%e4%bf%ae%e7%90%86%e5%8b%95%e7%94%bb,@%E3%82%BF%E3%83%A9%E3%81%AE%E4%BF%AE%E7%90%86%E5%8B%95%E7%94%BB,タラの修理動画,2660,104,5,"Dedicated junk audio equipment repair channel (cassette decks, CD/MD players) showing real bench repairs.",电源维修,UCXa7hVoGI9TJKPDJxkkG2Rg,hands,tv-power-electronics-repair,rest1,2026-09-14,scraper,104
https://www.youtube.com/@%e4%b8%9c%e8%be%b0%e7%a7%91%e6%8a%80,@%E4%B8%9C%E8%BE%B0%E7%A7%91%E6%8A%80,东辰科技,1310,202,5,Dedicated computer power supply repair channel documenting the repair process step by step.,تعمیر منبع تغذیه | 电源维修,UC5y4zraCoUNLJ4M5Rxd698g,hands,tv-power-electronics-repair,rest1,2026-09-14,scraper,202
https://www.youtube.com/@%ec%88%98%eb%a6%ac%ea%b3%b5%eb%b0%a9,@%EC%88%98%EB%A6%AC%EA%B3%B5%EB%B0%A9,수리공방,2530,2043,5,"Vintage audio repair shop describing amplifier, tuner, cassette deck and speaker repairs with detailed hashtags showing hands-on bench work.",TV 수리,UCOkRcrbAgpCTyg8DtafqjVA,hands,tv-power-electronics-repair,rest1,2026-09-14,scraper,2043
https://www.youtube.com/@%ec%a0%84%ec%9e%90%eb%b6%80%ed%92%88,@%EC%A0%84%EC%9E%90%EB%B6%80%ED%92%88,ELEC TV,13,60,5,"Dedicated electronics repair channel with titles showing amp/radio disassembly and repair (Macintosh, EFP100, LED work).",TV 수리,UCxIBlDwHRfYsJnlDtjc-ikw,hands,tv-power-electronics-repair,rest1,2026-09-14,scraper,60
https://www.youtube.com/@76139tins,@76139tins,Tin SMPS,3720,829,5,"Dedicated SMPS and Class D amplifier repair channel specializing in professional audio brands like Crown, JBL, QSC.",sửa nguồn xung,UCBD9vS4H6VKnV3SLJ6aBq-g,hands,tv-power-electronics-repair,rest1,2026-09-14,scraper,829
https://www.youtube.com/@ali_electronic_94,@ali_electronic_94,ali_electronic_94,61,57,5,Dedicated LED TV repair shop channel covering motherboard and panel display repair services.,TV repair shop,UC73XcODn6P66LCU4eCiRH1g,hands,tv-power-electronics-repair,trial100,2026-09-14,scraper,57
https://www.youtube.com/@amanservicecenter5151,@Amanservicecenter5151,Aman service center,218,145,5,"Dedicated TV service center channel with real T-con, panel and no-power repair videos described.",T-con board repair,UCd4Hz_ynSnXvkBklz1AUOQg,hands,tv-power-electronics-repair,rest1,2026-09-14,scraper,145
https://www.youtube.com/@ampmasterlucknow,@AmpMasterLucknow,Amp Master Lucknow,240,61,5,"Dedicated amplifier and electronics repair channel with practical PCB repair, fault finding content.",reparación de amplificadores | conserto de amplificador | ремонт усилителя,UCT69mKyOylJD-cSyDEkVGvg,hands,tv-power-electronics-repair,rest1,2026-09-14,scraper,61
https://www.youtube.com/@ashoka_tech_repair,@ashoka_tech_repair,Ashoka Tech Repair ,164,182,5,"Dedicated Hindi channel for UPS, inverter, SMPS and power supply repair with step-by-step practical videos.",power supply repair,UCrh6j8WSHWrSBPRIxuOwvrg,hands,tv-power-electronics-repair,wave1,2026-09-14,scraper,182
https://www.youtube.com/@asodisplaysolutions,@asodisplaysolutions,ASO Display Solutions,57600,723,5,"Dedicated TV/monitor screen repair shop with titles showing real repairs, micro-soldering, flex/COF work.",monitor repair,UCsB8uBqIfvgWake1GHGlCmQ,hands,tv-power-electronics-repair,wave1,2026-09-14,scraper,723
https://www.youtube.com/@audioamplifierservicing,@AudioAmplifierServicing,Audio Amplifier Servicing,5320,2237,5,Dedicated audio amplifier servicing channel cataloguing repair videos by make and model.,amplifier repair,UC5xxS_WGQaMxitvq1D5G70A,hands,tv-power-electronics-repair,wave1,2026-09-14,scraper,2237
https://www.youtube.com/@ball_ball2303,@Ball_ball2303,แสงฟ้า กล้าดี,50,51,5,Thai inverter/servo drive repair channel with titles showing real fault diagnosis and repair jobs.,reparación de inversores,UCoWpEWJnDOLxZbm44YnwAMA,hands,tv-power-electronics-repair,rest1,2026-09-14,scraper,51
https://www.youtube.com/@buditeknisi8712,@buditeknisi8712,Budi Teknisi,158000,316,5,"Indonesian technician channel dedicated to CRT/LCD/LED TV repair across all brands, uploads real repair tutorials.",电视维修,UCFU-HtCWv3SVLDeRHt9adNA,hands,tv-power-electronics-repair,wave1,2026-09-14,scraper,316
https://www.youtube.com/@circuit-r9n,@Circuit-r9n,CircuitCure,137,155,5,Bengali channel dedicated to real Inverter/UPS/Battery/PCB repair videos described as practical technician content.,solar inverter repair,UCTJb_6VN9V5Y9OcPSXcmiEA,hands,tv-power-electronics-repair,rest1,2026-09-14,scraper,155
https://www.youtube.com/@consertandotv,@consertandotv,consertandotv,3150,50,5,"Dedicated LED/OLED/LCD TV repair channel showing tools and repair techniques, brand-authorized technician.",conserto de TV LED,UCGeppBCIh9XctfBCANSJanw,hands,tv-power-electronics-repair,wave1,2026-09-14,scraper,50
https://www.youtube.com/@cosmicelectronics,@CosmicElectronics,Cosmic Electronics,52200,389,5,Dedicated TV electronics channel showing practical fault-finding and PCB repair on branded and local TVs.,تعمیر تلویزیون,UCgWLNPGjue2q7hmLk2c5S-w,hands,tv-power-electronics-repair,wave1,2026-09-14,scraper,389
https://www.youtube.com/@electroelectric99533,@ElectroElectric99533,Electro Electric,1130,198,5,"Hindi channel dedicated to LED TV, power supply, SMPS, amplifier and PCB repair with practical tutorials.",power supply repair | electronics repair course | LED TV repairing Hindi,UCsNNFZO7mW5-l_hX3SS0kgg,hands,tv-power-electronics-repair,wave1,2026-09-14,scraper,198
https://www.youtube.com/@electronicacristian,@electronicacristian,ELECTRÓNICA CRISTIAN,1240,162,5,"Dedicated audio repair channel: professional power amps, consoles, vintage equipment repairs with experienced technician.",reparación de amplificadores,UC-iGL_1autHb8YBiVn2nj5Q,hands,tv-power-electronics-repair,rest1,2026-09-14,scraper,162
https://www.youtube.com/@electronics-surgeon,@Electronics-Surgeon,Electronics Surgeon,15000,153,5,"Titles show real solar inverter repair with voltage/biasing troubleshooting and IGBT work, dedicated bench channel.",electronics repairing institute,UCz6vLjuPpkRIYNOQEUvIRDw,hands,tv-power-electronics-repair,rest1,2026-09-14,scraper,153
https://www.youtube.com/@electronicssystem,@Electronicssystem,Electronics Systems Repair & Review,23300,284,5,"Repairs computer, audio system, power supply, monitor, LED/LCD TV and DVR, strong topic match.",electronics repair | power supply repair | monitor repair,UCWO9JDC3ijUFVx3JP97_Ybg,hands,tv-power-electronics-repair,wave1,2026-09-14,scraper,284
https://www.youtube.com/@elektrobilgeelectronics,@elektrobilgeelectronics,ElektroBilge | Electronic Training & Repair,7350,137,5,"Explicit real board repair of SMPS, industrial cards, TVs and vehicle electronics using multimeter/oscilloscope fault finding.",elektronik tamir,UC8Xlt66yho9f1VHJcREaCwA,hands,tv-power-electronics-repair,rest1,2026-09-14,scraper,137
https://www.youtube.com/@elrincondesolucionestv5529,@elrincondesolucionestv5529,El Rincón de Soluciones Tv,1040,52,5,Dedicated audio/video repair shop channel showing full repair processes for equipment.,conserto de TV LED,UC33XMNWv40TDhgBJZ4d1NWw,hands,tv-power-electronics-repair,wave1,2026-09-14,scraper,52
https://www.youtube.com/@eteachd,@ETeachD,الکترونیک با دانیال | ETDani,4660,117,5,Dedicated SMPS and board-level electronics repair/troubleshooting channel with clear practical repair focus.,تعمیر منبع تغذیه,UCJqYPkS9uIQCXWflrMmIYdA,hands,tv-power-electronics-repair,rest1,2026-09-14,scraper,117
https://www.youtube.com/@expert_electronics_1,@expert_electronics_1,expert electronics,93,76,5,"TV/LED/LCD repair service center listing display, motherboard and power supply repair costs and services.",TV repair shop | sửa tivi | reparación de televisores | 电视维修 | réparation télévision,UCqTnh_8pJcMh0gX6fCFs2iA,hands,tv-power-electronics-repair,wave1,2026-09-14,scraper,76
https://www.youtube.com/@fajarsmartelektro,@FajarSmartelektro,Fajar Rusdi Smartelektro,79500,287,5,"Titles show real TV repairs like backlight replacement, no-power fix, panel repair with technical detail.",servis TV LED,UCpFTwXVCpdlh1ZNei545dwA,hands,tv-power-electronics-repair,wave1,2026-09-14,scraper,287
https://www.youtube.com/@fayazrepairingcenter,@FayazRepairingCenter,𝐅𝐚𝐲𝐚𝐳 𝐑𝐞𝐩𝐚𝐢𝐫𝐢𝐧𝐠 𝐂𝐞𝐧𝐭𝐞𝐫 ,1570,67,5,"Dedicated practical repair channel for solar inverters, UPS, chargers, welding machines with real fault-based repairs.",solar inverter repair | electronics repairing institute,UCwNIJ1FryIWvhzFEho3fG7w,hands,tv-power-electronics-repair,rest1,2026-09-14,scraper,67
https://www.youtube.com/@fonteatx,@fonteatx,FonteATX,162000,374,5,Dedicated ATX power supply repair channel with courses and troubleshooting tutorials.,conserto de fonte chaveada,UC29LnaF9NL_zw6tv8UVOWlA,hands,tv-power-electronics-repair,wave1,2026-09-14,scraper,374
https://www.youtube.com/@fonteforteeuniversal,@fonteforteeuniversal,fonte forte é universal,13000,359,5,Dedicated bench channel repairing car amplifiers and switching power supplies with live diagnosis and repair.,conserto de fonte chaveada,UCDLG_m2NMiVmdQBtbVTgvSA,hands,tv-power-electronics-repair,wave1,2026-09-14,scraper,359
https://www.youtube.com/@fun.tronic,@fun.tronic,fun.tronic,4640,68,5,"Ten years specialized in board-level repair of TVs, monitors, amplifiers, mixers and audio systems.",تعمیر منبع تغذیه,UCyFI9JxOPD0lYiKguSs9UXQ,hands,tv-power-electronics-repair,rest1,2026-09-14,scraper,68
https://www.youtube.com/@jeanalaintchinda,@jeanalaintchinda,jean alain tchinda,408,56,5,"Dedicated TV repair channel diagnosing LCD/LED/CRT faults, component testing, voltage regulators and backlight issues shown practically.",réparation télévision,UCPWB4sXCSfEnMK5FVQ5idsQ,hands,tv-power-electronics-repair,wave1,2026-09-14,scraper,56
https://www.youtube.com/@jpelectronicsrepair,@JPElectronicsRepair,JP Electronics Repair,74,94,5,"Dedicated electronics repair channel covering LED TV, SMPS, PCB, inverter and amplifier practical troubleshooting videos.",LCD TV repair | power supply repair | SMPS repair | amplifier repair,UC3Gfnhg1n83Os-wIwJcYYYg,hands,tv-power-electronics-repair,wave1,2026-09-14,scraper,94
https://www.youtube.com/@kazirasel,@kazirasel,Kazi Electronics Training Institute,35400,481,5,"Dedicated LED/LCD TV repair training institute with practical courses including ACF bonding, directly matches TV bench repair topic.",electronics repair course | LED TV repair Bangla,UCZs2imcQiD_D1choQeuTFfQ,hands,tv-power-electronics-repair,wave1,2026-09-14,scraper,481
https://www.youtube.com/@kundanmanhartvrepair,@KundanManharTVRepair,Kundan Manhar LED TV Repair,1470,112,5,"Detailed Hindi description covering LED/LCD TV, SMPS, inverter, T-Con, backlight repair with practical fault-finding videos.",LED TV repair | LED TV repairing Hindi,UCVykav01aQPFxnh21wCD_8w,hands,tv-power-electronics-repair,wave1,2026-09-14,scraper,112
https://www.youtube.com/@lcdgyan,@LcdGyan,Lcd Gyan,1230,271,5,"Dedicated LCD/LED TV repairing channel with step-by-step power supply, panel and backlight repair tutorials.",TV power board repair | T-con board repair,UCQNs3OWHfPhX4i-aWNp5rnA,hands,tv-power-electronics-repair,rest1,2026-09-14,scraper,271
https://www.youtube.com/@liujianqiang1,@liujianqiang1,liujianqiang,85,82,5,"Self-taught mainboard, power supply and display maintenance course channel, directly matches topic.",电源维修,UCzglCPlQHDUmU0nDIMNJBaA,hands,tv-power-electronics-repair,rest1,2026-09-14,scraper,82
https://www.youtube.com/@meisterjambo,@meisterjambo,Meister Jambo,31100,106,5,Veteran radio/TV technician sharing decades of repair videos on old radios and televisions.,Fernseher reparieren,UCpMLyI_afhnSJ4x3ORykizg,hands,tv-power-electronics-repair,wave1,2026-09-14,scraper,106
https://www.youtube.com/@midiaeletronic,@midiaeletronic,Mídia  Eletronic,584,150,5,"Dedicated electronics repair channel with diagnostics, schematics, and step-by-step repair projects.",conserto de fonte chaveada,UCDpFzo7SwwLXQXDFsmeed9Q,hands,tv-power-electronics-repair,wave1,2026-09-14,scraper,150
https://www.youtube.com/@mikesradiorepair,@mikesradiorepair,MikesRadioRepair,35600,522,5,Dedicated vintage radio and electronics repair channel with how-to repair videos on ham/CB radios and test equipment.,electronics repair shop,UCfi5fp3qsXeqSbsLAIKU6Dw,hands,tv-power-electronics-repair,rest1,2026-09-14,scraper,522
https://www.youtube.com/@multibrandlcdtv,@Multibrandlcdtv,Multi Brand,71,69,5,"Dedicated LCD/LED/Smart TV repair channel covering backlight, panel, motherboard and power supply faults.",TV repair shop,UCE8FSEWP2fBJNEWQjfZc8Mw,hands,tv-power-electronics-repair,wave1,2026-09-14,scraper,69
https://www.youtube.com/@nanitechelectronics,@NaniTechelectronics,Nani Tech electronics,5210,131,5,"Detailed description of home theater, amplifier, inverter, IC-level repair with specific parts named",home theater amplifier repair | subwoofer amplifier repair,UCOHw_NRii9XnpGErBHsbQZg,hands,tv-power-electronics-repair,rest1,2026-09-14,scraper,131
https://www.youtube.com/@newbharatelectronics,@NewBharatElectronics,NBE Repairs,11100,252,5,Dedicated repair channel with titles showing amplifier and CRT/LED TV repair from fault to fix.,solar inverter repair | TV repair technician,UCMUx7saoviwzBBmohCIcU1A,hands,tv-power-electronics-repair,rest1,2026-09-14,scraper,252
https://www.youtube.com/@nithishelectronics,@Nithishelectronics,Nithish electronics,166,99,5,"Indian electronics service channel explicitly covering LED TV, amplifier, home theater, SMPS and CRT TV repair.",servis power supply | servis amplifier,UC3XA9YzliaHveq-Z8nw2sXQ,hands,tv-power-electronics-repair,rest1,2026-09-14,scraper,99
https://www.youtube.com/@olegvintageaudio,@OlegVintageAudio,Oleg's Vintage Audio,946,65,5,Dedicated vintage audio amplifier/receiver repair and restoration channel matching bench repair format.,home theater amplifier repair | reparación de amplificadores | conserto de amplificador | ремонт усилителя,UCTrX0H6bTJ7BM228EuZTprg,hands,tv-power-electronics-repair,rest1,2026-09-14,scraper,65
https://www.youtube.com/@pabloestevezaudio,@pabloestevezaudio,PABLO ESTEVEZ AUDIO (PABLO ESTEVEZ AUDIO),14200,214,5,Dedicated professional and home audio equipment repair and vintage restoration channel.,reparación de amplificadores,UCTZmqovAXCbQJcjIs5UJfZg,hands,tv-power-electronics-repair,rest1,2026-09-14,scraper,214
https://www.youtube.com/@pcbrepairchannel1,@PCBREPAIRCHANNEL1,PCB Repair Channel,1000,70,5,"PCB Repair Channel dedicated to LED/LCD TV panel repair, T-Con board, main board and SMPS tutorials.",LCD TV repair,UC4gzR1BdKb7DU5MXXAAINsg,hands,tv-power-electronics-repair,wave1,2026-09-14,scraper,70
https://www.youtube.com/@rattlesnakeworkshop,@rattlesnakeworkshop,RATTLESNAKE WORKSHOP,185,60,5,Named 'bringing HiFi back to life' indicates a dedicated audio amplifier/hifi repair bench channel.,amplifier repair,UCAUeCriR3MI10N2jSJ-3t3A,hands,tv-power-electronics-repair,trial100,2026-09-14,scraper,60
https://www.youtube.com/@raygianelli3612,@raygianelli3612,Ray Gianelli,7610,169,5,"Dedicated vintage audio equipment repair channel with troubleshooting, schematics and component testing shown.",amplifier repair,UCMJAqsFDjrYuXvxIheszNiw,hands,tv-power-electronics-repair,wave1,2026-09-14,scraper,169
https://www.youtube.com/@remontibp_ru,@remontibp_ru,Ремонт ИБП (remontibp_ru UPS repair),813,114,5,Dedicated component-level UPS repair shop channel in Moscow with calibration and battery replacement services described.,UPS repair,UC4jM3pFfKvMaKjJw_E0kNNw,hands,tv-power-electronics-repair,rest1,2026-09-14,scraper,114
https://www.youtube.com/@repairwithkrishna,@RepairWithKrishna,Repair With Krishna,32,53,5,"Practical bench channel covering TV, sound system, amplifier, speaker, power supply and PCB level repair videos.",power supply repair,UCajrSYYktvZaGnf_aAHDypw,hands,tv-power-electronics-repair,wave1,2026-09-14,scraper,53
https://www.youtube.com/@saifulelec,@SaifulElec,Saiful Elec,5570,273,5,"Dedicated LED/LCD TV repair channel with T-CON board, power supply and display panel repair tutorials weekly.",LCD TV repair,UC-TNFoTumeUD_L70EgXSAoA,hands,tv-power-electronics-repair,wave1,2026-09-14,scraper,273
https://www.youtube.com/@samitechacadmey,@SamiTechAcadmey,Sami Tech Acadmemy,2010,317,5,"Technician channel dedicated to CRT/LED TV, SMPS, T-con repair with real workshop cases and multimeter training.",electronics repair course,UC3vCQPhVFp_TpeEkHmHTYxA,hands,tv-power-electronics-repair,wave1,2026-09-14,scraper,317
https://www.youtube.com/@serviceabal-abal,@serviceabal-abal,service elektronik arrasyd,2560,112,5,"Dedicated electronics repair tutorial channel covering amplifiers, power supplies, mixers with clear repair-format descriptions.",servis amplifier,UCc4x_BF8Yl76WIAXDhaoLvQ,hands,tv-power-electronics-repair,rest1,2026-09-14,scraper,112
https://www.youtube.com/@solucioneselectronicasddj,@SolucionesElectronicasDDJ,Soluciones Electronicas DDJ,10700,447,5,Dedicated channel sharing real practical cases of component-level electronic board repair for technicians.,T-con board repair,UChchefPQJ4dxMpaSQTkbMAg,hands,tv-power-electronics-repair,rest1,2026-09-14,scraper,447
https://www.youtube.com/@sparetimerepair,@SpareTimeRepair,Spare Time Repair,31700,120,5,Vintage audio equipment repair and restoration channel with titles showing specific hi-fi device repairs.,amplifier repair,UCWG_ATaPdsW1Pl_ibH3hbAg,hands,tv-power-electronics-repair,wave1,2026-09-14,scraper,120
https://www.youtube.com/@sparkey1958,@sparkey1958,sparkey1958,576,262,5,Dedicated vintage valve amplifier restoration and repair service channel for jukeboxes and record players.,servis amplifier,UCKhdxA53bPRAQS27awiGCDQ,hands,tv-power-electronics-repair,rest1,2026-09-14,scraper,262
https://www.youtube.com/@stanly147,@STANLY147,Tech Records by Stanly,2570,59,5,"Dedicated electronics servicing channel explicitly repairing TVs, amplifiers and home theaters with hands-on troubleshooting.",UPS repair,UCbM-7MsVc8uc_TV0SA6AI7Q,hands,tv-power-electronics-repair,rest1,2026-09-14,scraper,59
https://www.youtube.com/@stuartukguitarampguy5830,@stuartukguitarampguy5830,Stuart ukguitarampguy,13700,189,5,Dedicated guitar amplifier repair and servicing channel with 2000+ repairs and instructional video format.,amplifier repair,UCg6XzUHy7isIladDkq9yL_A,hands,tv-power-electronics-repair,wave1,2026-09-14,scraper,189
https://www.youtube.com/@techmanish9798,@Techmanish9798,My technical channel,2160,372,5,"Dedicated technician channel repairing CRT/LCD/LED monitors, SMPS, amplifiers, home theatre and TVs at chip level.",monitor repair,UCkZZvC_a3_oZzd7F6LFASfQ,hands,tv-power-electronics-repair,wave1,2026-09-14,scraper,372
https://www.youtube.com/@technologyenterprises,@TechnologyEnterprises,Technology Enterprises,1280,129,5,"Dedicated tube amp repair channel with real teardowns, troubleshooting walkthroughs and schematics.",amplifier repair,UCrqLCAgwc8MV1PS2yslNWLw,hands,tv-power-electronics-repair,wave1,2026-09-14,scraper,129
https://www.youtube.com/@theguitaramptech,@theguitaramptech,The Guitar Amp Tech,6640,116,5,Dedicated guitar amp repair technician channel restoring vintage valve and solid-state amplifiers professionally.,amplifier repair,UCCQXXkc6Yastz4b9cafM1Fg,hands,tv-power-electronics-repair,wave1,2026-09-14,scraper,116
https://www.youtube.com/@tiagoeletronica10,@Tiagoeletronica10,Tiago eletrônica,28800,123,5,"Repair channel showing daily electronics fixes, oscilloscope use, TV/LCD/LED and amplifier repairs.",conserto de fonte chaveada,UCiuucAZoDbgOvDITcHdpavw,hands,tv-power-electronics-repair,wave1,2026-09-14,scraper,123
https://www.youtube.com/@vidikon,@vidikon,TELESERVIS — Ремонт телевизоров в Николаеве,5660,160,5,"Authorized TV service center channel explicitly showing component-level mainboard and power supply repair, chip testing.",ремонт телевизоров | ремонт блоков питания,UCjeNpm0mxRqYotfejOWnAAA,hands,tv-power-electronics-repair,wave1,2026-09-14,scraper,160
https://www.youtube.com/@vintageaudioaddict,@vintageaudioaddict,Vintage Audio Addict,143000,137,5,"Vintage audio equipment channel dedicated to repair, restoration and testing of amplifiers and receivers.",amplifier repair,UCm14X9x-C9fgwF3TmpjZLxA,hands,tv-power-electronics-repair,wave1,2026-09-14,scraper,137
https://www.youtube.com/@voltagedetail,@VoltageDetail,Voltage Detail,66,83,5,"Dedicated to LCD/LED/Smart TV motherboard repair, voltage analysis and fault-finding with practical demonstrations.",power supply repair,UC9fake_FWgOQWviU1sgTdkg,hands,tv-power-electronics-repair,wave1,2026-09-14,scraper,83
https://www.youtube.com/@voltkingbd,@VOLTKINGBD,VOLT KING BD,70,58,5,"Bangla channel dedicated to solar inverter, MOSFET, IGBT, SMPS and BMS repair with step-by-step practical tutorials.",solar inverter repair,UCxDOQZ9uJdpUufiEoKm8WDw,hands,tv-power-electronics-repair,rest1,2026-09-14,scraper,58
https://www.youtube.com/@vrs-sthlm,@VRS-STHLM,VRS – Ремонт аудио в домашней мастерской,16500,79,5,"Dedicated vintage audio repair channel with real repairs of amplifiers, receivers, tape decks shown from diagnosis to measurement.",servis amplifier | ремонт усилителя,UCDkeoT8WL5Zm7JNckqTZZgQ,hands,tv-power-electronics-repair,rest1,2026-09-14,scraper,79
https://www.youtube.com/@abdoelectro37,@abdoelectro37,Abdo Electro,14100,513,5,"Description explicitly covers LCD/LED TV repair, panel repair, T-con board, main board work.",réparation télévision,UCNJGjDEsqJHEP07J4r7yzRw,hands,tv-power-electronics-repair,wave1,2026-09-14,both,513
https://www.youtube.com/@arunkumarmauryaelectronic,@ArunkumarMauryaelectronic,Arunkumar Maurya,141000,444,5,Electronics repair channel focused on LCD/LED/CRT TV repairing course and motherboard repair.,TV repair | TV repairing | LED TV repair | 电视维修,UC_XXVJlAJh2-O0ooGSoVIpA,hands,tv-power-electronics-repair,trial100,2026-09-14,both,444
https://www.youtube.com/@audio_repair_lib,@audio_repair_lib,Corosuke's Vintage Junk Audio Library & Repair,3070,58,5,Vintage junk audio repair library channel showing simple amplifier repair and sound comparisons.,audio repair | 电源维修,UCtiFADFOIigfYPlEWlqKv_Q,hands,tv-power-electronics-repair,rest1,2026-09-14,both,58
https://www.youtube.com/@bigdog8882,@bigdog8882,BigDog8882,53900,175,5,Dedicated TV repair and electronics troubleshooting channel aimed at teaching beginners bench skills.,TV repair | electronics repair | LED TV repair,UCJgwN6scJYMGYJ4UXq6AXdg,hands,tv-power-electronics-repair,wave1,2026-09-14,both,175
https://www.youtube.com/@bombasstechaudioelectronic1492,@bombasstechaudioelectronic1492,"Bombasstech, Audio electronics",13500,571,5,"Dedicated audio amplifier repair, upgrade and modification tutorial channel, core fit for topic.",amplifier repair | electronics repair,UCeDLvNnuFrxp9h30mb_xyvw,hands,tv-power-electronics-repair,trial100,2026-09-14,both,571
https://www.youtube.com/@cicapoficial,@cicapoficial,Cicap Oficial,139000,311,5,"Training channel explicitly covering LED TV repair (Main, T-Con, Panel), power supplies and audio amplifiers with practical cases.",reparación de fuentes de poder | reparación electrónica,UC0CAbzwwlj25HUwyEXg0FwQ,hands,tv-power-electronics-repair,wave1,2026-09-14,both,311
https://www.youtube.com/@coppelltvrepair,@coppelltvrepair,Coppell TV Repair LLC,7910,1061,5,Business channel explicitly showing board repair videos for LCD/LED/OLED/plasma TVs with DIY troubleshooting.,TV repair | LED TV repair | LCD TV repair | power supply repair,UC8vSdZc1-eg57UOXhK-Nvcw,hands,tv-power-electronics-repair,wave1,2026-09-14,both,1061
https://www.youtube.com/channel/ucphibx7iytw5qm1s5c9lzvw,@devtechnical2101,Dev Technical,330,104,5,Titles show detailed panel-level LCD/LED TV repair with specific panel model numbers and defect fixes.,TV repair | LCD TV repair,UCpHibX7iytW5Qm1S5C9lZVw,hands,tv-power-electronics-repair,trial100,2026-09-14,both,143
https://www.youtube.com/@domovoi_kyzya,@domovoi_kyzya,Домовой,50600,399,5,"Dedicated step-by-step ATX/game PSU, microwave, TV and monitor repair channel with clear fault diagnosis descriptions.",ремонт электроники | ремонт телевизоров | ремонт блоков питания,UCgEzy1L41LvJV9MGDQfPFMw,hands,tv-power-electronics-repair,wave1,2026-09-14,both,399
https://www.youtube.com/@dtfixlad,@Dtfixlad,DT Fix Lad,668,192,5,"Real-world fixes for circuit boards, speakers, receivers and power supply no-power/no-sound repairs shown step-by-step.",electronics repair | power supply repair,UCrzJIi8N37Y3zRg0FaLlr4g,hands,tv-power-electronics-repair,wave1,2026-09-14,both,196
https://www.youtube.com/@elcanaldelassesicones,@ElCanaldelasSesicones,EL CANAL DE LAS SESIONES,7720,111,5,"Dedicated TV repair channel with detailed step-by-step titles on flyback, voltage faults and IC replacement.",reparación de televisores | reparación electrónica,UCidEhjnNonqVIhUORC3_HtQ,hands,tv-power-electronics-repair,trial100,2026-09-14,both,111
https://www.youtube.com/@electro_repair_stuff,@Electro_Repair_stuff,Electro Repair Stuff,149,50,5,Dedicated TV repair channel with detailed backlight replacement and full repair videos on named TV models.,electronic repair | power supply repair | monitor repair | 电视维修,UCcQzu9R8YZLYg0D_WEPoNXg,hands,tv-power-electronics-repair,wave1,2026-09-14,both,85
https://www.youtube.com/@electrodea4249,@electrodea4249,Electrodea,7100,110,5,"Dedicated LED TV repair channel covering panel, motherboard, power supply and backlight troubleshooting.",electronics repair | electronics repairing | TV repair | TV repairing | LED TV repair,UCLaSAXp39tp6w6YJcLhYxaw,hands,tv-power-electronics-repair,wave1,2026-09-14,both,110
https://www.youtube.com/@electronicsku1663,@electronicsku1663,Electronics (K)U,352,74,5,"Titles show clear TV repair jobs (Samsung, MI, Sansui, LG) with specific fault diagnosis and fixes shown.",electronics repair | electronics repairing | reparación de televisores | réparation télévision,UCY8bkIRs-y270PmgeHpAYIA,hands,tv-power-electronics-repair,wave1,2026-09-14,both,74
https://www.youtube.com/@fixtv-saeid,@FixTV-Saeid,Fix TV Saeid,685,134,5,Dedicated Persian TV repair channel with titles showing specific Sony TV fault repairs like red screen issues.,تعمیر تلویزیون,UCv68Qrjqp7IEME4EeA-HoqA,hands,tv-power-electronics-repair,wave1,2026-09-14,both,118
https://www.youtube.com/@hamradiotag,@HamRadioTag,HamRadio Tag,154000,654,5,"Dedicated bench repair channel covering TVs, monitors, power supplies, audio and fault-finding techniques.",ремонт телевизоров | ремонт блоков питания,UCmQUDxog9xOQEN6d9ATkXAQ,hands,tv-power-electronics-repair,wave1,2026-09-14,both,654
https://www.youtube.com/@jahidelectronicslab,@jahidelectronicslab,Jahid Electronics Lab,1990,129,5,"Dedicated electronics repair lab covering LED/LCD TV, SMPS, AC PCB, fridge PCB, UPS practical repairs.",electronics repair | TV repair | power supply repair | LED TV repair Bangla,UC3Wa8_QDYABnxFPwLihcreA,hands,tv-power-electronics-repair,wave1,2026-09-14,both,129
https://www.youtube.com/channel/uctyezy_ijxx1epepkhniwxq,@jeenpowersolutionspvtltd1983,JEEN POWER ,892,109,5,"Dedicated UPS/inverter component-level repair channel with real fault diagnosis, IGBT/MOSFET/SMPS troubleshooting titles.",electronics technician | power supply repair,UCTYEzy_Ijxx1epEpkhNIwxQ,hands,tv-power-electronics-repair,wave1,2026-09-14,both,301
https://www.youtube.com/@jupriselektronik4017,@jupriselektronik4017,Jupri S Elektronik,47800,792,5,Dedicated daily TV LED/LCD/plasma repair channel documenting real fault diagnosis and fixes.,servis TV | servis TV LED,UCQiRoHLvHpeG3-hAexCUg8Q,hands,tv-power-electronics-repair,wave1,2026-09-14,both,792
https://www.youtube.com/@kythuatphanmem,@kythuatphanmem,kythuatphanmem,450,56,5,"TV repair channel with titles showing T-con board flex fixes, firmware flashing and board-level troubleshooting on real TVs.",sửa tivi,UCHAoHkOIprRseopD59IvLFQ,hands,tv-power-electronics-repair,trial100,2026-09-14,both,59
https://www.youtube.com/@ledlcdtvrepair,@LEDLCDTVREPAIR,LED LCD TV REPAIR,9450,127,5,"Dedicated LED/LCD TV repair channel with step-by-step fault finding, power supply, T-con voltage and panel troubleshooting content.",TV repair | LED TV repair | LCD TV repair | power supply repair,UCSKtUaspkyunj9uihULq9VQ,hands,tv-power-electronics-repair,wave1,2026-09-14,both,127
https://www.youtube.com/@ledtvservicingcentre7282,@ledtvservicingcentre7282,Led tv servicing Centre,495,82,5,"Dedicated LED/LCD TV repair channel with panel, T-con and backlight fix tutorials shown step by step.",TV repair | LED TV repair | power supply repair | monitor repair | LED TV repair Bangla,UCFtOYX-j6mhtnHuDwCFfzUQ,hands,tv-power-electronics-repair,wave1,2026-09-14,both,110
https://www.youtube.com/@longbui98,@longbui98,Long Bùi - sửa inverter,147,73,5,Dedicated solar inverter and electronics repair channel with contact info for repair services.,electronics repair | inverter repair,UCeXcb96dRI7S6viNM770aaA,hands,tv-power-electronics-repair,wave1,2026-09-14,both,85
https://www.youtube.com/@m.k.pelectronic2.0,@M.K.PELECTRONIC2.0,M.K.P ELECTRONIC ,747,128,5,Titles show real LED TV panel/PCB repair jobs with no-picture and line fault diagnosis.,TV repair | LED TV repair | LED TV repairing Hindi,UC3KDNx3sKRRnmoglBCN6vXQ,hands,tv-power-electronics-repair,wave1,2026-09-14,both,225
https://www.youtube.com/@maihoavuongvungtv,@maihoavuongvungtv,MAI HÒA VƯƠNG VỮNG TV,429,304,5,"Titles show real TV repair jobs across multiple brands with symptoms described, strong bench repair evidence.",sửa tivi,UCH-FO1V4-4TZpRPYVvcFXcw,hands,tv-power-electronics-repair,wave1,2026-09-14,both,304
https://www.youtube.com/@miansound-u7p,@miansound-u7p,miansound,36,52,5,"Description explicitly details T-con board repairs, backlight replacement, capacitor and soldering work at component level.",T-con | capacitor replacement | T-con board repair,UCTRlDSj9e9Ucs7Jb-QPH3HA,hands,tv-power-electronics-repair,rest1,2026-09-14,both,52
https://www.youtube.com/@minglanillagadgetrepairele1330,@minglanillagadgetrepairele1330,Minglanilla Gadget Repair & Electronics,216,53,5,Dedicated gadget and TV repair channel showing backlight and inverter board fixes on multiple TV brands.,electronics repair,UCWlBHh-HaVjNGMtoRIT46xg,hands,tv-power-electronics-repair,wave1,2026-09-14,both,53
https://www.youtube.com/@mrrepairinglabb,@MRREPAIRINGLABB,Mr Repairing Lab,805,219,5,"Dedicated SMPS repair channel with practical monitor SMPS repair, transformer connections, theory plus practice.",electronics repair | electronics repairing | SMPS repair,UCOG-RLz70mX2_dcc8kn0ytw,hands,tv-power-electronics-repair,wave1,2026-09-14,both,335
https://www.youtube.com/@navneetdjrepairing,@navneetdjrepairing,Navneet DJ Repairing,47700,656,5,"Dedicated DJ/audio amplifier repair channel covering mosfet, transistor, power amp and SMPS repair hashtags.",SMPS repair | amplifier repair | electronic repairing,UCVFg8vj60VcIo3cPbhEZF2w,hands,tv-power-electronics-repair,wave1,2026-09-14,both,656
https://www.youtube.com/@nickstvrepair,@NicksTVRepair,Nick's TV Repair,34000,350,5,Advanced TV repair channel explicitly focused on technical board-level repair education.,TV repair | electronics repair | power supply repair | تعمیر تلویزیون,UCXVNuLhnDxoYyfF2nvSS3mg,hands,tv-power-electronics-repair,wave1,2026-09-14,both,351
https://www.youtube.com/@oriontvrepair,@oriontvrepair,Orion Tv repair,708,73,5,"CRT/LED TV, DTH power supply and inverter repair titles show real bench troubleshooting step by step.",TV repair | LED TV repairing Hindi,UCzlMWIGQWlN5C9GcIHHNSRQ,hands,tv-power-electronics-repair,wave1,2026-09-14,both,73
https://www.youtube.com/@plasmatvtrainer_yogeshsinghal,@PlasmaTvTrainer_YogeshSinghal,Plasma Tv Trainer: Yogesh Singhal,11400,110,5,"Dedicated Plasma TV trainer with live training on Y/Z board, buffer board, power supply repair.",TV repair,UC4OQkWPIPQ_Sy7EAkSIDXZQ,hands,tv-power-electronics-repair,wave1,2026-09-14,both,110
https://www.youtube.com/@rahulsirji5050,@Rahulsirji5050,Rahul led bulb India,2260,935,5,"Dedicated DJ speaker, amplifier and power supply repair channel with hands-on service focus.",electronics repair | power supply repair | SMPS repair | amplifier repair,UC4WWQS9tAsiMIymdh4i-Q4Q,hands,tv-power-electronics-repair,wave1,2026-09-14,both,936
https://www.youtube.com/@rameshservicecenter,@RameshServiceCenter,Ramesh Service Center,28200,376,5,"Dedicated TV service center channel covering panel faults, backlight repair, motherboard and T-con troubleshooting.",television repair | TV repair | LED TV repair,UC9VGAB4wUAHg3cKPluYrLfg,hands,tv-power-electronics-repair,trial100,2026-09-14,both,376
https://www.youtube.com/@refixindia,@refixindia,Refix India,95400,1435,5,"Dedicated LED TV and inverter AC PCB repair training institute with chip-level, SMPS and panel fault content.",electronics repair | TV repair | TV repairing | LED TV repair | electronics repair course | 电视维修,UCBrDnocT78v2gqt6HO77Ohg,hands,tv-power-electronics-repair,wave1,2026-09-14,both,1435
https://www.youtube.com/@restorationtv4078,@restorationtv4078,Tech Repair Guy,406,111,5,"Dedicated TV repair channel with full repair videos of LED TVs, Samsung/LG, showing real bench work.",electronics repair,UCWfclYEDSFXTH7WVABi0s8Q,hands,tv-power-electronics-repair,wave1,2026-09-14,both,882
https://www.youtube.com/@retroelectrotech,@retroelectrotech,Retro Electro Tech - Vintage Audio Restoration ,3390,248,5,Vintage audio repair and restoration channel run by an experienced electronics technician.,audio repair | electronics technician workshop,UCksXvDmAjJiDx1NfSebwnAg,hands,tv-power-electronics-repair,rest1,2026-09-14,both,248
https://www.youtube.com/@serrerelektromekanik,@serrerelektromekanik,serrerelektromekanik,245,130,5,"Professional electronics repair channel explicitly covering SMPS, T-con, motherboard and LED TV panel repairs.",LED TV tamiri,UCPI8AdCFbTpDm3eQ2N4lKCg,hands,tv-power-electronics-repair,wave1,2026-09-14,both,130
https://www.youtube.com/@servistvtabung2909,@servistvtabung2909,Servis TV Tabung Indonesia,5400,54,5,"Dedicated CRT TV repair channel covering flyback replacement, protect circuit faults and voltage analysis for technicians.",servis TV | servis TV LED | 电视维修,UCjTWBdT1LMKJhENyCxFVmRg,hands,tv-power-electronics-repair,wave1,2026-09-14,both,54
https://www.youtube.com/@sfelectronicslab,@SFElectronicsLab,SF Electronics Lab,5680,103,5,"Hindi LED TV repair channel with panel, backlight, power supply and T-CON board practical repair content.",T-con | T-con board repair,UCQOMufk7wcfsWnHKtt4fNdw,hands,tv-power-electronics-repair,rest1,2026-09-14,both,103
https://www.youtube.com/@shohag0091,@shohag0091,Voltage Mama,504,133,5,Dedicated Bengali LED TV repair channel with titles showing live power/no-display/motherboard fault diagnosis and fixes.,electronics repair | TV repair | LED TV repair | LED TV repair Bangla,UCJcQ_06FVVIzR_r5szYQpXg,hands,tv-power-electronics-repair,trial100,2026-09-14,both,282
https://www.youtube.com/@smpsrepair8124,@smpsrepair8124,SMPS Repair,410,255,5,Dedicated SMPS/inverter/power supply repair tutorials in Urdu/Hindi covering car amplifiers and solar systems.,electronics repair | electronic repair | electronics repairing | electronic repairing | SMPS repair | power supply repair,UC8B_YeFcce__IAEwmwKmhZg,hands,tv-power-electronics-repair,wave1,2026-09-14,both,271
https://www.youtube.com/@sontung1101,@Sontung1101,Điện Tử Sơn Tùng,25,58,5,"Titles show amplifier/power amp repairs (no sound, blown channel) matching audio electronics bench repair precisely.",sửa chữa điện tử,UCYNnkTK2Ji-oKRxw0AQTTPg,hands,tv-power-electronics-repair,wave1,2026-09-14,both,110
https://www.youtube.com/@staspol-tv,@staspol-tv,StasPol - TV repair,4090,228,5,"Dedicated TV repair channel covering plasma/LCD/LED faults, power supplies, T-CON troubleshooting with technical detail.",sửa tivi | reparación de televisores | ремонт телевизоров | ซ่อมทีวี | تعمیر تلویزیون | 电视维修,UCAi6O3sw7FWYSR-3ohKNpcw,hands,tv-power-electronics-repair,wave1,2026-09-14,both,228
https://www.youtube.com/@trconsumersolutions,@TRconsumersolutions,TV Panel Repair Centre ,85,59,5,"Dedicated TV panel repair centre with titles showing vertical line, COF bonding and backlight repair work",power supply repair,UCfU9ANgIALaKTC7Jj_7_lXg,hands,tv-power-electronics-repair,wave1,2026-09-14,both,64
https://www.youtube.com/@tvpartscompany8197,@tvpartscompany8197,TV parts company,246,83,5,Titles list specific Samsung TV board part numbers with no-power/no-picture repair diagnostics.,TV repair,UCtLYuyC20405PAbfjdINYjg,hands,tv-power-electronics-repair,wave1,2026-09-14,both,83
https://www.youtube.com/@umarelectrorepairing,@UmarElectroRepairing,Umar Electro Repairing,3890,111,5,Channel dedicated to teaching LED/CRT TV repair with dead-set diagnostics in Urdu.,TV repair | LED TV repair | LCD TV repair | LED TV repairing Hindi | LED TV repairing Urdu,UCMSkDWESUr1DHsjyYl51fhw,hands,tv-power-electronics-repair,wave1,2026-09-14,both,112
https://www.youtube.com/@user-bobra31,@user-BOBra31,Владимир Худяшов,871,51,5,"Titles show T-con repair, LCD backlight issues, TV and audio equipment repairs on specific models.",ремонт электроники | ремонт телевизоров,UCfgauhaKdW5UaCnN8z_eKuQ,hands,tv-power-electronics-repair,wave1,2026-09-14,both,51
https://www.youtube.com/@valerii-lyakhov,@Valerii-Lyakhov,Valerii Lyahov,7430,446,5,"Dedicated TV repair channel, 90% of content on television repair including vintage lamp TVs, hands-on bench work.",electronics repair | TV repair | ремонт телевизоров,UCx-1_jw4XiJRnFgWXIryPjA,hands,tv-power-electronics-repair,wave1,2026-09-14,both,446
https://www.youtube.com/@vlogaudio24.7,@VlogAudio24.7, Vlog audio 247,6170,614,5,"Vietnamese audio electronics repair channel with detailed tutorials on amplifiers, speakers, and Power IC replacement.",electronics repair,UCckFXrDWJlCyr3kXa3lgr5A,hands,tv-power-electronics-repair,wave1,2026-09-14,both,614
https://www.youtube.com/@xraytonyb,@xraytonyb,XrayTonyB,57200,650,5,Dedicated vintage electronics repair channel focusing on component-level stereo/amplifier/radio troubleshooting and repair.,electronics repair,UChTN8got77QeKPFRmTJ0teg,hands,tv-power-electronics-repair,wave1,2026-09-14,both,650
https://www.youtube.com/@zeetselectronic,@ZEETSELECTRONIC,ZEETS ELECTRONIC ,3060,105,5,"Dedicated electronics repair channel covering LED/LCD/CRT TV, home theatre, amplifier and inverter practical videos.",TV repair | TV repairing | amplifier repair,UCDrUPsTuyjjC44HIb_x1z4g,hands,tv-power-electronics-repair,wave1,2026-09-14,both,105
https://www.youtube.com/@zmelectronicsandinstitute,@ZMELECTRONICSANDINSTITUTE,ZM ELECTRONICS AND INSTITUTE,15900,171,5,Dedicated LCD/LED TV repair training institute channel with practical repairing videos and trainer background,TV repair | TV repairing | LED TV repair | LED TV repairing Hindi,UCx1ZHfyrNYJO-8sL12BZudA,hands,tv-power-electronics-repair,wave1,2026-09-14,both,171
https://www.youtube.com/@agus_electronic,@AGUS_electronic,AGUS electronic,4910,183,5,"Dedicated TV and power amplifier repair channel covering multiple brands, indicating consistent bench repair content.",TV repair | amplifier repair,UCPGYyd5dOCtA3N-DTL6leWw,hands,tv-power-electronics-repair,wave1,2026-09-14,filter,183
https://www.youtube.com/@allrepairingtech,@allrepairingtech,all repairing tech,343,130,5,"LED TV, home theatre, amplifier and circuit board repair videos shown step by step.",electronics repair | electronics repairing | TV repair | LED TV repair | amplifier repair,UC-n6eWPIMcivc1wtZEjao0Q,hands,tv-power-electronics-repair,wave1,2026-09-14,filter,242
https://www.youtube.com/@cyborg97oficial,@cyborg97Oficial,cyborg 97,3480,190,5,"Dedicated vintage electronics restoration channel covering CRT TVs, amplifiers, and troubleshooting with oscilloscope testing.",electronics repair | amplifier repair,UC1cvNN3B5326uLUr0HjtBTA,hands,tv-power-electronics-repair,wave1,2026-09-14,filter,190
https://www.youtube.com/@elektronikkampung,@ELEKTRONIKKAMPUNG,Elektronik Kampung,456,117,5,"Titles show real TV repair jobs (Polytron, Samsung) with fault diagnosis and fixes, dedicated repair bench channel.",electronic repair,UC_Sx8hA_h6YUBMpGXqfXbiQ,hands,tv-power-electronics-repair,wave1,2026-09-14,filter,130
https://www.youtube.com/@eletr%c3%b4nicaramos2009,@Eletr%C3%B4nicaRamos2009,claudio ramos,176,61,5,"Bench technician videos showing T-CON removal, VGH programming and display repair with real titles.",conserto de TV,UCkjGe8RA_FfuNzHLT0KyADQ,hands,tv-power-electronics-repair,wave1,2026-09-14,filter,78
https://www.youtube.com/@eltransformadorjl,@EltransformadorJL,Jesus Lopez,189000,140,5,"Dedicated channel on plasma/LCD/LED TV repair with specific fault diagnostics like dark screen, no power.",reparación de televisores,UCGjBVPzq5xDwZfNHM1GnUJQ,hands,tv-power-electronics-repair,trial100,2026-09-14,filter,140
https://www.youtube.com/@fidodidotech2789,@fidodidotech2789,FIDODIDO TECH,5530,342,5,"Dedicated power amplifier repair and load test channel, fits bench audio electronics repair.",amplifier repair,UCqb7dZRBOlHW0l4oqP7ehzQ,hands,tv-power-electronics-repair,wave1,2026-09-14,filter,342
https://www.youtube.com/@gatotteknisi8963,@gatotteknisi8963,GATOT TEKNISI,618,78,5,"Dedicated LED/LCD/plasma TV repair channel with titles showing bonding, IC replacement and panel fixes.",servis TV,UCGgUweZCe4GNkV-9LgozU8g,hands,tv-power-electronics-repair,wave1,2026-09-14,filter,105
https://www.youtube.com/@jovittechph,@JovitTechPH,Astillero Aircon & Refrigeration Services,3200,208,5,"Dedicated real-footage repair channel for LED/CRT TVs, amplifiers and bluetooth speakers, unedited bench work.",electronics repair,UCU2Nw8mKoOmEZu6w7HRMfoA,hands,tv-power-electronics-repair,wave1,2026-09-14,filter,208
https://www.youtube.com/@kawsarelectronicschannel1147,@kawsarelectronicschannel1147,KAWSAR.electronics.led.tv.repairing.santar.1147,703,113,5,"Dedicated LED/LCD/CRT TV repair channel with detailed step-by-step titles on panel repair, backlight and switching IC fixes.",TV repair | TV repairing,UC7CKlo88Gnsx7tanNCvfUBA,hands,tv-power-electronics-repair,wave1,2026-09-14,filter,113
https://www.youtube.com/@mistuelectronic7090,@mistuelectronic7090,MISTU ELECTRONIC,672,68,5,Dedicated audio amplifier repair channel with titles showing wattage-specific board-level repairs and SMPS work.,amplifier repair,UCvE30I5as_wFX6Vd2edjgRg,hands,tv-power-electronics-repair,wave1,2026-09-14,filter,68
https://www.youtube.com/@mt.ups_zone,@MT.UPS_Zone,MT.UPS_Zone,141,68,5,"UPS repair bench channel with titles showing rectifier/output section repairs across multiple brands, clear practical work.",UPS repair,UCFW5wBHNs7je-tkXphWCWog,hands,tv-power-electronics-repair,rest1,2026-09-14,filter,69
https://www.youtube.com/@power_power89,@power_power89,Prime power,137,86,5,Dedicated power electronics repair channel with step-by-step inverter PCB and drive signal fault repairs.,electronics repair,UCqVvQAEzsGxf18DpX0vWkuw,hands,tv-power-electronics-repair,wave1,2026-09-14,filter,103
https://www.youtube.com/@sanyoelectronics,@SanyoElectronics,Sanyo Electronics ,318,252,5,Dedicated channel covering LCD/LED TV backlight and power supply repair plus woofer/amplifier repair with practical tutorials.,electronics repair | electronics repairing | TV repair | TV repairing | LED TV repair,UC4DkDP2A42r3FoHwyhXppKA,hands,tv-power-electronics-repair,wave1,2026-09-14,filter,252
https://www.youtube.com/@serwis-elektroniki,@Serwis-Elektroniki,Electronics Service Bartosz Mężyński,29500,1455,5,"Professional audio-video and consumer electronics repair channel with 30 years experience, tester reviews.",electronics repair,UC5-1ZxPeyNSqi6qrT49vceQ,hands,tv-power-electronics-repair,wave1,2026-09-14,filter,1455
https://www.youtube.com/@skb9398,@skb9398,TECH SYSTEMS,50,104,5,"Inverter/UPS repair center with titles showing brand-specific inverter repairs (Genus, Microtek, Hyundai).",UPS repair,UCxDx5DZiqxz3d20BiDDLAWg,hands,tv-power-electronics-repair,rest1,2026-09-14,filter,104
https://www.youtube.com/@sonhaelectronic2073,@sonhaelectronic2073,sonha electronic,5000,334,5,Dedicated CRT TV repair channel covering faults and repair techniques for color/CRT TVs on bench.,electronics repair | electronic repair | electronics repairing | electronic repairing | TV repair | TV repairing,UCSJP1u8zJBAuDkG2sCd5Njw,hands,tv-power-electronics-repair,wave1,2026-09-14,filter,334
https://www.youtube.com/@sonuladuna,@SonuLaduna,Sonu Laduna,8650,2142,5,"Dedicated amplifier, power amp, MOSFET, SMPS and DJ sound system repair channel with strong hashtag topic list.",electronics repair | amplifier repair,UCWmnKK248yuzY7PeANzXsWA,hands,tv-power-electronics-repair,wave1,2026-09-14,filter,2142
https://www.youtube.com/@star.manupandey,@star.manupandey,Pandey Electronics Bathna,3170,258,5,"Dedicated amplifier, speaker and stabilizer repair channel with live fault-finding and practical repair videos.",electronics repair | amplifier repair,UCZR3FNjw9AQwrlg0l6P9Jig,hands,tv-power-electronics-repair,wave1,2026-09-14,filter,258
https://www.youtube.com/@thalitamaharani6542,@thalitamaharani6542,THALITA MAHARANI,400,236,5,TV repair shop channel with clear titles showing power supply and panel fault diagnosis on real units.,servis TV,UCgnesT8pfZKOj0NEsMleC0g,hands,tv-power-electronics-repair,wave1,2026-09-14,filter,236
https://www.youtube.com/@vintageaudiofan,@VintageAudioFan,Vintage Audio Fan,4640,161,5,Dedicated vintage audio DIY repair channel sharing techniques for solving audio electronics issues.,audio repair,UCF6F1Dqkni-WmnkUpX49nIA,hands,tv-power-electronics-repair,rest1,2026-09-14,filter,161
https://www.youtube.com/@whitewolf-2000,@WhiteWolf-2000,Ремонт аудиотехники в т.ч. пр-ва СССР,363,92,5,"Dedicated retro audio/TV repair channel with titles showing tape decks, amplifiers, receivers being fixed.",ремонт электроники,UCtM4P7YdeVQyD8w3jx9-baw,hands,tv-power-electronics-repair,wave1,2026-09-14,filter,92
https://www.youtube.com/@yashelektronic,@YashElektronic,Yash Elektronics,221,96,5,Dedicated audio repair shop with titles showing full amplifier and mixer repair/service/testing sessions.,amplifier repair,UCOXkWbn4lJq27zEXduyCQ5A,hands,tv-power-electronics-repair,wave1,2026-09-14,filter,218
https://www.youtube.com/channel/uceteftsdssckvz0frgm9n1a,@ZykroTech,Zykro Tech,152,57,5,Dedicated amplifier repair channel with specific Class D/TD board repair titles showing real bench work.,amplifier repair,UCETEFtSdSSCKvz0fRGm9N1A,hands,tv-power-electronics-repair,trial100,2026-09-14,filter,70
https://www.youtube.com/@%d0%90%d0%bb%d0%b5%d0%ba%d1%81%d0%b5%d0%b9%d0%ae%d1%80%d1%8c%d0%b5%d0%b2%d0%b8%d1%87-%d0%b19%d1%8c,@%D0%90%D0%BB%D0%B5%D0%BA%D1%81%D0%B5%D0%B9%D0%AE%D1%80%D1%8C%D0%B5%D0%B2%D0%B8%D1%87-%D0%B19%D1%8C,Алексей Юрьевич,2580,102,4,"Repair videos of various electronic devices filmed on camera, described as real hands-on repair sessions.",reparación de amplificadores | ремонт усилителя,UChLtTr_lJW0dvHpMofR8ofw,hands,tv-power-electronics-repair,rest1,2026-09-14,scraper,102
https://www.youtube.com/@%d0%90%d0%bd%d0%b4%d1%80%d0%b5%d0%b9%d0%92%d0%bb%d0%b0%d1%81%d0%be%d0%b2-%d1%888%d1%80,@%D0%90%D0%BD%D0%B4%D1%80%D0%B5%D0%B9%D0%92%D0%BB%D0%B0%D1%81%D0%BE%D0%B2-%D1%888%D1%80,Андрей Власов,2140,63,4,"TV repair shop/service center (Телеателье) bio, thin evidence but plainly a repair trade name.",ремонт телевизоров,UCKtH_ejanH2eNJlgWM5x_RA,hands,tv-power-electronics-repair,gray_v2,2026-09-14,scraper,63
https://www.youtube.com/@%d0%92%d0%b8%d1%82%d0%b0%d0%bb%d0%b0%d1%83%d0%b4%d0%b8%d0%be%d1%80%d0%b5%d0%bc%d0%be%d0%bd%d1%82%d0%b8%d0%bf%d1%80%d0%be%d1%84%d0%b8%d0%bb%d0%b0%d0%ba%d1%82%d0%b8%d0%ba%d0%b0%d0%b0,@%D0%92%D0%B8%D1%82%D0%B0%D0%BB%D0%B0%D1%83%D0%B4%D0%B8%D0%BE%D1%80%D0%B5%D0%BC%D0%BE%D0%BD%D1%82%D0%B8%D0%BF%D1%80%D0%BE%D1%84%D0%B8%D0%BB%D0%B0%D0%BA%D1%82%D0%B8%D0%BA%D0%B0%D0%B0," Витал аудио ремонт и профилактика, аудиоаппа-ры.",2610,380,4,Audio equipment repair and diagnostics channel showing fault-finding and part replacement.,ремонт усилителя,UC5G2MLrq47PQ0W3_t8ZYfuA,hands,tv-power-electronics-repair,rest1,2026-09-14,scraper,380
https://www.youtube.com/@%d0%92%d0%bb%d0%b0%d0%b4%d0%b8%d0%bc%d0%b8%d1%80%d0%9a%d0%be%d1%80%d0%be%d0%b2%d0%b8%d0%bd,@%D0%92%D0%BB%D0%B0%D0%B4%D0%B8%D0%BC%D0%B8%D1%80%D0%9A%D0%BE%D1%80%D0%BE%D0%B2%D0%B8%D0%BD,Владимир Коровин,9270,77,4,"Audio equipment repair and modification channel, directly on-topic bench work.",ремонт усилителя,UCQiPk37nMpu2sd246zBWrlQ,hands,tv-power-electronics-repair,rest1,2026-09-14,scraper,77
https://www.youtube.com/@%d0%93%d0%b5%d0%be%d1%80%d0%b3%d0%b8%d0%b9%d0%92%d0%b5%d1%80%d1%91%d0%b2%d0%ba%d0%b8%d0%bd,@%D0%93%D0%B5%D0%BE%D1%80%D0%B3%D0%B8%D0%B9%D0%92%D0%B5%D1%80%D1%91%D0%B2%D0%BA%D0%B8%D0%BD,Георгий Верёвкин,25700,184,4,Veteran radio technician since 1981 doing retro radio repair and restoration soldering work.,reparación de amplificadores,UCfyY8rbD5JIWdZ7JkYHmx_A,hands,tv-power-electronics-repair,rest1,2026-09-14,scraper,184
https://www.youtube.com/@%d0%95%d0%b2%d0%b3%d0%b5%d0%bd%d0%b8%d0%b9%d0%a8%d0%b0%d0%bf%d1%80%d0%b8%d0%bd%d1%81%d0%ba%d0%b8%d0%b9-%d1%825%d0%b9,@%D0%95%D0%B2%D0%B3%D0%B5%D0%BD%D0%B8%D0%B9%D0%A8%D0%B0%D0%BF%D1%80%D0%B8%D0%BD%D1%81%D0%BA%D0%B8%D0%B9-%D1%825%D0%B9,Ремонт электронных плат от любого оборудования ,374,175,4,"Business channel explicitly repairing electronic boards from any equipment at component level, including power electronics.",ремонт блоков питания,UCuaxTWxR-AoQ2OA_gDjXCcw,hands,tv-power-electronics-repair,wave1,2026-09-14,scraper,175
https://www.youtube.com/@%d0%a0%d0%b0%d0%b4%d0%b8%d0%be%d0%bc%d0%b0%d1%81%d1%82%d0%b5%d1%80%d0%91%d0%b0%d1%80%d0%bd%d0%b0%d1%83%d0%bb,@%D0%A0%D0%B0%D0%B4%D0%B8%D0%BE%D0%BC%D0%B0%D1%81%D1%82%D0%B5%D1%80%D0%91%D0%B0%D1%80%D0%BD%D0%B0%D1%83%D0%BB,Радиомастер Барнаул,193,187,4,"Named radio repair master channel, thin description but repair-shop identity.",ремонт усилителя,UCKY1YREGelT5OJrbv6csNWw,hands,tv-power-electronics-repair,rest1,2026-09-14,scraper,187
https://www.youtube.com/@%d0%b0%d1%80%d0%bc%d0%b0%d0%b2%d0%b8%d1%80%d1%82%d0%b5%d0%bb%d0%b5%d1%80%d0%b5%d0%bc%d0%be%d0%bd%d1%82,@%D0%B0%D1%80%D0%BC%D0%B0%D0%B2%D0%B8%D1%80%D1%82%D0%B5%D0%BB%D0%B5%D1%80%D0%B5%D0%BC%D0%BE%D0%BD%D1%82,Армавиртелеремонт,432,404,4,"Repair shop servicing LED/LCD TVs, backlight replacement and amplifier repair described in detail.",ремонт усилителя,UCZGzRYQZ4ZhMXbJPrz7PRbg,hands,tv-power-electronics-repair,rest1,2026-09-14,scraper,404
https://www.youtube.com/@%d8%b5%d9%8a%d8%a7%d9%86%d8%a9%d8%a7%d9%84%d8%aa%d9%84%d9%81%d8%b2%d9%8a%d9%88%d9%86%d9%87%d9%88%d8%a7%d8%b1%d9%8a-%d8%b18%d8%a8,@%D8%B5%D9%8A%D8%A7%D9%86%D8%A9%D8%A7%D9%84%D8%AA%D9%84%D9%81%D8%B2%D9%8A%D9%88%D9%86%D9%87%D9%88%D8%A7%D8%B1%D9%8A-%D8%B18%D8%A8,صيانة التلفزيون هواري,17400,127,4,Dedicated TV and radio repair teaching channel covering faults and solutions on real sets.,صيانة الكترونيات,UCyVVaXntCDJgEHSzOCVJr-A,hands,tv-power-electronics-repair,wave1,2026-09-14,scraper,127
https://www.youtube.com/@%d8%b5%d9%8a%d8%a7%d9%86%d8%a9_%d8%a8%d9%84%d8%a7_%d9%85%d8%ac%d8%a7%d9%85%d9%84%d8%a9,@%D8%B5%D9%8A%D8%A7%D9%86%D8%A9_%D8%A8%D9%84%D8%A7_%D9%85%D8%AC%D8%A7%D9%85%D9%84%D8%A9,صيانة بلا مجاملة 🔥 ,616,135,4,"Workshop-based electronics repair channel covering IGBT/MOSFET faults and circuit measurement, practical focus.",إصلاح انفرتر,UCoCNCfRqvYo5t-GmCZWlUBg,hands,tv-power-electronics-repair,rest1,2026-09-14,scraper,135
https://www.youtube.com/@%d8%b9%d8%a8%d9%82%d8%b1%d9%8a%d9%86%d9%88%d9%84%d9%84%d8%a7%d9%84%d9%83%d8%aa%d8%b1%d9%88%d9%86%d9%8a%d8%a7%d8%aa,@%D8%B9%D8%A8%D9%82%D8%B1%D9%8A%D9%86%D9%88%D9%84%D9%84%D8%A7%D9%84%D9%83%D8%AA%D8%B1%D9%88%D9%86%D9%8A%D8%A7%D8%AA,عبقرينو للالكترونيات M.Electronic,11900,102,4,"Arabic channel described as specialized in explaining and repairing electronic devices, thin but on-topic evidence.",صيانة الكترونيات,UCON_heNQZfG4VGQ1xoveBaA,hands,tv-power-electronics-repair,gray_v2,2026-09-14,scraper,102
https://www.youtube.com/@%d9%8a%d9%88%d8%b3%d9%81-%d8%a7%d9%84%d8%b9%d9%85%d8%a7%d8%af%d8%b36%d8%b85%d8%b6,@%D9%8A%D9%88%D8%B3%D9%81-%D8%A7%D9%84%D8%B9%D9%85%D8%A7%D8%AF%D8%B36%D8%B85%D8%B6,عاشق الصيانه Maintenance of lovers,5890,920,4,"Educational channel on electronics maintenance and programming, positions itself as hands-on repair content.",إصلاح انفرتر,UCcbj4iJ11l7I_8AQG5wKmhA,hands,tv-power-electronics-repair,rest1,2026-09-14,scraper,921
https://www.youtube.com/@%e5%ae%b6%e7%94%b5%e7%bb%b4%e4%bf%ae%e5%b8%ae,@%E5%AE%B6%E7%94%B5%E7%BB%B4%E4%BF%AE%E5%B8%AE,家电维修帮,912,296,4,"Home appliance repair channel teaching repair techniques, likely includes TV/electronics repair.",电视维修 | 电源维修,UCHnMzyVBSHazRvKGkOLWzuw,hands,tv-power-electronics-repair,gray_v2,2026-09-14,scraper,296
https://www.youtube.com/@%e6%9c%9d%e9%94%8b%e5%ae%b6%e7%94%b5%e7%bb%b4%e4%bf%ae,@%E6%9C%9D%E9%94%8B%E5%AE%B6%E7%94%B5%E7%BB%B4%E4%BF%AE,朝锋家电维修,19800,1020,4,"Home appliance repair channel sharing repair cases, includes power/TV repair per keyword.",电视维修 | 电源维修,UCsVV4HfN-KmSkmKrigpqxxQ,hands,tv-power-electronics-repair,gray_v2,2026-09-14,scraper,1020
https://www.youtube.com/@%ed%83%91%ec%88%98%eb%a6%ac%eb%a7%a8,@%ED%83%91%EC%88%98%EB%A6%AC%EB%A7%A8,탑수리맨,2250,576,4,"Korean audio equipment repair shop with contact info, thin but repair-specific evidence.",reparación de amplificadores | ремонт усилителя,UCd836MMyRwNjizUEzvcuMGA,hands,tv-power-electronics-repair,rest1,2026-09-14,scraper,576
https://www.youtube.com/@99percentaudio,@99percentaudio,99% Audio / Cerwin Vega Crossover Restorations ,1190,407,4,Dedicated vintage crossover restoration and repair shop for Cerwin Vega audio equipment.,subwoofer amplifier repair,UCaEt1F5csefnihKEhDwsFGA,hands,tv-power-electronics-repair,rest1,2026-09-14,scraper,407
https://www.youtube.com/@aaelectronics1,@AAelectronics1,AA electronic's,3760,178,4,"Multi-category electronics shop covering LED/LCD TV, amplifier and home theatre chip-level repair alongside mobiles and appliances.",monitor repair,UC_Zk1PuqOxS6PtXwx38k6qQ,hands,tv-power-electronics-repair,wave1,2026-09-14,scraper,178
https://www.youtube.com/@aayushkeshniys,@AAYUSHKESHNIYS,@AAYUSH KESHNIYS,122,68,4,"LED/LCD TV repair and electronics tips channel in Hindi, thin evidence but plainly repair focused.",set top box repair,UCNk4JaqnEo3875b4wcR5LtA,hands,tv-power-electronics-repair,rest1,2026-09-14,scraper,68
https://www.youtube.com/@abayteknisi1993,@ABAYTEKNISI1993,ABAY TEKNISI,5740,584,4,Indonesian electronics service channel describing repair videos and tips for various devices.,servis power supply,UComcnAlwHvv18YihkSY2UQg,hands,tv-power-electronics-repair,rest1,2026-09-14,scraper,584
https://www.youtube.com/@abbas-s9h4i,@abbas-s9h4i,"
Danial is an electronics technician.",38,60,4,"Technician channel describing real hands-on repair tutorials, thin but plausible electronics repair evidence.",تعمیر منبع تغذیه,UCwDD6tfX27opr4ynZIbj5zw,hands,tv-power-electronics-repair,rest1,2026-09-14,scraper,60
https://www.youtube.com/@abdallahelectronic19,@abdallahelectronic19,Abdallah Électronique ,7010,140,4,"General electronics repair shop description covering most devices, plausible TV/power repairs.",réparation électronique,UCy7eq1gGFPN5xtJ77DlhMfA,hands,tv-power-electronics-repair,rest1,2026-09-14,scraper,140
https://www.youtube.com/@abingdianqiweixiu,@abingdianqiweixiu,阿兵电器维修,37600,1110,4,"Home appliance repair channel sharing repair process and experience, likely includes TV repair.",电视维修,UCeziK2xu7BNtOOgOmGhNuIA,hands,tv-power-electronics-repair,gray_v2,2026-09-14,scraper,1110
https://www.youtube.com/@abiservis2426,@abiservis2426,ABI SERVIS,21100,589,4,Description explicitly focused on learning TV electronics repair with practical demonstration intent.,servis TV LED,UCaRrdFgHyHp8CxKC87DpN_w,hands,tv-power-electronics-repair,wave1,2026-09-14,scraper,589
https://www.youtube.com/@abu.al.electronic,@ABU.AL.ELECTRONIC,ابو آل الكترونك,6820,156,4,"Electronics engineer name suggests repair work, thin but on-topic evidence.",إصلاح انفرتر,UCU_ykD5-GYXha8GEECQD7Zw,hands,tv-power-electronics-repair,rest1,2026-09-14,scraper,156
https://www.youtube.com/@ademilhan3460,@Ademilhan3460,ADEM ILHAN PROJELERIM ,1670,128,4,Channel explicitly focused on repair and electronic testing content per description.,elektronik tamir,UC-RcpOHFz7HVheaRgATRMUw,hands,tv-power-electronics-repair,rest1,2026-09-14,scraper,128
https://www.youtube.com/@aeletrocenter,@aeletrocenter,A ELETROCENTER,4260,651,4,"TV maintenance shop with 30 years experience, thin business-style description but clearly TV repair focused.",conserto de TV LED,UC1YZY3dER5YdH3HibD_RF1Q,hands,tv-power-electronics-repair,gray_v2,2026-09-14,scraper,651
https://www.youtube.com/@ahmadamplifierkediri,@ahmadamplifierkediri,Ahmad amplifier Kediri,2700,231,4,Amplifier repair channel focused on OT/OCL amplifier faults and troubleshooting.,servis amplifier,UC1hdTMqFDhxGaubCko0s5UA,hands,tv-power-electronics-repair,rest1,2026-09-14,scraper,231
https://www.youtube.com/@ahmedelectronic-m6g,@Ahmedelectronic-m6g,Ahmed electronic,189,55,4,General electronics repair channel name/desc suggesting hands-on repair work with thin but on-topic evidence.,solar inverter repair,UC-zeTfZw4_ACqeoSS9vMkVQ,hands,tv-power-electronics-repair,rest1,2026-09-14,scraper,55
https://www.youtube.com/@ajayelectronics-l6u,@AjayElectronics-l6u,Ajay Electronics,148,416,4,"Amplifier repair shop (tractor/car bass amplifiers), thin description but repair-focused name and content.",electronics repair shop,UCst_RrpQa5Eixko4uXvxw9g,hands,tv-power-electronics-repair,rest1,2026-09-14,scraper,416
https://www.youtube.com/@ajelectronics11,@Ajelectronics11,Aj Electronics ,960,126,4,"Repair channel covering TV, DTH, amplifier, home theater, woofer, speaker repairs with real video note.",set top box repair,UCScuQpjtV28Yt8bFU_sfmgg,hands,tv-power-electronics-repair,rest1,2026-09-14,scraper,126
https://www.youtube.com/@ajithdigitalaudios2891,@ajithdigitalaudios2891,Ajith digital audio's,773,52,4,Amplifier repair-focused channel; thin description but clearly bench-level audio repair niche.,servis amplifier,UCge1b2uXENOrB4mp2saDhAw,hands,tv-power-electronics-repair,rest1,2026-09-14,scraper,52
https://www.youtube.com/@aka.tvdoctor,@aka.tvdoctor, Jaystech Engineering Ventures ,150,55,4,"Engineering service business repairing TVs, monitors and touchscreens across major brands.",sửa tivi | ремонт телевизоров | ซ่อมทีวี | تعمیر تلویزیون | 电视维修,UCvYJ6YKLCov6LVymy924FAw,hands,tv-power-electronics-repair,wave1,2026-09-14,scraper,55
https://www.youtube.com/@akinfo,@akinfo,AK Info Institute,380000,3632,4,Technical training institute with chip-level LED Smart TV repair courses alongside mobile/laptop training.,TV repair shop | LED TV repairing Hindi,UC-7jpsrhuSgkze9xC5pN2_A,hands,tv-power-electronics-repair,wave1,2026-09-14,scraper,3632
https://www.youtube.com/@akinfomobilerepairtraining,@AKinfoMobileRepairTraining,AK info Mobile Repair Training institute,21700,1209,4,"Training institute offering chip-level LED Smart TV repair courses alongside mobile/laptop, practical training claimed.",LED TV repairing Hindi,UCzCsYctWmj0BErfr38IFTQQ,hands,tv-power-electronics-repair,wave1,2026-09-14,scraper,1209
https://www.youtube.com/@akinfosmarttvrepairtraining,@AKinfoSmartTvRepairTraining,AK info Led Smart Tv Repair Training institute,7240,324,4,"Training institute for LED/LCD/smart TV repair courses, likely practical sessions shown on camera.",TV repair | LED TV repair | LCD TV repair | electronics repair course,UCS-oBk3jFHpsToJR5fz2SWA,hands,tv-power-electronics-repair,wave1,2026-09-14,scraper,324
https://www.youtube.com/@akram101,@Akram101,Akram Universal Electronics,33100,749,4,"Practical step-by-step inverter, UPS and battery repair videos with live work, fits power electronics repair.",electronics repair | electronic repairing | inverter repair,UCI0ULlFvGo3TOGpZ4OJRnbw,hands,tv-power-electronics-repair,wave1,2026-09-14,scraper,749
https://www.youtube.com/@aksoundservice3695,@aksoundservice3695,AK Sound service ,89300,210,4,Sound service and electrical repairing channel focused on audio equipment repair education.,servis amplifier,UCMOJ4Oky0b0OBkfJWO2Hsjw,hands,tv-power-electronics-repair,rest1,2026-09-14,scraper,210
https://www.youtube.com/@alanskitvlogs,@AlansKitVlogs,Alan's Kit,3800,103,4,"Tagalog description explicitly teaches repairing TVs, fans, speakers with soldering basics shown.",TV repair tagalog,UCMpiaR5kC1mDRQxdpwhOGYg,hands,tv-power-electronics-repair,rest1,2026-09-14,scraper,103
https://www.youtube.com/@aliisalih,@aliisalih,هاي توب HI TOP,5370,594,4,"Broad electronics repair channel covering TVs, screens, speakers, receivers, LED lamps with practical maintenance courses.",تصليح شاشات LED | صيانة الكترونيات,UC0qk73tB6K3NKjTByxPvotA,hands,tv-power-electronics-repair,wave1,2026-09-14,scraper,594
https://www.youtube.com/@all_rounder_uttam,@all_rounder_uttam,Audio house Amplifier repair ,39,55,4,Amplifier and speaker repair workshop channel with clear repair-focused branding and services listed.,amplifier repair,UCVAdJVfDUlZKRVC1PwOCBTg,hands,tv-power-electronics-repair,wave1,2026-09-14,scraper,55
https://www.youtube.com/@allinoneelectronic-h1b,@Allinoneelectronic-h1b,All in one electronics,3270,101,4,"Repair/teaching channel covering TVs, computers, phones and SMPS with hands-on repair focus.",laptop charger adapter repair,UCUJbhDy_LS8dGJCM3VB_gIw,hands,tv-power-electronics-repair,rest1,2026-09-14,scraper,101
https://www.youtube.com/@alokkafle6417,@alokkafle6417,Alok Electronic ,221,75,4,"Home theater and DJ amplifier repair contact channel, thin but on-topic bio",home theater amplifier repair,UCoOqNA0nQ19f5QS9SnIah9Q,hands,tv-power-electronics-repair,rest1,2026-09-14,scraper,75
https://www.youtube.com/@alpinepcbsolution2905,@alpinepcbsolution2905,Alpine Pcb Solution,6400,106,4,Inverter AC PCB repair shop with title showing specific error code repair work on camera.,inverter repair,UCG_7cfASEJw4PIoPrcVRcLg,hands,tv-power-electronics-repair,wave1,2026-09-14,scraper,106
https://www.youtube.com/@amanelectronics-sy1vd,@amanelectronics-sy1vd,Aman Electronics,3320,275,4,"Shop repairing inverters and stabilizers, plausible bench electronics repair though description reads as business info.",تعمیر منبع تغذیه | 电源维修,UCO-QOXaf8Lw2xBOT2A76wQw,hands,tv-power-electronics-repair,rest1,2026-09-14,scraper,275
https://www.youtube.com/@amjadsirali,@Amjadsirali,Ajim sirali,1020,588,4,"Repair technician covering home theater, amplifier, LED TV, induction and other electronics",home theater amplifier repair | CRT TV repair,UCajdr9dtCgGuPUeQxbm5A8Q,hands,tv-power-electronics-repair,rest1,2026-09-14,scraper,588
https://www.youtube.com/@ammarelectronics6985,@ammarelectronics6985,ammar electronics,730,54,4,Generic electronics repair shop name with no further evidence but plausible bench repair channel.,UPS repair,UCje4T6yaF9JEv37CWtrM_0A,hands,tv-power-electronics-repair,rest1,2026-09-14,scraper,54
https://www.youtube.com/@ampere205,@Ampere205,Ampère   أمبير,2350,119,4,Channel dedicated to repairing electronic/electrical devices start-to-finish with detailed practical explanations.,تصليح شاشات LED,UCChydTM-ybQ0fQB_X5rsmPw,hands,tv-power-electronics-repair,wave1,2026-09-14,scraper,119
https://www.youtube.com/@ampfixbistagtv,@AMPFIXBISTAGTV,AMPFIX BISTAG TV,6150,90,4,Bisaya/Tagalog channel dedicated to teaching repair of TVs and home appliances.,TV repair tagalog,UC37bUvQXdlxIMH6dmVJAGZw,hands,tv-power-electronics-repair,rest1,2026-09-14,scraper,90
https://www.youtube.com/@amplificador96altofalante,@amplificador96altofalante,consertos amplificadores alto falante órgãos ,3890,246,4,"Dedicated amplifier, speaker and electronic organ repair channel per name and description.",conserto de amplificador,UCESZuRJ8j-1sQFWsNTa8AIQ,hands,tv-power-electronics-repair,rest1,2026-09-14,scraper,246
https://www.youtube.com/@amplifier_tech,@amplifier_tech,Amplifier  Tech,833,155,4,"Amplifier tech channel focused on amp machines, speaker boxes, DJ setup and repair with technical detail.",amplifier repair,UCHoNgKNZ1hAa6GEUYtswYYQ,hands,tv-power-electronics-repair,wave1,2026-09-14,scraper,155
https://www.youtube.com/@amplifierrepair8929,@amplifierrepair8929,amplifier repair,1630,64,4,"Dedicated amplifier repair channel taking model-specific repair queries, strong topic fit.",amplifier repair,UCXQ5dMkxRQ-moS3Z3aJhttg,hands,tv-power-electronics-repair,wave1,2026-09-14,scraper,64
https://www.youtube.com/@amplifierrepearing6496,@amplifierrepearing6496,Amplifier repearing,4500,149,4,"Name explicitly says amplifier repairing, thin description but clear trade focus.",amplifier repair,UCyFEqPANNH2OJO-7a0aFLHw,hands,tv-power-electronics-repair,gray_v2,2026-09-14,scraper,149
https://www.youtube.com/@amplifiersolutions3856,@amplifiersolutions3856,Amplifier Solutions,12200,133,4,Amplifier and speaker repair specialist channel with detailed amplifier class specialization list.,servis amplifier,UCEI99ay_nbOjSSKWxwGreJg,hands,tv-power-electronics-repair,rest1,2026-09-14,scraper,133
https://www.youtube.com/@ampservice,@ampservice,AMP Service 🇺🇦,13100,145,4,Ukrainian electronics repair shop channel with contact info describing repair services.,servis power supply,UC9tXPsFMCDOYYFzFKgqcNFQ,hands,tv-power-electronics-repair,rest1,2026-09-14,scraper,145
https://www.youtube.com/@anderson-c7n-n4y,@Anderson-c7n-n4y,Anderson eletrônica Silva,70,66,4,"TV and microwave repair channel, thin description but clearly on-topic name and focus.",conserto de TV LED,UC8W3jaG6vGXpBUaIEZSJTqA,hands,tv-power-electronics-repair,gray_v2,2026-09-14,scraper,66
https://www.youtube.com/@andrenetborovkov,@andrenetborovkov,Ремонт электроники!,3010,289,4,"Channel dedicated to TV and appliance repair sharing tips and instructions, thin but on-topic bio.",ремонт телевизоров | ремонт усилителя,UCsRAJ1Mod7-hjCoemJl7LEw,hands,tv-power-electronics-repair,gray_v2,2026-09-14,scraper,289
https://www.youtube.com/@anmolcreative2.o,@anmolCreative2.o,Anmol Electronics Repair 🤑🤑,54,97,4,"Inverter, battery, SMPS and amplifier repair content with shorts titles showing scrap component fixes.",Elektronik reparieren,UCKM8pfRc_PPQuj1uG5OZCzw,hands,tv-power-electronics-repair,rest1,2026-09-14,scraper,97
https://www.youtube.com/@apcupsexpert1970,@apcupsexpert1970,Masood Bukhari APC UPS Expert,512,80,4,"APC UPS engineer channel focused on UPS installation, maintenance and repair.",UPS repair,UCjR_U_zCTHBdFh_Q7WfUHpg,hands,tv-power-electronics-repair,rest1,2026-09-14,scraper,80
https://www.youtube.com/@aqueleradio,@AqueleRadio,Aquele Radio,13100,224,4,Vintage radio restoration and repair channel with client units and repair tips shown.,conserto de amplificador,UCocZBFOauU5Nnj3zfP6N77w,hands,tv-power-electronics-repair,rest1,2026-09-14,scraper,224
https://www.youtube.com/@ar.6e,@AR.6e,inverter repairing ,80,121,4,"Inverter repair-focused channel name suggests bench repair, low evidence but fits topic directly.",inverter repair,UCKD258wfHTj0s5fJxTOjAsw,hands,tv-power-electronics-repair,wave1,2026-09-14,scraper,121
https://www.youtube.com/@aselectronicrepair,@aselectronicrepair,As electronic repair,67300,351,4,"Channel creates electronic device repair videos and answers software questions, plain repair focus.",electronic repairing,UCy0xxsq-bgV9RYAmlYsDtOA,hands,tv-power-electronics-repair,gray_v2,2026-09-14,scraper,351
https://www.youtube.com/@ashfaq.ahmed.kadhar,@Ashfaq.Ahmed.kadhar,    TV Repair Expert UAE & Electronics Master UAE,593,215,4,"Name signals TV/electronics repair expert channel, thin contact-only description but plausible bench repair.",TV repair technician,UCu7I1R9Jem8NHYaql8_1g1Q,hands,tv-power-electronics-repair,rest1,2026-09-14,scraper,215
https://www.youtube.com/@ashiselectronics5967,@ashiselectronics5967,Ashish Electronics,200,95,4,"Door-to-door electronics servicing and repair business, thin bio but clearly repair-focused.",electronics repair,UCJDwfCCmyXfWRhdtRQBc_ZQ,hands,tv-power-electronics-repair,gray_v2,2026-09-14,scraper,95
https://www.youtube.com/@ashutoshtechnicalexpert,@AshutoshTechnicalExpert,Ashutosh Technical Expert,29100,171,4,LED/LCD Smart TV repair channel mixing practical and theoretical electronics content.,T-con board repair,UCFNmNOMuwpyusxUDjEu64vQ,hands,tv-power-electronics-repair,rest1,2026-09-14,scraper,171
https://www.youtube.com/@asiaelectronicsclasses5410,@asiaelectronicsclasses5410,Asia electronics classes,2950,137,4,"Bengali electronics training channel focused on LED TV panel repair and microwave servicing, practical tutorials.",LED TV repair Bangla,UCFb_gsUaoUEezHL24JWlkPg,hands,tv-power-electronics-repair,trial100,2026-09-14,scraper,137
https://www.youtube.com/@asielectronics-g7q,@AsiElectronics-g7q,Asi Electronics,51,122,4,"Electronic technician sharing knowledge and experience via short videos, thin but on-topic bio.",TV repair Sinhala,UCxn25u4Sk5fnJ65-RY8YNgQ,hands,tv-power-electronics-repair,rest1,2026-09-14,scraper,122
https://www.youtube.com/@aslamtvcenter8056,@aslamtvcenter8056,aslam tv center,1880,93,4,"TV center specialist in plasma/LED/LCD with motherboards, power supply and T-con boards, strong topical match.",LCD TV repair,UCLsJApj0y3n1uvQ5SAKEY4Q,hands,tv-power-electronics-repair,wave1,2026-09-14,scraper,93
https://www.youtube.com/@atlasmultimedia,@AtlasMultimedia,Atlas Multimedia,8340,1100,4,Berlin repair shop description covers TV and appliance electronics repair with workshop insight into real jobs.,Fernseher reparieren,UCK4cG200ZWqJGTx4BcfSiJA,hands,tv-power-electronics-repair,wave1,2026-09-14,scraper,1100
https://www.youtube.com/@attemptedamprepairs,@Attemptedamprepairs,Attempted amp repairs ,42,56,4,"Channel explicitly about attempted repairs of guitar pedals and amps, hands-on bench work.",servis amplifier,UC4E61hcaiMvfk7CYLve4ssA,hands,tv-power-electronics-repair,rest1,2026-09-14,scraper,56
https://www.youtube.com/@atzaenginering2629,@atzaenginering2629,Atza Enginering,1370,65,4,"Channel explicitly covers LCD/LED TV, UPS, inverter, amplifier and motor winding repairs.",LED TV repairing Urdu,UCWqBsWjbJQlSu5Ndeiw7jNQ,hands,tv-power-electronics-repair,wave1,2026-09-14,scraper,65
https://www.youtube.com/@audiofixit,@audiofixit,Audio Fix It,1410,72,4,Audio equipment repair channel with CD player repair titles showing detailed bench work.,monitor repair,UC8kEyN7MWUFLuGI9F5cfaJA,hands,tv-power-electronics-repair,wave1,2026-09-14,scraper,72
https://www.youtube.com/@audiorepairnetwork,@AudioRepairNetwork,Audio Repair Network ,21000,543,4,Audio equipment repair shop channel with troubleshooting and repairs as core offering despite added advisory content.,electronics repair | power supply repair | amplifier repair,UCWW3NDc_QRFZNEyGwkZFJHQ,hands,tv-power-electronics-repair,gray_v2,2026-09-14,scraper,543
https://www.youtube.com/@audiovintagehifisoluciones5968,@audiovintagehifisoluciones5968,AUDIO VINTAGE HIFI SOLUCIONES,7800,109,4,"Vintage audio equipment repairs and preventive/corrective maintenance channel, directly on-topic.",reparación de amplificadores,UC7jhzA3Ci94RgNkfNGbhk5w,hands,tv-power-electronics-repair,rest1,2026-09-14,scraper,109
https://www.youtube.com/@aungyadanarelectronic,@aungyadanarelectronic,Aung Yadanar Electronic Training & Service ,14000,179,4,Electronic training and service channel name suggests bench electronics repair with thin but relevant evidence.,servis power supply,UCQZxT18nl1cGGhiYqDkcRoQ,hands,tv-power-electronics-repair,rest1,2026-09-14,scraper,179
https://www.youtube.com/@awoduafriday9191,@awoduafriday9191, David  TV ,46,83,4,"TV technician repairing sound systems, microwaves, fans and blenders, thin but repair-focused description.",TV repair technician,UCKG3qRDXhJuvFlnrSpXYyQA,hands,tv-power-electronics-repair,rest1,2026-09-14,scraper,83
https://www.youtube.com/@ayanelectronics,@AyanElectronics,Ayan Electronics,2970,116,4,"LED and receiver repair channel, thin description but clearly repair-focused technician content.",LED TV repairing Urdu,UCjUJOA9BOpVi7rMjzjcdfrg,hands,tv-power-electronics-repair,gray_v2,2026-09-14,scraper,116
https://www.youtube.com/@azamtraders,@azamtraders,Azam Traders,1910,82,4,"Shop repairing LCD/LED, microwave, UPS and stabilizers, thin business-style description but clearly hands-on repair work.",UPS repair,UCxtyKpHO0vAmrKuQDSfooFQ,hands,tv-power-electronics-repair,rest1,2026-09-14,scraper,82
https://www.youtube.com/@azkaservis067,@AZKASERVIS067,AZKA SERVIS,1080,103,4,Tutorial channel dedicated to electronics repair including TV and amplifier servicing.,servis TV LED | servis amplifier,UCaI0CQKZlGywgz6aGKNZbwg,hands,tv-power-electronics-repair,gray_v2,2026-09-14,scraper,103
https://www.youtube.com/@babaservis,@babaservis,BABA SERVIS Tutorial Servis Untuk Pemula!!,102000,1087,4,"Beginner repair tutorial channel, name/handle points to service focus though generic.",servis TV LED,UC4jyb316bKKigv07GfS7Giw,hands,tv-power-electronics-repair,gray_v2,2026-09-14,scraper,1087
https://www.youtube.com/@babasoundandelectronics2645,@babasoundandelectronics2645,Baba Sound And Electronics,537,369,4,"Dedicated audio repair shop for music systems, subwoofers, speakers and car amplifiers, strong topic fit.",electronics repair,UCuNMgeJR096qYtR4U29kW0g,hands,tv-power-electronics-repair,wave1,2026-09-14,scraper,369
https://www.youtube.com/@bablurepairinghub1,@BabluRepairingHub1,Bablu Repairing Hub,196,100,4,"Practical repair videos covering LED/LCD TV, inverter-battery, induction cooktop among appliances.",SMPS repair,UCxIAWqPimuxSrkTAGvfGE6A,hands,tv-power-electronics-repair,wave1,2026-09-14,scraper,100
https://www.youtube.com/@balajiaudiosandelectricals7323,@balajiaudiosandelectricals7323,BALAJI AUDIOS AND ELECTRICALS,1460,100,4,"Tamil channel explicitly on electricals, electronics, audio amplifiers and TV service.",TV repair Tamil,UCt-RPofC7_rgf8tf2SZ9Cqg,hands,tv-power-electronics-repair,wave1,2026-09-14,scraper,100
https://www.youtube.com/@bancadacia.492,@bancadacia.492,Bancada & Cia.,8770,385,4,Bench channel showing practical electronics/automotive equipment maintenance and repair solutions daily.,conserto de fonte chaveada,UCcmU0kb44jh5vIEIvgA12Ag,hands,tv-power-electronics-repair,wave1,2026-09-14,scraper,385
https://www.youtube.com/@bangtutorialtv,@bangtutorialtv,BANG TUTORIAL TV,2170,116,4,"Indonesian TV technician channel documenting daily TV repair work, self-described as learning-along technician content.",电视维修,UCWerWkhs4k-p8N_sllqs-uA,hands,tv-power-electronics-repair,wave1,2026-09-14,scraper,116
https://www.youtube.com/@baniadamtv,@baniadamtv,Bani Adam TV,33500,397,4,"Channel dedicated to servicing active speakers, power amplifiers and basic electronics assembly.",servis amplifier,UC9h516emzaJvw419TPTmA_w,hands,tv-power-electronics-repair,rest1,2026-09-14,scraper,397
https://www.youtube.com/@basicbobp84,@BasicBOBP84,Basic Bob,64400,1359,4,Audio repair tutorials channel focused on amplifiers and speakers with tips and hands-on repair format.,amplifier repair,UC3q5YlHMxsbXAGwXkBIe3VA,hands,tv-power-electronics-repair,wave1,2026-09-14,scraper,1359
https://www.youtube.com/@bassblasteraudiotech4918,@bassblasteraudiotech4918,Bassblaster Audio Tech,779,56,4,"Audio tech repairs and restorations channel, direct fit for amplifier/audio bench work.",subwoofer amplifier repair,UCg5A26sQ9It8v-hJwptMbQQ,hands,tv-power-electronics-repair,rest1,2026-09-14,scraper,56
https://www.youtube.com/@bdssr,@BDSSR,Bangladesh Sound System Repair,1290,154,4,"Sound system repair technician covering amplifiers, mixers, power supplies and circuit work across various equipment.",amplifier repair | monitor repair,UCXxGwE0XeLa2t1ZA1itZWrA,hands,tv-power-electronics-repair,wave1,2026-09-14,scraper,154
https://www.youtube.com/@becomearepairman,@becomearepairman,TAMIRKAR SHOW,2250,59,4,Free electronics repair training channel name and description directly match bench repair topic.,تعمیر منبع تغذیه,UCE4tHOimVxnrrmqtQHmG4rg,hands,tv-power-electronics-repair,rest1,2026-09-14,scraper,59
https://www.youtube.com/@belajartvlcdledplasma,@BelajarTvLcdLedPlasma,Belajar Service Tv Lcd Led Plasmahgvgbbnnmmm,439,288,4,"Channel dedicated to teaching TV LCD/LED/Plasma repair technique, strong topical fit despite low title evidence.",servis TV LED,UCqH5OvBtYyOu-Fpa_VNtS5A,hands,tv-power-electronics-repair,wave1,2026-09-14,scraper,288
https://www.youtube.com/@bestledrepair,@BestLEDrepair,BEST LED REPAIR,5750,318,4,LED/LCD/CRT TV and monitor repair shop with clear service listing suggesting real repair videos.,monitor repair,UCtqO9gSmukpEr5FslHiM4MQ,hands,tv-power-electronics-repair,wave1,2026-09-14,scraper,318
https://www.youtube.com/@bilal-x9x1z,@Bilal-x9x1z,Bilal electronic ,225,198,4,Name plus power-supply repair keyword suggests electronics repair channel with thin description.,reparación de inversores | تعمیر منبع تغذیه | 电源维修,UCB7x7BDxBfnhXdqparUTGrw,hands,tv-power-electronics-repair,rest1,2026-09-14,scraper,198
https://www.youtube.com/@blueglow,@Blueglow,Blueglow Electronics,63100,391,4,"Repair and restoration of own electronic equipment shown in videos, fits bench repair format well.",electronics repair,UCVXv8_dfJjqWluEFktmv12A,hands,tv-power-electronics-repair,wave1,2026-09-14,scraper,391
https://www.youtube.com/@boxbuilderidaho,@BoxBuilderIdaho,Mr BBI,36300,1637,4,"Dedicated bespoke amplifier repair shop for radio equipment, real repair work implied.",amplifier repair,UCnnsQySJDyoZNerXIMwIelw,hands,tv-power-electronics-repair,wave1,2026-09-14,scraper,1637
https://www.youtube.com/@brkelectronic-rg7fe,@BRKElectronic-rg7fe,BRK Electronic,4130,308,4,"Electronic mechanic repairing amplifiers, speakers, LED lights and music systems, described directly.",reparación de amplificadores | conserto de amplificador | ремонт усилителя,UCXuECNOju5M1ariYCc6Wpmw,hands,tv-power-electronics-repair,rest1,2026-09-14,scraper,308
https://www.youtube.com/@brother-live,@Brother-live,Brother-live,97700,209,4,"Describes LED backlight TV repair for major brands and PSU conversion projects, hands-on practical focus.",ремонт блоков питания,UCRF0mm4Cpf-Ull9VbCHSzlg,hands,tv-power-electronics-repair,wave1,2026-09-14,scraper,209
https://www.youtube.com/@brunoconsertosltda8928,@brunoconsertosltda8928,Bruno consertos Ltda,3920,96,4,"Repairs various electronics with focus on car audio amplifiers, thin but on-topic description.",conserto de amplificador,UC04mU0AFvz9LYV5IcTbTqYw,hands,tv-power-electronics-repair,rest1,2026-09-14,scraper,96
https://www.youtube.com/@budidoktertv,@budidoktertv,Servis TV LED di Jogja 24jam,553,179,4,TV repair channel with description explicitly about repair tutorials.,servis TV LED,UCoBIMuKNYj5PqS68iyfvsEQ,hands,tv-power-electronics-repair,gray_v2,2026-09-14,scraper,179
https://www.youtube.com/@burgoseletronica05,@Burgoseletronica05,Burgoseletronica,150000,3494,4,"Electronics technician and teacher sharing knowledge, thin description but plausible bench repair content.",conserto de fonte chaveada,UChj6fMg0rjFkH-4ZmvqUWLg,hands,tv-power-electronics-repair,gray_v2,2026-09-14,scraper,3494
https://www.youtube.com/@bvservis5370,@bvservis5370,Bv Servis,1860,125,4,Dedicated electronics service channel covering amplifier and soundsystem accessory repairs.,servis amplifier,UCsbclWdm_HADRw-Akunloug,hands,tv-power-electronics-repair,rest1,2026-09-14,scraper,125
https://www.youtube.com/@c-audioeletronica7840,@c-audioeletronica7840,C - ÁUDIO ELETRÔNICA,4450,70,4,Portuguese electronics repair channel covering various device repairs; thin evidence but on-topic name/desc.,conserto de TV LED,UCsfinusLssjwky8OoO-YemA,hands,tv-power-electronics-repair,gray_v2,2026-09-14,scraper,70
https://www.youtube.com/@cartycartyamplifiersalesrepair,@cartycartyamplifiersalesrepair,Carty & Carty Amplifiers & Subs Sales and Repairs,2240,608,4,Amplifier and sub repair and installation channel with educational repair content.,amplifier repair,UCjRF5nVJBqqrZjwFfhMBDuQ,hands,tv-power-electronics-repair,wave1,2026-09-14,scraper,608
https://www.youtube.com/@cctv-repair4you,@CCTV-Repair4You,CCTV Repair4You,7000,472,4,"Channel name and description directly state TV repair videos, thin but on-topic.",Fernseher reparieren,UCb_5jZ6XPp65EdMz_LcQ5Zg,hands,tv-power-electronics-repair,gray_v2,2026-09-14,scraper,472
https://www.youtube.com/@chesapeakerepair,@ChesapeakeRepair,Chesapeake Repair,1080,86,4,"Guitar and tube amp repair channel, closely matching audio electronics bench repair focus.",amplifier repair,UCH-tdwAPBEwTyH9al8d5QbQ,hands,tv-power-electronics-repair,trial100,2026-09-14,scraper,86
https://www.youtube.com/@circuitcounty,@Circuitcounty,Circuit County(C.C),51,54,4,"Repairs and troubleshooting channel name/desc suggesting circuit-level repair work, thin evidence.",solar inverter repair,UCKCuAyTFF7rJa0h5p1MWNgA,hands,tv-power-electronics-repair,rest1,2026-09-14,scraper,54
https://www.youtube.com/@coichay9762,@coichay9762,Audio Hi-End,636,133,4,"Dedicated repair channel for reel-to-reel tape decks and amplifiers, clear repair focus.",sửa amply,UC-GWKHL9DAPPAj5lJj5UQLA,hands,tv-power-electronics-repair,rest1,2026-09-14,scraper,133
https://www.youtube.com/@comteacher77,@comteacher77,티비랜드,863,65,4,"TV self-repair course channel with hashtags for TV repair process, thin text evidence but clear repair focus.",sửa tivi | ซ่อมทีวี | تعمیر تلویزیون | 电视维修 | réparation télévision | naprawa telewizora | riparazione TV | TV 수리 | テレビ修理,UCIX26pzUD-HHM_RXcrakIzA,hands,tv-power-electronics-repair,rest1,2026-09-14,scraper,65
https://www.youtube.com/@conceptedge,@conceptedge,1000uf,9940,112,4,Practical electronics and power supply repair channel focused on real component-level fixes.,UPS repair,UC8FxI67zxIYA8G2Xu02VrXw,hands,tv-power-electronics-repair,rest1,2026-09-14,scraper,112
https://www.youtube.com/@consertaf%c3%a1cileletr%c3%b4nica,@ConsertaF%C3%A1cilEletr%C3%B4nica,Consertec Eletrônica Fácil e Prática,794,82,4,"Practical electronics repair channel promising fault diagnosis and 'reviving' devices, strong hands-on signal.",conserto de fonte chaveada,UCYIe_1gKSsSZBc9gQSQBF7g,hands,tv-power-electronics-repair,wave1,2026-09-14,scraper,82
https://www.youtube.com/@cubatool-electronic,@cubatool-electronic,CUBATOOL ELECTRONIC-La Clínica del Televisor,10100,78,4,TV repair-focused channel ('Clínica del Televisor') with step-by-step circuit repair and assembly content.,reparación electrónica,UCJVqaNVExmxYyrodB54eHQQ,hands,tv-power-electronics-repair,gray_v2,2026-09-14,scraper,78
https://www.youtube.com/@d-labelectronics,@d-labelectronics,D-lab Electronics,84700,1944,4,"Tube amp and vintage electronics restoration/repair shop with soldering, mods and hands-on bench work described.",electronics repair | amplifier repair,UCRs15W2eE8Ugg4kXxOz0hSQ,hands,tv-power-electronics-repair,wave1,2026-09-14,scraper,1944
https://www.youtube.com/@dailylifeelectronics,@DailyLifeElectronics,Daily Life Electronics,429,90,4,"Repairs all sorts of electronics gadgets, general repair channel with SMPS repair keyword hint.",electronics repair | SMPS repair,UCv40DnF-_bv7qtHxmVqa2VA,hands,tv-power-electronics-repair,wave1,2026-09-14,scraper,90
https://www.youtube.com/@dangmanhbg98,@Dangmanhbg98,Đặng Mạnh BG,520,60,4,"Dedicated TV repair specialist in Bac Giang, thin but clear repair-focused bio.",sửa tivi,UCExIkIEwwhg84PMr2hfKFUQ,hands,tv-power-electronics-repair,gray_v2,2026-09-14,scraper,60
https://www.youtube.com/@daviddaeletronica,@Daviddaeletronica,David da eletrônica ,3890,180,4,Name-based electronics repair channel (amplifier/inverter keywords) with thin generic description.,conserto de amplificador | conserto de inversor,UCdNftx406YSmaRZHWKr2yww,hands,tv-power-electronics-repair,rest1,2026-09-14,scraper,180
https://www.youtube.com/@davidl1585,@davidl1585,JD PCB SOLUTIONS ,203,67,4,"PCB service business covering LED TV, AC, fridge, washing machine and SMPS board repair, strong topic alignment.",TV repair Tamil,UCxFIWgPb_yCqBpdeeAt99TA,hands,tv-power-electronics-repair,wave1,2026-09-14,scraper,67
https://www.youtube.com/@deepakdjrepering2445,@deepakdjrepering2445,Deepak Dj Repairing ,1520,155,4,"Amplifier/DJ sound-system service center covering multiple audio brands, fits audio electronics repair bench.",electronics repair course,UCIbPSuew3aZ_WXWKTsrJvTA,hands,tv-power-electronics-repair,wave1,2026-09-14,scraper,155
https://www.youtube.com/@deepakexperimentjaunpur,@DeepakExperimentJaunpur,Deepak Experiment Jaunpur ,191,203,4,"Titles show potentiometer repair and home theater speaker/AUX wiring tutorials, hands-on work.",home theater amplifier repair,UCF-eeI-657OlrhjYsvk8ynA,hands,tv-power-electronics-repair,rest1,2026-09-14,scraper,203
https://www.youtube.com/@dhamik-o6d,@DHAMIK-o6d,Jay Shri Ram Electronics Repair,24,62,4,Name signals electronics repair shop; thin description but plain repair-channel naming pattern.,Elektronik reparieren,UCRsq_SFX6TkMqLqFhSzx1dQ,hands,tv-power-electronics-repair,rest1,2026-09-14,scraper,62
https://www.youtube.com/@dhelelectromaster,@dhelelectromaster,dhel electro Master,709,214,4,"Filipino channel teaching amplifier assembly and LED/CRT TV repair, matches bench repair topic well.",TV repair tagalog,UC6E7s_nZnHvuiqXX63TApWg,hands,tv-power-electronics-repair,rest1,2026-09-14,scraper,214
https://www.youtube.com/@diabolicalartificer,@diabolicalartificer,Diabolical Artificer,1160,204,4,Vintage electronics and DIY valve amplifier channel with test gear and homebrew amplification focus.,amplifier repair,UCtWTo2BUtf5jk16GkCVl4fA,hands,tv-power-electronics-repair,wave1,2026-09-14,scraper,204
https://www.youtube.com/@dientu97,@dientu97,Điện tử 97,3060,511,4,"Repairs SMPS, power stations, massage chair circuits/power supplies - dedicated power electronics repair shop.",sửa nguồn xung,UCNdzDfwmpPK0znbjExz9rqA,hands,tv-power-electronics-repair,rest1,2026-09-14,scraper,511
https://www.youtube.com/@dientumiendong,@DienTuMienDong,ĐIỆN TỬ MIỀN ĐÔNG,4020,421,4,"Vacuum-tube amplifier repair shop, describes component-level fault diagnosis and repair of 300B/211/845 tube amps.",sửa chữa điện tử,UC5sdDrJ902jqzYnsWqbIXmA,hands,tv-power-electronics-repair,wave1,2026-09-14,scraper,421
https://www.youtube.com/@dientuminhhieu,@dientuminhhieu,điện tử minh hiếu,8150,512,4,"Shop repairing LED/QLED/OLED TVs and appliance boards, explicit TV screen and board repair focus.",sửa chữa điện tử,UCPta6cGOZXg0UjGRhONs5XA,hands,tv-power-electronics-repair,wave1,2026-09-14,scraper,512
https://www.youtube.com/@dientunganquang,@DIENTUNGANQUANG,Điện tử Ngân Quang ,1160,133,4,Explicitly focused on TV screen/electronics repair per description.,sửa chữa điện tử,UCqm689DTpg-KP2eeffYezSA,hands,tv-power-electronics-repair,wave1,2026-09-14,scraper,133
https://www.youtube.com/@dientunhan,@DientuNhan,Điện Tử Nhàn,279,126,4,"Vlog documenting real restoration/repair of electronics and appliances, thin but on-topic description.",sửa amply,UCIstyjQecFXxLJJ3ivOJ3Zg,hands,tv-power-electronics-repair,rest1,2026-09-14,scraper,126
https://www.youtube.com/@dientuthanhphat,@dientuthanhphat,Điện Tử Thành Phát,14000,259,4,"Electronics channel sharing TV faults, screen replacement and panel work for LCD/LED TVs.",sửa tivi,UC4GiLIGX_FMofKdOmYkvIBQ,hands,tv-power-electronics-repair,wave1,2026-09-14,scraper,259
https://www.youtube.com/@dimasho5896,@dimasho5896,Dimasho,10500,234,4,Radio electronics repair and assembly channel showcasing device repairs and reviews.,ремонт усилителя,UC1013l96dDDlshHEll4DKuQ,hands,tv-power-electronics-repair,rest1,2026-09-14,scraper,234
https://www.youtube.com/@diodegonewild,@DiodeGoneWild,DiodeGoneWild,249000,614,4,Popular electronics teardown/repair channel covering power supplies and hobby electronics with hands-on fixes.,LED driver repair | تعمیر منبع تغذیه,UCQak2_fXZ_9yXI5vB_Kd54g,hands,tv-power-electronics-repair,rest1,2026-09-14,scraper,614
https://www.youtube.com/@dipranjanelectronics,@DipranjanElectronics,Dip Ranjan Electronics,25500,333,4,"Personal repair shop channel teaching electronics repair, claims real footage of own shop work.",SMPS repair tutorial | electronics repair shop,UCRYe_d86IDDhwQJBsej1pLQ,hands,tv-power-electronics-repair,rest1,2026-09-14,scraper,333
https://www.youtube.com/@dirceudicastv,@dirceudicastv,DIRCEU DICAS TV,43400,252,4,"Long-running TV repair tips channel showing defect, part replacement and final result of repairs.",conserto de TV LED,UCAD8Cu31KGTaxUmyYsrtPig,hands,tv-power-electronics-repair,wave1,2026-09-14,scraper,252
https://www.youtube.com/@ditoservis,@Ditoservis,DITO SERVIS,906,164,4,"Repair of various electronic equipment channel, thin description but clearly repair-focused.",servis amplifier,UCcOTX-m4Fz2LO2IxYJRKuGQ,hands,tv-power-electronics-repair,rest1,2026-09-14,scraper,164
https://www.youtube.com/@dkelectronicworks,@DkElectronicworks,Dk Electronic's work,8470,158,4,"Audio amplifier repair channel covering power amplifier, wiring, TV, speaker repair topics.",home theater amplifier repair,UCuG69W3AVt5ssWLml81jnXg,hands,tv-power-electronics-repair,rest1,2026-09-14,scraper,158
https://www.youtube.com/@dmitriylev8818,@dmitriylev8818,Dmitriy Lev ремонт радиоэлектроники и не только,3610,72,4,"Russian radioelectronics repair channel for TVs and power supplies, consultation-focused description suggests real repair content.",ремонт телевизоров | ремонт блоков питания,UCmiWRsY7-SKJ9Kj3b_AkLAQ,hands,tv-power-electronics-repair,trial100,2026-09-14,scraper,72
https://www.youtube.com/@doanquoctuan678,@DoanQuocTuan678,ký thuật sửa chữa điện tử _ điện tử đam mê ,108,144,4,"Electronics repair skills-sharing channel, dedicated to technical repair knowledge.",sửa chữa điện tử,UCSVPjWpDhkprjS1fq4TzoSA,hands,tv-power-electronics-repair,wave1,2026-09-14,scraper,144
https://www.youtube.com/@donizeteaparecidodacunha3608,@donizeteaparecidodacunha3608,Mestre da eletrônica ,25000,380,4,"Basic electronics channel with TV and microwave repair tips, SMD resistor reading, practical defect fixes.",conserto de TV LED,UC0RVkbXWUIBLc-ceNO942vQ,hands,tv-power-electronics-repair,wave1,2026-09-14,scraper,380
https://www.youtube.com/@dr-electro7,@Dr-Electro7,Dr Electro,482,52,4,"Professional electronics repair channel with training school, sharing repair knowledge and tips, education-oriented but repair-focused.",réparation télévision,UC8tP5drFuzDhiCCZ9ONN70A,hands,tv-power-electronics-repair,wave1,2026-09-14,scraper,52
https://www.youtube.com/@dropedriguez8718,@dropedriguez8718,PEDRO RODRÍGUEZ. P. R ELECTRÓNICA.,534,117,4,Power amplifier and audio console repair and modification technician channel.,reparación de amplificadores,UCnLGw4EvPNjlbOrp01ohmJw,hands,tv-power-electronics-repair,rest1,2026-09-14,scraper,117
https://www.youtube.com/@drunk-master,@drunk-master,ПьяныйМастер,21200,89,4,"Repairs motherboards, video cards and computer power supplies - board-level electronics repair, though PC-focused rather than TV/audio.",ремонт блоков питания,UCN_avCrWLu5y5fP_QZOgEzw,hands,tv-power-electronics-repair,gray_v2,2026-09-14,scraper,89
https://www.youtube.com/@duniaserviselektronik,@duniaserviselektronik,Channel DUNIA SERVIS ELEKTRONIK,43400,312,4,Channel dedicated to teaching audio video electronics service for beginner technicians.,servis amplifier,UCrfm-Yja6UfFHgwfKFkM0TQ,hands,tv-power-electronics-repair,rest1,2026-09-14,scraper,312
https://www.youtube.com/@easyelectronics6517,@easyelectronics6517,Easy electronic worlds,5150,285,4,"Channel explicitly teaches repairing LED TVs and other home appliances, thin but on-topic description.",UPS repair | electronics troubleshooting multimeter board,UCAsyZOgGcC6IiVJCAadzwTQ,hands,tv-power-electronics-repair,rest1,2026-09-14,scraper,285
https://www.youtube.com/@easyskill,@EasySkill,Easy Skill,112000,212,4,"Technician-run channel teaching repair of LED/LCD TVs, power supplies and amplifiers among appliances.",LED TV repairing Urdu,UCVgYj5CQdyiXZJ--5mfW42A,hands,tv-power-electronics-repair,wave1,2026-09-14,scraper,212
https://www.youtube.com/@ecotech3011,@ecotech3011,ECO tech,5690,76,4,Electronics maintenance and training channel name/description directly on-topic though thin.,إصلاح انفرتر,UCHbqHeLntFrFJ7JquURmx4A,hands,tv-power-electronics-repair,rest1,2026-09-14,scraper,76
https://www.youtube.com/@edhardwarelab,@EDHARDWARELAB,EDHARDWARELAB,7160,709,4,"Vintage audio equipment maintenance hobby channel, plainly repair-focused thin bio.",conserto de amplificador,UCyve4nTLF3aN7uDF6ZlureQ,hands,tv-power-electronics-repair,rest1,2026-09-14,scraper,709
https://www.youtube.com/@edsonj95,@edsonj95,Edson Garcia EG-Electronics,16100,66,4,"Technician specializing in audio and video equipment repair, on-topic despite thin/quirky description.",reparación electrónica | صيانة الكترونيات | riparazione TV,UCv5ffMY5qyFRZd0v21sX2KA,hands,tv-power-electronics-repair,gray_v2,2026-09-14,scraper,66
https://www.youtube.com/@edvanrodriguesnewsound,@EdvanrodriguesNewsound,New Sound,28500,223,4,"Channel focused on trackers, switched-mode power supplies and tutorials, aligns well with SMPS repair topic.",conserto de fonte chaveada,UC3OjneraZ86pODGjo5GkoOg,hands,tv-power-electronics-repair,gray_v2,2026-09-14,scraper,223
https://www.youtube.com/@electricaldostyt,@ElectricalDostYt,ElectricalDostYt,450,54,4,"Electrical and electronics repair channel covering CRT/LED TV, amplifier, speaker and power supply with practical demos.",LED TV repairing Hindi,UCMakraCWSKbEVurThoMydig,hands,tv-power-electronics-repair,wave1,2026-09-14,scraper,54
https://www.youtube.com/@electricalrahul-r1k,@ElectricalRahul-r1k,Electrical Hub,339,104,4,"Titles show real amplifier IC repair, home theater board repair and DTH receiver repair work.",home theater amplifier repair,UC5OuBJxkldPdwrAYPJo3g0w,hands,tv-power-electronics-repair,rest1,2026-09-14,scraper,104
https://www.youtube.com/@electricalsearch,@electricalsearch,Electrical search,39200,223,4,"General electrical/electronics repair channel with repair videos, likely covering diverse consumer electronics.",set top box repair,UCgj55SBcwV31A51xXUXB7lw,hands,tv-power-electronics-repair,rest1,2026-09-14,scraper,223
https://www.youtube.com/@electricianelektronik9859,@electricianelektronik9859,Gyan Sagar led tv reparing centar ,4380,176,4,"LED TV repairing center channel, generic subscribe request but name signals bench repair.",LED TV repair | TV repair shop | T-con board repair | TV repair technician,UCZuFnvkRbm1_E7KmJPZO9qQ,hands,tv-power-electronics-repair,gray_v2,2026-09-14,scraper,176
https://www.youtube.com/@electricpointofficial,@ElectricPointOfficial,Electric Point,308000,374,4,Established repair workshop covering LED/LCD TVs and DVD players filmed by certified technician,home theater amplifier repair,UCKS0CXzFIyDQjb1mvFM47LA,hands,tv-power-electronics-repair,rest1,2026-09-14,scraper,374
https://www.youtube.com/@electrigraph,@Electrigraph,Electrigraph,499,122,4,"Repairs power supplies, LED lights, audio systems and Bluetooth speakers per description.",SMPS repair tutorial | electronics repair shop,UCx7BlN8-Yi3TUfkP4PHmEFA,hands,tv-power-electronics-repair,rest1,2026-09-14,scraper,122
https://www.youtube.com/@electro-master73,@electro-master73,ELECTRO-MASTER TECH,1850,171,4,"Bench channel covering SMPS, inverters, MOSFETs, multimeter/oscilloscope troubleshooting with step-by-step repair tutorials.",electronics repair | power supply repair | SMPS repair | inverter repair,UCCemrCG1yfKsIfH0IJq1PyA,hands,tv-power-electronics-repair,wave1,2026-09-14,scraper,171
https://www.youtube.com/@electro4,@electro4,قناة السعدني للالكترونيات,47900,403,4,"Explicit TV, CRT and receiver electronics repair teaching channel matching bench-repair topic well.",صيانة الكترونيات,UCRVmpkkOq5v6x8g_74fmIsA,hands,tv-power-electronics-repair,wave1,2026-09-14,scraper,403
https://www.youtube.com/@electrogyan97,@ElectroGyan97,𝐄𝐋𝐄𝐂𝐓𝐑𝐎_𝐆𝐘𝐀𝐍_𝟗𝟕,2470,108,4,"Electrical/electronics repair, wiring and inverter-building channel with transformer winding titles showing hands-on work.",SMPS repair tutorial,UCNccit3M9jEf__61lUUxBuQ,hands,tv-power-electronics-repair,rest1,2026-09-14,scraper,108
https://www.youtube.com/@electrolucho2,@electrolucho2,ELECTROLUCHO,4090,56,4,Workshop channel showing real repairs of appliances and electronic boards with step-by-step diagnostics.,reparación electrónica | conserto de TV LED | T-con board repair,UC3Z_wvp08WXG7-xxb2Y5DDg,hands,tv-power-electronics-repair,gray_v2,2026-09-14,scraper,56
https://www.youtube.com/@electronic4hame,@electronic4hame,غلامرضا درویشی -  الکترونیک ¦ الکما ,36300,374,4,"Titles show real UPS troubleshooting, capacitor testing, car amplifier repair with multimeter measurements.",تعمیر منبع تغذیه,UCQuAFdhAWjYx1QgLOv7YsSQ,hands,tv-power-electronics-repair,rest1,2026-09-14,scraper,374
https://www.youtube.com/@electronic7979,@electronic7979,electronic workshop,66200,197,4,"Electronic circuit board and PCB repair channel with fault-finding videos, though mixed with Arduino/maker projects.",reparación electrónica | LED TV tamiri,UCwQ8PQE-icPPbdO09eBZpqw,hands,tv-power-electronics-repair,wave1,2026-09-14,scraper,197
https://www.youtube.com/@electronicanegotimetutoriales,@electronicanegotimetutoriales,electrónica negó time tutoriales,4490,266,4,"Repair service channel covering fridges, TVs and amplifiers with real repair tutorials implied.",reparación de amplificadores,UCm1trQllvZgCHw2b8iMeJIw,hands,tv-power-electronics-repair,rest1,2026-09-14,scraper,266
https://www.youtube.com/@electronicareymon,@electronicareymon,Electronica Reymon,12000,137,4,"Self-taught repair channel fixing various electrical/electronic appliances, general repair focus likely includes TVs and power devices.",reparación electrónica,UCTu_KHTM6PcC1MsooLxL7KQ,hands,tv-power-electronics-repair,wave1,2026-09-14,scraper,137
https://www.youtube.com/@electronicasancheztutorial8205,@electronicasancheztutorial8205,ELECTRONICA SANCHEZ TUTORIALE ING Roberto Sánchez ,72500,616,4,Dedicated to diagnosing and repairing audio equipment faults with practical technique explanations.,reparación electrónica,UCxHILY6WVFBAitLghcZDZVA,hands,tv-power-electronics-repair,wave1,2026-09-14,scraper,616
https://www.youtube.com/@electronicavargastv1927,@electronicavargastv1927,Electrónica Vargas TV,71600,467,4,"TV repair channel covering LCD/LED panels, power boards and firmware, matches bench repair focus.",reparación de televisores | reparación de fuentes de poder | reparación electrónica,UCNDksY8S2U6mnxcMikjl8vg,hands,tv-power-electronics-repair,wave1,2026-09-14,scraper,467
https://www.youtube.com/@electronicfix,@ElectronicFix,Electronic Fix,557,150,4,"States repairing a wide variety of electronics, plain repair channel with minimal but on-topic description.",electronic repairing,UC51yhGNv5cDwHPshtI7j8Hw,hands,tv-power-electronics-repair,gray_v2,2026-09-14,scraper,150
https://www.youtube.com/@electronicmechanic,@ElectronicMechanic,Electronic Mechanic Malayalam,18200,74,4,"Channel explicitly about Electronics & Electricals with a technician bio, thin but on-topic evidence.",TV repair Malayalam,UCazTgtPd2zkMpbxnk_ejxQw,hands,tv-power-electronics-repair,rest1,2026-09-14,scraper,74
https://www.youtube.com/@electronicrepairingrd9835,@electronicrepairingrd9835,Electronic Repairing R&D,1050,153,4,"Repairs electronic cards, VFDs, inverters, LEDs and LFL burners with troubleshooting focus, fits bench repair well.",electronic repairing,UCbyHrzAViqRysINEWlJPhVw,hands,tv-power-electronics-repair,wave1,2026-09-14,scraper,153
https://www.youtube.com/@electronics-,@electronics-,Electronics remote,1070,63,4,"Car audio equipment repair channel explaining repairs made, clear repair focus.",ремонт усилителя,UCX-_RVEjCF_kxTGGAWDXZHA,hands,tv-power-electronics-repair,rest1,2026-09-14,scraper,63
https://www.youtube.com/@electronicser,@ElectronicsER,Electronics ER,7450,139,4,"Channel explicitly focused on electronics repair videos and tutorials, likely SMPS-related.",electronics repair | SMPS repair tutorial,UC-HMZ1GB7dlwtWBjMganvXA,hands,tv-power-electronics-repair,gray_v2,2026-09-14,scraper,139
https://www.youtube.com/@electronicsguides,@ELECTRONICSGUIDES,ELECTRONICS GUIDE,39400,171,4,"Hindi channel explicitly covering inverter, amplifier, TV, set-top box and battery repair tutorials.",amplifier repair,UCkq4F-vUj6hAcA3j_uevFtg,hands,tv-power-electronics-repair,wave1,2026-09-14,scraper,171
https://www.youtube.com/@electronicshelpcare,@Electronicshelpcare,electronics help care,406000,2115,4,"DIY amplifier build/repair with specific STK IC part numbers, speaker repair content.",electronics repair | amplifier repair,UCbeoDNy2iO6pwGi8cfBXbgA,hands,tv-power-electronics-repair,wave1,2026-09-14,scraper,2115
https://www.youtube.com/@electronicsrepairing786,@electronicsrepairing786,electronics Repairing,1900,206,4,"Name and handle plainly indicate electronics repairing channel, thin description but no drift signals.",electronics repair | electronic repairing,UCb_fFIEj6w9Sl83Nx79iE4Q,hands,tv-power-electronics-repair,gray_v2,2026-09-14,scraper,206
https://www.youtube.com/@electronicssolutionn.s,@electronicssolutionn.s,electronics solution n.s ,217,115,4,"Describes component testing, multimeter/oscilloscope use and circuit board troubleshooting matching bench repair format.",electronics repair,UChbDgUxmvzYM5VqKP3lQh5g,hands,tv-power-electronics-repair,wave1,2026-09-14,scraper,115
https://www.youtube.com/@electronicstotalsolution,@ElectronicsTotalSolution,Electronics Total Solutions,3810,454,4,"Professional audio amplifier, mixer, speaker and IPS repair and servicing center, fits audio electronics repair.",electronics repair,UCfK8z6tgem3wuDRqooXBIZw,hands,tv-power-electronics-repair,wave1,2026-09-14,scraper,454
https://www.youtube.com/@electronicworkshop,@ElectronicWorkshop,Electronic Workshop,10900,168,4,"Electronics repair channel explicitly covering camcorders, TV, LCD and plasma repairs plus automotive electronics.",electronics technician workshop,UCHvOnKxSOqXV99sTV6Ayxqw,hands,tv-power-electronics-repair,rest1,2026-09-14,scraper,168
https://www.youtube.com/@electrorem_,@Electrorem_,Electro _rem,5030,146,4,"Channel bio says repairs of various equipment are posted, fits bench repair topic with thin evidence.",ремонт блоков питания,UCTqqqJQyWiIISypnTSQRrlA,hands,tv-power-electronics-repair,gray_v2,2026-09-14,scraper,146
https://www.youtube.com/@electrorepairhub,@electrorepairhub,Tv Repair & Electronics,116000,575,4,"Hindi-language channel explicitly teaching TV repairing and electronics components, strong topic match.",electronics repair | electronic repairing | TV repair | LED TV repair | LCD TV repair | electronics repair course | LED TV repairing Hindi | réparation télévision,UCjunylRU7EJ0x_OBwVQ_T6A,hands,tv-power-electronics-repair,wave1,2026-09-14,scraper,575
https://www.youtube.com/@electrotechnicc,@electrotechnicc,electrotechnic,4010,71,4,"Repair shop for electronic boards, directly matching bench-level board repair scope.",تعمیر تلویزیون,UCjh7oBY8bCRXhmmxBT2ly7A,hands,tv-power-electronics-repair,wave1,2026-09-14,scraper,71
https://www.youtube.com/@electrotubetv,@electrotubetv,Electrotube tv,40500,62,4,Dedicated TV and audio electronics repair channel with step-by-step tutorials described.,reparación de televisores | reparación electrónica,UC2A9lhsfHljaaekyNuZ9AUQ,hands,tv-power-electronics-repair,wave1,2026-09-14,scraper,62
https://www.youtube.com/@elektronika_samodelki_remont,@Elektronika_Samodelki_Remont,Электроника Самоделки Ремонт,6560,515,4,"Radio engineer channel repairing electronics using ESR meter, thermal imager, oscilloscope, strong bench repair signals.",ремонт блоков питания,UCYTX4IHLSmdzRMO6xr4fNLQ,hands,tv-power-electronics-repair,wave1,2026-09-14,scraper,515
https://www.youtube.com/@elektronikk-service,@elektronikk-service,Elektronikk-Service Johan Helge Bogfjelldal,547,107,4,"Established electronics repair workshop servicing tube amps, radios, tape decks and modern devices.",servis amplifier,UCDKRjynWQijhMOAbzcDIBJg,hands,tv-power-electronics-repair,rest1,2026-09-14,scraper,107
https://www.youtube.com/@eletr%c3%94nicaespacialdenatal,@ELETR%C3%94NICAESPACIALDENATAL,ELETRÔNICA ESPACIAL DE NATAL,106000,415,4,TV maintenance and repair channel with schematics analysis and electronics tips.,conserto de TV LED,UCSBMtPwMdLgX0yjhTHn8tTw,hands,tv-power-electronics-repair,wave1,2026-09-14,scraper,415
https://www.youtube.com/@eletrofixbr,@eletrofixbr,EletroFix BR | Prof. Paulo Roberto ,4360,65,4,Electronics maintenance channel discussing repair techniques and procedures for equipment.,conserto de fonte chaveada,UC-yB8PGl6nQyzR6h5sUOBlw,hands,tv-power-electronics-repair,wave1,2026-09-14,scraper,65
https://www.youtube.com/@eletronicabrothers,@eletronicabrothers,Eletrônica Brothers,152000,164,4,"Practical electronics bench channel with real assembly, testing and diagnostics content.",conserto de fonte chaveada,UCRhqp5ZhJKcblctciqdIQ1w,hands,tv-power-electronics-repair,wave1,2026-09-14,scraper,164
https://www.youtube.com/@eletronicadoricardo1546,@eletronicadoricardo1546,Eletrônica Do Ricardo,1970,119,4,"Specialized technical assistance for high-definition TVs, clear TV repair focus despite thin description.",conserto de TV LED,UCRVVYE8sQFzsH03u_YaYA1g,hands,tv-power-electronics-repair,gray_v2,2026-09-14,scraper,119
https://www.youtube.com/@eletronicarldigital,@eletronicarldigital,Eletronica rldigital,21900,206,4,"Dedicated electronics repair channel covering CRT, LCD, LED, plasma TVs and audio equipment.",conserto de TV LED,UCMXnsHmjY0wnhsHWH5vrWRA,hands,tv-power-electronics-repair,wave1,2026-09-14,scraper,206
https://www.youtube.com/@eliteinverter6264,@eliteinverter6264,Elite Inverter,3520,203,4,Inverter-focused channel name suggests dedicated inverter repair content matching target topic despite thin description.,conserto de fonte chaveada,UC5qfA3UV9pY-8X1UnBgvqwg,hands,tv-power-electronics-repair,gray_v2,2026-09-14,scraper,203
https://www.youtube.com/@elshaddaiaudios.ponneri,@elshaddaiaudios.ponneri,Elshaddai_Pro_Audio_Ponneri,213,83,4,Audio amplifier service center with titles showing specific full-service repairs of DJ amplifiers.,amplifier repair,UCQ29HWpq1Y5fANzwkCQZaqw,hands,tv-power-electronics-repair,wave1,2026-09-14,scraper,83
https://www.youtube.com/@erikselectronicsworkbench,@EriksElectronicsWorkbench,Erik's Electronics Workbench,10600,107,4,"Vintage electronics and audio gear troubleshooting/repair workbench with test equipment, fits bench repair well.",electronics repair,UCYMdZbO0VLgz3nyUnOaQ7aQ,hands,tv-power-electronics-repair,wave1,2026-09-14,scraper,107
https://www.youtube.com/@estalinrodriguez-er1lx,@EstalinRodriguez-er1lx,TVySonidoFix,90,50,4,TV and audio repair channel promising real diagnostics and step-by-step repair solutions.,reparación de televisores,UCX4-USEFjrA1dCaDW8STaaw,hands,tv-power-electronics-repair,wave1,2026-09-14,scraper,50
https://www.youtube.com/@esteam.98,@esteam.98,انجمن تعمیرکاران الکترونیک,4350,200,4,TV mainboard and android monitor repair training with course sales but shows real repair work.,تعمیر تلویزیون,UCtRVpWp9mcYdfyhl6wkqVdQ,hands,tv-power-electronics-repair,gray_v2,2026-09-14,scraper,200
https://www.youtube.com/@etech4045,@etech4045,E tech Tamil ,2690,209,4,"Tamil amplifier assembly and repair channel covering TDA/TPA chips, subwoofer boards, wiring and testing.",TV repair Tamil,UCf-7n2M8iB32BMKeTggNBeQ,hands,tv-power-electronics-repair,wave1,2026-09-14,scraper,209
https://www.youtube.com/@ethiogechtube,@EthioGechTube,Ethio Gech Tube,17200,54,4,"Ethiopian channel teaching LED/LCD TV, refrigerator and washing machine repair, TV repair prominent among appliances.",electronics repair course,UCaCjuCy_d3hFqVvfQ5rWMKA,hands,tv-power-electronics-repair,wave1,2026-09-14,scraper,54
https://www.youtube.com/@expertechfixbd,@Expertechfixbd,Expert Tech fix BD,112,104,4,"Bangla channel details SMPS, LED/LCD TV, inverter, UPS and MOSFET repair with technical troubleshooting focus.",LED TV repair Bangla,UC7uM--uBb_VhcQWzA8pfJkw,hands,tv-power-electronics-repair,wave1,2026-09-14,scraper,104
https://www.youtube.com/@experttvservicecenter,@experttvservicecenter,Expert tv  service center,106,101,4,Dedicated TV service center with titles indicating LED panel repair and service work shown.,ซ่อมทีวี | تعمیر تلویزیون | 电视维修,UCTJiYciTUARyg8i6hRX5QCw,hands,tv-power-electronics-repair,wave1,2026-09-14,scraper,101
https://www.youtube.com/@faheem.fix.lab786,@Faheem.Fix.Lab786,Faheem Fix Lab,59,50,4,"Electronics repair lab covering LED TV, PCB, power supply, motherboard and solar inverter repair.",TV motherboard repair | solar inverter repair,UC7AxKmsvoA6DezDyUlIM_Mw,hands,tv-power-electronics-repair,rest1,2026-09-14,scraper,50
https://www.youtube.com/@familiagenial,@familiagenial,familia genial,70700,331,4,"Broad electronics repair channel covering TVs, SMPS, audio equipment, decoders with tutorial format.",reparación de televisores,UCICicZUCziyOg-GUl6Ht3rg,hands,tv-power-electronics-repair,wave1,2026-09-14,scraper,331
https://www.youtube.com/@fastservicechannel,@fastservicechannel,fast service channel,1030,120,4,"Indonesian channel covering SMPS, power amplifier and electronics repair/build content, strong topic fit.",servis power supply,UCViK6ADmE1oCJvU-DmrQHgQ,hands,tv-power-electronics-repair,rest1,2026-09-14,scraper,120
https://www.youtube.com/@faudios,@Faudios,FARMAN AUDIOS SALEM ,1800,246,4,Amplifier assembly and service shop listing specific ICs/transistors/MOSFETs used in repairs.,servis amplifier,UCPmolWCKLqdKb34Ht4-fdrg,hands,tv-power-electronics-repair,rest1,2026-09-14,scraper,246
https://www.youtube.com/@fendisolder1001,@fendisolder1001,Fendi Solder,2510,90,4,"Channel about assembling mini amplifiers and electronic service, hands-on solder work implied.",servis amplifier,UCthsicLeQ_dHQT6MvyF5XZw,hands,tv-power-electronics-repair,rest1,2026-09-14,scraper,90
https://www.youtube.com/@ferarsa_mohamed,@ferarsa_mohamed, فرارسة محمد  هاوي التجارب العلمية,1820,50,4,"Electronics board maintenance instructor per description, thin evidence but points at repair work.",إصلاح انفرتر,UCIVqL1xai-pn7QOYEoVITmA,hands,tv-power-electronics-repair,rest1,2026-09-14,scraper,50
https://www.youtube.com/@ffz1962,@FFZ1962,FFZ,1210,66,4,"Car amplifier repair and tweaking channel, focused audio electronics bench work.",ремонт усилителя,UCmSXjQQl427kbqW_jtPiXXg,hands,tv-power-electronics-repair,rest1,2026-09-14,scraper,66
https://www.youtube.com/@fixavreceiver,@fixavreceiver,Fix AVReceiver,15300,255,4,"Professional technician servicing amplifiers, AV receivers, TVs and SMD boards, though also does unboxings.",power supply repair | amplifier repair | TV repair Tamil,UCQtOH3tS-9LyqYiD0wZVRZA,hands,tv-power-electronics-repair,wave1,2026-09-14,scraper,255
https://www.youtube.com/@fixrepairtv6450,@fixrepairtv6450,FIX & REPAIR TV,1680,246,4,"Channel dedicated to fixing and repairing LCD/LED TVs, matches bench repair topic directly.",TV repair technician,UCpsQ59dMvjpHd-qvmdaiUGA,hands,tv-power-electronics-repair,rest1,2026-09-14,scraper,246
https://www.youtube.com/@fktechnician,@FKTechnician,FK Technician,1800,161,4,"Electronics repair channel covering CRT/LED TV, amplifier, stabilizer and other repair types with practical focus.",LED TV repairing Hindi,UCIhK2NdN5jtOU2daPOx9log,hands,tv-power-electronics-repair,wave1,2026-09-14,scraper,161
https://www.youtube.com/@fluxcondenser,@FluxCondenser,Flux Condenser Vintage Audio Electronics,19600,172,4,"Vintage audio electronics repair channel covering amplifiers, hifi, radio repair on camera.",electronics repair,UCIXZRccJ-F4C8DgP16g_zqg,hands,tv-power-electronics-repair,wave1,2026-09-14,scraper,172
https://www.youtube.com/@frankenr1,@frankenR1,ТВ Франкенштейн,200,62,4,"Channel explicitly about extreme budget TV repairs, building working sets from broken ones, hands-on bench work implied.",ремонт телевизоров,UCTDQaRQT4ZZUvetA2nIIvrA,hands,tv-power-electronics-repair,wave1,2026-09-14,scraper,62
https://www.youtube.com/@franktv04d,@FrankTV04D,Frank TV,897,62,4,"Channel explicitly restores TVs with budget repair solutions, fits bench electronics repair well.",ремонт телевизоров | réparation télévision,UC4ZMh0XDyvNWi74Bti-RXtA,hands,tv-power-electronics-repair,wave1,2026-09-14,scraper,62
https://www.youtube.com/@froitechtv2605,@froitechtv2605,FCO TECH. TV,2590,82,4,"Repair tutorial channel for consumer electronics appliances, thin but clearly repair-focused description.",TV power board repair,UCS2ZvulcLyeyQsFK2mRRIHw,hands,tv-power-electronics-repair,rest1,2026-09-14,scraper,82
https://www.youtube.com/@fundiwakazi4,@fundiwakazi4,BINTU ELECTRONIC REPAIR,3760,505,4,"Repair channel covering TVs, radios, subwoofers among other electronics, thin but repair-focused bio.",electronics repair | electronic repairing | amplifier repair | Elektronik reparieren,UCfwtnw5M_xE_okeM8uXzXpQ,hands,tv-power-electronics-repair,gray_v2,2026-09-14,scraper,505
https://www.youtube.com/@genomusic_oficial,@genomusic_oficial,Geño Music,26500,261,4,Audio electronics repair tutorials with diagnosis and amplifier repair experience described.,reparación de amplificadores,UCt9kcSofX_hQtu77dOYgQYg,hands,tv-power-electronics-repair,rest1,2026-09-14,scraper,261
https://www.youtube.com/@genova_amplificadores,@Genova_Amplificadores,Pedro Genova (Gênova Eletrônica),997,145,4,Personal channel of longtime audio equipment technician sharing assembly and maintenance work.,conserto de amplificador,UCRYaO0aQoGjUhlQN1U7Jchw,hands,tv-power-electronics-repair,rest1,2026-09-14,scraper,145
https://www.youtube.com/@gerardolopezcursos3820,@gerardolopezcursos3820,gerardo lopez cursos,20100,93,4,Video tutorials and fault tips specifically for LCD/LED/UHD/Plasma TV panel repair.,reparación electrónica,UCdc-iG_hjivG-bFBai1W4-w,hands,tv-power-electronics-repair,wave1,2026-09-14,scraper,93
https://www.youtube.com/@gharehkhani,@gharehkhani,tamirat-tv,222,57,4,"Specialized TV repair shop detailing panel, mainboard, and Android/smart TV chip-level repair services.",تعمیر تلویزیون,UC4o3yw8msz-vcCkP80MXz0Q,hands,tv-power-electronics-repair,wave1,2026-09-14,scraper,57
https://www.youtube.com/@grantspasstvrepair,@GrantsPassTVRepair,Grants Pass TV Repair,90000,297,4,Dedicated TV repair channel focused on hands-on electronic troubleshooting and repair principles.,electronics repair | TV repair | LED TV repair,UCXlofO53L7wDIvyVI5ty10Q,hands,tv-power-electronics-repair,wave1,2026-09-14,scraper,297
https://www.youtube.com/@gs-vinoth,@GS-vinoth,VINVID PCB SERVICE ,46,65,4,"PCB service channel name suggests board-level repair work, thin evidence but on-topic.",servis power supply,UCmldH6KGEwXnY70HJ9gj7Eg,hands,tv-power-electronics-repair,rest1,2026-09-14,scraper,65
https://www.youtube.com/@hamzatvchowkazam36,@hamzatvchowkazam36,Hamza Electronics chowk azam ,1980,121,4,"Solar and hybrid inverter repairing channel with practical repair focus in Urdu, thin but on-topic.",solar inverter repair,UCm9sEKHRIlnC0r2_T3fEPOw,hands,tv-power-electronics-repair,rest1,2026-09-14,scraper,121
https://www.youtube.com/@hansdasilvalusitano,@HANSDASILVALUSITANO,HDS (HANS DA SILVA),32100,287,4,"Electronics repair channel by same technician, generic description but on-topic name.",reparación de televisores,UCjzORrX6P1S4uygMu7VLNRQ,hands,tv-power-electronics-repair,gray_v2,2026-09-14,scraper,287
https://www.youtube.com/@harikishanelectroniclab123,@harikishanelectroniclab123,𝐇𝐚𝐫𝐢𝐤𝐢𝐬𝐡𝐚𝐧 𝐄𝐥𝐞𝐜𝐭𝐫𝐨𝐧𝐢𝐜 𝐋𝐚𝐛,2010,101,4,"Dedicated electronics repair lab channel covering LED/LCD TV, home theatre and Bluetooth speaker repairs.",monitor repair,UCRAEX3UUeh01jaWJSlKqK5g,hands,tv-power-electronics-repair,wave1,2026-09-14,scraper,101
https://www.youtube.com/@havingfunrepairs,@HavingFunRepairs,Having Fun Repairs,2870,240,4,"Repairs odd electronics including RF equipment for customers, hands-on repair format described.",amplifier repair,UCpSQw8XAYsVqcly-iOK2bBg,hands,tv-power-electronics-repair,gray_v2,2026-09-14,scraper,240
https://www.youtube.com/@helloelectronicswork,@HelloElectronicswork,"Hello~Electronic's ""work""",333,52,4,"Electronics PCB problem-solving shop channel, thin description but clearly repair-focused.",solar inverter repair,UCuASfZiFUQ3Z1jku5KsA4VQ,hands,tv-power-electronics-repair,rest1,2026-09-14,scraper,52
https://www.youtube.com/@hiteshpanchal_2419,@HiteshPanchal_2419,H A ELECTRONICS,1500,54,4,"LED/OLED TV panel repair and bonding channel, directly matches TV panel-level repair scope.",electronics repair,UCny9vovG_0IccLOJBrGr9AA,hands,tv-power-electronics-repair,wave1,2026-09-14,scraper,54
https://www.youtube.com/@hk_electronics_jaipur,@hk_electronics_jaipur,Hk Electronics Jaipur ,2620,112,4,"Practical videos on electronics repairing, fault finding, PCB, LED TV, SMPS and audio testing.",SMPS repair,UCQf3DrlbIr7bVQR77q16cAQ,hands,tv-power-electronics-repair,wave1,2026-09-14,scraper,112
https://www.youtube.com/@hoa98-amthanhso99,@hoa98-amthanhso99,Hoà 98 - Sửa vang số chuyên nghiệp ,5060,1774,4,"Dedicated audio device repair channel (vang số, crossover, controller repair) with shop bio and Zalo contact.",sửa nguồn xung,UCDsokxqDMhIzs2gnavCbrpg,hands,tv-power-electronics-repair,rest1,2026-09-14,scraper,1774
https://www.youtube.com/@hoangluu93,@hoangluu93,điện tử hà lưu,1290,62,4,"Electronics knowledge-sharing channel, thin description but on-topic for repair.",sửa tivi | sửa chữa điện tử | sửa nguồn xung,UCREeCz2MycamCzmu6MJ9UnQ,hands,tv-power-electronics-repair,gray_v2,2026-09-14,scraper,62
https://www.youtube.com/@how-2-dotcom,@How-2-DotCom,How To Dot Com ,6860,98,4,"Channel created to teach electronic equipment repair, thin but clearly repair-focused description.",T-con board repair,UCBfF2qRQNV__n6i_28XVrHg,hands,tv-power-electronics-repair,rest1,2026-09-14,scraper,98
https://www.youtube.com/@hrservices32,@HRservices32,Hr. Amplifier Services,127,53,4,"Amplifier services name with no description, thin evidence but name points directly to repair.",servis amplifier,UCjBXqcC-JJ_p2GcwDY3ylGg,hands,tv-power-electronics-repair,rest1,2026-09-14,scraper,53
https://www.youtube.com/@huybao963,@huybao963,Điện tử Huy Bảo,3100,241,4,"Vietnamese electronics/amplifier repair channel sharing repair know-how, thin but on-topic evidence.",sửa chữa điện tử | sửa amply,UC9cWj7QKM6_FMOuBbCc3Pqw,hands,tv-power-electronics-repair,gray_v2,2026-09-14,scraper,241
https://www.youtube.com/@ibaelectronics7985,@ibaelectronics7985,iba electronics • 90k views • 19hours ago ,2820,128,4,"LCD/LED/CRT TV, home theater, speaker, amplifier and appliance repair videos with demo/knowledge sharing.",electronics repair,UCjrZeC-WBjylZ5yH_Wk5Yfg,hands,tv-power-electronics-repair,wave1,2026-09-14,scraper,128
https://www.youtube.com/@idletech-zr8cq,@IDLETECH-zr8cq,IDLETECH1,1900,50,4,"Technician channel covering LED TV repair, inverter welding machines, refrigeration and audio amplifier repair tips.",réparation télévision,UC8hh7FHUD1bOrPFccj5avcw,hands,tv-power-electronics-repair,wave1,2026-09-14,scraper,50
https://www.youtube.com/@idolaservischannel,@IdolaServisChannel,Idola Servis Channel,13300,130,4,"Documents daily repair work on TVs, LCD/LED, fridges and washing machines, described as real recorded jobs.",servis TV LED,UC661QHz5P9upcgC1xSibnJw,hands,tv-power-electronics-repair,wave1,2026-09-14,scraper,130
https://www.youtube.com/@ientuquoccuong,@ienTuQuocCuong,Điện Tử Quốc Cường,5810,82,4,Channel explicitly posts videos during electronics device repair process sharing bench experience.,sửa chữa điện tử,UCgyOAiCG7vpp3R68mVMYNSA,hands,tv-power-electronics-repair,wave1,2026-09-14,scraper,82
https://www.youtube.com/@ientutuankhang650,@ientutuankhang650,điện tử tuấn khang,14900,163,4,"Channel guides repair and use of TVs, amplifiers and speakers, matching audio/TV electronics repair focus.",sửa chữa điện tử,UCqYoduycnrtBMafCnbxsd0A,hands,tv-power-electronics-repair,wave1,2026-09-14,scraper,163
https://www.youtube.com/@ientuvinhnguyen,@ientuvinhnguyen,Vinh Nguyen electronics,24500,185,4,"Vietnamese channel specialized in electrical/electronic device repair clips, matches SMPS repair keyword.",sửa chữa điện tử | sửa nguồn xung,UCQopn1CYKhE43D-oXpnCg6g,hands,tv-power-electronics-repair,gray_v2,2026-09-14,scraper,185
https://www.youtube.com/@igorrostov1,@igorrostov1,RemOnTime,749,61,4,Dedicated amplifier repair service channel accepting nationwide shipments for repair.,ремонт усилителя,UCbfu6Rml7N5sTzsBF8rGYMg,hands,tv-power-electronics-repair,rest1,2026-09-14,scraper,61
https://www.youtube.com/@indetail-repair,@Indetail-repair,Indetail-repair,553,78,4,"Dedicated audio equipment repair channel covering mixers, power amplifiers and speakers with practical repair focus.",amplifier repair,UC2gEhB_K-mwwIgFwOI_0GuQ,hands,tv-power-electronics-repair,wave1,2026-09-14,scraper,78
https://www.youtube.com/@ing.estanislaovalencia.tutoria,@ing.estanislaovalencia.tutoria,Ing. Estanislao Valencia. Tutoriales,3300,63,4,"Repair, maintenance, design, fabrication tutorials for professional audio and lighting equipment, thin but on-topic.",reparación de amplificadores,UCS1bFBXAXwjz3zEjzmmzIfQ,hands,tv-power-electronics-repair,rest1,2026-09-14,scraper,63
https://www.youtube.com/@instructivaeletr%c3%b4nica,@InstructivaEletr%C3%B4nica,Escola Instructiva ,156000,1205,4,Electronics training school specializing in solar inverter and equipment maintenance courses.,conserto de fonte chaveada,UCaIrKTzxU7PNBDasieAyHHg,hands,tv-power-electronics-repair,wave1,2026-09-14,scraper,1205
https://www.youtube.com/@inverterbatteryexpert,@InverterBatteryExpert,Inverter Battery Expert,1240,78,4,Dedicated inverter and battery repair channel with step-by-step DIY repair tips format.,inverter repair,UCrlb3QK0Tg51vpPraIFjMDQ,hands,tv-power-electronics-repair,wave1,2026-09-14,scraper,78
https://www.youtube.com/@inverterdoctor101,@InverterDoctor101,Inverter Doctor 101,41,84,4,"Specialist channel for solar inverter and MPPT repair, aligns closely with bench repair topic.",inverter repair,UCLg2Wk1I3cwG6FeSgXdsYBA,hands,tv-power-electronics-repair,wave1,2026-09-14,scraper,84
https://www.youtube.com/@inverterrepairshop,@inverterrepairshop,Solar inverter repair shop,374,150,4,"Dedicated solar inverter repairing videos channel, clear topic match though description is business-style.",inverter repair,UC-3_sotWYPHUvo4JE16O78A,hands,tv-power-electronics-repair,wave1,2026-09-14,scraper,150
https://www.youtube.com/@invertersoulationv.k.9186,@invertersoulationv.k.9186,INVERTER  SOLUTION (V. K.),5860,258,4,"Channel dedicated to repairing all types of inverters, fits power electronics repair bench focus.",inverter repair | solar inverter repair | UPS repair,UC_JVApLPv4H_v6voSSmOuAg,hands,tv-power-electronics-repair,gray_v2,2026-09-14,scraper,258
https://www.youtube.com/@isdeno24,@IsDeno24,IsDeno24,24800,173,4,"Explicitly describes step-by-step circuit repair videos, fitting bench electronics repair format.",Fernseher reparieren,UCMZuiGdFL1GQjT7htoeeDzg,hands,tv-power-electronics-repair,wave1,2026-09-14,scraper,173
https://www.youtube.com/@itoinfoo,@ITOinfoo,ITOinfoo,118000,453,4,"DIY electronics repair channel covering computers, monitors, TVs and appliances without professional tools, mostly hands-on repair.",ремонт усилителя,UCF4ZMkclZ076oudQnLITUMQ,hands,tv-power-electronics-repair,rest1,2026-09-14,scraper,453
https://www.youtube.com/@ivelinvasilev9075,@ivelinvasilev9075,Ivelin Vasilev,44,50,4,"Repairs car audio head units (Becker, BMW, Land Rover systems) with named jobs.",ремонт усилителя,UC53ry77hy9DtffGrKYxBaKA,hands,tv-power-electronics-repair,rest1,2026-09-14,scraper,50
https://www.youtube.com/@jairovamosconsertar,@jairovamosconsertar,jairo vamos consertar?,1790,60,4,"Channel dedicated to guidance and repair of electronics, plainly a repair-focused bio.",conserto de amplificador,UCtY3wHqIVGj7F4MoRpjJDTg,hands,tv-power-electronics-repair,rest1,2026-09-14,scraper,60
https://www.youtube.com/@jandilsob,@jandilsob,Tectronica Manutenção,3720,57,4,"Repair shop covering TV, sound systems, amplifiers, microwave boards - strong overlap with target electronics repair.",conserto de TV LED | conserto de amplificador,UC9IiT-K7YO0mNc-lD-pPRzQ,hands,tv-power-electronics-repair,gray_v2,2026-09-14,scraper,57
https://www.youtube.com/@jardinia,@Jardinia,لخبطيطة,4620,437,4,"Hobbyist repair technician restoring faulty vintage radios and cassette recorders, aligns with audio electronics repair.",صيانة الكترونيات,UCdhTaftoEZ2rpVN9CFPTQIg,hands,tv-power-electronics-repair,gray_v2,2026-09-14,scraper,437
https://www.youtube.com/@jasbirelectronics,@jasbirelectronics,Jasbir Electronics,28400,448,4,LED/LCD TV and android board repair channel with clear repair-focused description.,T-con board repair,UCJzcXRtaVAchP7eWvN7hXuQ,hands,tv-power-electronics-repair,rest1,2026-09-14,scraper,448
https://www.youtube.com/@jcgilcruz4523,@jcgilcruz4523,jcgil cruz,4240,158,4,"Tutorial channel on inverter and amplifier repair, component identification and transformer winding.",reparación de amplificadores | reparación de inversores,UCqf1OLffn5I2rjbzPh5hO5g,hands,tv-power-electronics-repair,rest1,2026-09-14,scraper,158
https://www.youtube.com/@jhonatanberbesi,@JhonatanBerbesi,Jhonatan Berbesi,113000,133,4,"Repairs TVs, monitors, UPS and stereo equipment alongside electrical design services.",conserto de inversor,UChAKxtMBzOFtZNmecwTA0IQ,hands,tv-power-electronics-repair,rest1,2026-09-14,scraper,133
https://www.youtube.com/@jibintechmedia,@jibintechmedia,JIBIN TECH MEDIA,3270,368,4,Malayalam electronics repairing channel with thin but clear repair-focused bio.,subwoofer amplifier repair,UCf7tUKUZePQdiELXjqyG96w,hands,tv-power-electronics-repair,rest1,2026-09-14,scraper,368
https://www.youtube.com/@jiyabulmandal-x8w,@JiyabulMandal-x8w,SMART PCB REPAIR ,113,73,4,"PCB repair channel covering LED TV, SMPS and appliance boards with practical repairing videos in Bengali.",SMPS repair,UCq90Ya0RfosotT24P3mGEKA,hands,tv-power-electronics-repair,gray_v2,2026-09-14,scraper,73
https://www.youtube.com/@jk_service,@JK_Service,JK SERVICE,4900,116,4,"Thin bio naming LED TV repair types, default plain repair channel signal.",TV repair | LED TV repair | LCD TV repair | sửa tivi | ซ่อมทีวี | تعمیر تلویزیون | 电视维修 | T-con board repair | naprawa telewizora | TV 수리 | テレビ修理 | TV repair technician,UC9aBVhlfWar6PYNFnrACh3Q,hands,tv-power-electronics-repair,gray_v2,2026-09-14,scraper,116
https://www.youtube.com/@jkdjkakasinghamplifierands5787,@jkdjkakasinghamplifierands5787,JK DJ KAKA Singh Amplifier and speaker Repair,3910,536,4,Amplifier and speaker repair channel name directly matches bench repair topic.,amplifier repair,UC51ohWSWqLrO74xSG7gZTDA,hands,tv-power-electronics-repair,wave1,2026-09-14,scraper,536
https://www.youtube.com/@jktechnical638,@jktechnical638,JK technical,725,75,4,"DJ amplifier and sound box repair ideas channel, matches audio electronics repair bench focus.",SMPS repair,UC-QG_k3eBIxYsIzjTfM-QaQ,hands,tv-power-electronics-repair,gray_v2,2026-09-14,scraper,75
https://www.youtube.com/@joacymamplifier8845,@joacymamplifier8845,JOACYM AMPLIFIER,10500,228,4,"Electronic technician specializing directly in amplifier repair, clear on-topic name and bio.",reparación de amplificadores,UC5gIvmb88ncvaqXNq6RUFbw,hands,tv-power-electronics-repair,rest1,2026-09-14,scraper,228
https://www.youtube.com/@joaoaugusto2211,@joaoaugusto2211,joão augusto,37700,385,4,"Tutorials on repairing amplifiers, speakers, power modules and mixing consoles.",conserto de amplificador,UCNR4rceY49W0oJq7iPjnAmg,hands,tv-power-electronics-repair,rest1,2026-09-14,scraper,385
https://www.youtube.com/@joaoteceletronica4978,@joaoteceletronica4978,João Tec Eletrônica​,2870,156,4,General electronics repair channel claiming to show all types of repairs on various equipment.,conserto de amplificador,UC7mNRpx-KT9PSZe9oyr__LQ,hands,tv-power-electronics-repair,rest1,2026-09-14,scraper,156
https://www.youtube.com/@joeytechph,@JoeyTECHPH,Joey TECH PH,82000,420,4,Filipino channel teaching repair of LED/CRT TVs and other electronics appliances with hands-on instructional focus.,LED TV repair | LCD TV repair | تعمیر تلویزیون | 电视维修,UCP_vAhYIIzm5qBS6ShvN98Q,hands,tv-power-electronics-repair,wave1,2026-09-14,scraper,420
https://www.youtube.com/@johnaudiotech,@JohnAudioTech,JohnAudioTech,66700,604,4,"Electronics DIY and repair channel, could include amplifier and board-level repair work.",amplifier repair,UC8SPQG7er2RJhz4E8xvFEtw,hands,tv-power-electronics-repair,wave1,2026-09-14,scraper,604
https://www.youtube.com/@johnllenavlog3405,@johnllenavlog3405,DIY repair Amplifier Tech,665,63,4,"DIY amplifier repair tech channel name, informal description but points to bench amplifier repair.",amplifier repair,UC9V9-sfH70NELxo5gbUfitQ,hands,tv-power-electronics-repair,gray_v2,2026-09-14,scraper,63
https://www.youtube.com/@jojonelektronik,@Jojonelektronik,Jojon elektronik ,12000,133,4,Channel focused on power amplifier class D modification and service with contact for repairs.,servis amplifier,UCw3UquPq25RmxKf3zIRjspg,hands,tv-power-electronics-repair,rest1,2026-09-14,scraper,133
https://www.youtube.com/@jonasbasczask,@JonasBasczask,Jonas Basczask Conserto de Inversores Solar,6010,149,4,"Dedicated solar inverter repair technician channel, on-topic for power electronics bench repair.",reparación de fuentes de poder | reparación de inversores | conserto de inversor,UCNOWTEBMar_spdnOkuEnR0w,hands,tv-power-electronics-repair,gray_v2,2026-09-14,scraper,149
https://www.youtube.com/@jonathandasilvavzla,@jonathandasilvavzla,Tecnodas Electrónica,1120,99,4,Technician sharing board-level electronic repair experiences and fault diagnosis on service jobs.,reparación electrónica,UCaVv5obrR0z039C4uW394Nw,hands,tv-power-electronics-repair,wave1,2026-09-14,scraper,99
https://www.youtube.com/@joshi_electronics,@Joshi_electronics,Joshi Electronics & Sound Service,93,107,4,Electronics and sound service channel with regular repair videos on amplifiers and audio systems.,servis amplifier,UCfCAB89X_8a7cAjOBnTPbrQ,hands,tv-power-electronics-repair,rest1,2026-09-14,scraper,107
https://www.youtube.com/@juanitoseme,@JuanitoSeme,SEMTECH Electronic repair and learning,26,88,4,"Covers power supply, motherboard, PC, laptop and amplifier repair with diagnostic and no-output troubleshooting content.",power supply repair | SMPS repair | monitor repair,UCNx7fmVrHv4n0zRe8noSOfA,hands,tv-power-electronics-repair,wave1,2026-09-14,scraper,88
https://www.youtube.com/@juanmivoltronic,@JuanmiVoltronic,Juanmi Voltronic 🔧,808,66,4,"Dedicated to Voltronic inverter repair with 16 years experience claimed, thin but on-topic bio.",reparación de inversores,UCdtX9Y5-ZfVkZlVi_78OH6A,hands,tv-power-electronics-repair,rest1,2026-09-14,scraper,66
https://www.youtube.com/@jwalatechnical1565,@jwalatechnical1565,JWALA TECHNICAL & vilog,3800,445,4,"Hindi channel on amplifier, speaker, PCB and subwoofer technical/repair videos.",amplifier repair | subwoofer amplifier repair,UCxGeNmJIiQypC2-GwVkC5-g,hands,tv-power-electronics-repair,gray_v2,2026-09-14,scraper,446
https://www.youtube.com/@k9recuperacion-g2e,@k9Recuperacion-g2e,K-9 RECUPERACIÓN ELECTRÓNICA ,12400,221,4,Dedicated audio equipment repair channel diagnosing and fixing home and professional audio gear faults.,reparación electrónica,UCZ3kEnq_J8fdDlPqL9kFGcw,hands,tv-power-electronics-repair,wave1,2026-09-14,scraper,221
https://www.youtube.com/@kaishtecnical,@Kaishtecnical,Kaish tecnical ,319,60,4,Dedicated LED TV repairing channel covering power supply boards and backlight/panel troubleshooting tutorials.,TV power board repair,UC7YLf15YjUEtdSBGPVr4H-w,hands,tv-power-electronics-repair,rest1,2026-09-14,scraper,60
https://www.youtube.com/@kalyankushwaha5185,@kalyankushwaha5185,Golu electronics repairing centre lab,456,260,4,"Electronics repairing centre name suggests bench repair work, thin evidence but plausible fit for repair channel.",electronics repair | electronic repairing | LED TV no power repair,UCqnCnvYe7aB05YkvRpAufcQ,hands,tv-power-electronics-repair,rest1,2026-09-14,scraper,260
https://www.youtube.com/@karata%c5%9fl%c4%b1elektronik,@Karata%C5%9Fl%C4%B1elektronik,Karataşlı elektronik ,724,54,4,"Electronic card repair, fault diagnosis, white goods and industrial device repair channel with practical focus.",elektronik tamir,UC957FM5t6a7iJCG37K08spQ,hands,tv-power-electronics-repair,rest1,2026-09-14,scraper,54
https://www.youtube.com/@karimimohamed,@karimimohamed,karimi electronic قناة كريمي للإلكترونيات,254000,1254,4,"Arabic channel dedicated to electronic device repair, found via LED screen repair keyword.",electronics repair | تصليح شاشات LED | réparation électronique,UCNXkSlEFhLYV8TpMb0J-69A,hands,tv-power-electronics-repair,gray_v2,2026-09-14,scraper,1254
https://www.youtube.com/@karotechnic,@KAROTECHNIC,کاروتکنیک,988,161,4,"Hardware repair training for monitors, TVs, LED/LCD panels with credentials, clear bench repair focus.",تعمیر تلویزیون,UCtDRAZ4fAeakockYdhfHZTg,hands,tv-power-electronics-repair,gray_v2,2026-09-14,scraper,161
https://www.youtube.com/@kartiktvwala,@KartikTvWala,Kartik Tv Wala,368,56,4,"Name suggests TV repair technician (""Tv Wala""), thin description but plausible bench repair channel.",CRT TV repair,UC58aJ-evHubqT-w9Di55pBA,hands,tv-power-electronics-repair,rest1,2026-09-14,scraper,56
https://www.youtube.com/@kdeletronics3940,@kdeletronics3940,KD ELETRONIC'S EDUCATION,5420,277,4,Sound system/amplifier/home theater channel framed as educational repair content.,home theater amplifier repair | subwoofer amplifier repair,UC-rYPh3iLxMK3Wc2YvNZq9g,hands,tv-power-electronics-repair,rest1,2026-09-14,scraper,277
https://www.youtube.com/@keklikelektronik,@keklikelektronik,KEKLIK ELEKTRONIK,361,195,4,"Repairs boiler cards, white goods, TVs, power supplies, laptops and industrial cards — broad electronics repair bench.",elektronik tamir,UCsxR3v8OjEaudHK6Tbh4E0Q,hands,tv-power-electronics-repair,rest1,2026-09-14,scraper,195
https://www.youtube.com/@kgaudiosbhavani3008,@kgaudiosbhavani3008,KG AUDIOS BHAVANI,1520,191,4,Audio amplifier and board repair channel with educational repair focus.,subwoofer amplifier repair,UCqgbX9rkgvGAepSSH2XhMVA,hands,tv-power-electronics-repair,rest1,2026-09-14,scraper,191
https://www.youtube.com/@khadadorna,@Khadadorna,Shambhu Electronics Sitapur,8060,188,4,"Electronics shop name suggesting repair work, thin description but plausible bench repair channel.",electronics repair shop,UCwi_j8MqHPPoUUUKJng25ag,hands,tv-power-electronics-repair,rest1,2026-09-14,scraper,188
https://www.youtube.com/@kklast,@kklast,SDE Elettronica,4580,79,4,"Electronics repair shop fixing circuit boards, smartphones and TVs, thin but relevant description.",riparazione TV,UCZqwoFHNxSF_O1_0aynqndQ,hands,tv-power-electronics-repair,rest1,2026-09-14,scraper,79
https://www.youtube.com/@knowledge9962,@knowledge9962,Led& Lcd Repairing.799k Views.4 hours ago...,1690,82,4,LED/LCD repairing center channel name strongly suggests bench repair videos despite thin description.,LED TV repairing Hindi,UCActSZkUUxLcjoNgMuQ4mtQ,hands,tv-power-electronics-repair,wave1,2026-09-14,scraper,82
https://www.youtube.com/@kondensatorschaden,@kondensatorschaden,Kondensatorschaden,63400,146,4,"Dedicated repair channel targeting capacitor failures in electronics, tinkering and repair focus.",Fernseher reparieren,UC4gZL2MfR8jF8iJ2zYFuF-Q,hands,tv-power-electronics-repair,wave1,2026-09-14,scraper,146
https://www.youtube.com/@koushikrepairingvlog,@koushikrepairingvlog,koushik repairing vlog,206,229,4,"Amplifier, sound system and induction repair channel with real troubleshooting focus.",home theater amplifier repair,UC0SU-MNynF-vYaq42ZKqPkA,hands,tv-power-electronics-repair,rest1,2026-09-14,scraper,229
https://www.youtube.com/@kreatoramplifier,@kreatoramplifier,KREATOR AMPLIFIER,5000,122,4,"Power amplifier electronics tutorial channel, likely shows hands-on assembly/repair work.",servis amplifier,UCkn-0k8qfGJ1ARIlLCZi4kQ,hands,tv-power-electronics-repair,rest1,2026-09-14,scraper,122
https://www.youtube.com/@krishexperiment-g1d,@KRISHEXPERIMENT-g1d,KRISH EXPERIMENT,328,128,4,Home theater/speaker repair channel with multimeter testing and DIY electronics repair content described.,home theater amplifier repair,UCZ3RprQUTAB9tc6OLbZdAIQ,hands,tv-power-electronics-repair,rest1,2026-09-14,scraper,128
https://www.youtube.com/@krishnaelectronicbajana,@Krishnaelectronicbajana,Krishna_Electronic_Bajna,133,50,4,TV/LED/SMPS/DJ amplifier repair training channel with practical electronics repair focus.,LED driver repair,UC23wg1N8Tif31LVRE7tAajw,hands,tv-power-electronics-repair,rest1,2026-09-14,scraper,50
https://www.youtube.com/@krishnaelectronics-8426,@Krishnaelectronics-8426,krishna Electronics8426,504,98,4,"Hindi electronics channel aimed at teaching electronics-line viewers, name suggests bench repair education content.",电视维修,UC7nNPZWqlxj7XKT0FOQx5rw,hands,tv-power-electronics-repair,wave1,2026-09-14,scraper,98
https://www.youtube.com/@kupleservischannel630,@kupleservischannel630,Kuple servis channel,692,96,4,"Electronics service and learning channel, thin description but clearly repair-focused.",servis TV LED,UC3ao8Fntf9wZf5V-7bBEmVQ,hands,tv-power-electronics-repair,gray_v2,2026-09-14,scraper,96
https://www.youtube.com/@laboratory_of_sound,@Laboratory_of_Sound,Laboratory of Sound,4300,136,4,"Speaker repair channel, audio electronics bench work described directly.",ремонт усилителя,UC9hgKmbFGU0BJbqbHUPUJzQ,hands,tv-power-electronics-repair,rest1,2026-09-14,scraper,136
https://www.youtube.com/@lcdhelp,@LCDHELP,LCD HELP,18900,135,4,"LCD/LED TV training channel aimed at technicians, describes basic repair teaching content.",TV power board repair,UCTgTKZCtnzGvDiqBPHJy3Mw,hands,tv-power-electronics-repair,rest1,2026-09-14,scraper,135
https://www.youtube.com/@lcdledtvtamirteypkayseriso9294,@lcdledtvtamirteypkayseriso9294,lcd led tvtamir teyp kayseri Soybahceci elektronik,495,120,4,LCD/LED TV and car audio repair shop channel name strongly suggests bench repair videos.,LED TV tamiri,UCg22nIcorlg6QLrnsUAl2tw,hands,tv-power-electronics-repair,wave1,2026-09-14,scraper,120
https://www.youtube.com/@lcdtvrepair131,@lcdtvrepair131,lcd tv repair,865,216,4,"LCD TV repair channel name, minimal generic greeting description but plain repair identity.",LCD TV repair,UCygvtUynHZBOD-7g7EEzb2g,hands,tv-power-electronics-repair,gray_v2,2026-09-14,scraper,216
https://www.youtube.com/@leboytechnician2867,@leboytechnician2867,Leboy Technician,85900,153,4,"Electronic technician repairing LCD/LED/OLED TVs, amplifiers, home theater and sound systems",home theater amplifier repair,UCNxRtR6XCnCAEZ3M4mtBTZA,hands,tv-power-electronics-repair,rest1,2026-09-14,scraper,153
https://www.youtube.com/@ledknowledgebank,@LedKnowledgeBank,Led Knowledge Bank,75900,543,4,"Renowned LED/LCD repair training institute founder with authored repair books and technical courses, strong bench-repair alignment.",LED TV repair | LED TV repairing Hindi,UCNQn2xVTXt1ecGVwz_V9cww,hands,tv-power-electronics-repair,wave1,2026-09-14,scraper,543
https://www.youtube.com/@ledtvservicemnur,@ledtvservicemnur,Led tv service m nur,26300,287,4,Description details specific TV panel/T-con repair topics like backlight faults and panel replacement.,servis TV LED,UCp-TBkqhXI2crTQhsGT8IZw,hands,tv-power-electronics-repair,wave1,2026-09-14,scraper,287
https://www.youtube.com/@lekmansor,@lekmansor,Mansur servis,24100,307,4,"Personal electronics repair channel including amplifier servicing, thin but clear evidence.",servis TV LED | servis amplifier,UCegnTq5ZG7geShAnICHj1Og,hands,tv-power-electronics-repair,gray_v2,2026-09-14,scraper,307
https://www.youtube.com/@leminhhieudt,@leminhhieudt,Điện tử Minh Hiếu Electronics Đồng Tháp,13,62,4,"Electronics shop repairing TVs, screens, speakers, amps, power boards — broad but on-topic bench repair services.",sửa tivi,UCm4yf6Q3MmoA87owtO9swfA,hands,tv-power-electronics-repair,wave1,2026-09-14,scraper,62
https://www.youtube.com/@lexazlt,@Lexazlt,Алексей Чекаров,5360,289,4,Radio electronics repair and assembly channel with some programming content mixed in.,ремонт усилителя,UCvk4Ry-DrwHNcKnjy4PUlKA,hands,tv-power-electronics-repair,rest1,2026-09-14,scraper,289
https://www.youtube.com/@lgtech-ravi,@LGTECH-Ravi,Vbyone tech,103,61,4,"LED/Smart TV repair channel covering board problems, capacitor/IC repair, practical technician content.",TV power board repair | T-con board repair | TV motherboard repair | TV repair technician,UCEjLZ9mKtFpqTVjURE_vCAQ,hands,tv-power-electronics-repair,rest1,2026-09-14,scraper,61
https://www.youtube.com/@lmontacer,@lmontacer,المنتصر الكترونيك,162000,800,4,"Electronics repair channel focused on simple, hands-on diagnosis and fault fixing methods for electronic devices.",إصلاح انفرتر,UCPnx0PoZdqY9KR4ajANe-ng,hands,tv-power-electronics-repair,rest1,2026-09-14,scraper,800
https://www.youtube.com/@lorenzoelectronictutoriale941,@lorenzoelectronictutoriale941,lorenzo electronic tutoriales,31900,238,4,"Real unedited repair videos of TV, radio, microwave equipment fitting the bench-repair format.",reparación electrónica,UCjZVKCmLfo-rx0z3-MUOdNg,hands,tv-power-electronics-repair,wave1,2026-09-14,scraper,238
https://www.youtube.com/@lumiblaze-yy8xm,@lumiblaze-yy8xm,Lumiblaze Lighting Solutions,295,210,4,LED light manufacturing and driver repair channel with clear hands-on repair focus.,LED driver repair,UC0OLqV7Ov1Xl4MZDb3i3XfQ,hands,tv-power-electronics-repair,rest1,2026-09-14,scraper,210
https://www.youtube.com/@luthieramps1899,@luthieramps1899,Luthier Amps (Amplificadores válvulares),522,73,4,"Dedicated to manufacture and repair of valve amplifiers, thin but clearly on-topic bench work.",reparación de amplificadores,UC4PE7RSSTfykSs0yeirDJOw,hands,tv-power-electronics-repair,rest1,2026-09-14,scraper,73
https://www.youtube.com/@m.a.dscientist_2021,@m.a.dscientist_2021,M.A.D Coil Customs Speaker Repairs,90,137,4,"Channel explicitly shows subwoofer repair process, matches audio bench repair topic well.",subwoofer amplifier repair,UCTLfQ9kO1jHlFxPQKECrSlA,hands,tv-power-electronics-repair,rest1,2026-09-14,scraper,137
https://www.youtube.com/@magaiverconserta,@Magaiverconserta,Magaiver Conserta,708,60,4,Technician sharing bench repair tips and tricks for electronic equipment based on years of hands-on experience.,conserto de fonte chaveada,UCOunMMQ6SyNbubO8GVyhEoA,hands,tv-power-electronics-repair,wave1,2026-09-14,scraper,60
https://www.youtube.com/@mahavirelectronic,@mahavirelectronic,Mahavir Electronic & Electrical Repair,9170,1463,4,"Technician bio explicitly covering TV, stabilizer, inverter, set-top box repair training.",Elektronik reparieren,UCWAlKv73O9QqSpCzAgnWfwg,hands,tv-power-electronics-repair,rest1,2026-09-14,scraper,1463
https://www.youtube.com/@maheshprajapat-f4z,@MaheshPrajapat-f4z,Mahesh Prajapat,70,54,4,"DJ speaker, amplifier and SMPS repair channel with clear repair-focused title keywords.",subwoofer amplifier repair,UCfX9dDQ-N_FmzMDlkfl7oYQ,hands,tv-power-electronics-repair,rest1,2026-09-14,scraper,54
https://www.youtube.com/@mahmoodalhaeyk,@Mahmoodalhaeyk,محمود الحايك للالكترونيات Mahmood Alhaeyk,34300,854,4,"Dedicated channel on inverter, solar inverter and charger repair training with practical courses.",صيانة الكترونيات,UC8DNoKBOKUsGrczjvoAlrTQ,hands,tv-power-electronics-repair,wave1,2026-09-14,scraper,854
https://www.youtube.com/@makerservice,@makerservice,Make & Service ,8180,132,4,"Dedicated TV repair guide channel covering panel, power supply, and display problem fixing tutorials.",LED TV repair Bangla,UCrLZB3L-Sbnn6gVg6ON4wwg,hands,tv-power-electronics-repair,wave1,2026-09-14,scraper,132
https://www.youtube.com/@manutechnically,@Manutechnically,Manu tv repair ,118,231,4,"Name indicates dedicated TV/LCD repair channel, minimal generic description but clear topic match.",TV repair | LCD TV repair | TV repair shop,UCh1HuvCsKLGALub6mOU5V9g,hands,tv-power-electronics-repair,gray_v2,2026-09-14,scraper,231
https://www.youtube.com/@marciosilvacorrea61,@MarcioSilvaCorrea61,Meiquiditudoteck,47700,1475,4,"Board-level repair channel covering PCs, notebooks, TVs and phones with circuit board focus.",conserto de TV LED,UC6Q2Siw_6hcVBo77vX8eAfg,hands,tv-power-electronics-repair,wave1,2026-09-14,scraper,1475
https://www.youtube.com/@marcossaidadesom478,@marcossaidadesom478,Marcos Técnico ,338,52,4,"Sound technician bio, thin but plainly repair-trade-focused.",conserto de amplificador,UCoVTjuzeDIMEr3yzfElP5iw,hands,tv-power-electronics-repair,rest1,2026-09-14,scraper,52
https://www.youtube.com/@marioelektronika,@MarioElektronika,Mario Elektronika,1960,50,4,"Home electronics/RTV equipment fault diagnosis and repair channel, thin but clear repair bio.",naprawa telewizora,UC2BpFi1IYlvzswQN2mqoYKw,hands,tv-power-electronics-repair,rest1,2026-09-14,scraper,50
https://www.youtube.com/@marsslab,@MarssLab,Andrey Golubev,21000,66,4,"Channel dedicated to radio electronics and household appliance repair, thin but on-topic bio.",ремонт усилителя,UCMFFfbIFbzXp2e0e-ktP0pA,hands,tv-power-electronics-repair,rest1,2026-09-14,scraper,66
https://www.youtube.com/@master-gi1es,@Master-gi1es,MasterVH,340,145,4,"Shares interesting repairs and AliExpress finds, thin but repair-focused description.",ремонт блоков питания,UC96VxsiMR5w4ASb92jbWKEg,hands,tv-power-electronics-repair,gray_v2,2026-09-14,scraper,145
https://www.youtube.com/@mastermind3.0v,@MASTERMIND3.0v,MASTER MIND 3.0,3780,763,4,"Dead set-top box repairing channel with WhatsApp contact for repair service, thin but on-topic.",set top box repair,UCO2bbiIOkUjt7qEJPgp6G7Q,hands,tv-power-electronics-repair,rest1,2026-09-14,scraper,763
https://www.youtube.com/@matrixneo-i9v,@Matrixneo-i9v,electroNICO,1020,72,4,Professional electronics channel diagnosing SmartTV/LED/LCD and appliance problems.,conserto de TV LED,UCKJFtvWBnsBVWQkUHFV_UKw,hands,tv-power-electronics-repair,wave1,2026-09-14,scraper,73
https://www.youtube.com/@mavtroniks,@mavtroniks,TV’s & PlayStations,286,193,4,"Electronics repair channel explicitly covering TVs and PlayStations, board-level work likely shown.",Fernseher reparieren,UCtL5U3lsx9Uwt39osJmy66Q,hands,tv-power-electronics-repair,wave1,2026-09-14,scraper,193
https://www.youtube.com/@mbahyusufyusufelektronikse9273,@mbahyusufyusufelektronikse9273,"Mbah Yusuf ""YUSUF ELEKTRONIK SERVIS """,2510,168,4,Electronics repair channel explicitly describing service methods and troubleshooting content.,servis amplifier,UCGuLaChYeo_t9-TMAtRnxcA,hands,tv-power-electronics-repair,rest1,2026-09-14,scraper,168
https://www.youtube.com/@mbdtechworld,@MbdTechworld,MBD tech world ,2550,604,4,"Electronics repair channel focused on posting real repair videos, thin but on-topic description.",subwoofer amplifier repair,UCAB7Zu2q-dIJcSpJzm4hkAA,hands,tv-power-electronics-repair,rest1,2026-09-14,scraper,604
https://www.youtube.com/@md_electronics_0,@MD_ELECTRONICS_0,MD ELECTRONICS,5930,145,4,"Name and one-line bio indicate electrical equipment repair channel, thin but plausible evidence.",TV repair Sinhala,UCCPNLGAS7zNi-SO05T0cKsw,hands,tv-power-electronics-repair,rest1,2026-09-14,scraper,145
https://www.youtube.com/@medzener,@MEDZener,MED Zener,13300,315,4,"Senior technician channel explaining electronic fault repairs practically, weekly videos on general electronics faults.",تصليح شاشات LED,UC_UpsGcGuQOG12Jg9v3Vwaw,hands,tv-power-electronics-repair,wave1,2026-09-14,scraper,315
https://www.youtube.com/@meelectronica,@MEelectronica,MEelectronica,31700,238,4,"Repair channel covering white goods boards, notebooks and TVs, aligns well with bench electronics repair mission.",reparación electrónica,UC_CUiSkbtMLsKVNCihON7EQ,hands,tv-power-electronics-repair,wave1,2026-09-14,scraper,238
https://www.youtube.com/@mehmoodelectronicsacpcbrepairi,@mehmoodelectronicsacpcbrepairi,Mehmood electronics inverter ac pcb repairing ,44,96,4,"AC PCB repairing center for inverter and non-inverter units, clear repair-shop focus.",inverter repair,UCE9MnLisWUXzfHHnW_cYEfw,hands,tv-power-electronics-repair,wave1,2026-09-14,scraper,96
https://www.youtube.com/@melsrestoration2397,@melsrestoration2397,Mel's Restoration,3430,157,4,"Restoration channel repairing old CRT/LCD/LED TVs, amplifiers and stereos on camera.",LED TV no power repair | CRT TV repair,UCvJuqN-ZyTikrB5lkaO_4Ow,hands,tv-power-electronics-repair,rest1,2026-09-14,scraper,157
https://www.youtube.com/@michaeldranfield7140,@michaeldranfield7140,Michael Dranfield,21100,368,4,"Long-time TV repair technician presenting videos with test equipment and repair history, strong bench-repair fit.",TV repair | TV repair shop,UCkYVWXQNE_AsT7zYtWhydgA,hands,tv-power-electronics-repair,wave1,2026-09-14,scraper,368
https://www.youtube.com/@micro.power.electronics,@Micro.Power.Electronics,Micro Power Electronics,4070,77,4,"Dedicated solar inverter repair shop with parcel-in repair service, fits power electronics repair scope well.",electronics repair course,UCp938lv2sbjelYXfM_WlEYw,hands,tv-power-electronics-repair,wave1,2026-09-14,scraper,77
https://www.youtube.com/@mikhailrem1,@MikhailRem1,Михаил REM,6990,366,4,"Dedicated TV repair workshop owner in Kaliningrad, likely real bench repair videos.",ремонт блоков питания,UCYNYpigzgZ2kH8GZZZFKUOw,hands,tv-power-electronics-repair,wave1,2026-09-14,scraper,366
https://www.youtube.com/@mindaelectronics,@mindaelectronics,Minda Electronics,4820,573,4,"Shop repairing inverters, stabilizers, DJ amplifiers, LED TVs—core bench electronics repair scope.",electronics repair,UC8SMiGEdW6sd0IBEaDAj_iQ,hands,tv-power-electronics-repair,wave1,2026-09-14,scraper,573
https://www.youtube.com/@minhhaibm-vl5677,@minhhaibm-vl5677,Minh Hai BM-VL,9860,334,4,"Vietnamese electronics channel describing real practical videos, likely bench repair work.",sửa amply,UCzXLUdNTHS-eY1zQ6tkn_Hg,hands,tv-power-electronics-repair,rest1,2026-09-14,scraper,334
https://www.youtube.com/@minhphungtv7220,@minhphungtv7220,Minh Phụng TV,19200,203,4,"TV repair service channel offering home repair and screen replacement, likely shows bench work.",sửa tivi | ซ่อมทีวี | تعمیر تلویزیون | 电视维修,UCWzFeb1SNVRKpVLnohVAR1Q,hands,tv-power-electronics-repair,wave1,2026-09-14,scraper,203
https://www.youtube.com/@minhthangaudio,@MinhThangAudio,Minh Thắng Audio,734,794,4,"Dedicated amplifier repair channel per description, covering domestic and imported units.",sửa amply,UCj1D2RmyG-PGacf4i5ukcwg,hands,tv-power-electronics-repair,rest1,2026-09-14,scraper,794
https://www.youtube.com/@mintytechtv2409,@mintytechtv2409,Minty TechTV,1790,64,4,"Repair tips and tricks channel, generic but repair-focused description implies bench work.",تعمیر تلویزیون | TV backlight repair | CRT TV repair | TV repair technician,UCi9SrUV6Q0gEUa_4nqO_Ndg,hands,tv-power-electronics-repair,gray_v2,2026-09-14,scraper,64
https://www.youtube.com/@mirzaelectronicss,@mirzaelectronicss,Mirza Electronics,472,252,4,"Electronics board repair tutorial channel covering mobile, TV and power supply boards with component testing.",TV power board repair,UCfk_ooaodNirnfPv1mhKWgw,hands,tv-power-electronics-repair,rest1,2026-09-14,scraper,252
https://www.youtube.com/@mjsolucionesoficial,@mjsolucionesoficial,MJ SOLUCIONES OFICIAL,50400,96,4,Channel dedicated to sharing TV repair information and screen adaptations for latest generation TVs.,T-con board repair,UCVaHC_qeTFysOwMh0GKG6YQ,hands,tv-power-electronics-repair,rest1,2026-09-14,scraper,96
https://www.youtube.com/@modulelcdledplasma7470,@modulelcdledplasma7470,Module Lcd Led Plasma,1780,82,4,"Channel explicitly about LCD/LED/Plasma TV repair tips and selling parts, aligned with bench repair topic.",servis TV LED,UCG8_HiEJXq5snUpCWMccNjQ,hands,tv-power-electronics-repair,wave1,2026-09-14,scraper,82
https://www.youtube.com/@mohanelectronics,@mohanelectronics,MOHAN ELECTRONICS,20300,201,4,"Tamil channel explicitly dedicated to electronic product repair ideas, name and description strongly indicate bench repair content.",TV repair Tamil,UCEjlk5tqgvi1Cvkf-nCFXmw,hands,tv-power-electronics-repair,wave1,2026-09-14,scraper,201
https://www.youtube.com/@moisesshenteaudioprofesional,@MoisesShenteAudioProfesional,MOISES SHENTE - AUDIO PROFESIONAL,48800,132,4,"Professional audio tutorials including repairs and power testing on amplifiers, plus reviews mixed in.",reparación de amplificadores,UCsdqCqlZF0pwYX1kYkfQJgw,hands,tv-power-electronics-repair,rest1,2026-09-14,scraper,132
https://www.youtube.com/@monirelectronic,@monirelectronic,M SERVICES1,7820,396,4,"Lists extensive electronic device servicing including CRT/LED TV, IPS, amplifiers, power supply and chargers uploaded regularly.",LED TV repair Bangla,UChKm59cYs-Ja-eQHGgnvINQ,hands,tv-power-electronics-repair,wave1,2026-09-14,scraper,396
https://www.youtube.com/@montgomeryhifiandreview5528,@montgomeryhifiandreview5528,Montgomery Hifi and Review,150,103,4,"Vintage audio restoration and repair shop for speakers and turntables, though reviews also featured.",subwoofer amplifier repair,UCWRXupZohT-B_BQ7vbwz1NA,hands,tv-power-electronics-repair,rest1,2026-09-14,scraper,103
https://www.youtube.com/@mr.inverterexpert,@mr.inverterexpert,Mr.Inverter Expert,436,92,4,"Repairs UPS, inverters, welding plants and SMPS power supplies at electronics shop, strong topic match.",inverter repair,UCZMBhIHxRw-pDwLy2KoWMFg,hands,tv-power-electronics-repair,wave1,2026-09-14,scraper,92
https://www.youtube.com/@mr.prince-1998,@Mr.Prince-1998,ENHANCE UPS,116,83,4,"Dedicated UPS, solar inverter and servo stabilizer repairing channel, thin description but clearly on-topic.",solar inverter repair | UPS repair,UCaJPjlkPEcgr8yAo_6-KtWg,hands,tv-power-electronics-repair,rest1,2026-09-14,scraper,83
https://www.youtube.com/@mrengineer1137,@MrEngineer1137,Mr engineer ,2210,123,4,"Description details solar inverter repair diagnosing capacitors, transformers and circuit boards, matching bench repair topic well.",LED TV repairing Urdu,UCRC2GwBLml-1rracBdWvGBw,hands,tv-power-electronics-repair,wave1,2026-09-14,scraper,123
https://www.youtube.com/@mrinversoresefontes,@MRInversoreseFontes,MR Inversores e Fontes,10200,247,4,"Channel focused on inverters, switched-mode power supplies, transformer calculations - strong SMPS/inverter repair alignment.",conserto de fonte chaveada,UC3AuPvVm49ZHkP32EOeGtWA,hands,tv-power-electronics-repair,gray_v2,2026-09-14,scraper,247
https://www.youtube.com/@mrtechinfotamil,@Mrtechinfotamil,Mr.Techinfo,150,60,4,"Description explicitly covers TV, laptop, LED/LCD/CRT repair tutorials and reviews.",réparation télévision,UCTNzCx9ilwDHmnU8Ew58z9g,hands,tv-power-electronics-repair,wave1,2026-09-14,scraper,60
https://www.youtube.com/@mrtvservice,@MrTVSERVICE,Luigi Di Donato,29300,934,4,Handle MrTVSERVICE and description mention TV repair as main work/hobby content.,riparazione TV,UCJ0jOfZl50OlWXP0HVG9sFQ,hands,tv-power-electronics-repair,rest1,2026-09-14,scraper,934
https://www.youtube.com/@msrepairing3245,@msrepairing3245,MS Repairing,4280,50,4,"General repair teaching channel emphasizing electronics repair videos, aligns with SMPS/UPS keyword context.",SMPS repair | UPS repair | SMPS repair tutorial,UCx6WXUSUMWCsuVx2Uh_f1MQ,hands,tv-power-electronics-repair,gray_v2,2026-09-14,scraper,50
https://www.youtube.com/@mssinke,@MsSinke,Ремонт электроники своими руками,13400,93,4,"Name translates to DIY electronics repair, thin placeholder description but fits topic well.",ремонт блоков питания,UC2on16EfnpDZoY02shkP5vg,hands,tv-power-electronics-repair,gray_v2,2026-09-14,scraper,93
https://www.youtube.com/@mtsylhet,@Mtsylhet,Mt sylhet,1700,104,4,"Electronics repair shop channel describing repairing skilled work, thin but on-topic description.",TV repair technician,UC4bW6cOeG0jYdA50raHhYaQ,hands,tv-power-electronics-repair,rest1,2026-09-14,scraper,104
https://www.youtube.com/@muaviaelectronics1034,@muaviaelectronics1034,Muavia Electronics,28900,283,4,"Electrical repairing shop covering generator changeover and UPS/home electrical work, thin but plausible bench repair evidence.",UPS repair,UCcBh-fjP46u4F_pNaJT3XSw,hands,tv-power-electronics-repair,rest1,2026-09-14,scraper,283
https://www.youtube.com/@muazzamelectronics115,@muazzamelectronics115,Muazzam Electronics,5250,165,4,LED LCD repairing lab name strongly suggests dedicated TV panel/board repair bench content.,reparación de televisores | صيانة الكترونيات | ремонт телевизоров | تعمیر تلویزیون | 电视维修,UCW1gk8X8t9Kzg1nFHx2E9Ig,hands,tv-power-electronics-repair,wave1,2026-09-14,scraper,165
https://www.youtube.com/@multirepairtelugutec1026,@multirepairtelugutec1026,TV repair expert Telugu,5290,191,4,"TV repair expert Telugu channel, thin contact-focused description but clear repair trade identity.",LED TV repair | LCD TV repair | TV repairing Telugu | TV backlight repair | TV motherboard repair,UCUbeGMMfiPTxXQqZBnhi6Lg,hands,tv-power-electronics-repair,gray_v2,2026-09-14,scraper,191
https://www.youtube.com/@multiservice.assistencia,@multiservice.assistencia,MULTI  SERVICE ELETRÔNICA,21300,91,4,"TV repair shop emphasizing board-level fixes for LCD/LED/Plasma, strong topic match though business-oriented text.",conserto de TV LED,UCZ2oAHnRPOhGqVhAqgh2KIQ,hands,tv-power-electronics-repair,wave1,2026-09-14,scraper,91
https://www.youtube.com/@multiserviselektronikhardi4768,@multiserviselektronikhardi4768,Multi Servis,619,83,4,Learning channel for servicing various electronics including audio and video equipment.,servis TV LED,UCG_DFz8KsqNXYwkCzTRU3eA,hands,tv-power-electronics-repair,gray_v2,2026-09-14,scraper,83
https://www.youtube.com/@mundodoaudio59,@mundodoaudio59,Mundo do Áudio,2000,283,4,"Vintage sound equipment technicians channel, thin bio but plainly repair-focused.",conserto de amplificador,UCUpvM_VOseMxlLeSS2hLd_w,hands,tv-power-electronics-repair,rest1,2026-09-14,scraper,283
https://www.youtube.com/@musie_communication,@musie_communication,Vishal electronic 5940,1950,177,4,"LED and home theatre repair channel with mobile repair mixed in, thin but on-topic description.",LED TV repairing Hindi,UCdeXsq8vhZw4lauirOESvbQ,hands,tv-power-electronics-repair,gray_v2,2026-09-14,scraper,177
https://www.youtube.com/@mustafasenkayaatlaselk.4565,@mustafasenkayaatlaselk.4565,mustafa şenkaya(Atlas elk.),108,57,4,"Veteran electrician/electronics repairman bio (45 years), thin evidence but plainly a repair technician channel.",LED TV tamiri,UCWl4fnvpthAEB6ffQEDAOKA,hands,tv-power-electronics-repair,gray_v2,2026-09-14,scraper,57
https://www.youtube.com/@nandosom94772351,@NandoSom94772351,NS ÁUDIO amplificadores e inversores,22700,584,4,"Amplifiers, inverters and active speaker boxes repair channel with thin but on-topic bio.",conserto de amplificador | conserto de inversor,UCKNR1jJSC6MQPJpDUTC5n_w,hands,tv-power-electronics-repair,rest1,2026-09-14,scraper,584
https://www.youtube.com/@narottamelectronics,@NarottamElectronics,Narottam Electronics,191000,613,4,"Electricals and electronics repairing videos channel, claims real genuine repair content, thin but on-topic.",electronic repairing | electronics troubleshooting multimeter board,UC3mK7Eh5A0D4JyvJIlTri1g,hands,tv-power-electronics-repair,gray_v2,2026-09-14,scraper,613
https://www.youtube.com/@ndiemekarobertsolar001,@NdiEmekaRobertSolar001,Ndi EMEKA ROBERT,65,55,4,Solar technician channel dedicated to inverter repair and solar system installation and maintenance.,solar inverter repair,UCp6ogZDYr27smk8E0xTulLg,hands,tv-power-electronics-repair,rest1,2026-09-14,scraper,55
https://www.youtube.com/@neeraajshrivastava-2777,@NeeraajShrivastava-2777,Neeraaj Shrivastava,4580,55,4,"LED/LCD repairing training institute with online/offline classes, likely practical repair demonstrations.",LED TV repairing Hindi,UCximBzc3zcPVaCgjtPd66Mw,hands,tv-power-electronics-repair,wave1,2026-09-14,scraper,55
https://www.youtube.com/@newelectronicgadgetkaleji616,@newelectronicgadgetkaleji616,Ajay RADIO & electronic TIMARNI,155,66,4,"Radio and electronics repair shop channel name, thin description but plausible bench repair content",home theater amplifier repair,UCXrGmIrVWgGgcjOyi4A2KIw,hands,tv-power-electronics-repair,rest1,2026-09-14,scraper,66
https://www.youtube.com/@newelectronicslab,@newelectronicslab,NEW ELECTRONICS LAB ,2300,100,4,"Electronics appliance repairing channel in Hindi with contact for repair services, plausible bench repair focus.",SMPS repair tutorial,UCy7pbkFtkTyyQ73xJT_KN7A,hands,tv-power-electronics-repair,rest1,2026-09-14,scraper,100
https://www.youtube.com/@newtapanmike6484,@newtapanmike6484,AMPLIFIER PCB Repair Sound System Repair মেকানিক,263,97,4,Amplifier PCB and sound system repair mechanic channel directly matching audio electronics bench repair scope.,amplifier repair,UCD8KLaTi66o6AywVfr_9G8g,hands,tv-power-electronics-repair,wave1,2026-09-14,scraper,97
https://www.youtube.com/@ngophuongkdx,@ngophuongKDX,ngo phuong KDX,64100,1574,4,Vietnamese electronics repair channel with thin bio but implied hands-on repair videos.,sửa amply,UCYZv_LegAE41SplWk6XNyXw,hands,tv-power-electronics-repair,rest1,2026-09-14,scraper,1574
https://www.youtube.com/@nhelectronicstv9439,@nhelectronicstv9439,Nhelectronics TV,5630,74,4,"TV repair channel with troubleshooting, DIY and repair tutorial content matching bench electronics format.",TV repair technician,UC01Bh_8Uwsab62ZoSZRArJQ,hands,tv-power-electronics-repair,rest1,2026-09-14,scraper,74
https://www.youtube.com/@nickselectronicrepair,@NicksElectronicRepair,Nick's Electronic Repair,10500,207,4,"Component-level circuit board repair channel using soldering, hot air and multimeter troubleshooting.",electronics repair | electronic repairing | Elektronik reparieren,UCs_ALha5vs9lc0y-VeVrsyQ,hands,tv-power-electronics-repair,gray_v2,2026-09-14,scraper,208
https://www.youtube.com/@nikolayomsk,@NikolayOmsk,Николай Омск,18700,443,4,"Simple bio stating household appliance and electronics repair channel, thin evidence but on-topic trade description.",ремонт телевизоров | ремонт усилителя,UCFmCxtt6d1V-tZ-0GY641JQ,hands,tv-power-electronics-repair,gray_v2,2026-09-14,scraper,443
https://www.youtube.com/@nildoeletronica,@nildoeletronica,nildoeletronica ,160,54,4,"Eletrônica repair channel with TV/microwave repair mentioned, hands-on maintenance implied but low detail.",conserto de TV LED,UCn2EsSVR1Vf2ilgnyrW-tQA,hands,tv-power-electronics-repair,wave1,2026-09-14,scraper,54
https://www.youtube.com/@nitram427,@nitram427,mja,50,135,4,"Filipino electronics channel teaching repair of LED/CRT TVs, amplifiers and appliances.",TV repair tagalog,UCDgnr8bSfO-y_nRhTHW6jGQ,hands,tv-power-electronics-repair,rest1,2026-09-14,scraper,135
https://www.youtube.com/@niyazelectronics-yc9wv,@NiyazElectronics-yc9wv,Niyaz Electronics,2420,347,4,Electronics repair channel with plain bio stating repairs are shown on camera.,home theater amplifier repair | CRT TV repair,UCsf-UxUjZg7gvf_8WJMEQ-w,hands,tv-power-electronics-repair,rest1,2026-09-14,scraper,347
https://www.youtube.com/@nksharma2282,@nksharma2282,N k LED LCD,217,138,4,"LCD/LED repair and panel/motherboard installation shop offering training, real repair focus.",LED TV no power repair,UCclN7h9J6AyUBi1xixlvMRw,hands,tv-power-electronics-repair,rest1,2026-09-14,scraper,138
https://www.youtube.com/@noshinalisaiyyad4888,@noshinalisaiyyad4888,NATIONAL ELECTRONIC'S,272,211,4,"Broad electronics repair channel listing TV, speakers, amplifiers among many devices, repair-video focused.",LED TV repairing Hindi,UCpQKewblIoxrKHTRaR-siOQ,hands,tv-power-electronics-repair,gray_v2,2026-09-14,scraper,211
https://www.youtube.com/@nraudioserviselektronik,@NRaudioserviselektronik,NR audio servis elektronik,5510,187,4,Indonesian audio/video electronics service channel matching bench audio repair topic.,servis power supply,UCLpEZ2JSi-8vodrpmLEkNAw,hands,tv-power-electronics-repair,rest1,2026-09-14,scraper,187
https://www.youtube.com/@nrkelectronicrepring,@NRKelectronicrepring,N.R.K. electronic repring,24400,367,4,"Electronic and sound/DJ amplifier repairing videos alongside mobile repair, audio repair is a strong focus.",amplifier repair | electronics repair shop,UCVCQe6RUUa_AHg2YRa517Gg,hands,tv-power-electronics-repair,gray_v2,2026-09-14,scraper,367
https://www.youtube.com/@oldschool-masters,@Oldschool-masters,Комета - ламповый магнитофон СССР,5020,97,4,Restoration and repair of Soviet tube tape recorders and vintage audio devices.,ремонт усилителя,UCOVeBZzaWlXI9AJ6yE0dz2Q,hands,tv-power-electronics-repair,rest1,2026-09-14,scraper,97
https://www.youtube.com/@oliveservis,@OliveServis,Olive Electronic Channel,5700,78,4,"Electronics servicing channel covering repair and relay/contactor circuits, includes power supply repair.",servis TV LED | servis power supply,UCiN3B0hPnm8ckhyplFfkT4A,hands,tv-power-electronics-repair,gray_v2,2026-09-14,scraper,78
https://www.youtube.com/@olotsahidin4206,@olotsahidin4206,Olot servis,681,108,4,"Indonesian channel sharing electronics repair tutorials, likely TV/audio bench work.",servis TV LED,UCGxfvjGreSWqVNFUM5q-m9w,hands,tv-power-electronics-repair,trial100,2026-09-14,scraper,108
https://www.youtube.com/@omarmekkawy,@OmarMekkawy,Omar Mekkawy | عمر مكاوي,3500,57,4,Electronics teardown and repair channel covering power supplies and reverse engineering.,UPS repair,UCQ1gx8hpvyplNvPGOptf6Uw,hands,tv-power-electronics-repair,rest1,2026-09-14,scraper,57
https://www.youtube.com/@omelectronicsmbd,@omelectronicsmbd,OM Electronics PCB repair center,2270,361,4,"PCB repair center name suggests board-level electronics repair, SMPS repair keyword supports fit.",electronics repair | SMPS repair | inverter repair,UCHia7vr3vltVbxsB9ialpXA,hands,tv-power-electronics-repair,wave1,2026-09-14,scraper,361
https://www.youtube.com/@optimal_plus383,@optimal_plus383,Optimal_plus,3790,134,4,"Diagnostics and repair of laptops, tablets, iPhones and TVs, with own soldering station production and demos.",ремонт телевизоров,UC7efyYS2AmLAbnjCfaHY50g,hands,tv-power-electronics-repair,wave1,2026-09-14,scraper,134
https://www.youtube.com/@opyat25service,@opyat25service,Опять 25,16300,270,4,"Repair and diagnostics of welding inverters, voltage stabilizers, power supplies, power electronics bench work.",reparación de inversores,UC2pHztW3A9XCcUU6mDzL-RQ,hands,tv-power-electronics-repair,rest1,2026-09-14,scraper,270
https://www.youtube.com/@ozan-service-electronik,@OZAN-SERVICE-ELECTRONIK,OZAN SERVICE ELECTRONIK,606,186,4,"Indonesian electronics service channel sharing repair experience, aligns with bench electronics repair topic.",servis power supply,UC-iclsII9W9s5pRfVbQLWig,hands,tv-power-electronics-repair,rest1,2026-09-14,scraper,186
https://www.youtube.com/@pachecoeletronicaaudiosomp6004,@pachecoeletronicaaudiosomp6004,pacheco eletrônica audio/som/ Pacheco,2130,131,4,"Audio amplifier repair shop (car audio power amps), description names repair service directly.",reparación de amplificadores | conserto de amplificador | ремонт усилителя,UC9xUh0jCPi2lTtSfFfe3F3g,hands,tv-power-electronics-repair,rest1,2026-09-14,scraper,131
https://www.youtube.com/@panchashil-d1x,@Panchashil-d1x,Panchashil,165,91,4,"Electronics and electricals shop name, thin evidence but plausible bench repair.",home theater amplifier repair,UCDsxyg5_56FQ66Y3usFqL1w,hands,tv-power-electronics-repair,rest1,2026-09-14,scraper,91
https://www.youtube.com/@pandalakshmidhar,@pandalakshmidhar,LAKSHMIDHAR PANDA,3490,129,4,"Individual LED TV repair technician with phone number, thin but plain repair bio.",LED TV repair,UCq8YSN3rOCeAI9TiaDGdEdg,hands,tv-power-electronics-repair,gray_v2,2026-09-14,scraper,129
https://www.youtube.com/@panelrepairingtipsandtricks,@Panelrepairingtipsandtricks,Panel repairing tips and tricks ,202,54,4,"Panel repairing tips channel covering t-con board, software and fault-finding for LED/LCD TVs.",LCD TV repair | LED TV repairing Hindi,UCGV1j7xPT3HDhnT48d2TJ-g,hands,tv-power-electronics-repair,wave1,2026-09-14,scraper,54
https://www.youtube.com/@papirom1967,@Papirom1967,ช่างพาซ่อม,35400,208,4,Detailed description of real TV/LED/LCD and appliance repair experiences shared from shop work.,ซ่อมทีวี,UCTMUrQjSJhl9WIkCJ73mR6g,hands,tv-power-electronics-repair,wave1,2026-09-14,scraper,208
https://www.youtube.com/@pathumelectronics,@PathumElectronics,Pathum Electronics ,2010,66,4,"Self-described electronics technician sharing course-based knowledge, plausible repair-focused channel.",TV repair Sinhala,UCpKJ8fH6KHOvF7A1dU27e5g,hands,tv-power-electronics-repair,rest1,2026-09-14,scraper,66
https://www.youtube.com/@patrickkauffman,@patrickkauffman,Patrick Kauffman Electronics,7140,75,4,"Tube amp and vintage radio repair technician shop with hands-on servicing, hifi and studio gear repair described.",electronics repair | amplifier repair,UCPMfdxAJZdq91mwqkWwt50g,hands,tv-power-electronics-repair,wave1,2026-09-14,scraper,75
https://www.youtube.com/@pcbrepaircenter,@PCBREPAIRcenter,PCB REPAIR center,24700,162,4,"PCB repair training and study classes channel, directly relevant to board-level electronics repair.",inverter repair,UCQpMYZjEJ1m3mL0Th7M5pYQ,hands,tv-power-electronics-repair,trial100,2026-09-14,scraper,162
https://www.youtube.com/@pele19x89,@Pele19x89,Pele19x89,5320,645,4,"Car amplifier repair channel (Polish), matches audio electronics bench repair topic.",subwoofer amplifier repair,UCa7xm4pt45rVRXDYrvV_S2Q,hands,tv-power-electronics-repair,rest1,2026-09-14,scraper,645
https://www.youtube.com/@phamtu7979,@phamtu7979,PHẠM TÚ-SỬA CHỮA ĐỒ ĐIỆN TỬ ,3100,2007,4,"Circuit analysis and electronics repair channel covering screens, power supplies and industrial electronics.",sửa chữa điện tử,UC82jNfmeec3WhdNz91YzVfw,hands,tv-power-electronics-repair,wave1,2026-09-14,scraper,2007
https://www.youtube.com/@power.shobhit9521,@Power.shobhit9521,Repairing master OM ELECTRONIC ,915,232,4,"LED TV, inverter, induction, stabilizer repair channel name directly matches topic scope.",electronic repairing,UCLlZZxpOXXPvQTOV9BUmNhQ,hands,tv-power-electronics-repair,wave1,2026-09-14,scraper,232
https://www.youtube.com/@prateepsrivichai6956,@prateepsrivichai6956,Prateep Srivichai,22700,297,4,"LCD/LED/Plasma TV repair center with panel and film work, clear bench repair focus.",ซ่อมทีวี,UCBf5XiNkbqGIH-rcyPFmHAg,hands,tv-power-electronics-repair,gray_v2,2026-09-14,scraper,297
https://www.youtube.com/@prayagrajamplifierrepair,@PrayagrajAmplifierrepair,Prayagraj Amplifier repair ,257,81,4,"Dedicated amplifier repair channel name, thin description but clearly bench audio repair focus.",amplifier repair,UC8lWh2t_ZJmST__I2sxuDJw,hands,tv-power-electronics-repair,gray_v2,2026-09-14,scraper,81
https://www.youtube.com/@prayut-jv5nz,@Prayut-jv5nz,ช่างยอ prayut,1730,157,4,"Shares appliance and entertainment device repair tips, thin but repair-centered description.",ซ่อมทีวี,UCX7D6ZIxX0xEpd2aQb85f8g,hands,tv-power-electronics-repair,gray_v2,2026-09-14,scraper,157
https://www.youtube.com/@profixelectronics798,@profixelectronics798,Profix Electronics,1380,311,4,Multi-appliance and LED TV/PCB repair channel with thin but clearly on-topic description.,UPS repair,UCnf6wyXiz5GEeoesvfgbnog,hands,tv-power-electronics-repair,rest1,2026-09-14,scraper,311
https://www.youtube.com/@prumolet,@PrumoLET,CIRCUIT CARE ELECTRONICS,2220,146,4,Skill development institute teaching PCB and motor repair with step-by-step practical tutorials.,electronics repair | electronics repairing institute,UC1hJynpn1nk-D7EfqOnCKyQ,hands,tv-power-electronics-repair,gray_v2,2026-09-14,scraper,146
https://www.youtube.com/@quality.it.solution,@Quality.IT.Solution,Quality IT Solution,377,423,4,"IT/electronics repair channel explicitly covering monitor, LED/LCD display and SMPS repair alongside laptops and printers.",monitor repair,UC2F_yC60AIBvqnZSmPVmf3Q,hands,tv-power-electronics-repair,wave1,2026-09-14,scraper,423
https://www.youtube.com/@quangvisualoaamly1147,@quangvisualoaamly1147,Quang vị sửa loa âm Ly,2240,138,4,Name and description indicate speaker/amplifier repair channel with support videos.,sửa amply,UCrdQCr46wX9zrx0MY-4fj4g,hands,tv-power-electronics-repair,rest1,2026-09-14,scraper,138
https://www.youtube.com/@r2electronic,@R2electronic,R2 electronics,11600,830,4,"Hindi channel covering amplifier wiring, electronics projects and repair of PCB, TV, fridge, washing machine.",subwoofer amplifier repair,UC75nLMBoxRTdIhhGEUGzz7Q,hands,tv-power-electronics-repair,rest1,2026-09-14,scraper,830
https://www.youtube.com/@radiomasterx,@RadioMasterX,АудиоРемонтRR,1540,52,4,"Dedicated audio equipment repair and review channel with computer repair too, strong topic fit.",ремонт блоков питания,UCv4kKsVH4d42ZtBaZgabl-g,hands,tv-power-electronics-repair,wave1,2026-09-14,scraper,52
https://www.youtube.com/@raffiandraservis,@Raffiandraservis,Raffiandra servis led tv,58,105,4,"Named LED/LCD TV repair specialist channel, strong topical name match despite minimal description.",servis TV LED,UCsScY-DXb5U9X-MWHB9PXFQ,hands,tv-power-electronics-repair,wave1,2026-09-14,scraper,105
https://www.youtube.com/@raghavtechnical-e6h,@RaghavTechnical-e6h,Raghav Technical,2790,202,4,"Local shop explicitly repairing all types of LED and LCD TVs, name and description align with bench repair work.",TV repair | LCD TV repair,UC8WUGQJWePGUd8pb7KfgAlg,hands,tv-power-electronics-repair,wave1,2026-09-14,scraper,202
https://www.youtube.com/@raikwarelectronics732,@raikwarelectronics732,RAIKWAR  ELECTRONICS,10700,338,4,"LED/LCD TV repairing electronics channel, thin description but clearly repair-focused name and text.",TV power board repair,UC3YKrhhav9le_J4fdnR7ofg,hands,tv-power-electronics-repair,rest1,2026-09-14,scraper,338
https://www.youtube.com/@rajvantrepairzone,@RajvantRepairZone,Rajvant Repair Zone,106,67,4,Electronics repairing video channel name suggests bench repair focus with thin but on-topic description.,solar inverter repair,UCCIBbFgY-CHqWP-HNibZnBQ,hands,tv-power-electronics-repair,rest1,2026-09-14,scraper,67
https://www.youtube.com/@raldelectronicsrepairshop8746,@raldelectronicsrepairshop8746,Rald Electronics Repair Shop,816,430,4,"Repair shop channel explicitly showing videos from their repair work, name suggests electronics repair focus.",electronics repair,UCHMIIKp2jT1lwC1y1ArADjg,hands,tv-power-electronics-repair,wave1,2026-09-14,scraper,430
https://www.youtube.com/@ramzanimran3127,@ramzanimran3127,Technical Ra,753,132,4,"LED/LCD TV and sound system repair channel with parts availability mentioned, thin text but clear repair focus.",TV power board repair | LED driver repair,UC8b5Hc_GAo7zOWC38FoqTJA,hands,tv-power-electronics-repair,rest1,2026-09-14,scraper,132
https://www.youtube.com/@ramzespzas,@Ramzespzas,Ramzes_pzas,6450,70,4,"Channel explicitly dedicated to radio-electronics repair, fitting bench repair topic well by name/description.",ремонт блоков питания,UC8d5XRz-4nVhlcuKYvE-SVQ,hands,tv-power-electronics-repair,wave1,2026-09-14,scraper,70
https://www.youtube.com/@raphycastro5224,@raphycastro5224,Raphy audio & electronics repair,420,169,4,"Vintage/hifi audio digital and analog repair channel, fits bench audio electronics repair closely.",electronics repair,UC5s25HPcIWZ7UjDd70Pgk4A,hands,tv-power-electronics-repair,wave1,2026-09-14,scraper,169
https://www.youtube.com/@raufbrotherelectronics,@raufbrotherelectronics,rauf brother electronics,2080,62,4,"Channel repairing UPS, stabilizers, chargers and inverter kits, closely matching power electronics bench repair scope.",صيانة الكترونيات,UCRQcf2r5P2AxJ6GnLopQaPQ,hands,tv-power-electronics-repair,wave1,2026-09-14,scraper,62
https://www.youtube.com/@rdvishwakarma8526,@RdVishwakarma8526,amplifier repair 0 to heero 8526,50,61,4,"Name signals amplifier repair channel, low description evidence but topic-aligned.",amplifier repair,UCxkTiXkqraG00_9Ab4TxqJg,hands,tv-power-electronics-repair,trial100,2026-09-14,scraper,61
https://www.youtube.com/@reanimatoraudio,@reanimatoraudio,Reanimator AUDIO,4820,119,4,"Hi-Fi/Hi-End equipment repair channel, thin but clearly repair-focused description.",conserto de amplificador | ремонт усилителя,UCsU8FuxaRkdnfPp5edHWrQQ,hands,tv-power-electronics-repair,rest1,2026-09-14,scraper,119
https://www.youtube.com/@relectronics4549,@relectronics4549,R Electronics ,13800,533,4,"Repair shop fixing welding machines, inverters, and LCD/LED TVs - electronics bench repair focus.",LED driver repair,UC7yUMWxAQ42viIm9Wm6MGKg,hands,tv-power-electronics-repair,rest1,2026-09-14,scraper,533
https://www.youtube.com/@remontnicktv,@remontnickTV,Repairs Nick TV,397000,362,4,Repair-focused channel emphasizing detailed sped-up repair videos to convey the repair process.,ремонт телевизоров,UC8pBpw48Gn77QVXytnCxRbw,hands,tv-power-electronics-repair,wave1,2026-09-14,scraper,362
https://www.youtube.com/@remstor_uk,@remstor_uk,remstor_uk,640,123,4,"Disassembles, restores and upgrades amplifiers and audio equipment with repair focus stated clearly.",ремонт усилителя,UC6LJtbI3vt65OaOUGsDoBLQ,hands,tv-power-electronics-repair,rest1,2026-09-14,scraper,123
https://www.youtube.com/@remus72,@REMus72,РЕМусь,941,93,4,"Local amplifier repair shop in Tyumen, thin description but clearly names the repair trade.",ремонт усилителя,UCDUqZpgjmz_m8Zx-zcsC4Mg,hands,tv-power-electronics-repair,rest1,2026-09-14,scraper,93
https://www.youtube.com/@rendi761,@rendi761,Rendi pradipta,85,52,4,Indonesian channel focused on diagnosing and repairing LED/LCD/CRT TVs with troubleshooting tips.,servis power supply,UCGK-RuomgcD3yf8G6XMHRRg,hands,tv-power-electronics-repair,rest1,2026-09-14,scraper,52
https://www.youtube.com/@repair-o3n2n,@repair-o3n2n,Tech Audio Repair,190,96,4,Step-by-step electronics/amplifier/home theater repair tutorials channel in Hindi.,home theater amplifier repair,UCvDpYSGPqaXa6a2p2B9A2vA,hands,tv-power-electronics-repair,rest1,2026-09-14,scraper,97
https://www.youtube.com/@repairchannel,@repairchannel,Repair Channel,2720,74,4,"Dedicated repair-explanation channel covering wide range of electronics repairs, DIY-friendly approach.",amplifier repair | monitor repair,UCkK3ucqAddu3wR_5vAS16cw,hands,tv-power-electronics-repair,wave1,2026-09-14,scraper,74
https://www.youtube.com/@repairelectronics6044,@repairelectronics6044,Repair Electronics,2350,140,4,"Repairs power boards, inverters, LED lights and home theatre items, solid electronics repair fit.",electronics repair,UChtEyQo5rWxUyZS9TLnwH8g,hands,tv-power-electronics-repair,wave1,2026-09-14,scraper,140
https://www.youtube.com/@repairing-ka-funda,@Repairing-ka-Funda,Repairing ka Funda,19300,106,4,"Broad electronics repair channel listing LED TV, inverter, amplifier, home theatre repairs with tips format.",inverter repair | amplifier repair,UCHyDT852rBWIevvyi0hq8Bg,hands,tv-power-electronics-repair,wave1,2026-09-14,scraper,106
https://www.youtube.com/@repairingcourse,@REPAIRINGCOURSE,A to Z repairing and solution ,4930,160,4,"Trainer teaches laptop, mobile, printer AND LED TV chip-level repair with multimeter, MOSFET, capacitor content covering TV repair topic.",electronics repair course,UCy_HwEp32IGHYj44M3456hw,hands,tv-power-electronics-repair,wave1,2026-09-14,scraper,160
https://www.youtube.com/@repairingsolutions1031,@repairingsolutions1031,REPAIRING SOLUTIONS,6160,276,4,"Repairs LED TVs, home theaters, music systems - directly matches topic as a repair shop channel.",electronic repairing | power supply repair | amplifier repair,UC9jlDHbdsimDC2MgzXwi1jg,hands,tv-power-electronics-repair,wave1,2026-09-14,scraper,276
https://www.youtube.com/@repairingwala9718,@repairingwala9718,REPAIRING WALA ,2350,94,4,"Electronics and electrical repairing channel, thin description but plausible bench repair focus.",set top box repair,UCDf9HtJiEDgXVrCKlkuFHNQ,hands,tv-power-electronics-repair,rest1,2026-09-14,scraper,94
https://www.youtube.com/@repairwalamistri,@repairwalamistri,Repair Wala Mistri,1170,138,4,"Hashtags indicate inverter, battery, LED and PCB card repair work, fits SMPS/inverter repair bench.",SMPS repair,UCWYdGSAZMnQqMf87WQ9PKmw,hands,tv-power-electronics-repair,wave1,2026-09-14,scraper,138
https://www.youtube.com/@repoapps,@repoapps,repo apps,43300,84,4,"Electronics repair tutorials channel, general 'how to repair and fix electronic devices' fits topic.",monitor repair | LED TV no power repair,UCrPvfQbcF0qy_WU3DQZ2Y3A,hands,tv-power-electronics-repair,gray_v2,2026-09-14,scraper,84
https://www.youtube.com/@retrofull1047,@retrofull1047,retro full10,212,105,4,"Repair, modification and restoration of 80s radio cassette equipment, directly on-topic vintage audio repair.",reparación de amplificadores,UC1sD3tPSHSwxr02P6G2bhPg,hands,tv-power-electronics-repair,rest1,2026-09-14,scraper,105
https://www.youtube.com/@ridunservischannel,@ridunservischannel,RIDUN SERVIS CHANNEL,3520,294,4,"Indonesian service channel focused on audio/sound repair and setup, self-described hands-on learning content.",servis amplifier,UCS853ujo-ck5Pkbihjs2Wew,hands,tv-power-electronics-repair,rest1,2026-09-14,scraper,294
https://www.youtube.com/@rishielectronics5237,@rishielectronics5237,Rishi electronics,2900,132,4,"Amplifier and speaker sales/service channel with TV service too, plausible bench repair work.",servis amplifier,UCfOCLEmfDSZLVBx1XyvutbA,hands,tv-power-electronics-repair,rest1,2026-09-14,scraper,132
https://www.youtube.com/@riyadhelectronics2679,@riyadhelectronics2679,Tv repair shop uttora ,263,119,4,"TV repair shop with contact number, thin business-style description but plainly a bench repair service.",TV repair | LED TV repair | TV repair shop | TV power board repair,UC0QxQHOK9odj6--scG_bwkQ,hands,tv-power-electronics-repair,gray_v2,2026-09-14,scraper,119
https://www.youtube.com/@rizkelectronics,@rizkelectronics,رزق للالكترونيات Rizk Electronics,17200,509,4,"Electronics repair teaching channel covering satellite receivers, multimeter use, power supply building - practical focus.",صيانة الكترونيات,UCrreaTfce6VsuTWC8q6x6kw,hands,tv-power-electronics-repair,gray_v2,2026-09-14,scraper,509
https://www.youtube.com/@rkelectronicsohawal8898,@rkelectronicsohawal8898,R K ELECTRONIC sohawal,201,89,4,"Local electronics shop channel covering TV, mobile and inverter repair with practical work videos.",LED TV repairing Hindi,UClPRmXBZtGA1xYKxL8eYb-A,hands,tv-power-electronics-repair,gray_v2,2026-09-14,scraper,89
https://www.youtube.com/@rkelectronicsrepairing6617,@rkelectronicsrepairing6617,RK Electronics Repairing,2660,297,4,"Electronics and DJ equipment repairing channel, thin bio but clearly repair-focused audio electronics.",electronic repairing,UCNLmWX05eV8K1fnNMzXmUHg,hands,tv-power-electronics-repair,gray_v2,2026-09-14,scraper,297
https://www.youtube.com/@rmelectronicschennai,@rmelectronicschennai,RM ELECTRONICS ,74,109,4,"Television service channel, minimal description but clearly TV repair focused per name and keyword.",TV repair Tamil | ซ่อมทีวี | naprawa telewizora | TV 수리 | テレビ修理,UCcbI0dSKn4d4jX4_qLYhE7w,hands,tv-power-electronics-repair,gray_v2,2026-09-14,scraper,109
https://www.youtube.com/@rohanelectronic8750,@rohanelectronic8750,Rohan Electronic,321,132,4,"Description explicitly covers LED TV T-Con board repair alongside refrigerators and washing machines, technician-focused.",LED TV repairing Hindi,UCD2a71m_0GOUSKPhneLF0CA,hands,tv-power-electronics-repair,wave1,2026-09-14,scraper,132
https://www.youtube.com/@rohitelectronicrepairing,@rohitElectronicrepairing,ROHIT ELECTRONIC  REPAIRING,132,119,4,"Electronic and electrical repairing channel, thin description but plainly repair-focused name and bio.",electronic repairing,UC_Hj2VVg8E6azVzzcodquzA,hands,tv-power-electronics-repair,gray_v2,2026-09-14,scraper,119
https://www.youtube.com/@roidy88,@roidy88,RRV ELECTRONIC AND SERVICE EIRL ,85,86,4,"Repair of electrical equipment including inverters, variators, UPS and welding machines, on-topic bench repair.",reparación de inversores,UCkW-hhMzF48LGrt951sLxQQ,hands,tv-power-electronics-repair,rest1,2026-09-14,scraper,86
https://www.youtube.com/@rosewellamplify,@rosewellamplify,Rosewell Amps,756,118,4,"Full-time guitar and audio amp repair/servicing business, strong bench repair fit.",amplifier repair,UCi1nmr-YOIs6qYsI69cQU1A,hands,tv-power-electronics-repair,wave1,2026-09-14,scraper,118
https://www.youtube.com/@rseaudio,@RSEaudio,Ремонт динамиков усилителей RSE Audio,21100,270,4,"Speaker/amplifier repair shop with measurement work described, business details present but repair-centric.",conserto de amplificador | ремонт усилителя,UCUhlmKEKzzEcJUuYQCGDypQ,hands,tv-power-electronics-repair,rest1,2026-09-14,scraper,270
https://www.youtube.com/@rssoundjaipuir,@RSsoundjaipuir,RS Sound Jaipur,4230,149,4,DJ power amplifier and speaker repair shop channel with clear repair focus on named brands.,amplifier repair,UCNB1iDjdbl22QTz5SKRn2OQ,hands,tv-power-electronics-repair,wave1,2026-09-14,scraper,149
https://www.youtube.com/@s.kelectronics2.0,@s.kelectronics2.0,S.K Electronic's 2.0,81400,56,4,"Electronics repair and mechanics training channel, thin but plausible bench-repair evidence.",amplifier repair | electronics technician workshop,UC_qnyTDJUy9hPpsudyNHkRw,hands,tv-power-electronics-repair,gray_v2,2026-09-14,scraper,56
https://www.youtube.com/@s2audioamplifier,@S2audioamplifier,Audio wave amplifier,1060,256,4,"Amplifier board and speaker box repair channel with contact number, thin but on-topic evidence.",amplifier repair | subwoofer amplifier repair,UCqMYBPVBhhNYR_ZvTaORTUw,hands,tv-power-electronics-repair,gray_v2,2026-09-14,scraper,257
https://www.youtube.com/@s2tv840,@s2tv840,S2TV,2100,119,4,"TV technician channel repairing LCD, LED, 4K and CRT televisions, clear repair-shop bio.",LED TV repair Bangla | CRT TV repair,UCR-VHpJWLb5ToQ5EQRwqrnQ,hands,tv-power-electronics-repair,gray_v2,2026-09-14,scraper,119
https://www.youtube.com/@saad_abualasaad,@Saad_abualasaad,ابوالاسعاد احمد صلاح للالكترونيات,2570,63,4,"Extensive electronics repair channel covering CRT/LED TVs, monitors and appliances with 25 years experience claimed.",تصليح شاشات LED,UClwaB2zi2HAasEOkgCv97Wg,hands,tv-power-electronics-repair,wave1,2026-09-14,scraper,63
https://www.youtube.com/@sahpujirepair205,@sahpujirepair205,Sahpuji repair,4970,247,4,"TV/LCD/LED/plasma repair service description with contact info, thin but clearly on-topic repair channel.",solar inverter repair,UCQ4kFLDKttAIqTLyWSCPQbA,hands,tv-power-electronics-repair,rest1,2026-09-14,scraper,247
https://www.youtube.com/@saigontivi55a,@saigontivi55a,Sài Gòn Tivi,36100,87,4,"TV repair and warranty service for major brands, board replacement and photo board repair mentioned.",sửa tivi,UC9LxbgsvUW6NnQQ5esXkECA,hands,tv-power-electronics-repair,wave1,2026-09-14,scraper,87
https://www.youtube.com/@sakonservice%e0%b8%8b%e0%b9%88%e0%b8%ad%e0%b8%a1%e0%b9%84%e0%b8%94%e0%b9%89,@SakonService%E0%B8%8B%E0%B9%88%E0%B8%AD%E0%B8%A1%E0%B9%84%E0%B8%94%E0%B9%89,Sakon Service ซ่อมได้,221,110,4,"Repair shop servicing TVs, amps, speakers, indicating hands-on electronics bench repair work.",ซ่อมทีวี,UCEWDmS9lKUYZBkXCB3Ql90w,hands,tv-power-electronics-repair,wave1,2026-09-14,scraper,111
https://www.youtube.com/@salihustaaefelektronik,@SalihUstaAefElektronik,PROFESYONEL ELEKTRONİK TÜYOLARI,122,101,4,"35-year veteran sharing practical industrial electronics and printing card repair tips, hands-on fault diagnosis focus.",elektronik tamir,UCi5ubMGeZzdwDUmbeUhJY4g,hands,tv-power-electronics-repair,rest1,2026-09-14,scraper,101
https://www.youtube.com/@sandeepyadav-po4rx,@SandeepYadav-po4rx,Sandeep Electronics ,2960,97,4,"Dedicated SMPS supply, charger and stabilizer repair channel, matches power electronics repair bench.",SMPS repair | SMPS repair tutorial,UCLMs9gWAn470jhQBYIxmyPg,hands,tv-power-electronics-repair,gray_v2,2026-09-14,scraper,97
https://www.youtube.com/@sangam_electronics,@Sangam_Electronics,Sangam Electronics ,3700,385,4,"CRT/LED/LCD TV and induction cooker repair shop, thin description but clearly on-topic.",electronics repair shop,UCheG_uBOErQnYVYEIqejblQ,hands,tv-power-electronics-repair,rest1,2026-09-14,scraper,385
https://www.youtube.com/@santiagorepacionescaraudio,@santiagorepacionescaraudio,Santiago Repaciones  car audio,3900,151,4,Professional car audio amplifier module repair technician channel.,reparación de amplificadores,UClExK_Nh6ocRejDAosVxv7w,hands,tv-power-electronics-repair,rest1,2026-09-14,scraper,151
https://www.youtube.com/@sarifbanglarepair228,@sarifbanglarepair228,Sarif Bangla Repair,126,52,4,Bangla repair channel name explicitly repeats electronic repair focus though description is generic keyword stuffing.,LED driver repair,UC7YXTGGCHv90BMvN1ufzuSQ,hands,tv-power-electronics-repair,rest1,2026-09-14,scraper,52
https://www.youtube.com/@sarkarexpress,@sarkarexpress,সরকার এক্সপ্রেস ,709,563,4,"Pro audio equipment servicing channel covering amplifier, mixer, and speaker repairs.",UPS repair,UCF-7UVj3pZoRZXdeXOBtTTg,hands,tv-power-electronics-repair,rest1,2026-09-14,scraper,563
https://www.youtube.com/@sarngvanh,@sarngvanh,SarngVanh ຊ່າງວັນ ช่างวัน,7700,520,4,Description explicitly shows real repair work of general electrical appliances filmed for viewers.,ซ่อมทีวี,UC1bVcYphV8x2Z_CbkRnY68g,hands,tv-power-electronics-repair,wave1,2026-09-14,scraper,520
https://www.youtube.com/@satheeshelectronicselectricals,@SatheeshElectronicsElectricals,Satheesh Electronics & Electricals,4160,140,4,"Tamil electronics/electrical repair shop channel explicitly covering LED TV, stabilizer and speaker repairs.",TV repair Tamil,UC_gV_g95IYKoHj9cHhoQgbg,hands,tv-power-electronics-repair,wave1,2026-09-14,scraper,140
https://www.youtube.com/@satnamelectronicspiplod,@satnamelectronicspiplod,S P Electronics ,304,56,4,"Amplifier and LCD/LED repair shop, matches audio and TV bench repair topic.",electronics repair,UCNhgvvLNQ59aaIWlCBakNtg,hands,tv-power-electronics-repair,wave1,2026-09-14,scraper,56
https://www.youtube.com/@service-coreua,@Service-coreUa,CORE,297000,160,4,"Repair channel covering laptop, motherboard, GPU, PSU, and LCD monitor repairs with BGA soldering.",صيانة الكترونيات | ремонт блоков питания,UCzlXwR8hC2cY2r_TbME3ORw,hands,tv-power-electronics-repair,wave1,2026-09-14,scraper,160
https://www.youtube.com/@serviceaudiojadul,@serviceaudiojadul,service audio jadul ,262,524,4,Vintage audio service channel name directly suggesting hands-on repair of old audio equipment.,servis amplifier,UCSERDLpcZcsrqW_kMH1_aNg,hands,tv-power-electronics-repair,rest1,2026-09-14,scraper,524
https://www.youtube.com/@servis-f3h,@servis-f3h,Channel Electronik Servis,57100,619,4,Channel explicitly demos electronic audio soundsystem service videos for fellow technicians.,servis amplifier,UC4-cMX6Mbg5JPdpCFSfb1uA,hands,tv-power-electronics-repair,rest1,2026-09-14,scraper,619
https://www.youtube.com/@servis0011,@servis0011,Tamo Servis,2960,401,4,"Tutorial channel for electronic device repair, thin but on-topic description.",servis TV LED,UCAnN7RhpuzTSZLOwvX1a_Yw,hands,tv-power-electronics-repair,gray_v2,2026-09-14,scraper,401
https://www.youtube.com/@servisapasaja,@servisapasaja,servis apa saja,1510,105,4,"Indonesian channel dedicated to repairing electrical and electronic equipment, generic but on-topic description.",servis power supply,UCzWwPhUYOF5eGckewLeq-CQ,hands,tv-power-electronics-repair,rest1,2026-09-14,scraper,105
https://www.youtube.com/@shakirelectronics1,@Shakirelectronics1,Shakir Electronics,2280,148,4,"Covers inverter/VFD repair, LED/LCD TV repairing, dish receiver and charger repair with practical fault-finding.",electronics repair | power supply repair | SMPS repair | electronics repair course,UCpVQKlqCXVCs0_Hcn1AG0sw,hands,tv-power-electronics-repair,wave1,2026-09-14,scraper,148
https://www.youtube.com/@sharepengalamanku1,@SharePengalamanku1,Share Pengalaman,128,64,4,Personal channel sharing real electronic device repair experiences and tutorials matching bench repair format.,UPS repair | servis amplifier,UCa2zchbZkb2BDnAujbvascQ,hands,tv-power-electronics-repair,rest1,2026-09-14,scraper,64
https://www.youtube.com/@sharmatechnicalidea6179,@sharmatechnicalidea6179,Sharma LCD LED TV Service Ranchi,4820,292,4,"Trusted LCD LED TV panel repair and training center with named trainer, strong topical alignment.",LCD TV repair | TV repair shop,UCEX5MpsYW5xtvzmYBt0KK4Q,hands,tv-power-electronics-repair,wave1,2026-09-14,scraper,292
https://www.youtube.com/@shirin.service,@Shirin.service,Shirin.service,944,63,4,TV repair shop channel covering various brands and models with technical repair focus.,ซ่อมทีวี | تعمیر تلویزیون,UCZ_ZXLGUTVuxc91gZnQqDcg,hands,tv-power-electronics-repair,wave1,2026-09-14,scraper,63
https://www.youtube.com/@shivasisdash7343,@shivasisdash7343,WE FIX ELECTRONICS,3850,200,4,"Named 'WE FIX ELECTRONICS' with set-top-box repair keyword, thin but on-topic description.",LED driver repair | set top box repair,UCMGRVQVBgyhRYUrHdm_1TiA,hands,tv-power-electronics-repair,rest1,2026-09-14,scraper,200
https://www.youtube.com/@shoker511,@Shoker511,Советская и Импортная Аудиотехника,1860,84,4,Hobbyist restoring and repairing vintage Soviet and imported audio equipment on camera.,ремонт усилителя,UCw1M-w7hBzGnknuN_aOK4CQ,hands,tv-power-electronics-repair,rest1,2026-09-14,scraper,84
https://www.youtube.com/@shopjimmy,@shopjimmy,ShopJimmy,206000,816,4,Established parts distributor producing in-house how-to repair videos for TVs and appliances with technicians on camera.,TV repair | LED TV repair | TV repair shop,UCGfTWLdZHHmhtb-qUb5vb2Q,hands,tv-power-electronics-repair,wave1,2026-09-14,scraper,816
https://www.youtube.com/@shripatiamplifireelectronic,@ShriPatiAmplifireelectronic,Shri Pati Amplifire electronic,17500,507,4,"Amplifier electronic repair channel name, thin business-enquiry-only description but plausible bench repair focus.",amplifier repair,UCGkID-mNDs6_9gl-UrmHqNw,hands,tv-power-electronics-repair,gray_v2,2026-09-14,scraper,507
https://www.youtube.com/@shuvoit,@ShuvoIT,Shuvo IT,62400,317,4,Training institute specializing in OLED/QLED/LED/LCD TV panel and mainboard repair with ACF bonding courses.,TV repair | LED TV repair | electronics repair course | LED TV repairing Hindi | TV repairing Telugu,UCEew3jr0MCWXf9ai-DFjqpw,hands,tv-power-electronics-repair,wave1,2026-09-14,scraper,317
https://www.youtube.com/@shyamelectronicsss1885,@shyamelectronicsss1885,Shyam Electronics SS,904,173,4,"A to Z electrical electronic product repair channel, thin but clear repair-focused description.",home theater amplifier repair,UCAZhkJflamRYtVTvmOMOI9A,hands,tv-power-electronics-repair,rest1,2026-09-14,scraper,173
https://www.youtube.com/@sikhalcdledtvrepair7588,@sikhalcdledtvrepair7588,Electronics Repair Lab ,575,130,4,"Handle references LCD/LED TV repair explicitly, electronics knowledge and project sharing channel.",Elektronik reparieren,UCPCGMaDDb06z8hlcQFROS2A,hands,tv-power-electronics-repair,rest1,2026-09-14,scraper,130
https://www.youtube.com/@sindhelectronics5286,@sindhelectronics5286,Sindh Electronics,15500,704,4,"UPS, stabilizer and charger repair channel matching power electronics bench repair scope.",electronics repair | UPS repair,UCk35eYtO34QoZAOTmQspK5Q,hands,tv-power-electronics-repair,gray_v2,2026-09-14,scraper,704
https://www.youtube.com/@sindhielectronics,@SindhiElectronics,Sindhi Electronics ,34,86,4,"Titles show LED TV, amplifier and induction repair jobs on camera consistently",home theater amplifier repair,UC8fl6MeHM9mD3jt-OeRCRkg,hands,tv-power-electronics-repair,rest1,2026-09-14,scraper,86
https://www.youtube.com/@singhmundacomputer5875,@singhmundacomputer5875, Amplifier Repair Electronic & electrician,510,87,4,"Channel name states amplifier repair electronics and electrician, thin evidence but on-topic.",amplifier repair,UCqw9nFiA8LOAIQ3FXjOejYw,hands,tv-power-electronics-repair,gray_v2,2026-09-14,scraper,87
https://www.youtube.com/@siyanandan.4321,@Siyanandan.4321,SKS LED tv & electronic's repair,210,57,4,"LED TV and electronics repair channel name, thin generic description but clear trade focus.",LED TV no power repair,UCvngAVD5jxaHOpd9tud7dPQ,hands,tv-power-electronics-repair,rest1,2026-09-14,scraper,57
https://www.youtube.com/@sjcelectronique,@SJCElectronique,SJC Électronique,18400,1245,4,"General electronics diagnostic and repair training channel, plausible fit for board-level repairs.",réparation électronique,UCYKcn0yoneumvR7jU8O2Zow,hands,tv-power-electronics-repair,rest1,2026-09-14,scraper,1245
https://www.youtube.com/@skelectronics104,@Skelectronics104,Amplifier Reparing Amethi,193,142,4,"Amplifier repairing channel name with minimal description, thin but plausible dedicated audio repair evidence.",amplifier repair,UCS2eTcIdbtbFYBIHNErxHaA,hands,tv-power-electronics-repair,gray_v2,2026-09-14,scraper,142
https://www.youtube.com/@skelectronicsledtvrepair,@skelectronicsledtvrepair,SK ELECTRONICS LED TV REPAIR ,42,144,4,Dedicated LED TV repair channel with step-by-step troubleshooting tutorials for Sony/Samsung sets.,LED TV repair | sửa tivi | ซ่อมทีวี | تعمیر تلویزیون | 电视维修,UCX46YzcqfVBCCMhIg1t-x9g,hands,tv-power-electronics-repair,wave1,2026-09-14,scraper,144
https://www.youtube.com/@skelectronicstech,@SkelectronicsTech,Sk electronics Tech,281,66,4,CRT/LED TV and projector repair technician channel with thin but on-topic description.,电视维修 | CRT TV repair,UCXaKlmgCS7oCBi5RfxbTuCw,hands,tv-power-electronics-repair,gray_v2,2026-09-14,scraper,66
https://www.youtube.com/@skelectronicswork,@SkElectronicswork,S.k Electronic's work,1070000,2003,4,"Repairs stabilizers, inverters, TVs, setup boxes and LED bulbs—broad consumer electronics repair fit.",electronics repair | electronic repairing,UC5npVAigHajUI_6GoJlmKGQ,hands,tv-power-electronics-repair,wave1,2026-09-14,scraper,2003
https://www.youtube.com/@skled5540,@skled5540,Sk electronics led tv ripering centre ,1640,198,4,"LED TV repairing centre channel, name and description confirm repair trade focus.",LED TV no power repair,UC5j0CFKcgbbm4YhMktlhRiQ,hands,tv-power-electronics-repair,rest1,2026-09-14,scraper,198
https://www.youtube.com/@sksaddamelectronic,@SKSaddamElectronic,SK Saddam Electronic,48,72,4,"Car stereo, amplifier and electronics repair tips channel with practical guides.",subwoofer amplifier repair,UCxFcq_-_uXZPkKpyYCQK2hg,hands,tv-power-electronics-repair,rest1,2026-09-14,scraper,72
https://www.youtube.com/@sonudjsoundmusic9682,@sonudjsoundmusic9682,sah dj amplifier reparing ,299,141,4,"DJ amplifier repairing channel, dedicated to audio equipment repair per name and description.",amplifier repair,UCVsiW5O6oqwMGxUoU5lMTsA,hands,tv-power-electronics-repair,gray_v2,2026-09-14,scraper,141
https://www.youtube.com/@sound_and_electronics,@Sound_and_electronics,Звуковая аппаратура и электроника прошлого века,1750,112,4,"Vintage Soviet audio electronics repair channel, hands-on bench work implied by description.",ремонт усилителя,UCAX1AL4qHQG-iHRQZy02tmQ,hands,tv-power-electronics-repair,rest1,2026-09-14,scraper,112
https://www.youtube.com/@soundlabzblr,@soundlabzblr,SOUNDLABZ,927,88,4,"Professional AV receiver, amplifier and home theater chip-level repair shop with detailed service list.",home theater amplifier repair | subwoofer amplifier repair | servis amplifier,UCJnmwPejmMtaaEbRMTGlJuw,hands,tv-power-electronics-repair,rest1,2026-09-14,scraper,88
https://www.youtube.com/@soundmaker1320,@soundmaker1320,st.electronic,752,52,4,"Repair channel covering amplifiers, speakers, woofers, home theater and LED TVs.",home theater amplifier repair | subwoofer amplifier repair,UCJxOiskVe1qjxbCCdJU1pXQ,hands,tv-power-electronics-repair,rest1,2026-09-14,scraper,52
https://www.youtube.com/@speakerwala-qf9vs,@speakerwala-qf9vs,speaker wala,385,135,4,Speaker/subwoofer repair service center channel showing repair videos of car and home speakers.,subwoofer amplifier repair,UCV88jzVrKDnMS85qOXpSjuQ,hands,tv-power-electronics-repair,rest1,2026-09-14,scraper,135
https://www.youtube.com/@spesialistv-led-lcd-plasma,@SpesialisTV-LED-LCD-PLASMA,New KJT - Kalista Jaya Teknik,1420,1010,4,"Specialist LED/LCD/Plasma TV repair shop, though description leans toward business/parts sales.",servis TV LED,UCPcYXo8ruVA_qv3mxq4QpOQ,hands,tv-power-electronics-repair,gray_v2,2026-09-14,scraper,1011
https://www.youtube.com/@sr-audio-650w,@SR-AUDIO-650W,SR-AUDIO profesional.,32300,436,4,Professional audio equipment diagnosis and repair tutorials with electronics courses offered.,reparación de amplificadores,UCMUIJgqkz5K9sXCBj35dV6w,hands,tv-power-electronics-repair,rest1,2026-09-14,scraper,436
https://www.youtube.com/@starelectronic-k3d,@StarElectronic-k3d,Star Electronic,409,66,4,PCB repair shop name indicates board-level electronics repair with minimal description.,reparación de inversores | réparation électronique,UCHObhFpPYZstoElcK1lkrGA,hands,tv-power-electronics-repair,rest1,2026-09-14,scraper,66
https://www.youtube.com/@steveselectronicrepairshop,@StevesElectronicRepairShop,Steve's Electronic Repair Shop,7200,601,4,Retro analog electronic equipment repair channel likely covering vintage audio/TV gear with hands-on repair work.,electronics repair | electronic repairing | monitor repair,UCqcZFZgApzKRSOtGI2u7sNQ,hands,tv-power-electronics-repair,wave1,2026-09-14,scraper,601
https://www.youtube.com/@stonemindtechno,@StoneMindtechno,Stone Mind Techno ,2510,345,4,"Sound system, amplifier board and multimeter-based electronics repair learning channel.",LED driver repair,UCMN1f1h8wnoCc2hJcQF9Q5A,hands,tv-power-electronics-repair,rest1,2026-09-14,scraper,345
https://www.youtube.com/@stromzrepair,@stromzrepair,Stromz Repair,3860,296,4,"Self-described CRT TV technician channel, thin description but clearly repair-focused.",CRT TV repair,UCYxHLaiwd_WqzMa5mkXlolA,hands,tv-power-electronics-repair,rest1,2026-09-14,scraper,296
https://www.youtube.com/@sua-tivi-tai-bien-hoa,@Sua-Tivi-Tai-Bien-Hoa,Sửa Tivi Chuyên Nghiệp Biên Hòa,239,51,4,"TV repair shop channel specializing in LCD/LED/3D/4K/QLED/OLED TV repair, likely shows real repair work.",sửa tivi,UCK85Rx7G-rG-7LXXwzulkPQ,hands,tv-power-electronics-repair,wave1,2026-09-14,scraper,51
https://www.youtube.com/@sualoatinphat,@sualoatinphat,Sửa Loa Tín Phát,113,108,4,"Repair channel sharing real speaker, amplifier and appliance fixes from customer jobs.",sửa amply,UCHXG3L_BE8m6fJa4S90sWEw,hands,tv-power-electronics-repair,rest1,2026-09-14,scraper,108
https://www.youtube.com/@suativi4ktainhahanoi,@suativi4ktainhahanoi,"Sửa Tivi Tại Nhà, Hà Nội - Bán remote tivi",3610,451,4,"Home TV repair service listing specific faults (no power, screen lines) and board parts sold, suggests real repair videos.",sửa tivi,UCSajGV04VGAxaSHFNv5nt_A,hands,tv-power-electronics-repair,wave1,2026-09-14,scraper,451
https://www.youtube.com/@suativitaidalat,@suativitaidalat,Sửa tivi tại Đà Lạt ( Điện Tử Văn Đạt ),160,91,4,"Channel documents daily work of a TV repair technician, strong dedicated bench repair fit.",sửa tivi,UCziqdMfpO8EydDulUbSbEXQ,hands,tv-power-electronics-repair,wave1,2026-09-14,scraper,91
https://www.youtube.com/@suativitiengiang,@SUATIVITIENGIANG,Anh Thợ Sửa Tivi Tiền Giang,1850,175,4,"Professional TV repair shop specializing in board repair, screen replacement and genuine parts.",sửa tivi,UCcpOgZS56cnXUgf9SNjvpmg,hands,tv-power-electronics-repair,wave1,2026-09-14,scraper,175
https://www.youtube.com/@suavangsochuyennghiep,@suavangsochuyennghiep,Sửa Vang Số Chuyên Nghiệp,3360,1195,4,"Professional audio equipment repair technician (amplifiers, crossovers, controllers) - business contact info but describes repair work.",sửa tivi,UCmzk8P4zOWCZXCnqWPa0jaA,hands,tv-power-electronics-repair,gray_v2,2026-09-14,scraper,1196
https://www.youtube.com/@subakti_wardoyo,@Subakti_wardoyo,all electronics field,25600,593,4,"Electrical technician sharing daily TV, appliance and audio sound system repair work with hands-on framing.",servis TV LED,UCYjg7uSRm2WQutdcgiD7eqQ,hands,tv-power-electronics-repair,wave1,2026-09-14,scraper,593
https://www.youtube.com/@sumangiri-965,@SumanGiri-965,Technical Somnath Experiment ,128,113,4,"Bengali electronics repair channel covering amplifier, LED light, adapter, charger and speaker repairs with hands-on focus.",amplifier repair,UCRmTjcvM2CLApuOWxptfnZA,hands,tv-power-electronics-repair,wave1,2026-09-14,scraper,113
https://www.youtube.com/@sumitmondal-iz9lb,@SumitMondal-iz9lb,WB sumit electronic TV repair ,452,216,4,Named TV repair channel with CRT TV repair keyword though description is just a subscribe plea.,LED driver repair | CRT TV repair,UCphuCKSe6-2Gjhz9nKQFYIg,hands,tv-power-electronics-repair,rest1,2026-09-14,scraper,216
https://www.youtube.com/@sunilalectronicsrepair,@Sunilalectronicsrepair,Sunil Electronics repair,513,99,4,"Repairs amplifier, home theatre, sound systems and various electronics, Hindi-language bench repair channel.",electronics repair,UCdeyzmHaOpKFmjuOVAGIzMw,hands,tv-power-electronics-repair,wave1,2026-09-14,scraper,99
https://www.youtube.com/@sunilkumartechnicianledtv8960,@sunilkumartechnicianledtv8960,Sunil Kumar technician LED TV repair,2330,152,4,Name and description indicate dedicated LED TV panel repair and software channel.,réparation télévision,UCSlAHACN8Ja2dMqx98ETnyA,hands,tv-power-electronics-repair,wave1,2026-09-14,scraper,152
https://www.youtube.com/@sunilrepairingcentre77,@SunilRepairingCentre77,Sunil Repairing Center,48200,1348,4,"Repairing centre name with amplifier repair keyword hint, thin description but clear repair focus.",electronic repairing | amplifier repair | subwoofer amplifier repair | electronics repairing institute,UCGhC_RuVfpq2Jqhhkyl731g,hands,tv-power-electronics-repair,gray_v2,2026-09-14,scraper,1348
https://www.youtube.com/@sunindiaelectric3861,@sunindiaelectric3861,sun India electric,5380,524,4,"Describes practical repair videos of TV, radio, amplifier, speaker and other electronics.",SMPS repair,UC3Td0B2PPMzJjmff_wk0tvg,hands,tv-power-electronics-repair,wave1,2026-09-14,scraper,524
https://www.youtube.com/@suntrixsolarmaster,@suntrixsolarmaster,Suntrix Solar Master ,704,91,4,"Dedicated to Suntrix solar inverter fault diagnosing and board repair, clear repair focus.",solar inverter repair,UCL8faYpM8OcpfyArfdkIYcg,hands,tv-power-electronics-repair,rest1,2026-09-14,scraper,91
https://www.youtube.com/@super-elektronik,@Super-Elektronik,Süper Elektronik,632,96,4,"TV repair and LED bar replacement videos described directly, real fault-to-fix content implied.",LED TV tamiri,UCH-BHA9tMYw277Bs27RDd3A,hands,tv-power-electronics-repair,wave1,2026-09-14,scraper,96
https://www.youtube.com/@svehindi,@svehindi,Silicon Valley Electronics  Hindi,6560,139,4,"Hindi channel dedicated to LED/Smart TV motherboard repair and technical videos, matches topic well.",LED TV repairing Hindi | صيانة الكترونيات | 电视维修,UCX3-8PuSw3vH_knuB42pNRg,hands,tv-power-electronics-repair,wave1,2026-09-14,scraper,139
https://www.youtube.com/@svetelugu,@svetelugu,Silicon Valley Electronics Telugu,8550,139,4,"Telugu channel dedicated to LED/Smart TV motherboard repair, EMMC and USB upgrade technical videos.",TV repairing Telugu,UCuYMOL5qyJtAZ9_uV3ifHFg,hands,tv-power-electronics-repair,wave1,2026-09-14,scraper,139
https://www.youtube.com/@swaransinghsandhu,@swaransinghsandhu,Electro Hub,47400,122,4,"Technical educational channel for repairing electronic and electrical goods, thin description but on-topic focus.",UPS repair,UCAFKlFxxOF5D3ApUqgoJcaA,hands,tv-power-electronics-repair,rest1,2026-09-14,scraper,122
https://www.youtube.com/@swastikdjrepering,@SwastikDjRepering,Swastik Dj Repering ,183,143,4,"DJ repair-named channel with electric room bio, thin but plausible bench repair",home theater amplifier repair,UCwaR8gnJZoTUxY_CHUDlFNA,hands,tv-power-electronics-repair,rest1,2026-09-14,scraper,143
https://www.youtube.com/@synthtailorelectronics,@synthtailorelectronics,Synth Tailor Electronics,904,51,4,"Vintage synth, drum machine and tape gear repair shop, adjacent audio electronics repair.",electronics repair,UCZYBraR34ZRC9YWqB6PgQdg,hands,tv-power-electronics-repair,wave1,2026-09-14,scraper,51
https://www.youtube.com/@t.h.kelectronic7823,@t.h.kelectronic7823,T. H. K  electronic circuit repair & tutorial,7110,253,4,"Broad electronic circuit repair channel covering LED/LCD TV, CRT TV among appliances.",LED driver repair,UCl2TE4OhCvAhbJMuvyGX-vQ,hands,tv-power-electronics-repair,rest1,2026-09-14,scraper,254
https://www.youtube.com/@taicheloa,@Taicheloa,Thợ kĩ thuật sửa điện tử  các loại chuyên sâu ,6180,308,4,"Electronics teardown and repair channel opening devices from customers, speaker repair focus.",sửa nguồn xung | sửa amply,UCc7xkNJpz_j_sLQ0bXkkPpA,hands,tv-power-electronics-repair,rest1,2026-09-14,scraper,308
https://www.youtube.com/@tajelectronic9376,@tajelectronic9376,Dip Elc Shahzadpur,357,65,4,"CRT/LED TV and sound system repair shop, thin description but clear repair focus.",T-con board repair,UCBj_AVCfwVAKEJU9roQBtGw,hands,tv-power-electronics-repair,rest1,2026-09-14,scraper,65
https://www.youtube.com/@techarts_pro,@TechArts_Pro,FixingFreak,680,163,4,"Description explicitly lists Mobile Repair, TV Repair, LED TV Repair, Electronics Repair in Malayalam.",TV repair Malayalam,UC9JUMzDpgxxSfPcvVCSEy7A,hands,tv-power-electronics-repair,rest1,2026-09-14,scraper,163
https://www.youtube.com/@technicalagrawat,@TechnicalAgrawat,Technical Agrawat,36000,471,4,"Explicitly covers TV, amplifier, LCD/LED TV and PA amplifier repair tips in Hindi, good topic match.",SMPS repair | amplifier repair,UC_u3LSKF-FiTTiRB9F_7eKw,hands,tv-power-electronics-repair,wave1,2026-09-14,scraper,471
https://www.youtube.com/@technicalashok733,@technicalashok733,Technicalashok733,2910,209,4,"Named channel for LED/LCD TV and mobile component repair, thin evidence but clearly repair-focused.",LED TV repairing Hindi,UCaIdF89gaXVyKADd5PlBdWw,hands,tv-power-electronics-repair,gray_v2,2026-09-14,scraper,209
https://www.youtube.com/@technicalbanglaas8318,@technicalbanglaas8318,Technical Bangla AS,2140,142,4,"Bengali electronics repair tips channel, general household electronics repair described in thin bio.",LED TV repair Bangla,UCeKW9o3PwVcOEycG291tfJw,hands,tv-power-electronics-repair,gray_v2,2026-09-14,scraper,142
https://www.youtube.com/@technicianbertoservice2408,@technicianbertoservice2408,Technician Berto Service,161,82,4,"Technician service channel name matching power supply/amplifier repair keywords, thin bio but plausible bench repair.",servis power supply | servis amplifier,UCkheUT5lfy9z7-9E1SAIZrQ,hands,tv-power-electronics-repair,rest1,2026-09-14,scraper,82
https://www.youtube.com/@technicianmaker,@technicianmaker,Electronics repair services,27200,146,4,"Name explicitly states electronics repair services, minimal description but clear repair intent.",electronics repair | Elektronik reparieren,UCg1OWKwt8eAhA1wKi23jnsg,hands,tv-power-electronics-repair,gray_v2,2026-09-14,scraper,146
https://www.youtube.com/@techrectifier,@TechRectifier,TechRectifier,287,69,4,Circuit board troubleshooting and rectification repair channel with step-by-step tutorial framing.,LED driver repair | electronics troubleshooting multimeter board,UCGw9peMZl4cRQVcjHZr92Yg,hands,tv-power-electronics-repair,rest1,2026-09-14,scraper,69
https://www.youtube.com/@techzoneeletronica,@techzoneeletronica,TECHzone Eletrônica,601,61,4,"Electronics repair and projects channel, thin description but on-topic name and focus.",conserto de amplificador,UCjTAFU7PHBBg4vjN8XupP9A,hands,tv-power-electronics-repair,rest1,2026-09-14,scraper,61
https://www.youtube.com/@tecsomreparoemanutencaoaud5569,@tecsomreparoemanutencaoaud5569,TECSOM REPARO E MANUTENÇAO EM SOM PROFISSIONAL,3300,189,4,Professional sound equipment repair and maintenance channel showing practical work.,reparación de amplificadores | conserto de amplificador | ремонт усилителя,UC2d7vXH-aCoqZ8f0fa_Ev0g,hands,tv-power-electronics-repair,rest1,2026-09-14,scraper,189
https://www.youtube.com/@tecvideoeletronicaeaventuras,@tecvideoeletronicaeaventuras,TECVIDEO ELETRÔNICA E AVENTURAS,10900,240,4,Electronics repair channel focused on TV and audio equipment fixes with practical tips.,conserto de TV LED,UCQTu1drHpCNaanHHy5ZOjMQ,hands,tv-power-electronics-repair,wave1,2026-09-14,scraper,240
https://www.youtube.com/@teknisikampoeng73,@teknisikampoeng73,PAUL DMONE,9840,276,4,"Electronic repair and tutorial channel, thin but on-topic description.",T-con board repair,UCusw93rU8Ht9fteW2vfmphA,hands,tv-power-electronics-repair,rest1,2026-09-14,scraper,276
https://www.youtube.com/@telugurepairhut907,@telugurepairhut907,TELUGU REPAIR HUT,129,55,4,"Telugu repair channel explicitly covering CRT/LED/LCD TV, home theater, amplifiers and mobiles.",TV repairing Telugu,UCb4qpq6YVBO_gmRw7zs0YOg,hands,tv-power-electronics-repair,wave1,2026-09-14,scraper,55
https://www.youtube.com/@thuongientu,@Thuongientu, Điện tử - MHT,3980,338,4,Electronics repair channel name repeated with TV and general repair sharing implied.,sửa amply,UC5DGmTMMkehZ7mMn66b_1Mw,hands,tv-power-electronics-repair,rest1,2026-09-14,scraper,338
https://www.youtube.com/@titosevistv3552,@titosevistv3552,TITO SEVIS TV,3920,153,4,Channel dedicated to discussing TV faults and repair.,servis TV LED,UCEdH6URuS_zb4q7EjuJGADQ,hands,tv-power-electronics-repair,gray_v2,2026-09-14,scraper,153
https://www.youtube.com/@tiwarielectronicnt24,@TiwariElectronicNt24,Tiwari Electronic ,1120,104,4,"CRT/electronic repair channel, thin description but name and keyword point to bench repair.",TV power board repair | CRT TV repair,UCFox7sjRp3sDUFhIm2Hkyjw,hands,tv-power-electronics-repair,rest1,2026-09-14,scraper,104
https://www.youtube.com/@tkfelectronics,@TKFElectronics,TKF Electronics,7390,140,4,"Electronic engineer uploading repairing videos of gadgets and devices, general electronics repair channel.",electronics repair | amplifier repair | صيانة الكترونيات,UC7QRvluT9hmsdpsKxKHzY6g,hands,tv-power-electronics-repair,wave1,2026-09-14,scraper,140
https://www.youtube.com/@todaytvsolutions,@TODAYTVSOLUTIONS,TV REPAIR SERVICE IN HYDERABAD,576,58,4,"TV technician channel for LED/LCD/QLED/OLED repairs with tips for other technicians, strong topic alignment.",electronics repair | TV repair | LED TV repair | LCD TV repair | sửa tivi | ซ่อมทีวี | تعمیر تلویزیون | 电视维修,UCFp9_5CMcdTEM1Y0rKrI_LQ,hands,tv-power-electronics-repair,wave1,2026-09-14,scraper,58
https://www.youtube.com/@tony359,@tony359,Tony359 | Tony's Tinkering Shop,42500,172,4,"Electronics and computer tinkering/repair bench channel mixed with reviews, fits bench repair format well.",electronics repair shop,UCvxgGy-GkPY9RA9BcLTBaFQ,hands,tv-power-electronics-repair,rest1,2026-09-14,scraper,172
https://www.youtube.com/@totrunghieu1980,@totrunghieu1980,Điện tử Trung Hiếu,363,110,4,"Dedicated audio equipment repair and sales shop (mixers, amplifiers, vang số) with technician bio.",sửa nguồn xung,UC6fTB84irR2gP9unaRaCeIA,hands,tv-power-electronics-repair,rest1,2026-09-14,scraper,110
https://www.youtube.com/@tranducdoan1973,@Tranducdoan1973,ĐỨC ĐOÀN AUDIO,12600,1234,4,Long-time electronics repair technician sharing repair and adjustment knowledge from his shop.,sửa amply,UCZrwJFRSkb70tQQAGd4JQzA,hands,tv-power-electronics-repair,rest1,2026-09-14,scraper,1235
https://www.youtube.com/@treminaorugx,@treminaorugx,Andy King,1130,122,4,"Dedicated CRT repair channel, clear bench electronics repair fit though thin description.",monitor repair,UC9bcAfn8RAeQ7mgzx81w5Tg,hands,tv-power-electronics-repair,gray_v2,2026-09-14,scraper,122
https://www.youtube.com/@tria-electronica,@Tria-Electronica,TRIA-ELECTRONICA.,10700,199,4,"Practical tutorials repairing inverter welders, switching power supplies and LED/Smart TVs for technicians.",conserto de TV LED,UC_OveFunMjSvxY18w8DuJ3g,hands,tv-power-electronics-repair,wave1,2026-09-14,scraper,199
https://www.youtube.com/@trilliontechnologys,@trilliontechnologys,TRILLION TECHNOLOGYS,19300,62,4,"Tamil Nadu TV service centre listing motherboard, backlight, panel repair services; business-style but plausible repair videos.",TV repair Tamil,UC7dZ66rMw0MTDG9jqNRL7DQ,hands,tv-power-electronics-repair,trial100,2026-09-14,scraper,62
https://www.youtube.com/@trishnaelectronics-iti,@TrishnaElectronics-ITI,"Trishna Electronics, -ITI",7440,635,4,"TV/mobile/SMD/UPS/stabilizer repairing and manufacturing channel, thin bio but plainly bench repair focused.",SMPS repair | SMPS repair tutorial,UC1N_VVbGvyLamxXeLTlVYoA,hands,tv-power-electronics-repair,gray_v2,2026-09-14,scraper,635
https://www.youtube.com/@trungtamsuachuabientansolar,@trungtamsuachuabientansolar,Trung Tâm Sửa Biến Tần Solar,2190,397,4,"Solar inverter repair center with real case diagnostics and fault analysis of Sungrow, Huawei, Growatt inverters.",sửa nguồn xung,UCYtf6zugQeoukJpmIrA2aSw,hands,tv-power-electronics-repair,rest1,2026-09-14,scraper,397
https://www.youtube.com/@tv-dt7sd,@TV-dt7sd,รับซ่อม TV บ้านหม้อ ช่างเต่า บ้านหม้อ,1240,674,4,TV/LED/LCD and audio equipment repair shop with clear consumer electronics service scope.,ซ่อมทีวี,UC0uqKn_w22HIVaQ2b_KVz0w,hands,tv-power-electronics-repair,wave1,2026-09-14,scraper,674
https://www.youtube.com/@tvandinverterdoctor,@TVANDINVERTERDOCTOR,TV AND INVERTER DOCTOR ,21,62,4,"TV and inverter repair tutorial channel with troubleshooting focus, matches topic directly.",inverter repair,UCns5__EopYnk4RPArfQ6X3A,hands,tv-power-electronics-repair,wave1,2026-09-14,scraper,62
https://www.youtube.com/@tvdoctor-q8w,@TVDoctor-q8w,TV Doctor,19,52,4,"Broad electronics repair technician covering TV, inverters, UPS, SMPS with dated real job titles.",TV motherboard repair,UCWiP_1hbjGMB9xR6uM8rWOw,hands,tv-power-electronics-repair,rest1,2026-09-14,scraper,52
https://www.youtube.com/@tvrepairvizag,@tvrepairvizag,TV repair Vizag ,459,54,4,Dedicated LED/QLED/smart TV repair shop channel matching core topic scope directly.,TV repair | LED TV repair | TV repair shop | ซ่อมทีวี | 电视维修,UCsDqLeR3_MLE0_ERpiGloHg,hands,tv-power-electronics-repair,wave1,2026-09-14,scraper,54
https://www.youtube.com/@tvtechmrk8151,@tvtechmrk8151,tv tech mrk,8690,91,4,"LCD/LED TV repair channel, thin description but clearly names the repair trade.",TV repair technician,UCZSg4gL_UonrPgjosOhsneQ,hands,tv-power-electronics-repair,rest1,2026-09-14,scraper,91
https://www.youtube.com/@tvtechpros,@tvtechpros,TV TECH PRO,407,176,4,"TV Tech Pro name and CRT/LED TV repair keyword suggest dedicated bench repair channel, very thin description.",LED TV repair Bangla | CRT TV repair,UCtm2j5rzMHFpOtMq7F__X7A,hands,tv-power-electronics-repair,gray_v2,2026-09-14,scraper,176
https://www.youtube.com/@uebevintage,@UebeVintage,Uebe Vintage,116000,610,4,"Vintage electronics repair workshop, clear on-topic bio despite brevity.",conserto de amplificador,UCc9fXGiRAXLqSy1RQbC-fUQ,hands,tv-power-electronics-repair,rest1,2026-09-14,scraper,610
https://www.youtube.com/@umaelectronicinstitute7803,@umaelectronicinstitute7803,UMA Electronic Institute,745,71,4,"Electronics institute channel describing open/repair/finish demonstration videos, on-topic bench work implied.",electronics repairing institute,UCZXJ46_mYXubUS93ViP-mcw,hands,tv-power-electronics-repair,rest1,2026-09-14,scraper,71
https://www.youtube.com/@umarelectroniclab,@umarelectroniclab,Umar Electronics Lab,285,167,4,"Solar/inverter/battery repair lab with electronics troubleshooting, aligns with power electronics repair scope.",electronics repair | solar inverter repair,UCeNMSWmQUX_KsFzuadTfv5w,hands,tv-power-electronics-repair,gray_v2,2026-09-14,scraper,167
https://www.youtube.com/@uncledoug,@UncleDoug,Uncle Doug,143000,280,4,Vintage guitar amplifier and electronic equipment repair/restoration channel with technical instructional content.,amplifier repair,UCuR4hQTXkG_KxozLxwPzEjQ,hands,tv-power-electronics-repair,wave1,2026-09-14,scraper,280
https://www.youtube.com/@unique_led_tvrepair_99,@unique_led_tvrepair_99,UNIQUE LED TV REPAIR ,65,119,4,"LED/LCD/OLED TV mechanic with titles on board fault finding and panel repair, though some shorts/motivational content dilutes focus.",LED TV repair | LCD TV repair,UCyGcF1goJq8xvMQ_uSe-4rw,hands,tv-power-electronics-repair,wave1,2026-09-14,scraper,119
https://www.youtube.com/@upgrade_repairing_tips,@Upgrade_repairing_tips,VISHAL LED LCD PLASMA REPAIR TIPS,13600,120,4,"LCD/LED/Plasma repair tips channel with telegram group for technicians, strong topical fit.",LCD TV repair | power supply repair,UCA8t_6Xw2SFHMv7ymoF31vg,hands,tv-power-electronics-repair,wave1,2026-09-14,scraper,120
https://www.youtube.com/@ustamab1,@Ustamab1,Арчильбард-дельякруз3,525,78,4,"Channel explicitly dedicated to repairing all kinds of electronics, thin description but clear repair focus.",ремонт усилителя,UC0JRFDxoXOVTrIbQoN6bp7A,hands,tv-power-electronics-repair,rest1,2026-09-14,scraper,78
https://www.youtube.com/@uttamrepairingwork,@Uttamrepairingwork,Uttam repairing work,234,207,4,Electrical/electronics repair channel emphasizing genuine repair videos including PCB repair.,home theater amplifier repair,UCfHiU9U9XDZZAXVtPAzg1jA,hands,tv-power-electronics-repair,rest1,2026-09-14,scraper,207
https://www.youtube.com/@v.ovchinnikov,@v.ovchinnikov,Вячеслав Овчинников,3160,281,4,"Dedicated amplifier repair and tweaking channel, core audio electronics bench work.",ремонт усилителя,UCEQLKap8Gt0JtRg3ThPso7g,hands,tv-power-electronics-repair,rest1,2026-09-14,scraper,281
https://www.youtube.com/@v2institute,@v2institute,V2 Institute ,4250,214,4,"TV repair training institute covering CRT to smart LED TVs, troubleshooting and display tech — strong educational repair fit.",sửa tivi | ремонт телевизоров | ซ่อมทีวี | 电视维修,UCVpmNZl1LtoHcxaWFLjcM6A,hands,tv-power-electronics-repair,wave1,2026-09-14,scraper,214
https://www.youtube.com/@vandailcd,@Vandailcd,Văn Đại Sửa Tivi,686,53,4,Dedicated TV and electronics repair channel promising helpful repair videos.,sửa tivi | 电视维修,UCTRL8ceUbHsT1stmJSsHevg,hands,tv-power-electronics-repair,wave1,2026-09-14,scraper,53
https://www.youtube.com/@varmatotalsolution,@Varmatotalsolution,varma total solution ,71,60,4,"Electronics repair channel focused on inverter and general electronics part repair, thin but clearly on-topic.",solar inverter repair,UCOEksg47K-lyob6p3MH0pWw,hands,tv-power-electronics-repair,rest1,2026-09-14,scraper,60
https://www.youtube.com/@venuselectronics113,@VenusElectronics113,Venus Electronics :- LED LCD REPAIR SERVICE CENTRE,203,53,4,"Dedicated LED/LCD TV repair service centre channel, core topic match.",electronics repair | TV repair shop,UCj-l1P3M2DqcT9m9PwhjkVw,hands,tv-power-electronics-repair,wave1,2026-09-14,scraper,53
https://www.youtube.com/@vets.elektronik,@vets.elektronik,vets.elektronik,4400,87,4,"Speaker and amplifier repair technique channel with explicit fault diagnosis content, fits audio electronics repair.",elektronik tamir,UCO_EjJX7f3eDrzLlPTb6_hg,hands,tv-power-electronics-repair,rest1,2026-09-14,scraper,87
https://www.youtube.com/@vickysingh-61270,@vickysingh-61270,    BHURJI ELECTRONICS 📺,936,259,4,"TV and audio systems repair channel, thin but clear description matching bench repair scope.",home theater amplifier repair,UC-XjVKgvht0BS6Sn9PMZ1kA,hands,tv-power-electronics-repair,rest1,2026-09-14,scraper,259
https://www.youtube.com/@videosomeletronica,@videosomeletronica,VideoSom Eletrônica Assistência Técnica,6500,171,4,"Electronics repair tips channel with focus on device repairs, technician-run.",conserto de TV LED,UCIZszubRBSMHE4GAWzaKKgg,hands,tv-power-electronics-repair,wave1,2026-09-14,scraper,171
https://www.youtube.com/@vijayelectronics,@vijayelectronics,Vijay electronics,735,120,4,"Electronics repair channel covering TV, LCD, LED, DTH, home theater and Bluetooth speaker repairs.",LED TV repairing Hindi,UCGZbI9WL7IuG9OGyRTlhe2A,hands,tv-power-electronics-repair,wave1,2026-09-14,scraper,120
https://www.youtube.com/@vijithasenevirathna-e5s,@VijithaSenevirathna-e5s,E Doctor ,3770,57,4,"Named via SMPS/TV repair Sinhala keyword with thin technical bio, likely a repair-focused channel.",SMPS repair tutorial | TV repair Sinhala,UCf848SdDHJuJl0w6RLRI6rg,hands,tv-power-electronics-repair,rest1,2026-09-14,scraper,57
https://www.youtube.com/@vikset2655,@vikset2655,VINSETTO,450,178,4,"Channel about soldering old boards and electronics repairs, thin but on-topic description.",ремонт усилителя,UCH8MMxJqbaDanrbZrbtTzWg,hands,tv-power-electronics-repair,rest1,2026-09-14,scraper,178
https://www.youtube.com/@village_tecnology00,@village_tecnology00,Village_Tecnology,68,51,4,"Hindi channel dedicated to speaker, amplifier, PCB and electronics repair tutorials.",subwoofer amplifier repair,UC0MqJmoADwB2SA-wBBXa9UQ,hands,tv-power-electronics-repair,rest1,2026-09-14,scraper,51
https://www.youtube.com/@vintagealpinerepair,@vintagealpinerepair,Closed,759,221,4,"Vintage Alpine amplifier repair channel handle, matches audio electronics bench repair.",subwoofer amplifier repair,UCb4xMK9ppvGIGuJwd5fCo1A,hands,tv-power-electronics-repair,rest1,2026-09-14,scraper,221
https://www.youtube.com/@vintageguitaramp_guitarteacher,@vintageguitaramp_guitarteacher,Vintage Guitar Amp Repairs & Online Guitar Teacher,5250,380,4,Vintage tube guitar amp repair and build channel with real project documentation.,amplifier repair,UC0B7Xi4BGO-sEIundNVZbmg,hands,tv-power-electronics-repair,wave1,2026-09-14,scraper,380
https://www.youtube.com/@vipinelectronicsspeakeramp3269,@vipinelectronicsspeakeramp3269,vipin electronics speaker amplifier,316,82,4,Amplifier and speaker repair and sales channel name directly indicating bench repair work.,servis amplifier,UCTdIOd5wkJ3IGzZP25CEWzQ,hands,tv-power-electronics-repair,rest1,2026-09-14,scraper,82
https://www.youtube.com/@vishal_makvana,@vishal_makvana,DEV ELECTRONIC & SOUND SERVICES ,403,63,4,"Power amplifier repairing and speaker reconing shop, thin but clear repair-trade evidence.",servis amplifier,UCh0II-I0j1np6ygRjjWbBbQ,hands,tv-power-electronics-repair,rest1,2026-09-14,scraper,63
https://www.youtube.com/@vk_electronics,@VK_electronics,TECHNICAL VK,1040,54,4,"Hindi electronics repair teaching channel covering CRT, LED, LCD TV, inverter and appliance repair.",riparazione TV,UCKyoL5srRPNzngrXXhkpP_g,hands,tv-power-electronics-repair,rest1,2026-09-14,scraper,54
https://www.youtube.com/@vmg_eletrocell,@VMG_ELETROCELL,VMG ELETROCELL Eletrônica de pavussupi ,1830,113,4,"Local Brazilian technician channel focused on LED TV repair and electronics service, thin but on-topic.",conserto de TV LED | conserto de inversor,UCeraXxKeHlKFS1X3R1jCXBg,hands,tv-power-electronics-repair,gray_v2,2026-09-14,scraper,113
https://www.youtube.com/@voltamps,@voltamps,VOLTAMPS,15200,62,4,Audio amplifier assembly and service channel with tips and tricks content.,servis amplifier,UCMNawYctkIhBtS_s4FyDULQ,hands,tv-power-electronics-repair,rest1,2026-09-14,scraper,62
https://www.youtube.com/@voltvaulte,@voltvaulte,VoltVault ,1790,50,4,"Describes maintenance of electronic devices and solar energy equipment, matches inverter repair scope.",إصلاح انفرتر,UCBHQeImeSqIbt1cAMLfiYZQ,hands,tv-power-electronics-repair,rest1,2026-09-14,scraper,50
https://www.youtube.com/@voltveer,@VoltVeer,VoltVeer Abhijit ,914,75,4,"SMPS, LED driver, TV and amplifier repair channel with practical multimeter troubleshooting focus.",LED driver repair | electronics troubleshooting multimeter board,UCnkVdqqGK7WiEOCt2JeeLaA,hands,tv-power-electronics-repair,rest1,2026-09-14,scraper,75
https://www.youtube.com/@vselectroniccircuit,@VSElectronicCircuit,vs electronic circuit,823,73,4,"Speaker/amplifier/home theater making and repairing channel, dedicated audio repair bench.",home theater amplifier repair,UCXfBarZVXY7hMxBKnFfxcvw,hands,tv-power-electronics-repair,rest1,2026-09-14,scraper,73
https://www.youtube.com/@waheguru_waheguru13131,@waheguru_waheguru13131,Electronic Spiace,19,233,4,"Electronics-named channel with thin evidence, likely bench repair shop.",home theater amplifier repair,UCScaULwpLyNqvZdM03tFVnw,hands,tv-power-electronics-repair,rest1,2026-09-14,scraper,233
https://www.youtube.com/@wahelectronics,@WahElectronics,WAH ELECTRONIC'S,244,216,4,Name and thin description suggest a general electronics repair channel with little text detail.,TV motherboard repair,UCEn-k6yhBxhT8OYe7I4Jt2A,hands,tv-power-electronics-repair,rest1,2026-09-14,scraper,216
https://www.youtube.com/@weixiu859,@weixiu859,生活中的维修,25500,933,4,"General repair channel with thin description, name suggests ongoing life repair videos likely including electronics.",电源维修,UCBl3Up4SswZXLktkoGdP1-w,hands,tv-power-electronics-repair,rest1,2026-09-14,scraper,933
https://www.youtube.com/@workchop-s3t,@WorkChop-s3t,Work Chop,32,88,4,"TV repair channel focused on fault diagnosis and troubleshooting, thin but on-topic description.",TV power board repair,UCXXV_X81GqXotC3sdy2XEGA,hands,tv-power-electronics-repair,rest1,2026-09-14,scraper,88
https://www.youtube.com/@wseletronicaclevaows8583,@wseletronicaclevaows8583,Ws Eletrônica Clevão Ws,827,92,4,"Sound and lighting equipment repair channel, likely amplifier/audio board repairs.",conserto de amplificador,UCa6bvTNKzFNpilEXBMx0wxg,hands,tv-power-electronics-repair,rest1,2026-09-14,scraper,92
https://www.youtube.com/@xiaochenofficial,@XiaoChenOfficial,80 Xiao Chen,17900,1262,4,"Self-described electronics maintenance enthusiast promising appliance repair videos, fits bench repair format loosely.",电源维修,UCgXuxCSCGyxx_BPxZJh6uVA,hands,tv-power-electronics-repair,rest1,2026-09-14,scraper,1262
https://www.youtube.com/@yadielektro,@yadielektro,YS electronic repair,65,65,4,"Indonesian electronic service channel name suggests general repair bench work, thin but plausible.",Elektronik reparieren,UCphSW0wYSOOPeWbxmaONV9Q,hands,tv-power-electronics-repair,rest1,2026-09-14,scraper,65
https://www.youtube.com/@yarik499,@yarik499,yarik499,126,51,4,"Dedicated to repair and modernization of speakers and amplifiers, thin but on-topic description.",ремонт усилителя,UCwSOBXc-hfp09Nygb5OJPwA,hands,tv-power-electronics-repair,rest1,2026-09-14,scraper,51
https://www.youtube.com/@zakreplenni,@zakreplenni,Ремонт Телевизоров и Микроволновок,12900,218,4,Electronics engineer channel focused on common TV and microwave repairs with 22 years experience.,ремонт телевизоров,UCbokgRaBNmU4IUK0nsOqrEg,hands,tv-power-electronics-repair,wave1,2026-09-14,scraper,218
https://www.youtube.com/@zenithcomputers3286,@zenithcomputers3286,Zenith Computer's,71400,132,4,"Real video repair channel for electronic and electric goods, thin but plausible bench repair evidence.",SMPS repair tutorial,UCwgJC6o1RQ4BhHs4aJkm8Ow,hands,tv-power-electronics-repair,rest1,2026-09-14,scraper,132
https://www.youtube.com/@zubairahmad7263,@zubairahmad7263,Schneider electric. Ups work,186,298,4,"Engineer channel focused on UPS, stabilizer and inverter solutions matching bench repair topic.",UPS repair,UCkMCfXoB9oVX84ZUVloXmcw,hands,tv-power-electronics-repair,rest1,2026-09-14,scraper,298
https://www.youtube.com/@%d0%a1%d0%b5%d1%80%d0%b3%d0%b5%d0%b9%d0%9c%d0%b0%d0%bd%d1%83%d0%b9%d0%bb%d0%be%d0%b2-%d1%8e9%d0%bc,@%D0%A1%D0%B5%D1%80%D0%B3%D0%B5%D0%B9%D0%9C%D0%B0%D0%BD%D1%83%D0%B9%D0%BB%D0%BE%D0%B2-%D1%8E9%D0%BC,Сергей Мануйлов,1150,62,4,"Repairs vintage and modern audio electronics like tape recorders, receivers and amplifiers.",ремонт электроники,UCo4kpiypgPS48tbtqUEyiUA,hands,tv-power-electronics-repair,wave1,2026-09-14,both,62
https://www.youtube.com/@12voltvids,@12voltvids,12voltvids,174000,3680,4,"Veteran consumer electronics technician specializing in audio, television and VCR servicing with hands-on repair demonstrations.",electronics repair,UCRx5TQd00NOjK5D7VB6pHyA,hands,tv-power-electronics-repair,wave1,2026-09-14,both,3681
https://www.youtube.com/@a.s.telectronics1246,@a.s.telectronics1246,A.S.T ELECTRONICS,2220,281,4,"Experienced Mumbai TV repair shop owner sharing fault-identification and repair videos, business-style description.",TV repair | TV repairing | electronics repair,UCRzNweraw8z44Sb-Wv_SQ-g,hands,tv-power-electronics-repair,wave1,2026-09-14,both,282
https://www.youtube.com/@abidledtvexpert,@Abidledtvexpert,Abid led tv expert,8820,134,4,"CRT and LED/LCD TV repair channel also covering oven repair and service menu codes, hands-on focus.",TV repair | TV repairing | LED TV repairing Hindi | LED TV repairing Urdu,UC8ttXWn2sL2K5PKJ0VOxjag,hands,tv-power-electronics-repair,wave1,2026-09-14,both,134
https://www.youtube.com/@abu-donia,@ABu-Donia,ابودنيا للإلكترونيات   M.Mahmoud abu donia,17500,634,4,"Courses on screen, receiver, TV and audio device repair with practical troubleshooting focus.",صيانة الشاشات | تصليح شاشات LED,UCq8NAechlem76jJ_SUSVCVA,hands,tv-power-electronics-repair,wave1,2026-09-14,both,634
https://www.youtube.com/@adghm11w,@adghm11w,Adams Electronics Repair,1440,1526,4,"Stereo/audio/video repair specialist shop, thin description but clearly bench audio electronics repair focus.",electronics repair | Elektronik reparieren,UCnTYdRDaqOoFs6iSQwe-meQ,hands,tv-power-electronics-repair,gray_v2,2026-09-14,both,1526
https://www.youtube.com/@aervblog,@AERVBlog,AERVBlog,3730,199,4,Long-running electronics repair video blog showing troubleshooting steps by a 40-year technician.,electronics repair | electronics technician,UC6nYdUH89yL914lN-YYSX4g,hands,tv-power-electronics-repair,wave1,2026-09-14,both,199
https://www.youtube.com/@airepairinghub,@airepairinghub,AI REPAIRING HUB BY LCD LED TV,123,164,4,LED TV panel and COF repair channel with practical troubleshooting titles like RGB test and flying tab repair.,TV repair | LED TV repair | LCD TV repair,UC8P___gfkrwKV5H8TcrLtiA,hands,tv-power-electronics-repair,wave1,2026-09-14,both,205
https://www.youtube.com/@ajaytechnicalnews,@ajaytechnicalnews,Ajay technical news,12700,123,4,"Repair technician channel covering LED TV, inverter, home theater repair tricks alongside computer and DJ system tutorials.",electronics repair | electronics repairing,UCWjdV_gRBXAZIO6zVuAq7hQ,hands,tv-power-electronics-repair,wave1,2026-09-14,both,123
https://www.youtube.com/@alfiantechnisi7381,@alfiantechnisi7381,Alfian technisi,8680,165,4,Tutorial channel covering TV LED/plasma repair and power amplifier/keyboard servicing with practical focus.,servis TV | servis TV LED,UCx-NdmdO7NCggPpkTRz-ARQ,hands,tv-power-electronics-repair,wave1,2026-09-14,both,165
https://www.youtube.com/@alfredopandan1397,@alfredopandan1397,Alfredo Pandan,6430,421,4,"Named as a Pandan Electronics Repair Shop with amplifier repair keyword, thin but plausible bench repair evidence.",electronics repair | amplifier repair,UCp43dhzSEM-zgju_IG6_q5g,hands,tv-power-electronics-repair,gray_v2,2026-09-14,both,421
https://www.youtube.com/@alldishsetsankwestbengal1416,@alldishsetsankwestbengal1416,All dish set sank West bengal,874,63,4,CRT TV and set-top box repair channel with PCB and yoke repair titles showing real bench work.,TV repair | monitor repair,UC4h92a2PdfPfw25e6ZESGQQ,hands,tv-power-electronics-repair,wave1,2026-09-14,both,66
https://www.youtube.com/@allelectronicrepair,@allelectronicrepair,All electronic repair,2880,126,4,"Nepali channel explicitly listing CRT/LCD TV, amplifier, stabilizer and DTH repair videos, strong topic match.",electronic repair | power supply repair | صيانة الكترونيات | réparation télévision,UCdP1tOa-ESf6MHgaAgiyfVA,hands,tv-power-electronics-repair,wave1,2026-09-14,both,126
https://www.youtube.com/@almukhtarelectronic8067,@almukhtarelectronic8067,Al Mukhtar Electronic,2980,56,4,"LCD/LED TV repair channel focused on software/firmware fixes and grid line issues, practical informative videos.",TV repair | LED TV repair | LED TV repairing Urdu,UCvnAfsKtm8JE_YrnC7vYcpg,hands,tv-power-electronics-repair,wave1,2026-09-14,both,56
https://www.youtube.com/@alteckhilaunerepair,@AltecKhilauneRepair,ALTEC KHILAUNE REPAIR,426,67,4,"DJ amplifier and speaker repair channel with step-by-step description, though toy repair mixed in slightly.",amplifier repair,UCZ2OcLu64BNlPit8W1U4K0w,hands,tv-power-electronics-repair,gray_v2,2026-09-14,both,85
https://www.youtube.com/@amirhosseinabedi6005,@amirhosseinabedi6005,Electronic experiences,733,145,4,"Practical LED TV, inverter board, SMPS and PCB repair titles showing real troubleshooting and fixes.",electronics repair | TV repair,UCIdu3XBbro29ULw-aBvH2aA,hands,tv-power-electronics-repair,wave1,2026-09-14,both,217
https://www.youtube.com/@amprepairguy,@amprepairguy,Amp Repair Guy,5720,647,4,Dedicated ham radio RF tube amplifier repair shop with strong bench repair credentials and focus.,amplifier repair | power supply repair,UCLWPeYFn8Hy6WaCSB3e5arw,hands,tv-power-electronics-repair,wave1,2026-09-14,both,647
https://www.youtube.com/@andydoz,@AndyDoz,Doz Television Workshop,6820,354,4,"Vintage electronics repair channel name and description suggest bench TV repair, though little detail given.",electronics repair | TV repair shop,UCAH8GbTF1IvMGqgaax-HPKA,hands,tv-power-electronics-repair,wave1,2026-09-14,both,354
https://www.youtube.com/@andyrabinotvtech7586,@andyrabinotvtech7586,Andy Rabino TV Tech,6150,979,4,CRT and LED/LCD TV repair techniques channel with some vlog content mixed in.,TV repair | LED TV repairing Hindi | LED driver repair,UCwitAluW-2cP2XG5cLpcphw,hands,tv-power-electronics-repair,gray_v2,2026-09-14,both,979
https://www.youtube.com/@anikelectronicshantipur8054,@anikelectronicshantipur8054,Anik Electronic Shantipur,666,170,4,"Named electronic repairing center with shop address, thin evidence but plainly a repair shop.",electronic repair | electronic repairing | electronics repairing institute,UCk9JM56pmXdoXJx0vCOuPHQ,hands,tv-power-electronics-repair,gray_v2,2026-09-14,both,213
https://www.youtube.com/@anilamplifiertraining,@Anilamplifiertraining,Anil amplifier training,16500,193,4,"Dedicated amplifier repair training channel covering DJ audio mixers and amplifiers, practical instructional focus.",amplifier repair | electronics repair course | TV repair Tamil | TV repairing Telugu,UCw1lgymS5d27nCY10AppZcg,hands,tv-power-electronics-repair,wave1,2026-09-14,both,193
https://www.youtube.com/@antandtec,@ANTandTEC,ANT&TEC,4270,60,4,"Retro tech teardown channel covering CRT monitor fixing and vintage audio/video device repair, strong topic overlap.",electronic repair | monitor repair,UCpw7HO2TrdGfoj7nb78VkgA,hands,tv-power-electronics-repair,wave1,2026-09-14,both,60
https://www.youtube.com/@arbindtechnicalledtvservice,@ArbindtechnicalLEDTVservice,Arbind_technical LEDTV service,15400,273,4,Dedicated LED TV repair channel covering major brands and home theater/inverter repair services.,TV repair | LED TV repair,UC_P0C9LRzKu9kZbGfe8K8Tg,hands,tv-power-electronics-repair,wave1,2026-09-14,both,273
https://www.youtube.com/@arifulelectronics,@arifulelectronics,Ariful Electronics ,14000,1113,4,"Bengali TV repair channel explicitly covering T-CON, power board, backlight and mainboard troubleshooting with real repair videos.",T-con | T-con board repair,UCf56U65mFXS88w7CVFGkw5w,hands,tv-power-electronics-repair,rest1,2026-09-14,both,1114
https://www.youtube.com/@arrasydservice7536,@arrasydservice7536,arrasyd service,7520,417,4,"Electronics repair workshop servicing TVs, speakers, amplifiers, radios, GPS - business-toned but clearly repair work.",servis TV | servis power supply | servis amplifier,UCWQTfqkV1xSmhS2445EtLCQ,hands,tv-power-electronics-repair,gray_v2,2026-09-14,both,417
https://www.youtube.com/@asadledtvrepair6559,@asadledtvrepair6559,Asad Led ,4970,131,4,Dedicated LED TV repair channel focused on major fault videos and troubleshooting shared with viewers.,TV repair | LED TV repair,UCGb4SIKXqp0MKov8oW36muA,hands,tv-power-electronics-repair,wave1,2026-09-14,both,131
https://www.youtube.com/@atharvaled,@Atharvaled,Atharva Led Knowledge,38800,618,4,"LED TV repair course channel covering display, motherboard and backlight repair videos.",TV repair | LED TV repair | electronics repair course,UC5CecSkScSO8SAnNv2e3YyA,hands,tv-power-electronics-repair,wave1,2026-09-14,both,619
https://www.youtube.com/@autodouaudio,@autodouaudio,Autodou Car audio and video repair,288,51,4,Car audio-visual amplifier and LCD screen repair channel with titles showing real bench repair work.,amplifier repair | monitor repair,UCDysE5fSxK27vxS3erxKK4g,hands,tv-power-electronics-repair,wave1,2026-09-14,both,56
https://www.youtube.com/@babasahebwagh-rt2cj,@babasahebwagh-rt2cj,Guru Tech,16200,1944,4,"Electronics technician channel focused on LED/LCD repair tutorials and fault-finding, thin but on-topic description.",electronics technician | UPS repair,UCyq_xZtvxNeMWy9C9gw5XjQ,hands,tv-power-electronics-repair,gray_v2,2026-09-14,both,1944
https://www.youtube.com/@bajrangielectronicscentre,@Bajrangielectronicscentre,Bajrangi electronics amplifier repairing centre,72,58,4,DJ amplifier and speaker repairing centre with titles showing servo stabilizer and amplifier protection troubleshooting.,amplifier repair,UCBQQiD3eKGW5R3QsgAlD45w,hands,tv-power-electronics-repair,wave1,2026-09-14,both,72
https://www.youtube.com/@balajimusicsystem,@Balajimusicsystem,Balaji Electronics Ganga,3550,226,4,"All electronics repair and sale specialist with music system focus, thin but plausible bench repair evidence for audio gear.",electronics repair | LED TV repairing Hindi,UCw6Od_3QbbbjU234OIdQCDA,hands,tv-power-electronics-repair,gray_v2,2026-09-14,both,227
https://www.youtube.com/@bantielectronicsnoida,@Bantielectronicsnoida,Banti led tv repair expert ,2190,64,4,"LCD/LED TV, home theatre and amplifier repair channel with clear audio/video electronics repair focus.",TV repair | LED TV repair | amplifier repair | electronics repair course,UC3msXxcP8D1D-ZY4_vqVE0g,hands,tv-power-electronics-repair,wave1,2026-09-14,both,64
https://www.youtube.com/@bestledrepairamritsar,@BESTLEDREPAIRAMRITSAR,BEST LED REPAIR AMRITSAR,4290,53,4,"LED/LCD/Plasma TV repairing and training center channel, clear bench repair and training focus.",TV repair | TV repairing | ซ่อมทีวี | تعمیر تلویزیون | 电视维修,UC_er5EPq_VGpaeqdeB3bbig,hands,tv-power-electronics-repair,wave1,2026-09-14,both,53
https://www.youtube.com/@bitstvrepair348,@bitstvrepair348,BITS TV Repair,5090,300,4,Dedicated LCD/LED TV repair channel across many brands with focus on fixing faults on camera.,TV repair,UC9jvZsrlONbv12Ljdu9I3Nw,hands,tv-power-electronics-repair,wave1,2026-09-14,both,301
https://www.youtube.com/@blusmart.eletronica,@blusmart.eletronica,Blusmart Eletrônica e Informática,1610,51,4,"Brazilian TV repair bench channel aimed at technicians, describes hands-on bench experience and troubleshooting tips.",TV repair | conserto de TV LED,UCzMPyhdRI3v67Q7pJEuSUjQ,hands,tv-power-electronics-repair,wave1,2026-09-14,both,51
https://www.youtube.com/@bp-youtube,@Bp-YouTube,BP YouTube,1000,87,4,SMPS and amplifier/speaker repair titles show real bench-level fixes matching topic closely.,electronic repair | SMPS repair | amplifier repair,UCGPrYh2xdSm80Y4lWfD1u8g,hands,tv-power-electronics-repair,wave1,2026-09-14,both,87
https://www.youtube.com/@brjselectronics3709,@brjselectronics3709,BRJS ELECTRONICS,2110,259,4,"Shop doing colour TV, LED TV, home theatre and computer repairs, dedicated bench electronics repair.",electronic repair | CRT TV repair,UC5L300u8-jQtkjc0VX_JSxQ,hands,tv-power-electronics-repair,gray_v2,2026-09-14,both,259
https://www.youtube.com/@bstafricanelectronicssurgery,@BstAfricanElectronicsSurgery,*Bst African Electronics Surgery*,7000,517,4,SMPS repair focused channel description signals dedicated electronics repair bench content.,electronics repair | SMPS repair | réparation télévision,UCTnBogwBtfPDgIfRZ8wKw1g,hands,tv-power-electronics-repair,wave1,2026-09-14,both,517
https://www.youtube.com/@ceb4971,@ceb4971,CEB,14300,575,4,"LCD/LED TV repair lessons channel also covering solar systems and electrical connections, repair-focused description.",TV repair | LED TV repair | TV repair Sinhala,UCkpCinWwwXpi7fj5iMIxE7A,hands,tv-power-electronics-repair,gray_v2,2026-09-14,both,575
https://www.youtube.com/@chelectric10,@Chelectric10,CH Electric10,2460,468,4,"Dedicated electronics repair education channel listing LED TV, power supply, PCB and solar inverter repair topics.",electronics repair | TV repair | LED TV repair | power supply repair,UCEu-OJUQnVFHJgsgQrD3wrQ,hands,tv-power-electronics-repair,wave1,2026-09-14,both,468
https://www.youtube.com/@chiptroniksindia,@Chiptroniksindia,CHIPTRONIKS | LED TV Panel Repair Machines,17100,869,4,LED TV panel repair machine manufacturer/trainer showing live customer jobs and BGA/COF repair work.,TV repair | LED TV repair | LCD TV repair,UCjw03eCy1cceDk80gEmB6yw,hands,tv-power-electronics-repair,trial100,2026-09-14,both,869
https://www.youtube.com/@circuitsenselab,@CircuitSenseLab,CircuitSense Lab,2750,99,4,"Repair channel covering LED, SMPS, router, adapter and charger repair with practical step-by-step tutorials.",electronics repair | electronics repairing,UCQ5j3RgBNlH5taRPU8MFhyw,hands,tv-power-electronics-repair,wave1,2026-09-14,both,99
https://www.youtube.com/@datokprasetyoproductions,@datokprasetyoproductions,electronics repairman,11100,169,4,"Indonesian shop channel dedicated to TV, radio and amp electronics servicing, aligned with bench repair focus.",electronics repair | servis TV LED,UCGfq5tu3SE3vQ-W5f38MKHg,hands,tv-power-electronics-repair,wave1,2026-09-14,both,169
https://www.youtube.com/@daveedwardsdesigns,@DaveEdwardsDesigns,Dave Edwards Designs,6070,75,4,Dedicated guitar amplifier repair and amp design channel with hands-on bench work described.,amplifier repair,UC6BU-Papaxac-wRhZJwqToQ,hands,tv-power-electronics-repair,wave1,2026-09-14,both,75
https://www.youtube.com/@deepmultitech,@deepmultitech,deepmultitech,3660,199,4,"Claims 100% original practical repair videos for CRT, LCD and LED TVs with hands-on focus.",TV repair | TV repairing | LED TV repair,UCimQ1emqwpzZyokKYREUhhA,hands,tv-power-electronics-repair,wave1,2026-09-14,both,199
https://www.youtube.com/@dengkilrepairservices,@dengkilrepairservices,dengkil repair services,1920,152,4,"Television repair services channel, minimal description but directly on-topic name and focus.",television repair | 电视维修 | TV repair technician,UCcUoWyMh2J2WScEejMnziuw,hands,tv-power-electronics-repair,gray_v2,2026-09-14,both,152
https://www.youtube.com/@derwaishelectronics,@derwaishelectronics,Derwaish Electronics ,13800,142,4,"Shop channel specializing in solar inverter, LED/LCD and UPS repair with practical focus.",electronics repair | inverter repair | electronics repair course,UC1862395ZVz6_6nuT1gjqzA,hands,tv-power-electronics-repair,wave1,2026-09-14,both,142
https://www.youtube.com/@desvare5070,@DESVARE5070,Desvare 5070 Tutoriales Electrónica,16100,386,4,"Spanish channel focused on Smart TV, board, and audio equipment repair tutorials with practical focus.",reparación de televisores | reparación electrónica,UCKcmeY4ZF4NfCNj4jhDg7qA,hands,tv-power-electronics-repair,wave1,2026-09-14,both,386
https://www.youtube.com/@dientuhieuthien,@dientuhieuthien,Điện Tử Hiếu Thiện,866,144,4,Titles show real TV screen replacement and board repair work despite one unrelated remote setup video.,sửa tivi,UCamhuBGhxf4ICwDXidAo2NQ,hands,tv-power-electronics-repair,wave1,2026-09-14,both,77
https://www.youtube.com/@dkelectronics-e2r,@Dkelectronics-e2r,Dk_electronic ,276,82,4,"Home electronics repair channel covering TV, cooler, induction, DTH with hands-on teaching focus.",electronics repair | electronics repairing | TV repair | TV repairing | LED TV repairing Hindi | صيانة الكترونيات,UCtDdpEQZpoHAxB3zrAVsw3A,hands,tv-power-electronics-repair,wave1,2026-09-14,both,206
https://www.youtube.com/@dthandtvinfo5308,@dthandtvinfo5308,DTH AND TV INFO,12100,810,4,TV repairing and dish/DTH repair technical education channel with tips and tutorials on electronics repair.,TV repair | TV repairing | LED TV repairing Hindi | set top box repair,UC92-WcWZw1b1S9_o9IxKlEQ,hands,tv-power-electronics-repair,gray_v2,2026-09-14,both,810
https://www.youtube.com/@e-techelectronics,@E-TechElectronics,E-Tech Electronics,7800,184,4,Service center channel explicitly covering LED/LCD/CRT TV repair plus induction cooker and home theatre repair.,electronics repair | TV repair | TV repairing | TV repair Tamil,UCd4QAhLqiThuN9LDFEj-aCw,hands,tv-power-electronics-repair,wave1,2026-09-14,both,184
https://www.youtube.com/@easytvrepair,@easytvrepair,Easy To Repair ,9770,132,4,CRT/electronics repair channel with thin but on-topic self-description as professional technician.,electronics technician | CRT TV repair | TV repair technician,UCrUdD8nxvQpeRNZ83Wj6bpg,hands,tv-power-electronics-repair,gray_v2,2026-09-14,both,132
https://www.youtube.com/@edwintech1277,@edwintech1277,EDWIN TECH,19100,637,4,"Amplifier repair tips and tutorials channel, thin description but clearly on-topic for audio electronics repair.",electronic repair | amplifier repair,UC-v_ilcOW4zmLgivKP9gU_g,hands,tv-power-electronics-repair,gray_v2,2026-09-14,both,637
https://www.youtube.com/@electricsajjadali,@electricsajjadali,Electric Sajjad Ali,6560,110,4,"UPS, inverter, stabilizer and charger repair channel with hands-on repair focus in Urdu.",electronics repair | electronics repairing,UCb2Gnusj5CeUu2qw2BcTfWQ,hands,tv-power-electronics-repair,wave1,2026-09-14,both,110
https://www.youtube.com/@electronica.f,@electronica.f,REPARACIÓN TV & SONIDO,2260,93,4,"Repair shop channel covering TVs, speakers, laptops and consoles; business-style description but plausible real repairs.",reparación de televisores | reparación electrónica,UCXgJCJzSrJ3F7qIChD0FcSQ,hands,tv-power-electronics-repair,wave1,2026-09-14,both,93
https://www.youtube.com/@electronicanuneztutoriales,@ElectronicaNunezTutoriales,ELECTRONICS NUNEZ TUTORIALS,475000,756,4,Smart TV repair tutorials channel focused on LED/LCD/plasma screen fixes and unique card solutions.,electronic repair | TV repair | reparación de televisores | reparación electrónica | conserto de TV LED | ремонт телевизоров | 电视维修 | réparation télévision,UCKe4J1W5NuMOyKzMxJx201Q,hands,tv-power-electronics-repair,wave1,2026-09-14,both,756
https://www.youtube.com/@electronics2.075,@electronics2.075,Electronics 2.0,2310,67,4,"Electronics repairing channel, thin generic description but plainly repair-focused with knowledge/repairing videos.",electronics repair | electronics repairing | mobile charger repair | SMPS repair tutorial,UC9z923WYdAwF4Ma5OPAU29w,hands,tv-power-electronics-repair,gray_v2,2026-09-14,both,67
https://www.youtube.com/@electronicseditor,@ElectronicsEditor,Electronics Editor,1340,118,4,"Dedicated hands-on repair channel explicitly covering vintage amplifiers, speakers, subwoofers and TV diagnostics.",electronics repair | TV repair,UCTLo8EbTUI15_LF_N9WqTHA,hands,tv-power-electronics-repair,wave1,2026-09-14,both,118
https://www.youtube.com/@electronicsengineer-ru,@electronicsengineer-ru,Electronics Engineer,7250,61,4,"Repairs computers, monitors, amplifiers and welding equipment plus microcontroller work, solid electronics bench fit.",ремонт электроники,UCuGEjix_S3vlRIdRfnBeV0A,hands,tv-power-electronics-repair,wave1,2026-09-14,both,61
https://www.youtube.com/@electronicsguide37,@Electronicsguide37,electronics guide,867,53,4,Tamil TV repair channel with panel replacement and flickering-problem fix titles showing real bench work.,TV repair | TV repair Tamil,UCAH2tC9jzwsJAJAgmQB3Wog,hands,tv-power-electronics-repair,wave1,2026-09-14,both,53
https://www.youtube.com/@electronicsindiachannel,@ELECTRONICSINDIAChannel,ELECTRONICS INDIA,80400,520,4,Name and description directly state CRT and LED TV electronics repair focus.,electronics repair | 电视维修,UCOigRZ-tjQJgkazp6b46dZg,hands,tv-power-electronics-repair,trial100,2026-09-14,both,520
https://www.youtube.com/@electronicsrepairtips,@electronicsrepairtips,Electronics repair tips,1220,157,4,"Step-by-step repair guides for chargers, inverters and hot air stations, dedicated bench-repair channel.",electronics repair | power supply repair | inverter repair | LED TV no power repair | mobile charger repair | electronics troubleshooting multimeter board | Elektronik reparieren,UCuLWc-CcNYub0rGT3iKxbRg,hands,tv-power-electronics-repair,gray_v2,2026-09-14,both,157
https://www.youtube.com/@electronicstechinnovations,@ElectronicsTechInnovations,Electronics Technology and Innovations,72800,158,4,"Practical channel covering charger, battery, boost converter and solar inverter repair with step-by-step format.",electronics repair | inverter repair | صيانة الكترونيات,UChulQgUfNIxKIeZANu46_Gw,hands,tv-power-electronics-repair,wave1,2026-09-14,both,158
https://www.youtube.com/@electronicsworldcg,@ELECTRONICSWORLDCG,ELECTRONICS WORLD,66400,211,4,Dedicated LED/LCD TV repair channel with description focused on repair information and technical support.,TV repair | صيانة الكترونيات | 电视维修,UCFUWAk33nLfmmLvyQxgp-Xw,hands,tv-power-electronics-repair,wave1,2026-09-14,both,211
https://www.youtube.com/@electrowide5406,@electrowide5406,electro wide,20100,73,4,Channel explicitly dedicated to LED/LCD TV repairing videos for new technicians.,TV repair | TV repairing | تعمیر تلویزیون,UCR4n-pu-vv6bw0d7G5xFZAQ,hands,tv-power-electronics-repair,wave1,2026-09-14,both,73
https://www.youtube.com/@engineerstech291,@engineerstech291,Umar Tech & Faiz-e-Lasaani Engineering,3110,164,4,"TV, LCD/LED, UPS and solar inverter repair channel emphasizing real repair work and tutorials.",electronics repair | electronics repairing,UC7GJA7shKTi5sO4GfOfOBRw,hands,tv-power-electronics-repair,wave1,2026-09-14,both,165
https://www.youtube.com/@esolution,@Esolution,E solution,60,309,4,LED TV and audio amplifier repair channel with specific fault titles like no picture and power supply problems.,TV repair | LED TV repair | amplifier repair | reparación de televisores | 电视维修 | réparation télévision,UCTXJvotVkeP6oJmkcK611dw,hands,tv-power-electronics-repair,wave1,2026-09-14,both,309
https://www.youtube.com/@excesscare,@ExcessCare,ExcessCare,454,197,4,Repair shop videos on inverter/UPS/solar battery and charger repair with hands-on titles shown.,electronics repair,UCJEIOAGwhBya-2Elp9X7X5Q,hands,tv-power-electronics-repair,wave1,2026-09-14,both,433
https://www.youtube.com/@factknowledgeled7152,@factknowledgeled7152,Fact Knowledge Led 2.0,9070,234,4,"Dedicated LED/LCD TV repair channel covering panel, T-con, main board and SMPS repair tutorials.",TV repair | LED TV repair | electronics technician | LCD TV repair | SMPS repair,UCDJllu0_sLqgz4ZS7pAMEIw,hands,tv-power-electronics-repair,wave1,2026-09-14,both,234
https://www.youtube.com/@faiedelectronic,@FaiedElectronic, فايد للإلكترونيات faied electronic,4560,171,4,"Dedicated screen/electronics repair channel covering power faults, LED backlight and panel issues.",صيانة الشاشات | صيانة الكترونيات,UCo-XeUu56bj1tdB2jij7mRQ,hands,tv-power-electronics-repair,wave1,2026-09-14,both,171
https://www.youtube.com/@fasttechinstitute,@fasttechinstitute,Fast Tech Mobile Laptop LED TV Repairing Institute,7310,197,4,"Chip-level mobile, laptop and LED TV repairing institute with career course videos, repair-focused.",TV repair | TV repairing | LED TV repair | electronics repair course | TV motherboard repair | TV repair technician | electronics repairing institute,UCR-E73fFspbAmeS2rN74LsA,hands,tv-power-electronics-repair,gray_v2,2026-09-14,both,197
https://www.youtube.com/@fixtronics,@FixTronics,FixTronics,12500,157,4,Channel explicitly labeled electronics repair expert with power supply repair keyword match.,electronics repair | power supply repair | monitor repair | TV power board repair,UCUomUpzbYG2GwDjHewvTf5Q,hands,tv-power-electronics-repair,gray_v2,2026-09-14,both,157
https://www.youtube.com/@gastonrodrigopotenza,@GastonRodrigoPotenza,Gaston Rodrigo Potenza,788,324,4,"Dedicated musician amplifier repair channel with named repaired units, fits audio electronics bench repair scope.",reparación electrónica,UCZt9JI1IUPxQJuDPPim64ew,hands,tv-power-electronics-repair,wave1,2026-09-14,both,324
https://www.youtube.com/@gertechph,@gertechph,GER TECH PH,8740,348,4,"Electronics repair DIY tutorial channel matching TV repair keyword, generic description but on-topic focus.",electronics repair | 电视维修,UCY--CjdbFL6hOs2g0qUJgXQ,hands,tv-power-electronics-repair,wave1,2026-09-14,both,348
https://www.youtube.com/@glenntips,@glenntips,Glenn tips,4090,159,4,"Name and handle directly signal electronic/monitor repair tips channel, though no titles to confirm depth.",electronic repair | monitor repair,UC80-lX89VA4h2VBe6J1IAUw,hands,tv-power-electronics-repair,wave1,2026-09-14,both,159
https://www.youtube.com/@gorusoundservice,@GORUSOUNDSERVICE,GORU SOUND SERVICE,231,84,4,"Dedicated DJ amplifier repairing service channel, thin one-line description but clearly on-topic.",amplifier repair | servis amplifier,UCd1KSiHJT_oimN4UeWpY9fQ,hands,tv-power-electronics-repair,gray_v2,2026-09-14,both,268
https://www.youtube.com/@hebetronicadicadeconserto,@Hebetronicadicadeconserto,Dicas de conserto de eletrônicos,6540,634,4,"Dedicated TV, audio, SMPS repair channel with practical diagnostics and measurements described.",conserto de TV,UCTnnGz8CZ3pG8WxHRR9WTSA,hands,tv-power-electronics-repair,wave1,2026-09-14,both,634
https://www.youtube.com/@hieuminhdientu,@HieuMinhdientu, Minh Hiếu Điện Tử,87,50,4,"Titles show real Sony/Samsung TV repair (no picture faults) and rice cooker fixes, strong bench repair evidence.",sửa chữa điện tử,UC0BtnHCVq_Cfd9NYvky7G2w,hands,tv-power-electronics-repair,wave1,2026-09-14,both,50
https://www.youtube.com/@huyphat,@huyphat,Sửa Tivi Huy phát Lào Cai ,1,59,4,Titles show real TV repair work including power supply fix and screen replacement across brands.,sửa tivi,UCc_J_RIB87SGyBq1Gw47oCg,hands,tv-power-electronics-repair,wave1,2026-09-14,both,59
https://www.youtube.com/@huythodien,@huythodien,Huy Tho Dien,3150,563,4,"Vietnamese channel covering SMPS power supply repair, inverters, amplifiers and battery restoration with practical focus.",electronics repair | power supply repair | inverter repair | sửa chữa điện tử,UCHlJlE6_QuLadX0SAgJpyHg,hands,tv-power-electronics-repair,wave1,2026-09-14,both,565
https://www.youtube.com/@icuetech,@iCuetech,iCuetech,1820,54,4,Thin but on-topic description naming LED TV repair and DIY as channel content.,TV repair | LED TV repair | TV repair tagalog,UCS_VMX52J2BgeHXJOR06xzg,hands,tv-power-electronics-repair,gray_v2,2026-09-14,both,54
https://www.youtube.com/@iiee2012,@IIEE2012,IIE Electronics ,220,108,4,"Industrial electronics repair channel covering PLC, VFD, servo drives and solar inverter/UPS repair with step-by-step format.",UPS repair | solar inverter repair,UCydDQpK2--GJvrX2NTx_Hrw,hands,tv-power-electronics-repair,rest1,2026-09-14,both,108
https://www.youtube.com/@infinityservic,@infinityservic,Infinity Servic,136000,163,4,"Smart TV, LCD/OLED panel repair channel promising practical repair knowledge, business-style but plausible real repairs shown.",reparación de televisores | reparación electrónica,UCWlSP0FN3zaaeBfCIl-8BpA,hands,tv-power-electronics-repair,wave1,2026-09-14,both,163
https://www.youtube.com/@inverterkr07,@INVERTERKR07, INVERTER KR07,1400,93,4,"China UPS sinewave inverter repair and settings channel, thin description but on-topic for power electronics.",inverter repair | solar inverter repair,UCPq_5ma0ilkDDvQ1y_vlG6w,hands,tv-power-electronics-repair,gray_v2,2026-09-14,both,93
https://www.youtube.com/@ismail.electronics,@ISMAIL.ELECTRONICS,ISMAIL ELETRONICS ,186,118,4,"LED TV power supply, motherboard and panel repair videos in Bangla, real bench work shown.",TV repair | LED TV repair | power supply repair | monitor repair | LED TV repairing Hindi | LED TV repair Bangla,UCV41xUt2pV4VHogp-cBnpMQ,hands,tv-power-electronics-repair,wave1,2026-09-14,both,214
https://www.youtube.com/@javedtelevision685,@javedtelevision685,Javed Television,842,89,4,Real TV and washing machine repairs shown with LED backlight and motherboard replacement footage.,electronic repair,UCMmq6mNrI7_gfM1WE27Prqg,hands,tv-power-electronics-repair,wave1,2026-09-14,both,89
https://www.youtube.com/@jcvalvularaudio,@jcvalvularaudio,JC VALVULAR AUDIO,10900,185,4,"Dedicated audio electronics repair company channel showing amplifier construction and internal analysis, didactic style.",electronic repair,UCO4a0TzH0Ftx4JnDvd-1CAQ,hands,tv-power-electronics-repair,wave1,2026-09-14,both,185
https://www.youtube.com/@jintech.channel1898,@jintech.channel1898,JIN tech. CHANNEL,6890,140,4,"Electronics technician channel focused on troubleshooting and repairing electronic appliances with multimeter, thin description.",electronics technician | electronics troubleshooting multimeter board,UCAp-Jlx_KlNaUj_jnknAC_w,hands,tv-power-electronics-repair,gray_v2,2026-09-14,both,140
https://www.youtube.com/@jmeletronicaoficial,@jmeletronicaoficial,JM ELETRÔNICA,4850,80,4,"TV and receiver repair tips channel, dedicated electronics repair focus.",conserto de TV | conserto de TV LED,UC4toH8Fz5CYkZjUAbhbejxQ,hands,tv-power-electronics-repair,wave1,2026-09-14,both,80
https://www.youtube.com/@julianchannel39,@julianchannel39,Julian Channel,1030,89,4,"Channel explicitly for TV repair education, thin text but clearly focused on the topic.",servis TV | servis TV LED,UCIt8vtqJcPhKyhcCjYIRM-w,hands,tv-power-electronics-repair,gray_v2,2026-09-14,both,89
https://www.youtube.com/@kampungelektro,@KampungElektro,Kampung Elektro,20100,108,4,Dedicated TV repair experience-sharing channel with tutorials on various TV brands and satellite equipment.,servis TV | servis TV LED,UCMcH-U-jjjVJ8tB9KFy7WJw,hands,tv-power-electronics-repair,wave1,2026-09-14,both,108
https://www.youtube.com/@kavishrepairingcenter8295,@kavishrepairingcenter8295,kavish repairing center,2450,197,4,LED TV and AC PCB repairing center with practical multimeter testing and step-by-step real repair videos described.,electronics repair | electronics repairing | TV repair | TV repairing | LED TV repair,UCI57KpM6g-ZlO0tAWs1slPg,hands,tv-power-electronics-repair,wave1,2026-09-14,both,198
https://www.youtube.com/@kd_15,@Kd_15,KD ELECTRONICS,34400,513,4,Repair shop channel naming Sony DVD and home theater repair jobs done at bench.,electronics repair | electronics repair shop,UC1urZ9VauOrCl0a101M1Uqw,hands,tv-power-electronics-repair,gray_v2,2026-09-14,both,513
https://www.youtube.com/@kenhdientu,@kenhdientu,Kênh  Điện Tử,12100,232,4,"Vietnamese channel focused on electronics and refrigeration repair knowledge sharing, on-topic but thin.",sửa chữa điện tử | sửa nguồn xung,UC_Vd79EVKX3onCB4NVR5m7g,hands,tv-power-electronics-repair,gray_v2,2026-09-14,both,232
https://www.youtube.com/@kev_31779,@Kev_31779,The Active Region,19600,185,4,Hobbyist channel explicitly covering audio amplifier repair and ham radio electronics alongside 3D printing projects.,electronic repair | amplifier repair,UCt0s3nnCGpl0oe268kN_v7Q,hands,tv-power-electronics-repair,wave1,2026-09-14,both,185
https://www.youtube.com/@khalidelectronics9506,@khalidelectronics9506,Khalid Electronics,610,135,4,LED/LCD TV and LED light repair channel with titles showing panel and display problem diagnostics on camera.,TV repair | LED TV repair | electronics repair | monitor repair,UCCG3VvbRjgjsHc8WAgu0-GA,hands,tv-power-electronics-repair,wave1,2026-09-14,both,141
https://www.youtube.com/@khanh_dien_tu_71,@khanh_dien_tu_71,Điện Tử Tuấn Khanh 71,1090,122,4,"Vietnamese electronics and TV repair channel sharing experience and repair knowledge, thin but on-topic.",sửa chữa điện tử | sửa tivi,UCV_TMnxhCh3AU39_3DjGsCA,hands,tv-power-electronics-repair,gray_v2,2026-09-14,both,122
https://www.youtube.com/@kiorejamesofficial,@Kiorejamesofficial,Kiore james official,100,55,4,Solar/inverter technician and PCB specialist emphasizing practical fault-fixing and reverse engineering over theory.,electronics repair | inverter repair,UCgB4slLbBp4H1YB7MYOnVjg,hands,tv-power-electronics-repair,trial100,2026-09-14,both,55
https://www.youtube.com/@knbsytems,@KNBsytems,KNB amplifier services ,2270,224,4,"Multi-device repair shop covering monitor motherboard, amplifier, LED TV chip-level and backlight work.",amplifier repair | monitor repair,UCHbGCwijdd86mMcZKvi75jw,hands,tv-power-electronics-repair,wave1,2026-09-14,both,224
https://www.youtube.com/@kumarelectronics6536,@kumarelectronics6536,D Kumar Electronics,154,63,4,Hindi channel showing amplifier and power supply fault repair with practical step-by-step titles.,electronics repair | electronics repairing | power supply repair | amplifier repair,UCQS1ShGZxOC3R1HOLPuWD4A,hands,tv-power-electronics-repair,wave1,2026-09-14,both,88
https://www.youtube.com/@lamegaming,@LameGaming,Lame Gaming,2730,109,4,Retro CRT/monitor recapping and repair channel with clear component-level restoration focus.,monitor repair | recapping | capacitor replacement,UCNAop_xJTCk7JROrkp4SMBA,hands,tv-power-electronics-repair,gray_v2,2026-09-14,both,109
https://www.youtube.com/@ledlcdsoftware,@ledlcdSoftware,Wansa LED TV,508,52,4,"Bench repair channel with titles on TV software/hardware fixes, backlight modification and specific model repairs.",TV repair | LED TV repairing Hindi,UC32IbFgp2w9sc_TkXVRHo-A,hands,tv-power-electronics-repair,wave1,2026-09-14,both,122
https://www.youtube.com/@ledtvrepair_pryagraj,@LEDtvrepair_Pryagraj,LED tv service,1110,57,4,"Dedicated LED TV repair/service center channel with brand-specific repair focus, thin but on-topic.",TV repair | LED TV repair | LCD TV repair | reparación de televisores | réparation télévision | riparazione TV,UCKC_lCVzJP2x9_3GXyPjI3A,hands,tv-power-electronics-repair,gray_v2,2026-09-14,both,57
https://www.youtube.com/@ledtvrepairingtips,@ledtvrepairingtips,Led Tv Repairing Tips,19400,119,4,"LED TV repairing channel covering motherboard, display and power supply fixes, though also sells parts online.",TV repair | TV repairing | LED TV repair | LCD TV repair | تعمیر تلویزیون | 电视维修,UCSwXVvMDaAHNSSZe6aCj5yQ,hands,tv-power-electronics-repair,wave1,2026-09-14,both,119
https://www.youtube.com/@ledtvrepairnewtips,@Ledtvrepairnewtips,Led tv repair New tips ,94,64,4,"Dedicated LED TV repair tips channel with titles on screen repair, remote fixes, backlight and panel issues.",TV repair | LED TV repair | LED TV repairing Hindi | تعمیر تلویزیون | 电视维修,UCY1YiQxfkro91PnFhSovFVg,hands,tv-power-electronics-repair,wave1,2026-09-14,both,64
https://www.youtube.com/@ledtvrepairpk,@LEDTVRepairpk, LED TV Repair,710,371,4,"Dedicated LED TV repair channel promising practical solutions for backlight, screen lines and dead TV fixes.",TV repair | LED TV repair,UClleWP6hRJfZt3hm14OSAfw,hands,tv-power-electronics-repair,wave1,2026-09-14,both,377
https://www.youtube.com/@lightingtips,@LightingTips,Lighting Tips,3680,175,4,"Bangla channel dedicated to charger/power supply, LED light and PCB repair with hands-on format described.",electronics repair | power supply repair | mobile charger repair,UCFB6srjz-MguBDmG6N73Wkg,hands,tv-power-electronics-repair,gray_v2,2026-09-14,both,175
https://www.youtube.com/@love_aayu,@Love_Aayu,Love Aayu Sharma,257,183,4,LCD/LED TV repair channel with specific panel and backlight fault titles showing real bench work.,TV repair | LED TV repair | 电视维修,UChBIpQRLCbqQ_OHNKTnA2eA,hands,tv-power-electronics-repair,wave1,2026-09-14,both,188
https://www.youtube.com/@luvradios,@luvradios,luvradios,5840,220,4,"Veteran audio/video consumer electronics repair technician channel, strongly on-topic though evidence text-only.",electronics repair | amplifier repair,UCl1fl89VBlclr6_S36wQHwA,hands,tv-power-electronics-repair,wave1,2026-09-14,both,220
https://www.youtube.com/@m.khan9899,@M.khan9899,@UTLSOLAR ONLINE UPS &OFFLINE PCU ENGINEER ,40,50,4,"Solar/online UPS repairing engineer channel, thin one-line description but clearly repair-focused.",UPS repair,UCmgnHjrmJRf0bvkoZenj81g,hands,tv-power-electronics-repair,rest1,2026-09-14,both,61
https://www.youtube.com/@magsworksandhobbies,@MagsWorksandHobbies,Mags Works and Hobbies,18800,314,4,"Dedicated electronics repair channel covering CRT/LCD/LED TV, amplifiers, speakers and DVD players alongside hobbies.",electronics repair | amplifier repair,UC-I2Rhv27_nGW71ewbzkGjw,hands,tv-power-electronics-repair,wave1,2026-09-14,both,314
https://www.youtube.com/@maihoavuongvung558,@maihoavuongvung558,MAI HOA VƯƠNG VỮNG ,154,192,4,Titles show multiple TV repair jobs with specific fault diagnosis across various brands.,sửa tivi,UCNiprwMSFb2z4_8jea5-Q8A,hands,tv-power-electronics-repair,wave1,2026-09-14,both,192
https://www.youtube.com/@manuironsmith,@MANUIRONSMITH,NEWGEN IRONSMITH ,10400,169,4,Electronics repair tutorial channel explicitly covering home theater amplifier repair with problem-to-solution format.,electronics repair | home theater amplifier repair | subwoofer amplifier repair,UChdZWwm6LqQSGj2IALi0Kjg,hands,tv-power-electronics-repair,gray_v2,2026-09-14,both,169
https://www.youtube.com/@menditmark,@MendItMark,Mend It Mark,238000,104,4,"Vintage electronics repair and restoration workshop covering radios, hi-fi, and games consoles on camera.",electronic repair | electronics repair,UCZHhLyDll3hYHC0pyjbWFJA,hands,tv-power-electronics-repair,wave1,2026-09-14,both,104
https://www.youtube.com/@midultech,@midultech,MIDUL-TECH,1790,138,4,"Bangla channel listing CRT TV, LED TV, amplifier and UPS/IPS repair videos explicitly.",electronics repair | TV repair | LED TV repair | amplifier repair | LED TV repair Bangla,UCLV1aCjHFn18LAwMvn-HHkA,hands,tv-power-electronics-repair,wave1,2026-09-14,both,138
https://www.youtube.com/@mielectronicdea7865,@mielectronicdea7865,MI ELECTRONIC !dea 786,1040,80,4,Hindi channel dedicated to amplifier and home theatre repair with detailed board-level content (volume/bass control circuits).,amplifier repair | home theater amplifier repair,UC0sWK-UoiFFEZTuYu3DLe2g,hands,tv-power-electronics-repair,gray_v2,2026-09-14,both,80
https://www.youtube.com/@mikelabrepair,@mikelabrepair,MIKE LAB | Electronics Repair,28800,135,4,"Electronics repair and soldering channel, thin description but plainly repair-focused bench work.",electronics repair | reparación electrónica | réparation électronique | Elektronik reparieren,UCjDxOoSHt_-sTZsGgMGx15A,hands,tv-power-electronics-repair,gray_v2,2026-09-14,both,136
https://www.youtube.com/@miq786,@miq786,iqbal tech tv,3060,319,4,LED/LCD/CRT TV and satellite receiver repair channel with practical fault-fixing hashtags.,electronics repair | TV repair | LED TV repair | LCD TV repair | TV motherboard repair | CRT TV repair,UCh4_SzBS0HbkAcmjyRxe4hQ,hands,tv-power-electronics-repair,gray_v2,2026-09-14,both,320
https://www.youtube.com/@mkamplifiermohitkumar4440,@Mkamplifiermohitkumar4440,MK Gyan amplifier ,625,906,4,"Hindi channel teaching amplifier, speaker, stabilizer and inverter repair with hands-on bench focus.",amplifier repair,UCxX4oXVOQo2dhf8oF6pHVWA,hands,tv-power-electronics-repair,gray_v2,2026-09-14,both,933
https://www.youtube.com/@mouryaelectronics8437,@mouryaelectronics8437,mourya electronics,3630,318,4,"Dedicated LED TV repairing tutorial channel promising board repairs, panel issues and fault troubleshooting step-by-step.",TV repair | TV repairing | LED TV repair | electronics technician | LED TV repairing Hindi,UCzNOVR0-9IKY_brhoTKTHeQ,hands,tv-power-electronics-repair,wave1,2026-09-14,both,318
https://www.youtube.com/@mr.eztech,@mr.eztech,mr.eztech,391,199,4,"Real-time unscripted component-level repair channel showing full diagnostic and repair process, device type unspecified.",electronics repair | réparation électronique,UCfbhoH_sUHUvUHvAWFKFBag,hands,tv-power-electronics-repair,gray_v2,2026-09-14,both,206
https://www.youtube.com/@mrconde42,@MrConde42,MrCondeTV repair ,46,147,4,"TV repair shop with practical titles like T-con driver replacement and LED strip PWM adjustment, real bench work.",electronics repair | electronic repair | TV repair | television repair | LCD TV repair | TV repair shop,UC1Td_X3fFlrkFO2a9IkcyzQ,hands,tv-power-electronics-repair,wave1,2026-09-14,both,286
https://www.youtube.com/@mrselfmaker,@MrSelfmaker,Mr. Selfmaker,49900,281,4,"Specialist channel explicitly for HiFi, Video and TV electronic repair plus car electronics repair service.",electronic repair | Fernseher reparieren,UCJG724DegX3Ma8x4Evdg7Gg,hands,tv-power-electronics-repair,wave1,2026-09-14,both,281
https://www.youtube.com/@mrtechworld,@MrTechWorld,Mr. Tech World,51100,526,4,Inverter and battery charger PCB repair channel with MOSFET and voltage fault troubleshooting content.,TV repair | LED TV repair | power supply repair | monitor repair,UCDphJ6T-Q6fil_R1C-tUyVA,hands,tv-power-electronics-repair,wave1,2026-09-14,both,526
https://www.youtube.com/@mulanaserviselektronik,@mulanaserviselektronik,Mulana Servis Elektronik,3620,204,4,Dedicated TV LCD/LED/plasma repair tutorial channel with circuit assembly and fault repair focus.,servis TV | servis TV LED,UC8jk4y-WSO9MYMjcw46HBPg,hands,tv-power-electronics-repair,wave1,2026-09-14,both,204
https://www.youtube.com/@mustafa_electronics,@mustafa_electronics,Mustafa Electronics,29300,126,4,"Dedicated screen and electronics maintenance channel, thin but clearly on-topic description.",صيانة الشاشات | تصليح شاشات LED | صيانة الكترونيات,UCW--hLb1w3pG5KPdQxmSU1A,hands,tv-power-electronics-repair,gray_v2,2026-09-14,both,127
https://www.youtube.com/@myalbatech,@myalbatech,myalbatech,2110,65,4,"Engineer channel dedicated to Cyrus audio amplifier repairs and electronics projects, bench-focused.",amplifier repair,UCXsQut_faiJa0uvFPfq0yyw,hands,tv-power-electronics-repair,wave1,2026-09-14,both,65
https://www.youtube.com/@myelectronicsrepairadventure,@MyElectronicsRepairAdventure,My Electronics Repair Adventure,718,51,4,"Beginner's journey learning electronics repair and diagnosis, plausible bench repair content though early-stage.",electronics repair,UCAIFEJlfQSeCkpn25Nbsycg,hands,tv-power-electronics-repair,gray_v2,2026-09-14,both,51
https://www.youtube.com/@narcoelectric,@Narcoelectric,Narco electric,1680,50,4,"Dedicated amplifier repairing channel teaching hands-on amplifier repair, Hindi language, new but focused.",amplifier repair,UCG88WjI6zi1LpG8O5SmPXog,hands,tv-power-electronics-repair,wave1,2026-09-14,both,50
https://www.youtube.com/channel/ucefxgjlvq9wqxeldxkaifaa,@Narendra-electronic-repair,Narendra electronic repair,340,259,4,"Titles show music system, amplifier, cassette player, CRT TV audio repair with IC soldering detail.",electronics repair | electronic repair,UCefXGjlvQ9wQXeLdxkAiFAA,hands,tv-power-electronics-repair,wave1,2026-09-14,both,392
https://www.youtube.com/@naufalelektronik,@naufalelektronik,naufal electronic,2960,117,4,Dedicated LED/LCD/plasma TV repair tutorial channel explaining panel and screen damage repair processes.,TV repair | servis TV LED,UCBZdoei7cTYmd52NnA9Bcvg,hands,tv-power-electronics-repair,wave1,2026-09-14,both,117
https://www.youtube.com/@nesim.electronics,@NESIM.ELECTRONICS,NESIM.ELECTRONICS..[TRANING AND REPARING CENTER],5270,245,4,"Training center covering SMPS power supply, e-rickshaw controllers, chargers and BMS repair, power electronics focus.",electronics repair course,UCs0GbhWgzFZ7Oevk5kFYPVw,hands,tv-power-electronics-repair,wave1,2026-09-14,both,245
https://www.youtube.com/@newbharatelectronics3667,@newbharatelectronics3667,New Bharat Electronics,1390,94,4,"LCD/LED TV repairing center channel, thin description but plainly bench-repair focused.",TV repair | TV repairing | LED TV repair | electronics repairing institute,UCtTgo5kwTPwl7yK2pqpJfLg,hands,tv-power-electronics-repair,gray_v2,2026-09-14,both,94
https://www.youtube.com/@nguyenphuc-dientu,@nguyenphuc-dientu,Nguyễn Phúc - Điện Tử,1490,150,4,Description explicitly covers board-level electronics repair services and knowledge sharing for home appliances and devices.,sửa chữa điện tử,UCWuWuRnOQyjcpBfO6qLRpyg,hands,tv-power-electronics-repair,wave1,2026-09-14,both,150
https://www.youtube.com/@oohdiy,@OOHDIY,AU DIY,10000,907,4,"Thai channel explicitly teaching TV and appliance repair with fault diagnosis using meters, fits topic well.",ซ่อมทีวี,UCbhlWvMH15H-z7yQQgVYh0A,hands,tv-power-electronics-repair,wave1,2026-09-14,both,907
https://www.youtube.com/@opelectronicslab,@Opelectronicslab,Op Electronics ,16400,108,4,"Smart LED TV repair channel promising step-by-step guides and practical tips, business-style description but clearly repair focused.",TV repair | LED TV repair,UCN1-HDtvk7TUnkX0BTZrr0A,hands,tv-power-electronics-repair,wave1,2026-09-14,both,108
https://www.youtube.com/@pandeyexpert748,@pandeyexpert748,pandey expert,1520,58,4,"SMD card, LED TV, monitor and industrial card repairing channel matching bench electronics repair closely.",صيانة الكترونيات,UCLnuXwMhyneSOKavMj8RImw,hands,tv-power-electronics-repair,wave1,2026-09-14,both,58
https://www.youtube.com/@pankajelectronicsnagpur,@PankajElectronicsnagpur,PANKAJ ELECTRONICS,7070,199,4,"Dedicated LCD/LED TV repair channel covering motherboard, power supply and panel repair tips.",TV repair | LED TV repair,UC3-rchiUIRXk107dVkw5_og,hands,tv-power-electronics-repair,wave1,2026-09-14,both,199
https://www.youtube.com/@pmz-d7c,@PMZ-d7c,Electro Zone,369,56,4,"Hindi channel with clear SMPS/component testing and repair titles, chip-level and multimeter based.",electronics repair | SMPS repair,UCCKu1--D0ogrydykuYiNOQQ,hands,tv-power-electronics-repair,wave1,2026-09-14,both,56
https://www.youtube.com/@poojigaelectronics,@poojigaelectronics,poojiga electronics,24500,273,4,"Tamil LED TV repairing education and tricks channel, thin description but clearly on-topic.",TV repair | TV repairing | TV repair Tamil,UCSPZ_I4S7dw0MTS5IGtstkw,hands,tv-power-electronics-repair,gray_v2,2026-09-14,both,273
https://www.youtube.com/@poonampandey-fm4kp,@poonampandey-fm4kp,electro techno event (elect tech),4880,2644,4,"Power supply repairing, motherboard and industrial power supply repair technician channel, thin but on-topic.",power supply repair | SMPS repair,UCh1num8XAYJ6QQw0JUcZCCg,hands,tv-power-electronics-repair,gray_v2,2026-09-14,both,2645
https://www.youtube.com/@popielectronics,@PopiElectronics,Popi Electronics,6600,219,4,"Repair shop teaching LED TV, UPS/inverter repair and programmer software courses, real bench work implied.",TV repair | TV repairing | LED TV repair | electronics repair | electronics repair course,UCCl191uNynm8PKj8cVEQYGg,hands,tv-power-electronics-repair,wave1,2026-09-14,both,219
https://www.youtube.com/@pramodsharma-fg1ng,@PramodSharma-fg1ng,SHRUTI SERVICE CENTER @,1350,313,4,Service center channel covering LED/LCD TV and amplifier/sound system repair with real fault fixing.,amplifier repair | LCD TV repair,UCNsm-btUZIRLrUvI_nU_snQ,hands,tv-power-electronics-repair,wave1,2026-09-14,both,313
https://www.youtube.com/@pritamelectronics,@PritamElectronics,Pritam Electronics all,1820,50,4,CRT/LCD/LED TV and stabilizer repair channel with Hindi tutorials on electronics fault-fixing.,TV repair | LED TV repairing Hindi | صيانة الكترونيات,UCZwFmoPQdYNxoMDDHBSR4zQ,hands,tv-power-electronics-repair,trial100,2026-09-14,both,50
https://www.youtube.com/@prohackhd,@ProHackHD,Pro Hack,126000,135,4,"LCD/LED TV repair channel covering mainboard, PSU, LED strip and EEPROM programming work.",TV repair | LED TV repair | monitor repair | LED TV repairing Hindi,UC11m-0gbymNHKmpaJJ3Dz7w,hands,tv-power-electronics-repair,wave1,2026-09-14,both,135
https://www.youtube.com/@protechelectronics79,@protechelectronics79,PRO TECH Electronics,77600,118,4,"Audio video repair tutorial channel focused on electronics repair fixing problems, fits bench repair topic well.",electronics repair,UCxZbfwIvqNC809bxonxxGRQ,hands,tv-power-electronics-repair,wave1,2026-09-14,both,118
https://www.youtube.com/@quanghiendt,@quanghiendt,Quang Hiển Điện Tử,985,125,4,Titles show real TV power/LED repair (Samsung no power) plus induction cooktop and AC repairs at bench.,sửa chữa điện tử,UCaRKCUCGBCzGEhVfuXQk5sg,hands,tv-power-electronics-repair,wave1,2026-09-14,both,137
https://www.youtube.com/@quanlcd,@QuanLCD,me sua tivi mong,2540,229,4,"Dedicated LCD/LED TV repair and troubleshooting channel name and description, strong topical match.",TV repair | LED TV repair | sửa tivi,UCzSaJ-qmddWD8pjeRukc_Yg,hands,tv-power-electronics-repair,wave1,2026-09-14,both,229
https://www.youtube.com/@quicksolution-i9b,@Quicksolution-i9b,Quick solution,766,55,4,CRT TV and induction cooktop repair channel with detailed practical titles on power supply and IC-level fixes.,TV repair | SMPS repair,UCTaKBEQe4KRnmUQ4BoDRu3w,hands,tv-power-electronics-repair,wave1,2026-09-14,both,89
https://www.youtube.com/@rafiqelectronictricks,@RafiqElectronictricks,Rafiq Electronic tricks,111,64,4,"Hindi channel with inverter, UPS, VFD and solar fitting repair titles showing practical bench work.",electronics repair | electronics repairing | TV repair | LED TV repair | power supply repair | inverter repair | electronics repair course | LED TV repairing Hindi | LED TV repairing Urdu,UCtZSX-fN7MGmGQvbiZD9xcg,hands,tv-power-electronics-repair,wave1,2026-09-14,both,93
https://www.youtube.com/@raghuelectronicrepairing6861,@raghuelectronicrepairing6861,Raghu electronic Repairing,532,137,4,"Titles show real LED/LCD TV motherboard and backlight repairing sessions in Hindi, fits bench repair topic well.",electronic repair | electronic repairing,UCGQkWfxT9PVQBXg2Ng60Jpw,hands,tv-power-electronics-repair,wave1,2026-09-14,both,137
https://www.youtube.com/@rajkushvanttechnology3433,@rajkushvanttechnology3433,Rajkushvant Technology,228,104,4,"LED TV repair titles showing short-circuit troubleshooting and display fixes, though some laptop/software content dilutes focus.",electronics repair | TV repair | LED TV repair | LED TV repairing Hindi,UC4LYjgkVEC8faika51HtAdA,hands,tv-power-electronics-repair,wave1,2026-09-14,both,110
https://www.youtube.com/@ranatech-official,@RanaTech-official,Rana Tech Electronics,47,80,4,"Channel explicitly covers TV, SMPS, amplifier, PSU repair with multimeter testing and troubleshooting content.",electronics repair,UCdNjnILlx8wtQzQYHkzsSTQ,hands,tv-power-electronics-repair,wave1,2026-09-14,both,80
https://www.youtube.com/@reallbdtech,@Reallbdtech,Reall BD Tech,1540,302,4,"Self-described professional TV technician specializing in LED/LCD/Plasma repair, thin but clearly on-topic.",TV repair | electronics technician | LED TV repair Bangla,UC3UGLjrg_qrclTzVx6JgtLQ,hands,tv-power-electronics-repair,gray_v2,2026-09-14,both,302
https://www.youtube.com/@refixbharat,@REFIXBHARAT,REFIX BHARAT ,1660,180,4,"LCD/LED TV repair education channel covering T-CON, motherboard, power board with practical repair focus.",electronics repair | electronics repairing | TV repair | TV repairing | LED TV repair | LED TV repairing Hindi | sửa tivi | ซ่อมทีวี | تعمیر تلویزیون | 电视维修,UC-gRli_9nl_IelSZdVregvg,hands,tv-power-electronics-repair,wave1,2026-09-14,both,180
https://www.youtube.com/@remonter_eng,@remonter_eng,Remonter will fix it,591,80,4,"Electronics repair channel with subwoofer amplifier repair keyword, thin description but plausible audio bench repair focus.",electronics repair | subwoofer amplifier repair,UCGao_1qGMxdpmXFqABxMoEw,hands,tv-power-electronics-repair,gray_v2,2026-09-14,both,80
https://www.youtube.com/@reparandodetodo,@Reparandodetodo,Reparando de todo,28300,304,4,General electronics repair channel showing real repairs performed by the host across varied devices.,reparación electrónica,UCHnn3KHTF3tDJx6wg3qCJBw,hands,tv-power-electronics-repair,gray_v2,2026-09-14,both,304
https://www.youtube.com/@repiar.electronic.fix.2966,@Repiar.electronic.fix.2966,Repair Electronic​ ជួសជុលអេឡិចត្រូនិច,11300,156,4,"Khmer channel covering inverter, power supply, TV, amplifier and welding machine repair with practical circuit focus.",electronics repair | power supply repair | réparation télévision,UCDzLVPc-GuxFnq-7NKHM2FQ,hands,tv-power-electronics-repair,wave1,2026-09-14,both,156
https://www.youtube.com/@rizwanwithtvrepair3236,@rizwanwithtvrepair3236,RIZWAN WITH TV  LED LCD ALL ELECTRONIC REPAIR,144,203,4,"TV repair channel with titles showing panel, power supply issues on specific TV models.",TV repair | monitor repair,UCG5oAG0O2QwSsYgvddte-Hg,hands,tv-power-electronics-repair,wave1,2026-09-14,both,131
https://www.youtube.com/@rktechsol4404,@rktechsol4404,RK Techsol,58600,1027,4,Channel covers old TV and amplifier restoration alongside electronics repair and troubleshooting content.,electronics repair | electronics repairing,UCpc44vfOFOgQRMDABMEhpow,hands,tv-power-electronics-repair,wave1,2026-09-14,both,1029
https://www.youtube.com/channel/ucubmqyplnwivaugyernnr9q,@robinelectronics087,Robin Electronics ,60,109,4,TV repair home service channel with titles referencing specific fault diagnosis (Sony t-con problem).,TV repair,UCubmqYpLnWIvaugyERnNR9Q,hands,tv-power-electronics-repair,wave1,2026-09-14,both,117
https://www.youtube.com/@rolab_electronics,@rolab_electronics,Rolab Electronics,194,137,4,"Shop repairing soundbars, speakers, home theatre, PCB and power supply for consumer electronics brands.",electronics repair | power supply repair,UCawhUvYLIZXRrP6J-kXJE9Q,hands,tv-power-electronics-repair,wave1,2026-09-14,both,187
https://www.youtube.com/@ronakelectrolight,@RonakElectrolight,Ronak Electro light,698,98,4,"Titles show inverter mosfet replacement, LED bulb repair, CRT TV repair — solid bench repair evidence.",electronics repair | electronics repairing | SMPS repair | inverter repair,UC6x4iI6O9RfCal-V5D-td-A,hands,tv-power-electronics-repair,wave1,2026-09-14,both,102
https://www.youtube.com/@rosecostasilva5487,@rosecostasilva5487,Rose Costa Silva,202000,1424,4,"Shop owner repairing TVs and speakers, sharing experience on channel, on-topic thin bio.",conserto de eletrônicos | conserto de amplificador,UC9PwikzvKzDGUhmbdPKkh5A,hands,tv-power-electronics-repair,gray_v2,2026-09-14,both,1425
https://www.youtube.com/@sahirelectronicssolarsecur9466,@sahirelectronicssolarsecur9466,"Sahir Electronics, Solar & Security Systems",7240,246,4,Solar and hybrid inverter board-level repair training academy with practical workshop content described.,inverter repair | solar inverter repair | electronics repair | electronics repair course | electronics repairing institute,UCfxWArxowhYPbZCFoESGjfw,hands,tv-power-electronics-repair,gray_v2,2026-09-14,both,246
https://www.youtube.com/@saielectronics,@saielectronics,sai electronics,9110,466,4,"LED/LCD TV repairing technician channel with tutorials and DIY projects, thin but on-topic evidence.",TV repair | TV repairing | electronics technician | electronics repair,UCMQKVQeOAoevTqpOAxsDUHA,hands,tv-power-electronics-repair,gray_v2,2026-09-14,both,466
https://www.youtube.com/@saini..,@SAINI..,SAINI ELECTRONIC'S LED TV REPAIR LAB.,5380,211,4,"Dedicated LCD/LED TV repair lab focused specifically on display panel repairs, strong topical focus.",TV repair | LED TV repair,UCguNJwEWguYjWjPuX3Gv3Gg,hands,tv-power-electronics-repair,wave1,2026-09-14,both,211
https://www.youtube.com/@samsorottv,@SamSorotTv,SamSorot tv,123,160,4,TV LCD/LED repair channel with titles showing LED backlight replacement and polarizer film repair on camera.,servis TV | servis TV LED,UCSqwc2jKgL3E7WyER4kLUqQ,hands,tv-power-electronics-repair,wave1,2026-09-14,both,193
https://www.youtube.com/@saurabhkumarelectronicsrepair,@SaurabhKumarElectronicsRepair,Sataguru Electronics Services – Noida,111,77,4,"Hindi channel teaching soundbar, Bluetooth speaker and LED TV repair with practical step-by-step troubleshooting videos.",electronics repair | TV repair | LED TV repair | LED TV repairing Hindi,UCDdxnbn39FoilYHDO-PAWqA,hands,tv-power-electronics-repair,wave1,2026-09-14,both,77
https://www.youtube.com/@servicetvled,@servicetvled,special led tv,14800,108,4,Hobbyist electronics channel dedicated to LCD/LED TV repair service videos with Q&A support.,TV repair | LED TV repair | تعمیر تلویزیون | 电视维修,UCx1ITXG1xQBBq122UbiY6jw,hands,tv-power-electronics-repair,wave1,2026-09-14,both,108
https://www.youtube.com/@servistvmojosari9918,@servistvmojosari9918,servis tv Mojosari,144,76,4,TV repair channel with titles showing tube TV protect mode fix and CRT tube work on camera.,servis TV | servis TV LED,UC_zPwvNabVQ-xEGyhNNd2YQ,hands,tv-power-electronics-repair,gray_v2,2026-09-14,both,76
https://www.youtube.com/@shaheen.electronics,@shaheen.electronics,Shaheen electronics,3620,308,4,"Shop channel covering CRT TV repair, charger repair, receiver repair alongside broader electronic services.",TV repair | charger repair | LED TV repairing Urdu | mobile charger repair | CRT TV repair,UCmLVhXEJo9rQkL9cV_GvGFg,hands,tv-power-electronics-repair,gray_v2,2026-09-14,both,309
https://www.youtube.com/@shreesaicareelectronic,@ShreeSaiCareElectronic,Shree Sai Care Electronics Repair ,72,85,4,"Electronics repair shop covering TV motherboard, power supply and audio devices repair, business-style description",power supply repair | electronics repair,UCUVZYulxRePiJTqaTd4bkFw,hands,tv-power-electronics-repair,wave1,2026-09-14,both,85
https://www.youtube.com/@somostyservi,@somostyservi,TySERVI,75,89,4,"Repair shop for smart/LED/LCD/plasma TVs, business description implies real bench work.",reparación de televisores,UCjqHlZ_8L6ey7Mz8cPUU5-g,hands,tv-power-electronics-repair,wave1,2026-09-14,both,104
https://www.youtube.com/@sonicelectronicstvrepair,@SonicElectronicsTVRepair,"Sonic Electronics - TV Repair Expert in Noida, NCR",244,169,4,"TV repair business with titles showing panel/backlight/motherboard/power supply fixes across brands, real bench work implied.",TV repair | sửa tivi | reparación de televisores | ремонт телевизоров | ซ่อมทีวี | تعمیر تلویزیون | 电视维修 | réparation télévision,UC4S6KZYjZgwwSQN7m3A_8Lw,hands,tv-power-electronics-repair,wave1,2026-09-14,both,195
https://www.youtube.com/@sostveletronica,@sostveletronica,SOS TV Eletrônica,987,119,4,"TV, microwave and speaker repair shop with real repair videos showing troubleshooting steps.",conserto de TV | conserto de TV LED,UCwhOn0B4xmGtMBubbvGu-0g,hands,tv-power-electronics-repair,wave1,2026-09-14,both,138
https://www.youtube.com/@southfixelectronics2020,@southfixelectronics2020,SOUTHFIX ELECTRONICS,1150,84,4,"Tagalog electronics repair channel explicitly sharing learning content, thin evidence but clearly repair-focused.",electronics repair | TV repair tagalog,UCEIPKwIO6uhsjYmBIFP1m9w,hands,tv-power-electronics-repair,gray_v2,2026-09-14,both,84
https://www.youtube.com/@southlondonrepair,@southlondonrepair,South London Repair,10800,202,4,"Console, TV and vintage audio/electronics repair shop with detailed repair guides and restoration content.",electronics repair | electronics repair course,UC_VNu68hKFp2nGMbef8mv-g,hands,tv-power-electronics-repair,wave1,2026-09-14,both,202
https://www.youtube.com/@sparesrepair,@SparesRepair,Spares Repair,240,136,4,Channel dedicated to fixing broken TVs and household appliances with step-by-step repair guides.,electronics repair,UCHflwpPOcZHd1oEobpWiPWw,hands,tv-power-electronics-repair,wave1,2026-09-14,both,137
https://www.youtube.com/@starelectronics4458,@starelectronics4458,STAR Electronics,2070,62,4,Channel explicitly for electronics technicians fault-finding and repair skills improvement.,electronics technician | electronics repair | riparazione TV | réparation électronique | electronics technician workshop | TV repair technician,UC4UOHPLcc2NqybUWLNgx6sg,hands,tv-power-electronics-repair,gray_v2,2026-09-14,both,62
https://www.youtube.com/@stkchanelservis,@stkchanelservis,STK CHANEL SERVIS,1440,333,4,Mobile TV repair service channel with tutorial titles on television repair and satellite dish installation.,servis TV | servis TV LED,UCQBwbUjG5F750c3TJ1y1arA,hands,tv-power-electronics-repair,wave1,2026-09-14,both,333
https://www.youtube.com/@suachuadientunguyenduong,@suachuadientunguyenduong,Sửa chữa điện tử Nguyễn Dương,55800,742,4,Dedicated household electronics repair channel run by experienced technician sharing free repair knowledge.,sửa chữa điện tử | sửa nguồn xung,UCkEfq2bkoHnpvAJAafo-kIg,hands,tv-power-electronics-repair,gray_v2,2026-09-14,both,742
https://www.youtube.com/@subodhguptarepairingcenter,@subodhguptarepairingcenter,Subodh Gupta Repairing Center,1530,83,4,Professional TV repair center covering LED/LCD/OLED/plasma with clear repair-focused branding.,TV repair | electronic repairing,UC1gypxHahbhuhoiVXqE0XnQ,hands,tv-power-electronics-repair,wave1,2026-09-14,both,83
https://www.youtube.com/@surajevelectronics,@SURAJEVELECTRONICS,SURAJ EV ELECTRONICS ,2130,306,4,"EV charger and welding machine repair course, SMPS charger repairing content fits power electronics topic.",electronics repair | electronics repair course,UCa59PjYbJwoGZNFiWuqD02g,hands,tv-power-electronics-repair,wave1,2026-09-14,both,306
https://www.youtube.com/@talhaelectronics660,@talhaelectronics660,TALHA ELECTRONICS,2320,696,4,"Description lists LED TV, LCD, CRT, SMPS, UPS, inverter and audio repair, strong electronics bench signals.",inverter repair,UCZn5skyWN8JfjWc3-Cpt5iA,hands,tv-power-electronics-repair,wave1,2026-09-14,both,696
https://www.youtube.com/@tanushreeelectronics,@TanushreeElectronics,Tanushree Electronic's,27100,356,4,"Electronics technician channel listing detailed repair services: LED/LCD TV, home theater, amplifier, power supply repair.",TV repair | power supply repair | electronic repairing | reparación electrónica | réparation télévision,UC2aSZDl6P2f1ICQVfh3quGw,hands,tv-power-electronics-repair,wave1,2026-09-14,both,356
https://www.youtube.com/@tarangaelectronic,@TarangaElectronic,Taranga Electronic,131000,1100,4,"Dedicated LED/LCD/CRT TV repair channel with electronics repairing focus, minimal but relevant description.",TV repair | LED TV repairing Hindi | reparación electrónica | صيانة الكترونيات | réparation télévision,UCzJWbV-7PSOHmNhjPRWmt1w,hands,tv-power-electronics-repair,wave1,2026-09-14,both,1100
https://www.youtube.com/@techclasstamil3074,@techclasstamil3074,THE AUDIO POINT ,702,67,4,Tamil channel with amplifier building/repair and CRT TV service titles showing real bench work.,amplifier repair | TV repair Tamil,UCmiWWXHo5rx4uUpOK3BsFKw,hands,tv-power-electronics-repair,gray_v2,2026-09-14,both,67
https://www.youtube.com/@techfixbd2,@TechFixBD2,Tech Fix BD 2,2160,289,4,"Bangla channel covering TV, inverter, amplifier and speaker repair alongside some review content.",electronics repair | TV repair | LED TV repair | amplifier repair | LED TV repair Bangla,UC3rL4w8FBGLnY0hSFj38m6g,hands,tv-power-electronics-repair,wave1,2026-09-14,both,289
https://www.youtube.com/@techfixgamers,@Techfixgamers,TechFix India,18000,425,4,Electronics repair shop covering SMPS and LED TV board repair alongside gaming peripheral repairs.,electronics repair | SMPS repair,UCbH7MBEZcZSnY3nwpCv-5mA,hands,tv-power-electronics-repair,wave1,2026-09-14,both,425
https://www.youtube.com/@technicalmannsahab,@TECHNICALMANNSAHAB,TECHNICAL MANN SAHAB,463,149,4,"Hindi channel explicitly covering SMPS, power supply, circuit repair and component testing (MOSFET, IC) alongside DIY projects.",electronics repair,UCTym5E6I-8sx_nZ4wMsgSBg,hands,tv-power-electronics-repair,wave1,2026-09-14,both,283
https://www.youtube.com/@technicaltapesh865,@technicaltapesh865,Technical Tapesh,14000,309,4,"LED/LCD TV and laptop repair channel also covering power supply, amplifier and home theater fixes.",TV repair | TV repairing | LED TV repair | LED TV repairing Hindi | reparación de televisores,UClnn-AIvTAtCU6T1I32pyPQ,hands,tv-power-electronics-repair,wave1,2026-09-14,both,309
https://www.youtube.com/@technictich,@Technictich,Technic tich,14600,183,4,"Professional technician with 30 years experience uploading LED TV, AC, washing machine and PCB repair videos.",electronic repair | electronic repairing | TV repair | TV repairing | LED TV repair | electronics technician | صيانة الكترونيات,UCJopgIor_7eoIZzW34H1Bug,hands,tv-power-electronics-repair,wave1,2026-09-14,both,183
https://www.youtube.com/@techranaji,@techranaji,Tech Ranaji,2560,599,4,"LED TV, home theater and amplifier repair tips channel also running a repair training course, strong topic fit.",TV repair | TV repairing | LED TV repair | amplifier repair | SMPS repair,UC4rUq4SAO4dF0djg-9mwtoA,hands,tv-power-electronics-repair,trial100,2026-09-14,both,599
https://www.youtube.com/@techsolutionsdey,@techsolutionsdey,Techsolutionsdey,4370,282,4,"UPS/SMPS repair channel with PCB troubleshooting content, though also covers laptop/desktop servicing and software.",electronics repair | power supply repair,UCEi2SDzt90W0oy_wRazpphg,hands,tv-power-electronics-repair,wave1,2026-09-14,both,283
https://www.youtube.com/@techsumit_1,@TechSumit_1,Tech Sumit,371,169,4,"Dedicated LED TV repair channel across major brands, thin description but clearly on-topic.",TV repair | LED TV repair | LCD TV repair | LED TV no power repair | TV motherboard repair,UCj7O7cT9fu6_NtUb4XHNSEA,hands,tv-power-electronics-repair,gray_v2,2026-09-14,both,207
https://www.youtube.com/channel/ucymhhcn5w2m6hwy9emfa3rg,@teeraphontelevision,ธีรพลโทรทัศน์,22,51,4,Thai TV repair shop channel with titles showing specific Sony TV fault fixes like red blinking and no display.,ซ่อมทีวี,UCYmhHCn5w2M6hWy9eMFa3rg,hands,tv-power-electronics-repair,wave1,2026-09-14,both,55
https://www.youtube.com/@thang084,@thang084, Bienhoatvt,1700,691,4,"Channel explicitly focused on filming and sharing electronics repair work, thin but clear intent.",sửa chữa điện tử | sửa tivi,UCB46az8cndyAUFyWTCz0fzg,hands,tv-power-electronics-repair,gray_v2,2026-09-14,both,691
https://www.youtube.com/@thetechtechno,@thetechtechno,The Tech Techno,1270,170,4,"Channel dedicated to DJ sound and lighting repair including amplifier, speaker and mixer fault-finding.",amplifier repair,UC0PvCH_ePfBRY_WCIxqDU2g,hands,tv-power-electronics-repair,wave1,2026-09-14,both,170
https://www.youtube.com/@thetvrepair,@Thetvrepair,The tv Repair,15600,180,4,"Professional LED/LCD/OLED TV and display repair channel with contact info, clear bench repair focus.",TV repair | LED TV repair | LCD TV repair | LED TV repairing Urdu | LED TV repair Bangla | تعمیر تلویزیون | 电视维修,UCes4MdXqAGEt4-Fc9nCjY0g,hands,tv-power-electronics-repair,wave1,2026-09-14,both,181
https://www.youtube.com/@tristatemodule,@Tristatemodule,Tri-State Module Inc.,164,50,4,"TV parts supplier channel with power supply board identification videos, business-oriented but shows real board parts.",TV repair,UC_Ouse1nRePJ19LUB13QPfA,hands,tv-power-electronics-repair,wave1,2026-09-14,both,50
https://www.youtube.com/@tuserkuncrit,@Tuserkuncrit,Youlyanto service,2590,200,4,"Dedicated LED TV bench repair channel with mainboard, EEPROM flashing and standby fault troubleshooting titles.",TV repair | servis TV LED,UCAHk3riw5kBHUQTq6KVYsVQ,hands,tv-power-electronics-repair,wave1,2026-09-14,both,200
https://www.youtube.com/channel/uccpkwgr1rnmukcmjagtizaa,@tvrepair_wala,Tv Repair Wala,48,72,4,Dedicated Sony/LED TV repair shop channel with short titles showing display and backlight fixes.,TV repair | LED TV repair,UCcpKwgr1rNmukcmJAGtizaA,hands,tv-power-electronics-repair,wave1,2026-09-14,both,72
https://www.youtube.com/@tvrepairbd,@TvRepairBD,TV Repair BD,33,67,4,Home-service business repairing LED/LCD TVs and microwaves with a no-display repair title shown.,TV repair | LCD TV repair | LED TV repair Bangla,UCM8ky98M2TIeT1WgGXEH5OQ,hands,tv-power-electronics-repair,wave1,2026-09-14,both,70
https://www.youtube.com/@tvrepairservicehyderabad,@tvrepairservicehyderabad,TV REPAIR SERVICE HYDERABAD ,2680,267,4,Dedicated LED/LCD/Smart TV repair service channel in Telugu with repair videos as core content per description.,TV repair | LED TV repair | LCD TV repair | sửa tivi | ремонт телевизоров | ซ่อมทีวี | تعمیر تلویزیون | 电视维修,UCGkpHMc8bR3g7RcDx-iBMrQ,hands,tv-power-electronics-repair,wave1,2026-09-14,both,268
https://www.youtube.com/@udanaarunalu1126,@udanaarunalu1126,Udana Arunalu,9400,66,4,"Self-described LCD/LED TV repairing center managing director channel, thin text but clear repair focus.",TV repair | TV repairing | LED TV repair | TV power board repair,UCs2W3dcQ9onsuJ_tl7mHMdA,hands,tv-power-electronics-repair,gray_v2,2026-09-14,both,66
https://www.youtube.com/@ustad-fayaz,@Ustad-fayaz,Fayaz Repairing Center™,3400,282,4,"Dedicated inverter/UPS/VFD/MPPT/battery charger repair channel, thin but on-topic description.",inverter repair | UPS repair | charger repair | solar inverter repair | mobile charger repair,UC3Tv3zCpmQZz-RFM1Wvkm0g,hands,tv-power-electronics-repair,gray_v2,2026-09-14,both,282
https://www.youtube.com/@vcorelc,@VcoreLC,Vcore LC,138000,97,4,"LCD/LED TV repair channel covering mainboard, PSU, LED strip and EEPROM programming, plus some reviews.",TV repair | LED TV repair | صيانة الكترونيات | 电视维修,UCLPY6eQ-c_bFxAWija61NUw,hands,tv-power-electronics-repair,wave1,2026-09-14,both,97
https://www.youtube.com/@vijayalltech,@VijayAllTech,Vijay All Tech,52400,394,4,"Audio amplifier, PA speaker, woofer and LED TV repair service channel directly matching topic scope.",TV repair | LED TV repair | amplifier repair | TV repairing Telugu,UCQ8AXzSZsdHVKrLsjJ0EtAg,hands,tv-power-electronics-repair,wave1,2026-09-14,both,394
https://www.youtube.com/@waheenelectric,@waheenelectric,Waheen Electric,4220,64,4,"Dedicated SMPS, solar inverter and DC-AC inverter repair channel with practical Urdu tutorials on power electronics.",electronics repair | electronics repairing | inverter repair | power supply repair | SMPS repair | electronics repair course,UCbud4obgb_hBxfxQWGXO5MQ,hands,tv-power-electronics-repair,wave1,2026-09-14,both,64
https://www.youtube.com/@wardanadaulay,@WardanaDaulay,Wardana Daulay,11000,130,4,Thin one-line description but plainly a TV LCD/LED/plasma repair channel by name.,servis TV | servis TV LED | servis power supply,UCVRP8-H7q3pFPnQL2rUI6KQ,hands,tv-power-electronics-repair,gray_v2,2026-09-14,both,130
https://www.youtube.com/@wongtvtechvlog,@Wongtvtechvlog,Wong tv techvlog,35000,158,4,"CRT TV repair channel per keyword and description, thin but clearly on-topic evidence.",electronics repair | CRT TV repair,UCckl_jXn8fh4dVq7P0C881A,hands,tv-power-electronics-repair,gray_v2,2026-09-14,both,158
https://www.youtube.com/@zainled7789,@zainled7789,Zain Led Elektronik,23800,801,4,Dedicated TV repair channel description covering fault diagnosis and component checking tutorials.,servis TV | servis TV LED,UCT6c8LO1WivZEzhbUR_aP_A,hands,tv-power-electronics-repair,wave1,2026-09-14,both,801
https://www.youtube.com/@zeeshanelectronicslab,@ZeeshanElectronicsLab,Zeeshan Electronics Lab,471,134,4,Electronics channel explicitly featuring T-Con board and LED TV panel repair/troubleshooting content.,T-con | T-con board repair,UCCTlryxV2xZYkg5KYwBWSgg,hands,tv-power-electronics-repair,rest1,2026-09-14,both,134
https://www.youtube.com/@3starelectronics2021,@3starelectronics2021,3 Star Electronics tv tech tamil,9500,78,4,Dedicated LED/LCD/CRT TV repairing channel with tips and tricks framing typical of Tamil tech repair benches.,TV repair | TV repairing,UCrjY3LkALSGAN2nOXG0Fslw,hands,tv-power-electronics-repair,wave1,2026-09-14,filter,78
https://www.youtube.com/@6sonik1,@6sonik1,Александр Бурков,2550,89,4,"Professional TV repair channel, minimal but directly on-topic description.",ремонт телевизоров,UCT7si1EaYlxImaCCBX6xVkw,hands,tv-power-electronics-repair,gray_v2,2026-09-14,filter,89
https://www.youtube.com/@abhijit8617,@abhijit8617,ABHIJIT,7330,147,4,"Channel dedicated to musical instrument amplifier repair videos, matches audio electronics bench repair.",amplifier repair,UCLGXetqd7cYpdPJAeA9_izg,hands,tv-power-electronics-repair,wave1,2026-09-14,filter,147
https://www.youtube.com/@advancepowersystemsystem3265,@advancepowersystemsystem3265,Advance Power system SYSTEM,42,68,4,"Dedicated online UPS repair channel with short repair clips, thin titles but plain repair focus.",UPS repair,UCgA9-ze-mhwq-E7RrnsbFOQ,hands,tv-power-electronics-repair,rest1,2026-09-14,filter,68
https://www.youtube.com/@ahelectronicssolution,@AHElectronicssolution,"AH,Electronics,solution ",239,65,4,"Detailed LED TV repair description covering panel, backlight, IC info and Sony blinking codes suggests real bench repair content.",TV repair | TV repairing | LED TV repair,UCAuvGEXEYFsBC6LANbVndTg,hands,tv-power-electronics-repair,wave1,2026-09-14,filter,66
https://www.youtube.com/@ajudatecnica,@AjudaTecnica,MicroGyn Info,8420,74,4,"Bench repair techniques channel with blog/shop mention, dedicated electronics repair focus.",electronic repair,UCm3z2o0bzyDg-ohneHUG82w,hands,tv-power-electronics-repair,gray_v2,2026-09-14,filter,74
https://www.youtube.com/@alunroberts1439,@alunroberts1439,alun roberts,177,197,4,"Amplifier builds/repairs, TV repair with component testing, ham radio electronics work described directly.",TV repair,UC-7dgB9zvLuuDo9phROwu3A,hands,tv-power-electronics-repair,wave1,2026-09-14,filter,197
https://www.youtube.com/@amanelectronic0282,@Amanelectronic0282,Aman electronic ,4130,527,4,Speaker and power board repair channel with Bluetooth speaker troubleshooting and wiring tips.,electronics repair | electronics repairing,UCTwclRurx29c_lX9fViZCCQ,hands,tv-power-electronics-repair,wave1,2026-09-14,filter,527
https://www.youtube.com/@amitelectronics09,@Amitelectronics09,Amitelectronics,5630,69,4,Dedicated inverter repair channel in Hindi focused on solving hard inverter problems for major brands.,inverter repair,UCwl8zMfSO9KYStdZHLaDeGA,hands,tv-power-electronics-repair,wave1,2026-09-14,filter,69
https://www.youtube.com/@amplifirereparingzone.,@Amplifirereparingzone.,amplifire repairing zone .,11300,1014,4,"Dedicated DJ amplifier and speaker repair shop channel, likely real repair jobs.",amplifier repair,UCdZDSbNu-zqC6UwD2JppAPQ,hands,tv-power-electronics-repair,wave1,2026-09-14,filter,1014
https://www.youtube.com/@anannelectronic,@ANANNELECTRONIC,ANANN  ELECTRONICS,126,55,4,"LED TV, amplifier, DTH, MOSFET repair titles show real bench electronics repair work.",electronic repair | electronic repairing,UCoqW2QyU3xYnK4eZIsulXqg,hands,tv-power-electronics-repair,wave1,2026-09-14,filter,55
https://www.youtube.com/@anastechnicalguru569,@anastechnicalguru569,Anas Technical Guru,21800,686,4,Channel focused on electronics repairing including LED/LCD repair alongside homemade projects.,electronic repair | electronic repairing,UCn0iM-XlvyC3ndRc8plGHUw,hands,tv-power-electronics-repair,gray_v2,2026-09-14,filter,686
https://www.youtube.com/@artaudio440,@ARTaudio440,Artaudio440 Electronics,5550,732,4,Audio/video electronics technician channel focused on troubleshooting and repair since 2004.,electronics repair | electronics technician,UCT2FbRDYA0PchLSnpYxcGxg,hands,tv-power-electronics-repair,wave1,2026-09-14,filter,732
https://www.youtube.com/@axelthefoxytechworld8024,@axelthefoxytechworld8024,AxelTheFoxy Tech World,1100,562,4,"Dedicated vintage analog electronics repair channel covering reel-to-reel, tube radios, cassette recorders on camera.",electronic repair,UCN66Hl7NNs7udadXSj0HZVQ,hands,tv-power-electronics-repair,wave1,2026-09-14,filter,562
https://www.youtube.com/channel/ucazo7cfsu8u_rfzrd5awgrw,@B.VELECTRONICS,B.V ELECTRONICS ,104,68,4,"Electronic repair basics and maintenance channel, thin bio but plainly bench-repair oriented.",electronic repair,UCaZo7cFSU8U_rFZRD5aWGrw,hands,tv-power-electronics-repair,gray_v2,2026-09-14,filter,90
https://www.youtube.com/@babuelectronics6577,@babuelectronics6577,Babu Electronics,1070,133,4,"Electronics shop repairing LED/LCD TV panels plus induction and mixer repair, thin but on-topic description.",TV repair,UCmIR1aE_KmwQRV2qDwNAZGw,hands,tv-power-electronics-repair,gray_v2,2026-09-14,filter,133
https://www.youtube.com/channel/uc8ipqid4nvrl-_zw2nyyzga,@BehindtheCoil,Behind The Coil,54,63,4,"Hands-on board-level repair and restoration of vintage audio equipment and electronics, strong bench-repair format.",electronics repair,UC8IpqId4nvRl-_zw2nyYZgA,hands,tv-power-electronics-repair,gray_v2,2026-09-14,filter,75
https://www.youtube.com/@boycoi83,@boycoi83,BoyCoi,53,86,4,Vietnamese electronics repair channel documenting real board repair work and components.,sửa chữa điện tử,UCxyvHBCTJdlnRDU4EzA51_g,hands,tv-power-electronics-repair,gray_v2,2026-09-14,filter,110
https://www.youtube.com/@burhansolarinverter,@BurhanSolarInverter,Burhan Solar Inverter ,453,55,4,Dedicated solar inverter and booster electronics repairing channel with practical repair videos described.,electronics repair | electronics repairing,UCyiCPBH3DS_sQSyo42SYcyg,hands,tv-power-electronics-repair,gray_v2,2026-09-14,filter,66
https://www.youtube.com/@cakbakirchannel,@cakbakirchannel,cak bakir channel,3330,68,4,"Electronics world channel focused on TV service sharing experience, thin evidence but plainly repair-oriented.",servis TV,UCrirMQY6c0s8Brqa2-qnJnA,hands,tv-power-electronics-repair,gray_v2,2026-09-14,filter,68
https://www.youtube.com/@carljosephsantiago,@carljosephsantiago,SANTI'S ELECTRONICS,2470,95,4,"Name and terse description point to actual electronics repair work, thin but on-topic evidence.",electronics repair,UCFMiG2Ruw3vuY9VJ8oGgqNQ,hands,tv-power-electronics-repair,gray_v2,2026-09-14,filter,95
https://www.youtube.com/@chandankumarsahu-o8m,@ChandanKumarSahu-o8m,repair tips,324,87,4,"Repair channel with titles on amplifier, DC converter, TV board fixes shown practically.",TV repair,UCCGYs6TGLDHC1qmeCT4hB-w,hands,tv-power-electronics-repair,gray_v2,2026-09-14,filter,98
https://www.youtube.com/@charlyhutahaean,@charlyhutahaean,Charly Hutahaean ,193,93,4,"Titles show real Smart TV audio repair and LED TV eeprom reset, clear board-level TV repair evidence.",electronic repair,UC1OuuPx1LGa8K_yXAWEtb5w,hands,tv-power-electronics-repair,wave1,2026-09-14,filter,152
https://www.youtube.com/@chitro_electric,@chitro_electric,Chitro Electric,238,70,4,"Bangla channel covering fan, TV, mobile, blender repair with IC/capacitor removal and diagnosis techniques shown.",electronics repair | TV repair,UC5PLrXwBj0upj1slH7zuFSw,hands,tv-power-electronics-repair,wave1,2026-09-14,filter,72
https://www.youtube.com/@clintronicsrva,@clintronicsrva,Clintronics RVA,1450,206,4,"Audio electronics repair tech with 30 years experience, videos reference wiring references for technician use.",electronics repair,UCFz3H45uBk9DRr-cHm0ZJjA,hands,tv-power-electronics-repair,wave1,2026-09-14,filter,205
https://www.youtube.com/@codyshive,@codyshive,Cody Shive,561,88,4,Vintage hi-fi audio electronics restoration bench covering recapping power supplies and oscilloscope calibration work.,recapping,UC3Uzqs0qolyf2Jxt3_INqkw,hands,tv-power-electronics-repair,rest1,2026-09-14,filter,88
https://www.youtube.com/@dapinathaya,@DapinaThaya,Dapina Thaya,18200,490,4,"Capacitor replacement, stepper motor and potentiometer repair titles show clear board-level electronics fixes.",electronic repair,UCB83GMpB5bZKqvIzLW_EMNQ,hands,tv-power-electronics-repair,gray_v2,2026-09-14,filter,491
https://www.youtube.com/@derb_seymour_indiana,@DERB_Seymour_Indiana,DERB,2270,2137,4,"Personal electronic repair bench channel (DERB), thin bio but clearly repair-focused.",electronic repair,UCne6zL8zF52TYDOx9pQRSMA,hands,tv-power-electronics-repair,gray_v2,2026-09-14,filter,2137
https://www.youtube.com/@develectronicsindia,@develectronicsindia,Dev Electronics india,3010,133,4,"Electrical and electronics repairing channel in Hindi, thin evidence but plainly repair-focused.",electronics repair | electronics repairing,UCFRvcqn_1RSqiG-mjTDa1-A,hands,tv-power-electronics-repair,gray_v2,2026-09-14,filter,134
https://www.youtube.com/@dharanikaelectronics,@DharanikaElectronics,தரணிகா எலக்ட்ரானிக்ஸ் ,2180,78,4,Tamil LED TV repair and servicing channel with tutorials and troubleshooting guides described directly.,TV repair | LED TV repair,UCg_pGQs0Eg09C8Y7r4qg0zQ,hands,tv-power-electronics-repair,gray_v2,2026-09-14,filter,78
https://www.youtube.com/@dimuthuelectronics,@DIMUTHUELECTRONICS,DIMUTHU ELECTRONICS&REPAIR ,85,55,4,"TV repairing, soldering, and SMD removal titles show hands-on board-level electronics repair work.",electronic repair,UCmxg5AC_auNfm5dF12e0qpQ,hands,tv-power-electronics-repair,gray_v2,2026-09-14,filter,62
https://www.youtube.com/@dkchaneldoctorelektronik5022,@dkchaneldoctorelektronik5022,DK chanel doctor elektronik,535,57,4,TV repair tutorial channel with titles showing soundbar and LCD TV fault diagnosis and fixes.,servis TV,UCM1lI4J6H6o3gt5fkaesB2g,hands,tv-power-electronics-repair,wave1,2026-09-14,filter,57
https://www.youtube.com/@drxelectronics,@DRXElectronics,DRX Electronic's,2270,132,4,Electronic device and LED TV/sound system repairing channel with circuit design and DIY projects mixed in.,TV repair | TV repairing | LED TV repair,UC0kLevknCojhRoqUwXoW20A,hands,tv-power-electronics-repair,gray_v2,2026-09-14,filter,132
https://www.youtube.com/@duniacerviselextro4458,@duniacerviselextro4458,DUNIA CERVIS ELEXTRO,1520,115,4,"Indonesian TV repair channel sharing real service experience across multiple TV brands, format-appropriate.",servis TV,UCA5Ya3cqAOTzPC-T6-zTOLw,hands,tv-power-electronics-repair,wave1,2026-09-14,filter,115
https://www.youtube.com/@easyelectricrepairing,@easyelectricrepairing,Easy Electric repairing ,898,334,4,Urdu electrical/electronics repair channel with UPS-to-solar conversion and phase selector repair titles shown.,electronics repair | electronics repairing,UC0pbvUGUNciKTfm7haY89ZA,hands,tv-power-electronics-repair,wave1,2026-09-14,filter,392
https://www.youtube.com/@ekateknikdiy,@Ekateknikdiy,EKA TEKNIK,10800,173,4,"Channel explicitly for repairing audio and video electronics with tutorials, matches bench-repair topic well.",electronic repair,UCqYrzwVvr4IoH31F7IW8diA,hands,tv-power-electronics-repair,wave1,2026-09-14,filter,173
https://www.youtube.com/@electr%c3%b3nica5070,@Electr%C3%B3nica5070,Desvare 5070 Tutoriales Electrónica Básica,11300,133,4,"Smart TV and board repair channel with expert-solution framing, though some theory/basics content noted.",reparación de televisores,UChHnLqlLH12koSsff8VtiCQ,hands,tv-power-electronics-repair,gray_v2,2026-09-14,filter,133
https://www.youtube.com/@electricianseva,@electricianseva,Electrician Seva,2080,219,4,"Amplifier and sound system repairing plus general electrician/electronics repair videos, bench-focused.",electronic repair | electronic repairing | amplifier repair,UC6G8mVgrFj_7vjI88J0Pg6g,hands,tv-power-electronics-repair,gray_v2,2026-09-14,filter,219
https://www.youtube.com/@electrolab95,@electrolab95,Electro Lab 95,169,70,4,"Electrical and electronics repair channel covering PCB repair, SMPS, inverter, charger troubleshooting with practical tutorials.",charger repair,UCEd87AUPrM8pxxQV0yoRwUg,hands,tv-power-electronics-repair,rest1,2026-09-14,filter,70
https://www.youtube.com/@electronicelectrical-d9u,@ElectronicElectrical-d9u,Electronic & Electrical ,63,371,4,"TV LED LCD, induction cooker, mobile, set-top box and PCB card repair channel with broad electronics scope.",electronics repair,UCcLCg0uvrP3lC4hFoSfpuXw,hands,tv-power-electronics-repair,wave1,2026-09-14,filter,371
https://www.youtube.com/@electronicsmotovlog,@electronicsmotovlog,Electronics Moto Vlog,2720,303,4,"Licensed electronics technician doing LED/LCD TV, amplifier, DVD player repairs daily, mixed with moto vlogging.",electronics technician,UC8G48RkGvj6GmXnLoUoySrQ,hands,tv-power-electronics-repair,trial100,2026-09-14,filter,303
https://www.youtube.com/@electropixels,@ElectroPixels,Electro Pixels,36600,1537,4,"Educational electronics repair channel focused on gadget repair for technicians, thin but on-topic description.",electronics technician,UC-UfvFygQDuaJHnt_oPWmvA,hands,tv-power-electronics-repair,gray_v2,2026-09-14,filter,1537
https://www.youtube.com/@eletronicaobenevaldo,@EletronicaOBenevaldo,Eletrônica O Benevaldo,56800,2343,4,"Channel dedicated to repairing TVs, sound systems, speakers and other electronics with tutorial format.",conserto de eletrônicos,UC5Byu8KEQX0q5MIOOYHQqXw,hands,tv-power-electronics-repair,wave1,2026-09-14,filter,2343
https://www.youtube.com/@emsopheapelectronics,@EmSopheapElectronics,Em Sopheap Electronics,147,124,4,Khmer channel with fan and small electronics repair titles showing practical troubleshooting and fixes.,electronics repair,UCQ9CFHlN8LY2c-mTiJ1tYcw,hands,tv-power-electronics-repair,gray_v2,2026-09-14,filter,124
https://www.youtube.com/@ezywork,@EzyWork,Ezy Work,880,79,4,Titles show real Sony LED TV fault diagnosis and repair work despite broader home appliance scope.,TV repair | TV repairing | LED TV repair,UC6fjYqK1KjXVZl-MpJUoStw,hands,tv-power-electronics-repair,gray_v2,2026-09-14,filter,95
https://www.youtube.com/@faisaltelevision69,@faisaltelevision69,Faisal Television,6840,258,4,"TV/electronic repair and service shop, minimal description but plain repair focus.",electronic repair,UCLv5_gPbl8GEv3ub_p0o5tA,hands,tv-power-electronics-repair,gray_v2,2026-09-14,filter,258
https://www.youtube.com/@farukelectronicstech5513,@farukelectronicstech5513,FARUK ELECTRONICS TECH,171,71,4,"Bengali electronics technician channel with heater, multimeter, and amplifier board repair titles shown on camera.",electronics technician,UCjgkMQ6NObmp9CXjw3E9lpQ,hands,tv-power-electronics-repair,gray_v2,2026-09-14,filter,74
https://www.youtube.com/@fdmvolg2,@FDMVOLG2,FDM electronics ,1510,126,4,Bangla channel dedicated to LED TV and CRT TV repair servicing with technician branding.,electronics repair | electronic repair | TV repair,UCJzbg-4PYu0aRwf2xySv7UQ,hands,tv-power-electronics-repair,wave1,2026-09-14,filter,126
https://www.youtube.com/@felixthehousefreak,@FelixTheHouseFreak,FelixTheHouseFreak,1470,72,4,"Dedicated electronics repair channel, name suggests high-volume vintage/consumer electronics repair content.",electronics repair,UC0XOfaGXmyT7D-FvR07OakQ,hands,tv-power-electronics-repair,wave1,2026-09-14,filter,72
https://www.youtube.com/@fighter0tech,@Fighter0Tech,Fighter0Tech,3470,293,4,"Dedicated circuit board repair and soldering teaching channel with IC repair, multimeter fault-finding.",electronics repair | electronics repairing,UCCkYQi0XDlw7-4xkkJGBaVQ,hands,tv-power-electronics-repair,wave1,2026-09-14,filter,294
https://www.youtube.com/@fixvon,@fixvon,FixVon,319,64,4,Dedicated LED TV and mobile repair channel emphasizing multimeter testing and fault diagnosis practicals.,TV repair | TV repairing | LED TV repair,UCGUpDEEhg8ShB8HWfj9aOkA,hands,tv-power-electronics-repair,wave1,2026-09-14,filter,64
https://www.youtube.com/@formula_of_sound,@FORMULA_OF_SOUND,Formula of Sound | Repair & Restore,48,92,4,"Professional audio equipment repair shop with titles showing amplifier, tape deck, and touchscreen repairs on camera.",electronics repair,UCvjOOQtj-8yK2YMdKJpI1kw,hands,tv-power-electronics-repair,trial100,2026-09-14,filter,116
https://www.youtube.com/@frenchiefilms,@FrenchieFilms,Frenchie Films,2970,169,4,"Dedicated tube guitar amplifier repair and restoration channel, clear bench repair focus.",amplifier repair,UC3GTnNPDqWhCYUtN3pNtI_A,hands,tv-power-electronics-repair,wave1,2026-09-14,filter,169
https://www.youtube.com/channel/ucndf2p5maf1cgz54qkuncfa,@G.D4363G.D,Shri Vighnaharta Electronics ,923,100,4,"Titles show real repairs: induction display fault, LED TV dead issue, CRT tube cathode shorting problem.",electronic repair | electronic repairing,UCnDF2P5maf1cGz54QKUncfA,hands,tv-power-electronics-repair,wave1,2026-09-14,filter,100
https://www.youtube.com/@ganesheletralmechenik,@ganesheletralmechenik,Dineshelectronics kaimur ,1040,1066,4,"Electronics repair channel listing inverter, stabilizer, e-rickshaw charger and LED TV repairing with step by step practical content.",TV repair | TV repairing | LED TV repair | inverter repair,UCn-gWG0rKZ6jMPg515LK2CA,hands,tv-power-electronics-repair,wave1,2026-09-14,filter,1067
https://www.youtube.com/@ghaziupsandsolarsystemchakwal,@ghaziupsandsolarsystemchakwal,Ghazi solar system chakwal ,1300,332,4,"Solar/UPS repairing lab description naming hands-on repair services, thin but on-topic evidence.",UPS repair,UC8GmdBC6nccE8T7Vi9hQxkg,hands,tv-power-electronics-repair,rest1,2026-09-14,filter,332
https://www.youtube.com/@globaltechnologypro,@GlobalTechnologypro,Global Technology,8270,86,4,Channel desc lists CRT/LED/LCD TV repairing plus amplifier and appliance repair as core content.,TV repair | TV repairing,UC3ZD4KsB-cugdtw-B_igAOw,hands,tv-power-electronics-repair,wave1,2026-09-14,filter,86
https://www.youtube.com/@guitarworxfiji,@GuitarWorXFiji,GuitarWorX Fiji,625,597,4,"Guitar tube amplifier and speaker repair/restoration channel, core audio electronics bench work.",amplifier repair,UCvSnUAAGo_nj7U7MnvX5MUw,hands,tv-power-electronics-repair,trial100,2026-09-14,filter,603
https://www.youtube.com/@gulabsa888,@gulabsa888,Gulab sa,651,144,4,LED/LCD TV repair channel with titles showing panel bonding and display problem diagnostics.,TV repair,UC57upddRohAzOlRoaiwLLMg,hands,tv-power-electronics-repair,wave1,2026-09-14,filter,149
https://www.youtube.com/@haidevelectro,@Haidevelectro,Dev Electro,889,69,4,Portable speaker repair service channel with titles showing bench repairs of dead/no-sound speakers.,audio repair,UCyzmPe8Z5H_fdzZUq3ZXHFQ,hands,tv-power-electronics-repair,rest1,2026-09-14,filter,72
https://www.youtube.com/@hh.electronic01,@HH.electronic01,𓂀 HH Electronic 🎥 𓂀,246,131,4,Step-by-step transformer testing and rectifier circuit tutorials showing hands-on electronics repair work.,electronics repair,UCL_lDyrh2HBkVJoPjfyZJZQ,hands,tv-power-electronics-repair,gray_v2,2026-09-14,filter,139
https://www.youtube.com/@hiltonspeaker,@Hiltonspeaker,R K Radios Bareilly 🎤,124,101,4,"Dedicated amplifier repair channel with short titled videos showing specific model repairs (Ahuja, Stranger).",amplifier repair,UCSeUDBfVo4eJ935rcSCwRjg,hands,tv-power-electronics-repair,gray_v2,2026-09-14,filter,112
https://www.youtube.com/@hwmumpuni,@hwmumpuni,HW Mumpuni,1270,101,4,"Technician repairing TV, power amp and appliances filmed with phone during real service jobs.",electronics technician,UC8IV3GtvDphrRBIAFJ5Ub-A,hands,tv-power-electronics-repair,wave1,2026-09-14,filter,101
https://www.youtube.com/@iktechnology6876,@iktechnology6876,Ik technology,207,51,4,"Shows LED TV backlight replacement and induction cooker repair, real practical board-level fixes.",electronics repair | electronics repairing,UC4ZsrQgYukIS052VEmiDmsw,hands,tv-power-electronics-repair,wave1,2026-09-14,filter,62
https://www.youtube.com/@indrajeetpcbrepair,@IndrajeetPCBRepair,Indrajeet PCB Repair ,27,58,4,PCB repair channel focused on component-level SMD/IC soldering and troubleshooting with practical videos.,electronics repair,UC6PQmKbgeLKzsW0sRp_Xzjg,hands,tv-power-electronics-repair,gray_v2,2026-09-14,filter,63
https://www.youtube.com/@jaykutingting,@jayKutingting,jayKutingting,7830,559,4,"Component-level electronics repair channel covering CRT/LED TV, radio, amplifier and industrial motor controllers.",electronics repair | electronic repair,UCBfT4CUZAQtcVF-7NDEwrEg,hands,tv-power-electronics-repair,wave1,2026-09-14,filter,559
https://www.youtube.com/@jaymahakalielectronic,@JayMahakalielectronic,Jay mahakali@ electronic,146,152,4,"CRT TV, transistor amplifier and fan/motor repair videos on camera, strong fit for board-level repair content.",electronic repair | electronic repairing,UCldcn5B4UCsBdW6dKbVoGQg,hands,tv-power-electronics-repair,wave1,2026-09-14,filter,280
https://www.youtube.com/@jemaaudio,@JEMAAUDIO,JEMA AUDIO,81,63,4,"Amplifier, speaker, radio and television repair service channel, thin but directly on-topic.",television repair,UCoUzmbmRWT74pp1sdtFEDiQ,hands,tv-power-electronics-repair,gray_v2,2026-09-14,filter,69
https://www.youtube.com/@joeltechtv,@JoelTechtv,JoelTech Tv,1240,80,4,"Electrical industrial and electronics repair board channel, thin description but plausible bench repair focus.",electronics repair,UCwFYGVONsL78__npNuaI12g,hands,tv-power-electronics-repair,gray_v2,2026-09-14,filter,80
https://www.youtube.com/@johnadams-v9w,@JohnAdams-v9w,Radio Hound Tube Radio Restorations,640,88,4,"Vintage tube radio/amplifier restoration with detailed repair episodes, close to audio electronics bench repair though older tech.",electronics repair,UC-gchaEViFqEHRjs_SJrWTg,hands,tv-power-electronics-repair,gray_v2,2026-09-14,filter,155
https://www.youtube.com/@johnbillalcalde9748,@johnbillalcalde9748,John Bill P. Alcalde,572,123,4,"Home-service TV repair titles showing no-display and backlight problem fixes on Sony, Panasonic, Samsung sets.",electronics repair | electronics repairing,UCJtEecR6n1dxalWgS1oFoeg,hands,tv-power-electronics-repair,wave1,2026-09-14,filter,125
https://www.youtube.com/@juanitoverzosa,@JuanitoVerzosa,Juanito Verzosa,1960,1287,4,"Named electronic repair shop channel with mini blogs, thin evidence but plainly a repair technician.",electronic repair,UCkKZ2UXa_BRB8ffOebfLLvQ,hands,tv-power-electronics-repair,gray_v2,2026-09-14,filter,1289
https://www.youtube.com/@jumpseg,@jumpseg,Clebson Jump,6950,107,4,"TV, mini-system and general electronics repair tips channel, thin but on-topic description.",conserto de TV,UC6T9ao6lxcYSGHsG3RurnLQ,hands,tv-power-electronics-repair,gray_v2,2026-09-14,filter,107
https://www.youtube.com/@kabulworkshop,@kabulworkshop,kabul workshop,36,81,4,"Electronics and TV repair tutorials channel, thin description but clearly bench-repair focused.",TV repair,UC1kj1si4DRRjKwgzfmqOZfQ,hands,tv-power-electronics-repair,gray_v2,2026-09-14,filter,97
https://www.youtube.com/@kichcaminhhoang1382,@kichcaminhhoang1382, MINH HOÀNG KC,1680,300,4,Thin evidence but name/handle indicate dedicated electronics repair specialist channel.,sửa chữa điện tử,UCkTLDP-VwUpjve2mPaGz9Ag,hands,tv-power-electronics-repair,gray_v2,2026-09-14,filter,300
https://www.youtube.com/@kmrelectronic,@kmrelectronic,Kmr Electronics ,246,159,4,"Titles show real Sony and Samsung TV power supply repair plus fan winding, mostly bench repair work.",TV repair,UCjJqdYhR5EUJOGSZBRQEa6Q,hands,tv-power-electronics-repair,gray_v2,2026-09-14,filter,176
https://www.youtube.com/@lakshmielectronics,@lakshmielectronics,LAKSHMI ELECTRONICS & DJ,3,149,4,"Titles show real Ahuja amplifier board repairs and testing sessions, strong hands-on repair evidence.",amplifier repair,UCBhYkKjO94XZCvNQ6gt5raw,hands,tv-power-electronics-repair,wave1,2026-09-14,filter,179
https://www.youtube.com/@ledpanelrepair9988,@ledpanelrepair9988,LED Panel Repair,13500,51,4,LED panel repair channel name and thin technician description directly match TV/panel bench repair topic.,electronics technician,UC81it38quk4qaiGSlOdrdLA,hands,tv-power-electronics-repair,gray_v2,2026-09-14,filter,51
https://www.youtube.com/@ledtvrepairathome.hyd.ledt3144,@ledtvrepairathome.hyd.ledt3144,Led tv repair hyderabad home service,244,859,4,"LED TV home repair service channel, name/description point squarely at repair work.",TV repair | TV repairing | LED TV repair,UC38LgRZOqUf8PPUlfzdFeyQ,hands,tv-power-electronics-repair,gray_v2,2026-09-14,filter,859
https://www.youtube.com/@ledtvrepairpryagraj,@ledtvrepairpryagraj,Jai Mata Di Electronic Pryagraj City ,20,83,4,LED TV service centre with titles showing backlight repair and specific model fault fixes on camera.,TV repair | LED TV repair,UCqjNNiiAhww_cIzghWWjxPw,hands,tv-power-electronics-repair,wave1,2026-09-14,filter,217
https://www.youtube.com/@madlook-b5r,@MADLOOK-b5r,MAD LOOK,89,95,4,Focused LED TV panel repair channel with mapping problem title showing PCB and panel work on camera.,TV repair | LED TV repair,UCZdnvDJmevagZAj9-VAIIKg,hands,tv-power-electronics-repair,wave1,2026-09-14,filter,183
https://www.youtube.com/@magnet2011,@magnet2011,MAGNET service centre ,2930,180,4,"Service centre channel with disclaimer about electronic repair risks, plainly bench TV/electronics repair focus.",electronic repair | TV repair | TV repairing,UCHJwjXTyI3ND8r4WVbOA8Dg,hands,tv-power-electronics-repair,gray_v2,2026-09-14,filter,180
https://www.youtube.com/@mayapuspa1452,@mayapuspa1452,Maya tehnic,31300,1547,4,"Titles show soldering, PCB line repair, potentiometer replacement and IC code reading - real bench repair work.",electronics repair,UCeudKMN01y5DyOjwD6l-zQA,hands,tv-power-electronics-repair,wave1,2026-09-14,filter,1553
https://www.youtube.com/@mbahdukutbengkelelektro59,@mbahdukutbengkelelektro59,Mbah Dukut Bengkel Elektro,643,62,4,"Electronics repair bench channel with practical titles on transistor testing, voltmeters, diodes and radio bluetooth mods.",servis TV,UCcuG9Kjtr4XqjROdPTBo8IA,hands,tv-power-electronics-repair,wave1,2026-09-14,filter,63
https://www.youtube.com/@mdelectricianworkcentre,@MDelectricianworkcentre,MD Electrical Work centre ,120,96,4,"Titles show SMPS power supply repair, transformer winding and amplifier transistor repair on camera.",TV repair | TV repairing,UCDvfwhEw9XDInrt81LJb8nA,hands,tv-power-electronics-repair,gray_v2,2026-09-14,filter,116
https://www.youtube.com/@mitaller4926,@mitaller4926,Mi Taller,891,56,4,"Titles show SMPS repair, chip desoldering with preheater, and TV board fault fixing, strong bench repair evidence.",reparación de televisores,UCSlmNvKsqtAC5KZ3L4qLU_A,hands,tv-power-electronics-repair,wave1,2026-09-14,filter,56
https://www.youtube.com/@mohamed-elarby,@Mohamed-elarby,الكترونيات مصر,15900,133,4,"Screen and electronics repair teaching channel, thin but clearly on-topic description.",صيانة الشاشات,UC_leUq06oRgFAkU6cd1P1Cw,hands,tv-power-electronics-repair,gray_v2,2026-09-14,filter,133
https://www.youtube.com/@mohsinhameed278,@mohsinhameed278,LED TV REPIRING ,17,96,4,"Dedicated LED TV repairing channel covering panel, mainboard and backlight repair with short clips.",TV repair | TV repairing | LED TV repair,UCvJObsBL1vEYXfZayMD0Tdg,hands,tv-power-electronics-repair,wave1,2026-09-14,filter,97
https://www.youtube.com/@mrghonotech,@MrGhonoTech,Mr Ghono Tech,339,65,4,Titles show real amplifier and set-top box repairs with step-by-step practical demonstration format.,amplifier repair,UCrsqn8WyMe1m6oG426A4PjQ,hands,tv-power-electronics-repair,wave1,2026-09-14,filter,67
https://www.youtube.com/@mstecelectric27,@mstecelectric27,M S Technical Pin2,18500,588,4,"Odia-language channel covering electrical and electronics repair tricks, thin but on-topic description.",electronics repair,UCld1FXVzkdoil_UKSlV20jA,hands,tv-power-electronics-repair,gray_v2,2026-09-14,filter,588
https://www.youtube.com/@muhamadelectronic,@MuhamadElectronic,محمد شاكر الكترونيك 👈 Mohammed Electronic,10500,602,4,"Practical lessons on receiver/screen repair with fault diagnosis using multimeter, solid electronics bench fit.",صيانة الشاشات,UC25cloCRiphb0VCvWSEQ2Qw,hands,tv-power-electronics-repair,wave1,2026-09-14,filter,603
https://www.youtube.com/@muhammadramzanelectronics1956,@muhammadramzanelectronics1956,MR Electronics,7730,1631,4,"Amplifier repair and PCB design channel, thin description but clearly bench-focused on audio electronics.",amplifier repair,UCpn1zH0Z9ooUtLy6v1Nux2g,hands,tv-power-electronics-repair,gray_v2,2026-09-14,filter,1631
https://www.youtube.com/@muhlisuntmg,@muhlisuntmg,Electronics Journal,3500,205,4,"Electronics technician writing about TV, audio and electronics repair journals, thin but on-topic evidence.",electronics repair | electronics technician,UCJcrsImxZWPkaLNeNFkLNEw,hands,tv-power-electronics-repair,gray_v2,2026-09-14,filter,205
https://www.youtube.com/@murlidharkumarelectronics,@MurlidharkumarElectronics,Murlidhar kumar Electronics,1840,459,4,"Electronics mechanic channel mixing repairing and theory, thin evidence but clearly repair-focused.",electronics repair | electronics repairing,UCnb3Al58Yv1HCGQpy-GwiFg,hands,tv-power-electronics-repair,gray_v2,2026-09-14,filter,459
https://www.youtube.com/@myelectronictechnical,@Myelectronictechnical,My Electronic Technical ,4920,109,4,Hindi channel focused on home theatre and amplifier repair with unboxing/project content mixed in.,amplifier repair,UCQ-YdLX56ihvYYBz3bGKeog,hands,tv-power-electronics-repair,gray_v2,2026-09-14,filter,109
https://www.youtube.com/@nanasur-lo1iw,@nanasur-lo1iw,hexa elektronik,1630,1092,4,"Repair shop servicing mixers, power audio, TV, tape and car audio with hands-on descriptions.",servis TV,UC8Zw3X6U5gjaZKROcfW8lPw,hands,tv-power-electronics-repair,wave1,2026-09-14,filter,1094
https://www.youtube.com/channel/uchss6x49coqsct-slxldqwq,@NandiniMobile99,Nandini Mobile,234,112,4,"Titles show real LED TV board work: LVDS mapping fix, universal board install, alongside mobile repair content.",TV repair | TV repairing,UCHsS6X49cOqsCt-SlXLdqWQ,hands,tv-power-electronics-repair,wave1,2026-09-14,filter,191
https://www.youtube.com/@narendratechnicalinstitutemaho,@NarendraTechnicalInstituteMaho,Narendra Technical Institute Mahoba ,730,60,4,"Dedicated DJ/PA amplifier repair training institute covering multiple amplifier classes (AB, H, D).",amplifier repair,UC-raFEWASPD2OadBQzvq8IA,hands,tv-power-electronics-repair,gray_v2,2026-09-14,filter,120
https://www.youtube.com/@newbdtv909,@newbdtv909,Ayesha electronics ,40100,359,4,"LCD/LED/plasma TV servicing channel with repair centre focus, Bengali-language bench repair content.",TV repair | LED TV repair,UCWSUZV-KSLfBw2ueNQvKw6w,hands,tv-power-electronics-repair,wave1,2026-09-14,filter,359
https://www.youtube.com/@nurnobielectronics1680,@nurnobielectronics1680,Nurnobi Electronics,40100,678,4,Dedicated LED/LCD/CRT TV board repair channel with free repairing course content described.,TV repair,UCsrZgVifYDNbuzo-g4WJGkg,hands,tv-power-electronics-repair,wave1,2026-09-14,filter,678
https://www.youtube.com/@nuwanrodrego,@nuwanrodrego,HOHSING Technical Support,700,145,4,"Industrial electronics repair with MOSFET testing, refrigerator display LED replacement and multimeter diagnostics shown.",electronics repair,UCZ77cl0mOeIX3U06Zn1i_HQ,hands,tv-power-electronics-repair,wave1,2026-09-14,filter,145
https://www.youtube.com/@nwaytech,@nwaytech,Nway Tech Solution,33700,301,4,"Amharic channel dedicated to LED/LCD/Smart TV board repair lessons with backlight and voltage topics, plus mobile repair.",electronic repair | TV repair,UCx5ZQlb4vKsUDM-myX8ohSQ,hands,tv-power-electronics-repair,wave1,2026-09-14,filter,301
https://www.youtube.com/@oleander-hifi,@Oleander-Hifi,Oleander,34700,649,4,HiFi audio restoration channel explicitly doing component-level recapping and speaker/amp bench work.,recapping,UC4ty5G59-jm2nU1qmIQuJVw,hands,tv-power-electronics-repair,rest1,2026-09-14,filter,650
https://www.youtube.com/@opelectronic3222,@opelectronic3222,OP ELECTRONIC,386,53,4,"CRT TV, home theatre amplifier, DTH and LED/LCD repair channel explicitly covering troubleshooting and universal board solutions.",electronics repair,UClpRKhbQapijym8TVPJQLAA,hands,tv-power-electronics-repair,trial100,2026-09-14,filter,53
https://www.youtube.com/@opencircuitelectronic5082,@opencircuitelectronic5082,Open Circuit Electronic,2410,304,4,"PCB power supply, solar and UPS repair channel with thin but relevant description, no titles to contradict.",power supply repair | UPS repair,UCf-_78sz-DHfn31brFTiNZg,hands,tv-power-electronics-repair,gray_v2,2026-09-14,filter,304
https://www.youtube.com/@orion310591rs,@orion310591RS,orion 310591,522,372,4,"Titles show real repairs: audio adapter, PC after lightning strike, soldering iron upgrade, desoldering pump.",electronic repair,UCRWbg9UK-qATdQSUtaGxDBw,hands,tv-power-electronics-repair,wave1,2026-09-14,filter,373
https://www.youtube.com/@p2ranoid,@P2ranoid,Юрий Змеев,208,175,4,"Titles list specific device model numbers (TVs, tablets, amps) suggesting real bench repair sessions.",ремонт электроники,UCPuBVVvHWlP443HQkd6Aryg,hands,tv-power-electronics-repair,wave1,2026-09-14,filter,213
https://www.youtube.com/@paft-audio,@PAFT-Audio,PAFT Audio,777,103,4,Analogue/digital audio repair channel with videos inspecting and measuring studio equipment internals.,audio repair,UCliyF0Bewg1Op-d9fNb-2AA,hands,tv-power-electronics-repair,rest1,2026-09-14,filter,103
https://www.youtube.com/@pendialfino,@PendiAlfino,iwanteknis,68,51,4,"Beginner technician channel explicitly focused on TV/LED service tutorials, thin text but clear repair intent.",servis TV,UCpamyWiuhl3tZb3XYZIFABw,hands,tv-power-electronics-repair,gray_v2,2026-09-14,filter,50
https://www.youtube.com/@phuoctaitv6154,@phuoctaitv6154,PHƯỚC TÀI TV,13000,177,4,"Vietnamese repair channel explicitly covering TVs, amps, speakers, audio repair experience sharing.",sửa chữa điện tử,UCdqKC01FgKu55_cs0FaEvpw,hands,tv-power-electronics-repair,gray_v2,2026-09-14,filter,177
https://www.youtube.com/@pkelectronics6018,@pkelectronics6018,PK ELECTRONICS,1580,296,4,"Desc describes LED/LCD/CRT TV repairing and SMD component knowledge, indicating bench repair focus.",TV repair | TV repairing,UCYpW8LwxjxXT8HhEjk3SNVA,hands,tv-power-electronics-repair,wave1,2026-09-14,filter,296
https://www.youtube.com/@powerhelp_electronics,@Powerhelp_electronics,Electronics engineering,10900,734,4,"Dedicated channel on speaker, amplifier, charger and inverter repairing in Hindi, matching bench audio/power electronics repair.",amplifier repair,UCD-4azho5YYmagCaJhv6uow,hands,tv-power-electronics-repair,trial100,2026-09-14,filter,734
https://www.youtube.com/@prayitsaelektronik,@prayitsaelektronik,Prayitsa Elektronik,2310,864,4,"Electronics shop channel describing TV repair, component measurement and assembly video content.",servis TV,UCnrYidQNp2goeAdu7Mo3d4w,hands,tv-power-electronics-repair,wave1,2026-09-14,filter,864
https://www.youtube.com/@protechtci,@PROtechTCI,PROtech TCI,1580,52,4,"Electronics repair and tips channel, thin description but plainly on-topic bench repair focus.",electronics repair,UCIL-gTFh2lvP0-kIW_2S4mg,hands,tv-power-electronics-repair,gray_v2,2026-09-14,filter,52
https://www.youtube.com/channel/ucoro6lpyypcr9urdwxzusgw,@PSAUDIOELECTRONIC,PS AUDIO & ELECTRONIC,108,51,4,"Amplifier and pressure board making plus home theatre repair, mostly on-topic audio electronics work with some vlog-style titles.",amplifier repair,UCORo6LPYYpcr9URDWXZuSgw,hands,tv-power-electronics-repair,gray_v2,2026-09-14,filter,51
https://www.youtube.com/@quangkha57s,@Quangkha57s,quang kha đa hệ 1957,2570,354,4,Vietnamese channel on electronics and household appliance repair with hands-on modification/repair guidance.,sửa chữa điện tử,UCSQgZvZ4pph3v4ldesAWH2Q,hands,tv-power-electronics-repair,gray_v2,2026-09-14,filter,354
https://www.youtube.com/@radiorestoration,@RadioRestoration,Gerry O'Hara,2050,388,4,"Radio restoration channel with hands-on repair background, bio describes actual radio/audio repair trade experience.",audio repair,UCLkEZ6nPQfYm9R3golY_Esg,hands,tv-power-electronics-repair,rest1,2026-09-14,filter,388
https://www.youtube.com/@rahulelectronicsworld,@Rahulelectronicsworld,RAHUL ELECTRONICS,2300,117,4,"LED/LCD TV repair channel covering backlight, power supply and motherboard repair topics directly.",TV repair | LED TV repair | power supply repair,UCP9RDFGmXgicdx8mp_YrO-A,hands,tv-power-electronics-repair,wave1,2026-09-14,filter,117
https://www.youtube.com/@rematerlab,@REMaterlab,RE Master Lab,91,58,4,"Amplifier IC and speaker repair plus battery experiments, dedicated hands-on electronics repair channel.",electronics repair | electronics repairing,UCWn7lOJQtvaB1rh20KfYidw,hands,tv-power-electronics-repair,gray_v2,2026-09-14,filter,192
https://www.youtube.com/@repairingjangtiond,@Repairingjangtiond,Repairing junction ,305,159,4,Small channel with LED TV sound-problem-fix and vertical-line-solution titles showing real repair sessions.,TV repair | TV repairing | LED TV repair,UCt1erYpqbHhp78iwZG933WQ,hands,tv-power-electronics-repair,wave1,2026-09-14,filter,217
https://www.youtube.com/@restorationgok,@restorationgok,restoration gok,224,60,4,"Shows LCD TV polarizer replacement and inverter power repair step by step, fits bench electronics repair well despite recycling framing.",electronics repair,UCyzBNeJViqnj-cDSUI3vUTw,hands,tv-power-electronics-repair,wave1,2026-09-14,filter,67
https://www.youtube.com/@ririeelektronik3308,@ririeelektronik3308,R1 RACING,4110,131,4,"TV/radio/tape/computer repair shop documenting real repair jobs, thin but clearly bench-repair focused.",servis TV,UCuBtIc3FbXGydJBBiEx-DFQ,hands,tv-power-electronics-repair,gray_v2,2026-09-14,filter,131
https://www.youtube.com/@rkelectronicsdadrii,@rkelectronicsdadrii,Rk electronics dadri ,1480,71,4,"Amplifier, MOSFET amp and speaker/DJ sound repair and building channel, core audio electronics bench work.",electronics repair,UCgj1L7t7pLS7yPUl8B5scPA,hands,tv-power-electronics-repair,gray_v2,2026-09-14,filter,71
https://www.youtube.com/@rktechnicl7412,@rktechnicl7412,RK tecnikal ,7200,240,4,"Amplifier repairing technical channel, thin description but clearly on-topic audio bench repair.",amplifier repair,UCPSZLCnUPfHZZvWziqyKwVw,hands,tv-power-electronics-repair,gray_v2,2026-09-14,filter,240
https://www.youtube.com/@rodrigodonato1699,@rodrigodonato1699,rodrigo technician,435,64,4,"Amplifier, mixer, inverter repair titles show real bench-level audio/power electronics repair.",electronic repair,UCkpb_UcaRYR-v8wMJ6aC-SQ,hands,tv-power-electronics-repair,wave1,2026-09-14,filter,64
https://www.youtube.com/@roniroycreation,@roniroycreation,Roni Roy creation,2890,551,4,"Live repair channel covering circuit boards, speakers, amplifiers and inverters with real-time troubleshooting.",electronics repair,UCTA5ZfBmliDD75vqUwmdAUA,hands,tv-power-electronics-repair,wave1,2026-09-14,filter,551
https://www.youtube.com/@rsrepair7979,@RSREPAIR7979,RS REPAIR,249,70,4,"Repair channel with titles on voltage checking, blinking error diagnosis and dead board repair for LED TVs.",TV repair | LED TV repair,UCEDhgeTxUJteG0i7mFDYLZA,hands,tv-power-electronics-repair,wave1,2026-09-14,filter,99
https://www.youtube.com/@rvelectronicnewidea,@rvelectronicnewidea,Rv Electronics 2.0,1750,320,4,"Home theatre and LED TV repair shop covering amplifier, motherboard and power supply issues, some software mixed in.",electronics repair | TV repair | TV repairing | LED TV repair | power supply repair | amplifier repair,UCIPj7Q9R8bdtlIlX4KT0woA,hands,tv-power-electronics-repair,wave1,2026-09-14,filter,320
https://www.youtube.com/@s%e1%bb%adativit%e1%ba%a1ih%c6%b0ngy%c3%aan,@S%E1%BB%ADativit%E1%BA%A1iH%C6%B0ngy%C3%AAn,Sửa tivi tại Hưng yên,26,65,4,"Titles show detailed TV repair jobs including LED, power board and mainboard replacement at customer sites.",sửa tivi,UC9DwX84obJeWZePV6xRPntQ,hands,tv-power-electronics-repair,wave1,2026-09-14,filter,86
https://www.youtube.com/@sahilelectronicwork,@Sahilelectronicwork,Sahil electronic work,2340,147,4,"Hindi channel dedicated to amplifier, speaker, home theatre repair videos with thin but on-topic description.",amplifier repair,UCwh_uYvFbBnnIEg1nhEQY3g,hands,tv-power-electronics-repair,gray_v2,2026-09-14,filter,147
https://www.youtube.com/@saieswartechnical,@saieswartechnical,SAI ESWAR TECHNICAL,1500,66,4,"LCD/LED TV repair solution tips channel, focused directly on the target topic.",TV repair | LED TV repair,UCmkRsYZsZjpL7iEGqQH0X-g,hands,tv-power-electronics-repair,wave1,2026-09-14,filter,66
https://www.youtube.com/channel/ucoaqqnwcena9outm1jw2whq,@saifulamrielektronik7342,SAIFUL AMRI ELEKTRONIK,152,55,4,Titles show actual TV repair jobs across multiple brands plus other electronics tutorials.,servis TV,UCoaQQNWcena9ouTM1JW2wHQ,hands,tv-power-electronics-repair,wave1,2026-09-14,filter,55
https://www.youtube.com/@sangramelectronic,@Sangramelectronic,Sangram electronic,3210,276,4,"DJ system and amplifier repairing shop channel, thin description but clearly on-topic bench work.",amplifier repair,UC2_cHpHs_3wbZQckk_6I1Cg,hands,tv-power-electronics-repair,gray_v2,2026-09-14,filter,276
https://www.youtube.com/@santonaudio9036,@santonaudio9036,Santon Audio,837,63,4,Pro audio repair/installation company with bench testing and vintage speaker restoration videos shown on camera.,audio repair,UCkQxSfACPQfpM4Nr_mOICcQ,hands,tv-power-electronics-repair,rest1,2026-09-14,filter,63
https://www.youtube.com/@sarowichanel1671,@sarowichanel1671,sarowi chanel,1820,274,4,"Wide-ranging electronics repair channel covering CRT/LCD TV service, set-top box setup, amplifier and power supply builds.",servis TV,UCTdNYH5pPDNtKxtzK4bdZuA,hands,tv-power-electronics-repair,wave1,2026-09-14,filter,274
https://www.youtube.com/@sekhoneletronic,@SEKHONELETRONIC,SEKHON ELECTRONIC,294,94,4,"Audio system specialist doing amplifier, LED TV, inverter and speaker repair with real repair videos mentioned.",electronics repair | TV repair | LED TV repair | inverter repair | amplifier repair,UCmaEe1EYohitViEH0D2irrA,hands,tv-power-electronics-repair,gray_v2,2026-09-14,filter,100
https://www.youtube.com/@sfred,@sfred,sfred,2210,347,4,"Amateur vintage electronics repair channel focused on radios, boomboxes, calculators from 1965-1990.",electronics repair,UCGC2amExPmZ1zLmIkMb48Bw,hands,tv-power-electronics-repair,wave1,2026-09-14,filter,347
https://www.youtube.com/@shakil263,@shakil263,S.K  Electronics #,192,77,4,Dedicated inverter repairing channel with titles showing real fault diagnosis on Luminous/Microtek inverters.,inverter repair,UCDLM2JdMyfKFajTloVmZxIA,hands,tv-power-electronics-repair,wave1,2026-09-14,filter,77
https://www.youtube.com/@shalliswan,@Shalliswan,Saliswan,2340,60,4,Educational channel dedicated to CRT/LED/LCD/plasma TV repair tutorials with specific fault descriptions.,servis TV,UCqG-UFBtMSMVGRX8dci1PIg,hands,tv-power-electronics-repair,wave1,2026-09-14,filter,60
https://www.youtube.com/@shanthankumar-bu3mz,@ShanthanKumar-bu3mz,Psj Electron,6430,367,4,"Tamil electronics repair channel described as showing the creator's own repair videos, on-topic though generic wording.",amplifier repair,UC8_6qiW8KhK_DhXuu2sJk3w,hands,tv-power-electronics-repair,gray_v2,2026-09-14,filter,367
https://www.youtube.com/@sharmatechnicalsupport9968,@sharmatechnicalsupport9968,Sharma technical support,2800,162,4,Single-line description naming LED LCD TV repairing as the channel's plain focus.,TV repair | TV repairing,UCs8lVDrtsTc4rr1j0SFPrUA,hands,tv-power-electronics-repair,gray_v2,2026-09-14,filter,162
https://www.youtube.com/@sherwali_electronics1,@Sherwali_Electronics1,Sherwali_Electronics1,156,79,4,"Titles show transformer testing, charger IC repair and powerbank teardown, clear board-level electronics repair.",inverter repair,UC8-dU9lnSkfHj3jMPuAvTVA,hands,tv-power-electronics-repair,wave1,2026-09-14,filter,59
https://www.youtube.com/@vhnvihaan1696,@SKRepairGuru,SK Repair Guru,3070,146,4,"Marathi electronics repair channel explicitly covering TV, mixer, fan, inverter and PCB repair.",electronics repair,UCZP3RcyTiSSMJsuMEH-93dQ,hands,tv-power-electronics-repair,wave1,2026-09-14,filter,146
https://www.youtube.com/@sksele.3m,@SKSELE.3M,"SKS ELECTRONIC,S 3M ",8990,219,4,"Repair channel explicitly covering CRT TV repair and other electronics repairs in Hindi, hands-on shop format implied.",TV repair | LED TV repair,UCLJv_4sG4tldvl9Tca_9oUg,hands,tv-power-electronics-repair,wave1,2026-09-14,filter,219
https://www.youtube.com/@skytechno2,@skytechno2,skytechno2 ,2080,288,4,"Describes amplifier repair, speaker crossover repairs, capacitor/resistor testing and soldering tutorials, strong audio repair fit.",electronics repair | amplifier repair,UCKIelRcsJbYSNjaV9tfArxw,hands,tv-power-electronics-repair,wave1,2026-09-14,filter,288
https://www.youtube.com/@sofia_telemaster,@sofia_telemaster,Софья телемастер,181000,326,4,"Retired forensic expert with TV repair hobby channel, thin but clearly on-topic description.",ремонт телевизоров,UCeboFG63yOmIKTF8wJME5Tg,hands,tv-power-electronics-repair,gray_v2,2026-09-14,filter,326
https://www.youtube.com/@sohagelectronics,@SohagElectronics,Sohag Electronics,5440,187,4,"Electronics repair videos channel with generic scope, thin evidence but plausible bench repair focus.",electronics repair,UCwygE-7lUk-OPowA4fl2sTQ,hands,tv-power-electronics-repair,gray_v2,2026-09-14,filter,188
https://www.youtube.com/@solderandsolve,@SOLDERANDSOLVE,SOLDER & SOLVE ,1770,219,4,"Self-described electronics repair expert and content creator, thin evidence but clearly on-topic.",electronics repair,UCJfE4_LJdGhuM7rNWJcbCEg,hands,tv-power-electronics-repair,gray_v2,2026-09-14,filter,219
https://www.youtube.com/@solderbrothers,@SolderBrothers,Solder Brothers,1410,95,4,"Micro soldering and electronic repair channel, thin evidence but plainly bench-repair focused.",electronic repair,UCXueIvVaEAz1Q_GyL2J6KNA,hands,tv-power-electronics-repair,gray_v2,2026-09-14,filter,95
https://www.youtube.com/@soldertechlabs,@SolderTechLabs,SolderTech Labs,14200,50,4,"Real board-level IC replacement and SMD micro-soldering demos on actual system boards, close-up format.",electronics repair | electronics technician,UC4W-VOIjrB-SOUMLZrKt43w,hands,tv-power-electronics-repair,wave1,2026-09-14,filter,50
https://www.youtube.com/@solveelectronics,@SolveElectronics,Solve Electronics,2170,96,4,"Dedicated electronics repair and DIY channel, plausible bench-repair focus from description.",electronics repair,UCrmcuIn2bTUXOoJ1ObODwEA,hands,tv-power-electronics-repair,gray_v2,2026-09-14,filter,96
https://www.youtube.com/@sonyledtvrepair,@sonyledtvrepair,Expert Sony Led Tv Repair,181,157,4,Dedicated Sony LED TV repair tutorial channel with repair guides and diagnostics focus.,TV repair | LED TV repair,UCnECUIdjJGjxK_0NmgvPBSg,hands,tv-power-electronics-repair,wave1,2026-09-14,filter,150
https://www.youtube.com/@speedrepair-z4y,@speedrepair-z4y,Maxspeed diy repair ,111,164,4,"Named electronic repair tutorial channel, thin evidence but plainly focused on repair work.",electronic repair,UCA3Pj00saRZSVl0u6XxfVFQ,hands,tv-power-electronics-repair,gray_v2,2026-09-14,filter,189
https://www.youtube.com/@sumanmechanicalsport,@sumanmechanicalsport,TECHNICAL& MECHANICAL SUMAN ,14300,782,4,"Hindi channel on inverter, stabilizer and transformer repair practicals, matches power electronics bench work.",electronics repair | electronics repairing | inverter repair,UCCQ7Bz6KDpmn-3ms7XM5NXg,hands,tv-power-electronics-repair,wave1,2026-09-14,filter,782
https://www.youtube.com/@sunil4keditig,@sunil4keditig,Sunil 4k Ganj basoda ,421,318,4,LED and CRT TV repair channel organized by brand playlists covering multiple TV board repair topics.,TV repair,UC9H7Ys60cAMp6BBgzsi4xrw,hands,tv-power-electronics-repair,wave1,2026-09-14,filter,324
https://www.youtube.com/@sunnysmartservices,@SunnySmartServices,Sunny Smart Services,21000,97,4,Dedicated LED/LCD TV repair teaching channel with practical repair guides.,TV repair,UCjyUgGZmb1rQNt4AKdlPl_g,hands,tv-power-electronics-repair,gray_v2,2026-09-14,filter,97
https://www.youtube.com/@swapansarkar8845,@swapansarkar8845,Globe Electronics Swapan,1710,401,4,Bengali channel dedicated to electronics repairing tutorials for viewers learning the trade.,electronics repair | electronics repairing,UCZnLL-F1IjboPxGoF1bzelQ,hands,tv-power-electronics-repair,gray_v2,2026-09-14,filter,401
https://www.youtube.com/@taplamthodien,@Taplamthodien,Tư Ruộng (Tập làm thợ điện),2230,72,4,Vietnamese electronics repair technician channel with personal repair/trading experience shared.,sửa chữa điện tử,UCj3C0IfUK5AQJ_NSekiWKDA,hands,tv-power-electronics-repair,gray_v2,2026-09-14,filter,73
https://www.youtube.com/@technicalgunjaninfo,@TechnicalGunjaninfo,Technical Gunjan Info ,1610,54,4,"LED TV, inverter, DTH and battery repair tags suggest dedicated electronics repair bench content.",inverter repair,UC5cikPyUeEWJiN5tR5EEFAw,hands,tv-power-electronics-repair,wave1,2026-09-14,filter,54
https://www.youtube.com/@technicaljugraj,@Technicaljugraj,Technical jugraj,2080,149,4,"Amplifier repairing and board connection channel, thin description but on-topic audio electronics repair.",amplifier repair,UCW350kRm74FsyHjZLMdkf2Q,hands,tv-power-electronics-repair,gray_v2,2026-09-14,filter,149
https://www.youtube.com/@technicalraju8044,@technicalraju8044,Technical Raju 5.2 ,5290,61,4,"Bengali channel covering amplifier boards, SMPS power supply repair, inverter and battery work with practical focus.",power supply repair,UCqPzV6Q1DXHDfPaEACvcqdg,hands,tv-power-electronics-repair,trial100,2026-09-14,filter,61
https://www.youtube.com/@technicalramson,@technicalramson,Technical Ramson,39,60,4,"Inverter/UPS/battery repair channel with titles on installation, troubleshooting and connection guides across brands.",UPS repair,UCTWud-PXLC-Lvm54lRIFrQQ,hands,tv-power-electronics-repair,rest1,2026-09-14,filter,60
https://www.youtube.com/@technicnerdat,@TechnicNerdAT,TechnicNerdAT@tec-n.at_official,287,64,4,"PCB rework and electronics repair channel with retro electronics business, hands-on bench focus.",electronics repair,UCXOAqqtYm_JTYjV716wpuYA,hands,tv-power-electronics-repair,gray_v2,2026-09-14,filter,64
https://www.youtube.com/@technodriverepairs7691,@technodriverepairs7691,Technodrive Electronics,3790,76,4,"Repairs TVs, inverters and parts per description, though it leans toward a parts business.",electronics repair,UC1dpajSQQ1nddlawzCLvp4A,hands,tv-power-electronics-repair,gray_v2,2026-09-14,filter,76
https://www.youtube.com/@techobaz55,@techobaz55,Techo Baz 55,3770,332,4,"Long-time electronics repair background covering radios, TVs, stereos and vintage gear repair.",electronic repair,UCeQmDrfz4MxETTydmRUj46A,hands,tv-power-electronics-repair,wave1,2026-09-14,filter,332
https://www.youtube.com/@techpulsewithrk,@TechPulsewithRK,TechPulsewithRK,272,101,4,"Shop channel repairing TVs, DTH, computers and mobiles with step-by-step guides, mixed device scope.",electronics repair,UCVOfaB2Njvx8Z_IGAQOHBVw,hands,tv-power-electronics-repair,gray_v2,2026-09-14,filter,232
https://www.youtube.com/channel/uc1wjgkyf1is1ji4jndpf8ba,@Tecnicosespecializadosemeletro,Técnicos especializados em eletrônicos e ti Ltda.,84,51,4,"Shows real repairs of micro systems, sound equipment and TVs with titles confirming completed jobs.",conserto de eletrônicos,UC1wJgKyf1iS1jI4JnDpf8BA,hands,tv-power-electronics-repair,wave1,2026-09-14,filter,55
https://www.youtube.com/@texnisi_pemula,@texnisi_pemula,TEXNISI PEMULA,17700,387,4,"Amateur channel dedicated to learning TV tube/LED repair basics, plainly a repair-learning channel.",servis TV,UCHDCmmwD_fC-kKl9Zxa1szA,hands,tv-power-electronics-repair,gray_v2,2026-09-14,filter,387
https://www.youtube.com/@thanmaytechnology3083,@thanmaytechnology3083,Thanmay Technology,4420,173,4,LED LCD Smart TV training channel for electronics technicians with practical service center focus.,electronics technician,UCT7QMYchKFsBS6pFKTYhuaA,hands,tv-power-electronics-repair,wave1,2026-09-14,filter,173
https://www.youtube.com/@theradioroom726,@theradioroom726,The Radio Room,438,93,4,"Ham radio and power supply repair channel with detailed titles on Yaesu/Kenwood/Heathkit repairs and alignment, strong bench-repair format.",electronic repair,UChZiM_1b6Y8oSBOw_FB6K4A,hands,tv-power-electronics-repair,wave1,2026-09-14,filter,100
https://www.youtube.com/@theslowstick,@TheSlowstick,SOLDERING ON,1040,89,4,"Reflow soldering and simple electronic repair channel, hands-on bench focus with thin bio.",electronic repair,UCdZGCq0i6Y0VVtwH_Q6kuYg,hands,tv-power-electronics-repair,gray_v2,2026-09-14,filter,89
https://www.youtube.com/@thevintageaudioshop,@TheVintageAudioShop,Bill Brandel,332,62,4,"Small vintage audio repair shop channel, thin description but on-topic bench repair work.",audio repair,UCBA9CZQB9SxBQRfR1t9Zc2A,hands,tv-power-electronics-repair,rest1,2026-09-14,filter,63
https://www.youtube.com/@tinku.electronics,@Tinku.Electronics,Tinku official jharkhand ,594,202,4,"Dedicated amplifier repair channel with titles showing specific model repairs (Crown, mt 1201) and DJ sound.",amplifier repair,UCTGZVR1KOpytWumS8nlP5MQ,hands,tv-power-electronics-repair,wave1,2026-09-14,filter,265
https://www.youtube.com/@trongnghiayt4078,@trongnghiayt4078,điện tử trọng nghĩa,61,54,4,Home TV repair channel with title showing repurposing old TV board into amplifier circuit with IC.,sửa tivi,UCrhvu1JQd_oH6OTyoTRbMrQ,hands,tv-power-electronics-repair,gray_v2,2026-09-14,filter,56
https://www.youtube.com/@tv_repair,@tv_repair,حماده سنجاب لصيانة الشاشات والرسيفر ,1620,56,4,"Channel name and description dedicated to screen and receiver repair, low evidence but clear focus.",صيانة الشاشات,UCSUjDXVue94F04VaZcMezXA,hands,tv-power-electronics-repair,wave1,2026-09-14,filter,56
https://www.youtube.com/@tvtechjagtialtelugu,@tvtechjagtialtelugu,Tv tech jagtial,7750,90,4,Telugu-language TV repair channel focused on Android TV repair videos for local service area.,TV repair,UC192VvhmqeG0epE1x8kdLkg,hands,tv-power-electronics-repair,wave1,2026-09-14,filter,90
https://www.youtube.com/@ullyelektronik,@UllyElektronik,Ully Electronic,1830,84,4,"Indonesian channel explicitly repairing tube/LED/LCD TVs, washing machines, amplifiers and receivers on bench.",electronics repair,UCrLSPTLfjU3jv8APaM6jNFA,hands,tv-power-electronics-repair,wave1,2026-09-14,filter,84
https://www.youtube.com/@up33technicalwala,@up33technicalwala,up 33 electronic wala,480,71,4,CRT and LED TV dead-repair titles show real bench work despite some mic review filler.,electronic repair | electronic repairing,UCVBqYpOR0avLnJLvNNqx_Kg,hands,tv-power-electronics-repair,wave1,2026-09-14,filter,71
https://www.youtube.com/@usta-tv,@Usta-Tv,Master Tv,288000,521,4,"Electronics/TV/satellite repair channel with technical bio, thin evidence but clearly bench repair focused.",TV repair,UCudn305zw1ChZ2yHMi4GF6w,hands,tv-power-electronics-repair,gray_v2,2026-09-14,filter,521
https://www.youtube.com/@venividivintagerepair,@VeniVidiVintageRepair,Veni Vidi Vintage Repair,395,111,4,"Vintage audio gear restoration workshop covering capstan motor repair, azimuth alignment and full refurbishments shown on camera.",recapping,UCbNmya7LURgqWyAtFA1bXpA,hands,tv-power-electronics-repair,rest1,2026-09-14,filter,147
https://www.youtube.com/@vinod0722,@Vinod0722,Vinod Electrical,1530,421,4,"LED, TV and fan repairing channel, thin description but clearly bench-repair focused.",TV repair | TV repairing,UCzZZlokj86QFjLQ7bDjK3dw,hands,tv-power-electronics-repair,gray_v2,2026-09-14,filter,421
https://www.youtube.com/@viqharsahil7548,@viqharsahil7548,Viqhar Sahil,1670,69,4,"LED/LCD/OLED TV panel repair channel covering repair tools, block diagrams and bonding methods, some software content.",TV repair | TV repairing | LED TV repair,UCn7dhPm9CO39pu4BA9r0klA,hands,tv-power-electronics-repair,gray_v2,2026-09-14,filter,69
https://www.youtube.com/@vktechnical2.5,@vktechnical2.5,prince craft ,55,67,4,"Bluetooth amplifier repair, LED bulb repair, component testing and stabilizer repair shown step-by-step.",electronics repair | electronics repairing | amplifier repair,UCEje7A-BThB9llINNzAfQ0Q,hands,tv-power-electronics-repair,wave1,2026-09-14,filter,103
https://www.youtube.com/@xiantekelectronics,@xiantekelectronics,XianTek Tv,49600,316,4,"Electronics repair tips and tutorials channel with personal OFW journey framing, on-topic bench repair.",electronics repair,UCtzu8RFyGot3kxh-7Z7t0-Q,hands,tv-power-electronics-repair,gray_v2,2026-09-14,filter,316
https://www.youtube.com/@yaselecktro,@YASELECKTRO,YAS ELECTRO,164,136,4,"TV repair channel with titles showing power supply checks, IC removal and mixer service on camera.",servis TV,UCh-gswBLE0jd6vVAPCKnTuQ,hands,tv-power-electronics-repair,gray_v2,2026-09-14,filter,147
https://www.youtube.com/@zerosehero28,@ZeroseHero28,Zero से Hero,8570,135,4,"Explicitly covers DJ amplifiers, LCD-LED TV and CRT TV repair with guaranteed learning claims, strong topic match.",electronic repair,UCdflDuCjsJFjabqe5Ho5P3A,hands,tv-power-electronics-repair,wave1,2026-09-14,filter,135
https://www.youtube.com/@zonatronica,@ZonaTronica,ZONA TRONICA,5140,64,4,"Electronics repair channel explicitly listing TV repair, amplifier, inverter and SMPS repair topics.",TV repair,UC__2g_M58aUsqGzAKH6rX6A,hands,tv-power-electronics-repair,wave1,2026-09-14,filter,64
